customer_id,age,gender,city_tier,city_name,employment_type,monthly_income,credit_score,existing_loans,years_employed,education_level,acquisition_channel,onboarding_date
CUST000001,25,Male,Tier 3,Pudukkottai,Gig Worker,16084,568,1,12,Graduate,Organic,2023-05-12
CUST000002,31,Male,Tier 2,Tiruvottiyur,Business Owner,162578,745,0,33,Graduate,Referral,2022-03-28
CUST000003,40,Male,Tier 2,Nandyal,Self Employed,87015,560,0,20,Graduate,Organic,2022-01-20
CUST000004,34,Female,Tier 1,Anand,Gig Worker,20916,601,0,5,Graduate,Social Media,2023-07-30
CUST000005,26,Male,Tier 3,Chapra,Salaried,76553,772,0,23,Postgraduate,DSA Agent,2022-08-02
CUST000006,28,Female,Tier 2,Bidar,Salaried,60679,725,0,2,School,Social Media,2022-07-10
CUST000007,37,Male,Tier 1,Durg,Salaried,101541,835,0,3,Graduate,Social Media,2022-06-23
CUST000008,19,Female,Tier 2,Rourkela,Student,0,429,1,0,Postgraduate,DSA Agent,2022-04-19
CUST000009,37,Female,Tier 1,Kavali,Self Employed,28212,680,0,4,Postgraduate,Referral,2023-07-27
CUST000010,32,Female,Tier 2,Phusro,Self Employed,45089,593,0,6,Graduate,Organic,2022-03-21
CUST000011,37,Female,Tier 2,Ghaziabad,Salaried,146449,708,0,21,Graduate,Organic,2023-06-10
CUST000012,30,Female,Tier 2,Adoni,Business Owner,79279,618,0,5,Graduate,Organic,2023-07-30
CUST000013,18,Female,Tier 3,Chapra,Student,17376,401,0,0,Graduate,Social Media,2023-11-24
CUST000014,41,Male,Tier 1,Jalna,Salaried,49085,755,1,24,School,Organic,2023-02-28
CUST000015,30,Female,Tier 1,Baranagar,Salaried,126652,831,1,9,School,Social Media,2022-03-09
CUST000016,35,Male,Tier 2,Gwalior,Salaried,45665,721,1,13,Graduate,Referral,2023-04-04
CUST000017,43,Male,Tier 2,Dibrugarh,Salaried,114600,754,1,12,Graduate,DSA Agent,2022-11-24
CUST000018,29,Male,Tier 2,Alwar,Gig Worker,13863,665,2,17,Graduate,Social Media,2022-01-25
CUST000019,29,Male,Tier 3,Mira-Bhayandar,Gig Worker,19853,588,1,5,Graduate,DSA Agent,2022-01-24
CUST000020,40,Male,Tier 2,Panipat,Salaried,65572,775,0,19,Graduate,Social Media,2022-03-14
CUST000021,38,Male,Tier 2,Kanpur,Self Employed,67141,611,0,8,School,Organic,2022-06-19
CUST000022,32,Male,Tier 1,Mahbubnagar,Salaried,139685,827,0,30,Graduate,Referral,2022-06-30
CUST000023,25,Female,Tier 2,Gudivada,Salaried,58288,782,0,29,Graduate,Referral,2023-01-28
CUST000024,34,Male,Tier 2,Amroha,Gig Worker,23719,521,1,2,Graduate,Organic,2023-04-13
CUST000025,31,Female,Tier 2,Akola,Gig Worker,30774,629,0,6,Postgraduate,Social Media,2022-01-21
CUST000026,50,Male,Tier 2,Noida,Self Employed,79531,622,1,3,School,DSA Agent,2023-03-12
CUST000027,34,Female,Tier 1,Bokaro,Salaried,118301,739,0,22,Graduate,DSA Agent,2022-06-04
CUST000028,34,Female,Tier 2,Tiruvottiyur,Gig Worker,31130,518,2,19,Graduate,Social Media,2023-07-11
CUST000029,34,Female,Tier 2,Ulhasnagar,Gig Worker,14030,553,0,17,Graduate,Organic,2023-05-20
CUST000030,26,Female,Tier 2,Shimla,Salaried,54362,840,0,15,Graduate,Organic,2023-06-29
CUST000031,41,Male,Tier 3,Yamunanagar,Self Employed,57238,608,0,13,School,DSA Agent,2023-02-28
CUST000032,43,Other,Tier 1,Gandhidham,Salaried,106919,765,0,3,Postgraduate,Referral,2022-11-22
CUST000033,38,Female,Tier 1,Bhagalpur,Salaried,110614,706,0,4,Graduate,Social Media,2022-06-21
CUST000034,49,Female,Tier 3,Meerut,Business Owner,182351,618,1,13,Professional,Organic,2022-12-15
CUST000035,32,Female,Tier 3,Bhiwandi,Business Owner,160836,747,0,5,School,Social Media,2023-04-03
CUST000036,23,Male,Tier 1,Rourkela,Student,0,599,1,0,Professional,Social Media,2022-08-05
CUST000037,27,Female,Tier 2,Silchar,Salaried,125529,735,0,11,Postgraduate,Social Media,2023-09-21
CUST000038,33,Male,Tier 1,Barasat,Salaried,77472,837,0,29,Postgraduate,Organic,2023-11-07
CUST000039,47,Female,Tier 2,Katihar,Self Employed,85475,606,0,39,School,Social Media,2022-01-06
CUST000040,38,Male,Tier 3,Nadiad,Gig Worker,33813,550,0,3,Graduate,Social Media,2023-08-13
CUST000041,32,Female,Tier 2,Bhalswa Jahangir Pur,Salaried,138613,716,0,26,Graduate,Referral,2023-09-18
CUST000042,27,Male,Tier 3,Ulhasnagar,Gig Worker,17121,519,0,5,Postgraduate,Organic,2022-05-05
CUST000043,35,Male,Tier 1,Ahmedabad,Salaried,127414,778,0,23,Postgraduate,Referral,2023-06-27
CUST000044,33,Female,Tier 2,Sultan Pur Majra,Business Owner,195088,769,1,11,School,Organic,2022-11-25
CUST000045,39,Female,Tier 1,Satna,Salaried,102584,702,0,26,Graduate,Social Media,2022-09-22
CUST000046,42,Female,Tier 3,Jalandhar,Self Employed,26608,664,0,21,Graduate,Organic,2022-08-04
CUST000047,30,Male,Tier 1,Bhiwani,Salaried,136771,750,0,24,Graduate,Referral,2022-05-01
CUST000048,23,Male,Tier 2,Thanjavur,Gig Worker,28238,678,0,2,Graduate,Social Media,2022-06-17
CUST000049,38,Female,Tier 2,Shimoga,Gig Worker,14895,594,1,6,Graduate,Social Media,2023-08-17
CUST000050,26,Other,Tier 2,Rohtak,Salaried,139729,764,1,24,Graduate,Social Media,2022-09-19
CUST000051,46,Female,Tier 3,Surendranagar Dudhrej,Business Owner,38704,746,1,28,Graduate,Social Media,2022-03-21
CUST000052,40,Male,Tier 1,Giridih,Self Employed,48691,708,0,22,Graduate,Organic,2022-03-14
CUST000053,47,Female,Tier 3,Saharsa,Business Owner,166088,709,1,2,Graduate,DSA Agent,2022-10-23
CUST000054,23,Male,Tier 1,Bokaro,Student,18690,522,0,0,Graduate,Referral,2022-03-17
CUST000055,33,Female,Tier 2,Motihari,Gig Worker,33181,551,1,18,Graduate,Social Media,2022-10-06
CUST000056,46,Male,Tier 2,Bangalore,Business Owner,62054,652,0,26,Graduate,Organic,2023-10-21
CUST000057,25,Male,Tier 1,Ahmedabad,Salaried,126668,728,1,6,Professional,Social Media,2022-09-25
CUST000058,27,Female,Tier 2,Navi Mumbai,Salaried,96215,773,1,3,Postgraduate,Social Media,2023-04-14
CUST000059,42,Female,Tier 2,Amroha,Salaried,62091,766,0,23,Graduate,Referral,2022-07-25
CUST000060,38,Male,Tier 1,Muzaffarnagar,Salaried,84770,718,0,25,Graduate,Organic,2023-09-19
CUST000061,27,Male,Tier 3,Chandrapur,Gig Worker,29425,657,0,9,Graduate,Referral,2022-02-03
CUST000062,41,Male,Tier 1,Visakhapatnam,Salaried,42100,785,1,18,Graduate,DSA Agent,2023-07-21
CUST000063,18,Female,Tier 2,Udupi,Student,18776,576,0,0,Graduate,Referral,2022-12-23
CUST000064,26,Male,Tier 3,Howrah,Gig Worker,32400,512,1,8,Graduate,Social Media,2023-02-21
CUST000065,26,Male,Tier 1,Khora ,Salaried,80552,844,1,15,Graduate,Organic,2022-04-07
CUST000066,26,Female,Tier 2,Jamshedpur,Gig Worker,33728,628,1,4,School,Social Media,2023-12-18
CUST000067,43,Female,Tier 3,Mahbubnagar,Salaried,62434,844,0,30,Postgraduate,Social Media,2022-10-22
CUST000068,18,Female,Tier 2,Gandhinagar,Student,15976,444,0,0,Graduate,Social Media,2022-03-03
CUST000069,33,Female,Tier 1,Bhubaneswar,Salaried,46157,850,0,14,School,Organic,2023-03-05
CUST000070,48,Female,Tier 2,Nizamabad,Business Owner,190088,635,1,5,Professional,Social Media,2022-08-16
CUST000071,30,Female,Tier 3,Bhind,Self Employed,22676,741,1,25,Graduate,Social Media,2023-10-07
CUST000072,32,Female,Tier 1,Malda,Salaried,40600,803,0,22,Postgraduate,DSA Agent,2023-05-04
CUST000073,34,Female,Tier 1,Purnia,Salaried,52708,768,0,14,School,Referral,2023-04-26
CUST000074,23,Male,Tier 1,Bardhaman,Student,15852,571,2,0,Graduate,Organic,2023-11-19
CUST000075,36,Other,Tier 3,Srinagar,Self Employed,21977,563,0,14,Graduate,Organic,2023-11-01
CUST000076,35,Male,Tier 3,Ghaziabad,Self Employed,91613,738,0,19,School,Social Media,2022-10-08
CUST000077,42,Male,Tier 2,Munger,Self Employed,63435,647,0,1,Graduate,DSA Agent,2023-03-25
CUST000078,33,Male,Tier 2,Allahabad,Salaried,48446,777,0,14,Graduate,Social Media,2022-05-30
CUST000079,30,Male,Tier 3,Bilaspur,Gig Worker,21939,646,0,12,School,Referral,2023-07-02
CUST000080,32,Other,Tier 2,Gandhidham,Salaried,102861,741,1,14,School,Organic,2022-02-24
CUST000081,23,Female,Tier 3,Pallavaram,Student,0,576,0,0,Graduate,Social Media,2022-02-05
CUST000082,50,Female,Tier 2,Phagwara,Self Employed,23796,619,0,14,Professional,Organic,2023-05-29
CUST000083,31,Female,Tier 3,Mangalore,Salaried,94571,788,1,15,Graduate,Organic,2022-06-27
CUST000084,30,Female,Tier 2,Moradabad,Salaried,70897,712,0,9,Postgraduate,Referral,2023-08-24
CUST000085,26,Male,Tier 1,Panvel,Salaried,91538,835,0,13,Graduate,Social Media,2022-08-13
CUST000086,33,Female,Tier 1,Bellary,Salaried,105055,704,2,30,Graduate,Organic,2022-03-03
CUST000087,28,Female,Tier 2,Mango,Self Employed,43933,581,0,34,Postgraduate,Referral,2023-10-27
CUST000088,29,Male,Tier 3,Kota,Self Employed,90256,727,0,28,Postgraduate,Referral,2022-06-30
CUST000089,21,Female,Tier 2,Srinagar,Student,0,425,0,0,Graduate,Social Media,2023-11-05
CUST000090,24,Male,Tier 2,Aurangabad,Gig Worker,22820,589,2,5,Graduate,Organic,2022-03-20
CUST000091,33,Male,Tier 2,Amroha,Salaried,102974,724,0,2,Postgraduate,DSA Agent,2022-10-23
CUST000092,36,Male,Tier 3,Mehsana,Self Employed,80776,653,1,39,School,Referral,2022-08-04
CUST000093,48,Male,Tier 1,Mumbai,Self Employed,20816,710,0,27,Graduate,Referral,2022-12-19
CUST000094,26,Female,Tier 1,Pali,Gig Worker,25167,665,0,14,Postgraduate,DSA Agent,2023-05-09
CUST000095,44,Female,Tier 3,Saharanpur,Self Employed,96042,692,1,33,Graduate,Organic,2023-10-10
CUST000096,28,Male,Tier 3,Katni,Gig Worker,12934,532,1,1,Graduate,Referral,2022-10-11
CUST000097,33,Female,Tier 2,Kottayam,Gig Worker,27857,520,3,2,Graduate,Organic,2022-05-07
CUST000098,28,Female,Tier 2,Morena,Gig Worker,20471,666,0,11,Graduate,Social Media,2022-10-15
CUST000099,43,Male,Tier 3,Sambhal,Salaried,68975,761,0,10,Graduate,Referral,2022-10-03
CUST000100,33,Male,Tier 1,Panvel,Salaried,61541,817,1,3,School,Social Media,2022-06-12
CUST000101,26,Other,Tier 1,Delhi,Salaried,105552,768,0,12,Graduate,Social Media,2023-06-05
CUST000102,36,Female,Tier 3,Ongole,Self Employed,65334,652,1,4,Graduate,Organic,2022-07-27
CUST000103,43,Other,Tier 2,Tezpur,Salaried,95324,733,1,10,Postgraduate,Referral,2023-06-30
CUST000104,31,Male,Tier 3,Thoothukudi,Gig Worker,26988,586,0,9,Graduate,Organic,2023-12-29
CUST000105,33,Female,Tier 1,Rewa,Business Owner,94127,688,0,19,Postgraduate,Organic,2023-06-15
CUST000106,40,Male,Tier 1,Mysore,Salaried,99227,835,0,5,Professional,Organic,2023-05-19
CUST000107,29,Male,Tier 1,Deoghar,Gig Worker,18520,671,0,15,Postgraduate,Organic,2022-02-25
CUST000108,28,Female,Tier 2,Jodhpur,Self Employed,69394,748,0,25,Postgraduate,Social Media,2023-04-19
CUST000109,38,Male,Tier 1,Ramagundam,Salaried,68489,715,1,4,Postgraduate,Organic,2023-05-09
CUST000110,44,Male,Tier 3,Belgaum,Salaried,96011,719,0,2,Graduate,Organic,2022-05-13
CUST000111,25,Male,Tier 2,Yamunanagar,Salaried,127059,722,0,13,Postgraduate,Organic,2023-02-19
CUST000112,37,Male,Tier 1,Dewas,Salaried,128841,737,0,14,Graduate,DSA Agent,2023-07-21
CUST000113,46,Female,Tier 3,Aligarh,Business Owner,109863,653,0,34,Professional,DSA Agent,2022-07-10
CUST000114,20,Female,Tier 3,Morbi,Student,0,571,0,0,Postgraduate,Referral,2022-05-07
CUST000115,35,Male,Tier 1,Bahraich,Self Employed,70723,637,0,39,Graduate,Social Media,2022-12-26
CUST000116,26,Male,Tier 2,Kolhapur,Student,0,414,0,0,Graduate,Referral,2022-10-22
CUST000117,23,Male,Tier 1,Nellore,Student,0,468,0,0,School,Organic,2022-07-29
CUST000118,26,Female,Tier 1,Guntakal,Salaried,85572,742,0,8,Graduate,Referral,2023-12-20
CUST000119,18,Male,Tier 2,Unnao,Student,0,595,1,0,Graduate,Social Media,2023-05-13
CUST000120,38,Female,Tier 2,Rajkot,Gig Worker,27200,617,0,17,Postgraduate,Social Media,2023-06-19
CUST000121,20,Male,Tier 3,Panchkula,Student,0,511,0,0,Postgraduate,DSA Agent,2023-03-09
CUST000122,18,Male,Tier 2,Pune,Student,0,573,2,0,Graduate,Referral,2022-06-20
CUST000123,38,Female,Tier 1,Sonipat,Salaried,78724,845,1,27,Postgraduate,Social Media,2023-06-16
CUST000124,25,Female,Tier 3,Naihati,Salaried,127828,776,0,18,School,DSA Agent,2022-09-09
CUST000125,39,Male,Tier 3,Machilipatnam,Salaried,70182,798,0,6,Graduate,Organic,2023-10-17
CUST000126,26,Female,Tier 2,Rajpur Sonarpur,Gig Worker,25241,542,1,19,Graduate,DSA Agent,2023-08-20
CUST000127,20,Female,Tier 1,Jorhat,Student,0,478,0,0,Professional,DSA Agent,2023-08-26
CUST000128,19,Female,Tier 3,Adoni,Student,0,498,0,0,School,Social Media,2022-02-13
CUST000129,42,Female,Tier 2,Madurai,Salaried,141484,756,0,9,School,Social Media,2022-06-27
CUST000130,36,Female,Tier 2,Ajmer,Gig Worker,32033,643,1,13,Postgraduate,Referral,2023-10-01
CUST000131,30,Other,Tier 1,Surat,Gig Worker,20697,500,0,17,Graduate,Organic,2022-01-25
CUST000132,33,Male,Tier 1,Tadipatri,Salaried,146649,832,1,21,Graduate,Organic,2023-09-18
CUST000133,32,Female,Tier 1,Latur,Salaried,136729,823,0,16,Graduate,Social Media,2022-09-03
CUST000134,31,Male,Tier 2,Kanpur,Salaried,83307,784,0,4,Graduate,Organic,2022-11-08
CUST000135,51,Male,Tier 1,Dhanbad,Business Owner,145880,763,1,25,Professional,Social Media,2022-07-27
CUST000136,33,Male,Tier 1,Jalandhar,Salaried,99402,795,0,22,Graduate,Social Media,2022-02-21
CUST000137,32,Male,Tier 1,Phagwara,Gig Worker,19866,585,1,3,Graduate,Organic,2022-06-13
CUST000138,32,Female,Tier 3,Gudivada,Self Employed,45572,568,0,18,School,Social Media,2023-12-11
CUST000139,34,Female,Tier 3,Aligarh,Gig Worker,22112,504,0,16,School,Social Media,2023-03-17
CUST000140,31,Female,Tier 1,Mehsana,Business Owner,68888,770,0,23,Graduate,Organic,2023-11-12
CUST000141,39,Male,Tier 2,Rajkot,Business Owner,103633,679,0,6,Graduate,Social Media,2023-07-12
CUST000142,33,Male,Tier 2,Purnia,Salaried,81707,808,1,27,Graduate,Social Media,2022-09-02
CUST000143,38,Female,Tier 3,Rewa,Gig Worker,21953,512,0,0,Graduate,Social Media,2022-06-15
CUST000144,35,Male,Tier 2,Jamshedpur,Salaried,93150,746,0,16,Graduate,DSA Agent,2023-05-25
CUST000145,28,Female,Tier 1,Pondicherry,Salaried,85579,838,1,16,Postgraduate,DSA Agent,2023-01-23
CUST000146,31,Female,Tier 3,Ranchi,Salaried,136491,757,0,11,School,Social Media,2022-11-04
CUST000147,38,Female,Tier 2,Thanjavur,Self Employed,59820,630,1,12,Graduate,Referral,2023-11-19
CUST000148,30,Female,Tier 2,Jamshedpur,Gig Worker,26610,652,2,9,Graduate,Referral,2023-12-12
CUST000149,45,Female,Tier 1,Ajmer,Salaried,145923,839,1,17,School,Organic,2023-05-15
CUST000150,31,Male,Tier 2,Gulbarga,Salaried,56487,762,0,15,School,Referral,2022-12-23
CUST000151,41,Female,Tier 3,Begusarai,Business Owner,122338,610,3,14,Graduate,Organic,2022-04-21
CUST000152,28,Male,Tier 1,Bahraich,Salaried,122049,706,0,11,Graduate,Organic,2022-07-25
CUST000153,36,Male,Tier 2,Amaravati,Salaried,143829,727,0,25,Postgraduate,Social Media,2022-04-19
CUST000154,31,Male,Tier 2,Guntur,Gig Worker,23480,675,1,15,Postgraduate,Referral,2022-07-11
CUST000155,42,Female,Tier 2,Pudukkottai,Business Owner,180652,769,0,7,School,DSA Agent,2023-08-02
CUST000156,41,Male,Tier 2,Sangli-Miraj & Kupwad,Salaried,50619,791,0,15,Graduate,Social Media,2023-03-13
CUST000157,33,Male,Tier 3,Morbi,Self Employed,48670,677,0,27,Postgraduate,Social Media,2023-02-23
CUST000158,44,Male,Tier 3,Chennai,Self Employed,33787,722,2,21,Professional,Social Media,2022-07-24
CUST000159,44,Female,Tier 1,Mangalore,Salaried,60354,828,1,29,Graduate,Organic,2023-08-04
CUST000160,45,Female,Tier 1,Guntakal,Self Employed,36727,694,0,28,Graduate,DSA Agent,2023-03-31
CUST000161,26,Female,Tier 3,Erode,Gig Worker,19036,544,2,4,Graduate,Social Media,2022-11-29
CUST000162,50,Female,Tier 2,Cuttack,Self Employed,85921,745,0,10,Postgraduate,Referral,2023-11-29
CUST000163,45,Male,Tier 2,Asansol,Self Employed,87271,668,0,23,Graduate,Social Media,2023-03-30
CUST000164,32,Male,Tier 3,Nagaon,Gig Worker,12879,662,0,16,Graduate,Organic,2022-11-07
CUST000165,27,Female,Tier 1,Bulandshahr,Salaried,109193,701,0,17,School,Referral,2022-10-09
CUST000166,22,Male,Tier 1,Akola,Student,0,482,0,0,School,Organic,2022-06-20
CUST000167,33,Male,Tier 1,Kavali,Salaried,132963,744,0,10,Graduate,Referral,2022-04-18
CUST000168,29,Male,Tier 1,Panchkula,Salaried,59506,806,1,3,Graduate,Organic,2023-01-31
CUST000169,44,Female,Tier 2,Barasat,Salaried,101914,768,1,15,Graduate,Social Media,2023-01-19
CUST000170,36,Male,Tier 2,Gurgaon,Gig Worker,26795,669,0,8,Graduate,Organic,2022-03-12
CUST000171,32,Female,Tier 3,Proddatur,Self Employed,38323,563,0,23,Graduate,DSA Agent,2023-08-11
CUST000172,40,Male,Tier 1,Nellore,Salaried,97314,753,1,17,Graduate,Social Media,2022-02-06
CUST000173,23,Female,Tier 3,Bettiah,Gig Worker,15182,658,1,4,Graduate,Referral,2023-10-31
CUST000174,32,Male,Tier 1,Tadipatri,Salaried,93928,803,1,11,Graduate,Referral,2022-03-27
CUST000175,32,Male,Tier 2,Panvel,Self Employed,32462,707,0,24,Graduate,Organic,2022-04-29
CUST000176,45,Male,Tier 1,Madhyamgram,Salaried,111136,818,0,30,Graduate,Social Media,2023-05-03
CUST000177,46,Female,Tier 2,Bally,Self Employed,29625,598,0,13,Postgraduate,DSA Agent,2022-05-05
CUST000178,35,Male,Tier 2,Jammu,Gig Worker,18747,651,0,12,Graduate,Social Media,2023-09-08
CUST000179,40,Female,Tier 3,Jalgaon,Business Owner,104323,702,0,8,Postgraduate,Organic,2023-06-13
CUST000180,40,Female,Tier 2,Mehsana,Salaried,80270,776,1,11,Professional,Referral,2022-11-24
CUST000181,43,Female,Tier 2,Kozhikode,Salaried,93054,705,0,10,Postgraduate,Social Media,2023-04-09
CUST000182,40,Male,Tier 1,Meerut,Salaried,118899,720,0,14,Postgraduate,Referral,2022-02-19
CUST000183,50,Male,Tier 3,Anantapuram,Business Owner,169244,657,0,34,Postgraduate,Social Media,2022-10-26
CUST000184,20,Male,Tier 2,Raebareli,Student,16698,563,0,0,School,Organic,2022-10-24
CUST000185,42,Female,Tier 2,Thanjavur,Salaried,46276,780,1,30,Graduate,Social Media,2023-04-08
CUST000186,40,Female,Tier 3,Varanasi,Self Employed,41555,747,0,13,Graduate,Social Media,2022-12-30
CUST000187,24,Female,Tier 2,Faridabad,Student,15048,564,0,0,Postgraduate,Organic,2023-02-15
CUST000188,26,Female,Tier 3,Sangli-Miraj & Kupwad,Gig Worker,20773,615,1,10,Postgraduate,DSA Agent,2022-07-15
CUST000189,27,Male,Tier 2,Shivpuri,Gig Worker,14382,549,2,6,Graduate,Social Media,2023-03-06
CUST000190,39,Male,Tier 2,Madurai,Salaried,109712,718,0,4,Graduate,Referral,2023-10-31
CUST000191,42,Female,Tier 1,Raiganj,Salaried,107802,839,0,24,Graduate,DSA Agent,2022-01-09
CUST000192,25,Male,Tier 2,Gurgaon,Student,0,553,1,0,Graduate,Social Media,2023-06-13
CUST000193,37,Male,Tier 3,Anantapur,Business Owner,48940,700,0,35,Graduate,Social Media,2023-07-14
CUST000194,49,Female,Tier 1,Bhubaneswar,Self Employed,62583,722,0,37,Postgraduate,Organic,2022-03-30
CUST000195,38,Male,Tier 2,Ambattur,Salaried,126698,703,0,18,School,Social Media,2023-06-14
CUST000196,40,Female,Tier 1,Patiala,Salaried,40918,839,0,4,Postgraduate,Social Media,2023-11-19
CUST000197,34,Female,Tier 2,Kollam,Self Employed,85192,654,1,14,School,Organic,2023-02-22
CUST000198,24,Female,Tier 1,Muzaffarnagar,Student,0,403,0,0,Graduate,Organic,2023-08-07
CUST000199,19,Male,Tier 3,Chittoor,Student,1432,450,0,0,Graduate,Organic,2022-07-27
CUST000200,41,Male,Tier 2,Meerut,Self Employed,74571,665,0,32,Graduate,Referral,2023-08-20
CUST000201,35,Female,Tier 2,Ulhasnagar,Self Employed,90507,591,2,34,Graduate,DSA Agent,2023-05-13
CUST000202,29,Male,Tier 1,Phagwara,Salaried,128441,819,0,18,School,Organic,2022-09-22
CUST000203,32,Male,Tier 2,Mangalore,Salaried,145632,804,0,18,Postgraduate,Referral,2022-03-28
CUST000204,24,Male,Tier 3,Dindigul,Student,0,535,0,0,Graduate,Social Media,2022-08-16
CUST000205,30,Male,Tier 2,Berhampore,Self Employed,21537,646,1,33,School,Social Media,2022-12-04
CUST000206,40,Male,Tier 1,Secunderabad,Salaried,139798,824,1,14,School,Social Media,2022-05-03
CUST000207,45,Female,Tier 2,Panihati,Salaried,140054,787,0,14,School,DSA Agent,2022-12-19
CUST000208,31,Male,Tier 2,Warangal,Self Employed,74850,666,1,14,Postgraduate,Social Media,2022-01-03
CUST000209,25,Male,Tier 1,Jehanabad,Salaried,116616,789,0,7,Postgraduate,Social Media,2023-07-15
CUST000210,35,Female,Tier 1,Parbhani,Salaried,93881,815,0,13,Graduate,Organic,2023-11-12
CUST000211,36,Other,Tier 3,Bhubaneswar,Gig Worker,32168,552,0,19,Postgraduate,Organic,2023-07-13
CUST000212,37,Male,Tier 3,Berhampore,Self Employed,29942,674,1,23,Postgraduate,Social Media,2022-07-24
CUST000213,31,Male,Tier 1,Tirunelveli,Self Employed,77895,630,2,18,Graduate,Referral,2023-01-24
CUST000214,35,Female,Tier 2,Muzaffarnagar,Salaried,69621,845,2,10,Postgraduate,Organic,2023-08-15
CUST000215,45,Female,Tier 2,Mahbubnagar,Self Employed,58126,709,1,5,Graduate,Social Media,2022-05-19
CUST000216,26,Female,Tier 2,Pudukkottai,Salaried,54583,767,1,18,Postgraduate,DSA Agent,2023-01-30
CUST000217,43,Female,Tier 2,Gangtok,Salaried,147083,774,0,2,Graduate,Social Media,2023-12-10
CUST000218,50,Male,Tier 2,Chandigarh,Self Employed,37949,575,0,18,School,Social Media,2022-03-24
CUST000219,39,Female,Tier 2,Nagaon,Self Employed,80538,582,0,15,Graduate,Social Media,2023-11-08
CUST000220,20,Male,Tier 2,Thrissur,Student,0,573,1,0,Graduate,Referral,2023-05-01
CUST000221,47,Female,Tier 2,Surendranagar Dudhrej,Self Employed,70812,625,0,25,Graduate,Social Media,2022-08-20
CUST000222,25,Female,Tier 2,Kanpur,Gig Worker,21328,519,0,17,Graduate,Social Media,2023-10-16
CUST000223,29,Other,Tier 1,Shahjahanpur,Salaried,47630,766,0,7,Professional,Organic,2023-05-12
CUST000224,31,Male,Tier 3,Khammam,Gig Worker,30137,540,0,7,Graduate,DSA Agent,2023-01-30
CUST000225,27,Male,Tier 2,Adoni,Salaried,96079,723,1,24,Graduate,Organic,2023-04-19
CUST000226,32,Female,Tier 3,Gudivada,Salaried,146890,702,1,6,Graduate,Social Media,2022-06-04
CUST000227,49,Female,Tier 3,Chapra,Business Owner,81218,639,0,14,Postgraduate,Referral,2022-04-29
CUST000228,30,Female,Tier 2,Erode,Gig Worker,28725,588,0,19,Graduate,Referral,2022-10-18
CUST000229,24,Male,Tier 1,Thane,Student,3434,564,0,0,Postgraduate,Social Media,2023-08-16
CUST000230,47,Male,Tier 1,Dibrugarh,Self Employed,74673,633,1,5,Graduate,Social Media,2022-05-06
CUST000231,42,Female,Tier 3,Khandwa,Self Employed,71536,606,1,26,Graduate,Organic,2023-02-23
CUST000232,31,Male,Tier 2,Nangloi Jat,Gig Worker,27125,581,1,16,Graduate,DSA Agent,2023-08-28
CUST000233,25,Female,Tier 3,Bidhannagar,Gig Worker,17060,628,0,18,Graduate,Organic,2023-12-18
CUST000234,25,Male,Tier 3,New Delhi,Gig Worker,34222,662,0,4,Graduate,DSA Agent,2023-02-16
CUST000235,28,Female,Tier 1,Proddatur,Salaried,143218,762,1,22,Postgraduate,Organic,2023-12-15
CUST000236,40,Female,Tier 2,Vellore,Self Employed,72216,732,0,14,Graduate,Organic,2022-01-01
CUST000237,37,Female,Tier 2,Mira-Bhayandar,Salaried,130319,716,0,2,School,Organic,2023-04-11
CUST000238,38,Male,Tier 2,Sagar,Salaried,57354,798,0,30,Graduate,Social Media,2022-09-09
CUST000239,39,Female,Tier 2,Mysore,Self Employed,62439,696,0,33,Graduate,Organic,2023-01-15
CUST000240,25,Male,Tier 1,Nangloi Jat,Salaried,101945,765,0,8,Graduate,Social Media,2022-01-16
CUST000241,34,Female,Tier 1,Nanded,Business Owner,69218,798,1,30,School,Social Media,2022-03-28
CUST000242,54,Male,Tier 3,Aurangabad,Business Owner,126110,795,0,39,Postgraduate,Referral,2023-12-23
CUST000243,31,Male,Tier 3,Malda,Business Owner,67822,773,1,20,School,Referral,2022-10-09
CUST000244,27,Male,Tier 3,Durgapur,Gig Worker,26431,553,0,0,School,Referral,2023-11-14
CUST000245,29,Male,Tier 1,Udaipur,Salaried,115496,745,1,3,Postgraduate,Social Media,2023-10-08
CUST000246,41,Other,Tier 3,Madhyamgram,Business Owner,104496,782,1,28,Postgraduate,Organic,2023-09-19
CUST000247,29,Male,Tier 2,Madurai,Gig Worker,31327,510,1,19,Graduate,Referral,2022-08-27
CUST000248,31,Female,Tier 3,Thoothukudi,Business Owner,52855,793,0,27,Postgraduate,Social Media,2022-07-05
CUST000249,35,Other,Tier 3,Sagar,Business Owner,179686,670,1,37,Graduate,Referral,2022-02-14
CUST000250,18,Male,Tier 1,Gopalpur,Student,11617,567,0,0,Postgraduate,Organic,2022-07-07
CUST000251,45,Female,Tier 1,Jodhpur,Salaried,71207,751,2,17,Graduate,Referral,2023-11-13
CUST000252,37,Male,Tier 3,Pimpri-Chinchwad,Gig Worker,16541,642,1,1,Postgraduate,Social Media,2023-03-17
CUST000253,19,Male,Tier 1,Faridabad,Student,0,519,0,0,Postgraduate,Organic,2022-03-03
CUST000254,31,Male,Tier 3,Yamunanagar,Salaried,123487,718,0,3,Graduate,Organic,2022-03-08
CUST000255,30,Female,Tier 1,Kirari Suleman Nagar,Salaried,149512,720,1,23,Graduate,DSA Agent,2023-07-23
CUST000256,29,Male,Tier 3,Ambarnath,Gig Worker,17852,597,0,13,Graduate,Social Media,2023-01-13
CUST000257,51,Female,Tier 2,Akola,Business Owner,139066,786,0,15,School,Social Media,2023-09-26
CUST000258,35,Female,Tier 2,Kishanganj,Self Employed,45785,589,0,29,Professional,DSA Agent,2022-02-23
CUST000259,37,Female,Tier 1,Durgapur,Gig Worker,16504,622,0,9,Postgraduate,Social Media,2023-08-14
CUST000260,39,Male,Tier 2,Mathura,Salaried,82756,803,0,28,Postgraduate,Referral,2023-02-18
CUST000261,49,Female,Tier 2,Morena,Self Employed,50395,670,0,21,School,Social Media,2023-08-18
CUST000262,48,Female,Tier 2,Kamarhati,Business Owner,93927,656,0,22,Graduate,Social Media,2022-04-08
CUST000263,39,Female,Tier 1,Nagercoil,Salaried,93797,829,0,3,Postgraduate,Referral,2022-04-10
CUST000264,27,Female,Tier 2,Ambala,Gig Worker,32514,667,1,15,Graduate,Organic,2023-05-28
CUST000265,18,Female,Tier 2,Bally,Student,0,433,0,0,Graduate,Social Media,2023-01-05
CUST000266,49,Male,Tier 1,Rajkot,Self Employed,39895,581,1,37,School,DSA Agent,2023-03-04
CUST000267,36,Male,Tier 1,Hapur,Self Employed,42883,570,0,16,School,Social Media,2022-05-09
CUST000268,47,Male,Tier 1,Shivpuri,Self Employed,59284,705,0,19,Graduate,Organic,2022-07-25
CUST000269,38,Male,Tier 3,Nandyal,Gig Worker,18358,523,0,19,Graduate,Organic,2023-02-14
CUST000270,32,Male,Tier 2,Bidhannagar,Salaried,90889,764,0,20,Graduate,DSA Agent,2023-11-09
CUST000271,26,Male,Tier 2,Amritsar,Student,0,574,0,0,Postgraduate,Referral,2023-04-17
CUST000272,19,Male,Tier 1,Berhampore,Student,0,421,0,0,School,Organic,2022-11-25
CUST000273,19,Other,Tier 2,Jodhpur,Student,0,443,0,0,School,DSA Agent,2022-06-14
CUST000274,41,Male,Tier 2,Mangalore,Business Owner,183367,685,1,31,Graduate,Organic,2023-12-23
CUST000275,22,Female,Tier 3,Solapur,Gig Worker,29189,525,1,18,School,DSA Agent,2023-02-23
CUST000276,38,Female,Tier 3,Dehradun,Gig Worker,34370,656,0,15,Graduate,Referral,2023-08-10
CUST000277,36,Female,Tier 1,Gorakhpur,Self Employed,24491,622,0,11,Graduate,DSA Agent,2023-07-21
CUST000278,44,Female,Tier 2,Mehsana,Self Employed,36025,709,0,39,School,Organic,2023-06-20
CUST000279,28,Male,Tier 2,Kurnool,Self Employed,46610,667,2,35,Postgraduate,Social Media,2022-06-06
CUST000280,50,Male,Tier 2,Durg,Self Employed,42989,634,1,36,School,Referral,2023-07-08
CUST000281,23,Male,Tier 3,Hosur,Student,8867,449,0,0,Graduate,Social Media,2022-08-31
CUST000282,26,Male,Tier 1,Bhalswa Jahangir Pur,Salaried,142454,711,0,18,School,Organic,2022-11-06
CUST000283,38,Female,Tier 3,Bidar,Gig Worker,20537,508,0,7,Postgraduate,Referral,2023-06-06
CUST000284,38,Female,Tier 2,Jaipur,Salaried,138444,743,2,15,Postgraduate,Referral,2023-05-20
CUST000285,33,Male,Tier 3,Maheshtala,Gig Worker,25257,552,0,12,Graduate,Organic,2022-10-18
CUST000286,40,Male,Tier 1,Lucknow,Salaried,137672,737,0,23,Graduate,Organic,2022-12-07
CUST000287,33,Male,Tier 3,Saharsa,Gig Worker,30968,625,2,9,Graduate,Social Media,2023-11-30
CUST000288,27,Male,Tier 3,Bulandshahr,Gig Worker,13307,520,0,10,Postgraduate,Social Media,2023-02-07
CUST000289,34,Female,Tier 2,Khammam,Salaried,108388,816,0,5,Postgraduate,DSA Agent,2022-12-17
CUST000290,28,Male,Tier 3,Guntakal,Gig Worker,29635,635,0,19,Graduate,Organic,2022-04-04
CUST000291,39,Female,Tier 2,Berhampore,Salaried,87502,842,0,21,Graduate,Social Media,2022-07-12
CUST000292,28,Male,Tier 2,Tezpur,Salaried,124540,755,0,5,Graduate,Organic,2022-06-24
CUST000293,24,Male,Tier 3,Farrukhabad,Student,13758,522,0,0,Graduate,Organic,2022-02-19
CUST000294,29,Female,Tier 3,Bhilwara,Gig Worker,12034,509,2,15,Graduate,Social Media,2022-09-20
CUST000295,36,Female,Tier 1,Karawal Nagar,Salaried,80668,826,0,23,School,Organic,2022-01-17
CUST000296,24,Other,Tier 1,Tumkur,Gig Worker,19127,521,1,9,Professional,Organic,2023-04-02
CUST000297,33,Female,Tier 1,Siliguri,Self Employed,24774,698,1,15,School,Referral,2023-03-07
CUST000298,34,Male,Tier 1,Anantapuram,Salaried,60148,754,0,8,Graduate,Organic,2022-06-28
CUST000299,34,Male,Tier 3,Rourkela,Self Employed,34066,726,0,14,Postgraduate,Social Media,2023-04-03
CUST000300,26,Female,Tier 2,Jorhat,Salaried,79995,775,0,27,Graduate,DSA Agent,2022-06-21
CUST000301,28,Female,Tier 1,South Dumdum,Salaried,104981,825,2,29,School,Referral,2022-01-06
CUST000302,38,Female,Tier 2,Jamnagar,Gig Worker,24871,613,0,14,Graduate,Social Media,2022-02-25
CUST000303,29,Male,Tier 2,Patiala,Gig Worker,16955,596,1,10,Postgraduate,Organic,2023-07-04
CUST000304,36,Other,Tier 3,Kalyan-Dombivli,Self Employed,33473,571,0,2,Graduate,DSA Agent,2023-05-06
CUST000305,37,Male,Tier 3,Ramgarh,Self Employed,85674,645,0,22,Postgraduate,Referral,2022-02-15
CUST000306,54,Female,Tier 1,Gandhidham,Business Owner,107270,661,0,20,Graduate,Organic,2022-06-27
CUST000307,32,Female,Tier 3,Uluberia,Gig Worker,22646,559,1,8,Graduate,DSA Agent,2022-02-22
CUST000308,44,Male,Tier 1,Tiruppur,Salaried,79606,717,0,27,Graduate,Organic,2023-12-05
CUST000309,31,Female,Tier 2,Ratlam,Self Employed,92671,691,0,14,Postgraduate,Social Media,2022-01-25
CUST000310,30,Male,Tier 2,Siliguri,Salaried,115382,819,1,12,Postgraduate,Social Media,2023-10-30
CUST000311,37,Other,Tier 2,Sultan Pur Majra,Gig Worker,24833,557,2,13,School,DSA Agent,2022-09-14
CUST000312,38,Male,Tier 1,Deoghar,Salaried,58754,788,1,27,Graduate,DSA Agent,2022-02-25
CUST000313,27,Female,Tier 1,Bhilai,Salaried,122122,746,1,19,Postgraduate,Social Media,2023-02-04
CUST000314,42,Male,Tier 3,Machilipatnam,Business Owner,150714,619,0,21,Graduate,Referral,2022-07-04
CUST000315,19,Female,Tier 2,Ulhasnagar,Student,0,512,0,0,Postgraduate,Referral,2022-08-05
CUST000316,43,Female,Tier 2,Imphal,Self Employed,48519,574,1,25,School,Referral,2023-06-04
CUST000317,34,Male,Tier 1,Kolkata,Gig Worker,22854,578,0,0,Postgraduate,Social Media,2023-01-13
CUST000318,39,Male,Tier 2,Sagar,Salaried,63892,758,1,2,Graduate,Organic,2022-06-16
CUST000319,25,Female,Tier 1,Ramagundam,Salaried,51255,810,0,27,Postgraduate,Social Media,2023-02-23
CUST000320,43,Male,Tier 1,Buxar,Salaried,70651,802,0,24,Postgraduate,Referral,2022-04-13
CUST000321,30,Female,Tier 2,Sonipat,Gig Worker,33622,635,0,6,Graduate,Referral,2023-07-16
CUST000322,39,Male,Tier 1,Nangloi Jat,Self Employed,78889,609,1,25,Graduate,Social Media,2023-12-28
CUST000323,36,Female,Tier 3,Kolhapur,Self Employed,22293,663,0,32,School,DSA Agent,2023-11-17
CUST000324,25,Male,Tier 2,Aizawl,Salaried,101384,715,1,17,Postgraduate,Social Media,2023-03-20
CUST000325,46,Male,Tier 1,Rewa,Business Owner,38455,632,0,11,Postgraduate,Referral,2023-03-24
CUST000326,30,Male,Tier 1,Amroha,Self Employed,47100,678,0,27,Graduate,Organic,2023-01-03
CUST000327,28,Male,Tier 3,Tiruchirappalli,Gig Worker,21662,577,1,14,Graduate,Social Media,2022-07-08
CUST000328,36,Male,Tier 2,Pimpri-Chinchwad,Self Employed,44284,588,0,32,Postgraduate,Social Media,2023-09-02
CUST000329,38,Female,Tier 3,Ballia,Gig Worker,25234,591,0,7,Graduate,Organic,2023-01-03
CUST000330,37,Female,Tier 1,Alwar,Salaried,68684,769,0,21,Postgraduate,Organic,2023-09-20
CUST000331,29,Female,Tier 3,Lucknow,Gig Worker,29933,588,1,6,Graduate,Organic,2022-11-13
CUST000332,44,Female,Tier 2,Siwan,Self Employed,61247,719,2,30,Graduate,Referral,2022-05-28
CUST000333,32,Male,Tier 2,Chandigarh,Salaried,70548,742,0,3,School,Organic,2022-03-15
CUST000334,42,Female,Tier 1,Jammu,Salaried,60735,744,0,14,Graduate,DSA Agent,2022-03-17
CUST000335,27,Male,Tier 2,Ratlam,Salaried,136780,751,0,9,Graduate,Referral,2023-05-27
CUST000336,42,Female,Tier 1,Karimnagar,Salaried,40554,706,1,6,Postgraduate,Referral,2022-12-01
CUST000337,21,Male,Tier 3,Siliguri,Student,0,443,0,0,Postgraduate,Referral,2022-10-03
CUST000338,41,Male,Tier 2,Uluberia,Self Employed,71114,611,1,26,Postgraduate,DSA Agent,2022-11-26
CUST000339,29,Male,Tier 2,Serampore,Gig Worker,29560,540,2,10,Graduate,Social Media,2022-11-16
CUST000340,44,Female,Tier 1,Anantapuram,Salaried,67245,837,0,9,Graduate,Social Media,2022-12-29
CUST000341,24,Male,Tier 2,Etawah,Gig Worker,32107,673,1,18,Graduate,Social Media,2023-11-02
CUST000342,37,Female,Tier 2,Amroha,Gig Worker,27059,557,1,5,School,DSA Agent,2023-07-21
CUST000343,33,Male,Tier 1,Thrissur,Salaried,119497,725,1,26,School,Organic,2022-02-12
CUST000344,33,Female,Tier 2,Vijayanagaram,Gig Worker,25930,647,1,18,School,Social Media,2023-06-08
CUST000345,36,Female,Tier 3,Tumkur,Gig Worker,15990,636,0,10,Postgraduate,Organic,2023-05-23
CUST000346,32,Male,Tier 2,Khandwa,Self Employed,99792,721,0,13,School,Social Media,2023-05-17
CUST000347,48,Female,Tier 1,Kolhapur,Self Employed,47669,587,1,27,School,Social Media,2022-03-18
CUST000348,30,Female,Tier 1,Asansol,Salaried,140198,764,0,10,Graduate,DSA Agent,2022-02-17
CUST000349,25,Female,Tier 2,Avadi,Gig Worker,32653,631,0,3,Postgraduate,DSA Agent,2022-11-09
CUST000350,28,Female,Tier 2,Loni,Self Employed,37451,552,0,15,Graduate,Social Media,2023-07-20
CUST000351,28,Female,Tier 1,Amritsar,Gig Worker,34405,546,0,6,Graduate,Organic,2022-09-21
CUST000352,20,Female,Tier 2,Hubli–Dharwad,Student,0,476,0,0,Postgraduate,Social Media,2023-09-14
CUST000353,28,Male,Tier 3,Alappuzha,Self Employed,84017,636,0,28,Postgraduate,Organic,2023-11-01
CUST000354,44,Female,Tier 2,Vijayanagaram,Salaried,142589,806,0,6,Postgraduate,Social Media,2022-03-26
CUST000355,26,Male,Tier 1,Miryalaguda,Salaried,42325,745,2,30,Graduate,Social Media,2022-07-13
CUST000356,30,Male,Tier 3,Tezpur,Self Employed,96955,593,0,27,Graduate,Social Media,2022-05-29
CUST000357,28,Female,Tier 2,Kollam,Salaried,56425,759,0,30,Graduate,Organic,2022-05-28
CUST000358,32,Male,Tier 2,Eluru,Gig Worker,16191,506,1,18,School,Referral,2023-02-21
CUST000359,41,Male,Tier 1,Begusarai,Business Owner,174671,606,1,13,Professional,Referral,2022-12-15
CUST000360,26,Female,Tier 2,Kalyan-Dombivli,Gig Worker,33755,576,1,7,Postgraduate,Organic,2022-04-19
CUST000361,34,Female,Tier 1,Bhimavaram,Gig Worker,28668,560,0,15,Graduate,Organic,2022-11-24
CUST000362,36,Female,Tier 2,Kumbakonam,Self Employed,80709,556,0,30,Postgraduate,DSA Agent,2022-05-23
CUST000363,32,Female,Tier 2,Rajahmundry,Gig Worker,26299,663,1,9,Postgraduate,Social Media,2022-08-05
CUST000364,26,Female,Tier 2,Delhi,Gig Worker,14308,545,0,10,Graduate,DSA Agent,2022-12-26
CUST000365,32,Male,Tier 3,Firozabad,Business Owner,183192,653,0,25,Postgraduate,Social Media,2022-07-14
CUST000366,29,Male,Tier 2,Chittoor,Gig Worker,29662,521,0,14,Graduate,Organic,2023-11-11
CUST000367,53,Female,Tier 3,Tumkur,Business Owner,82656,716,0,31,Graduate,Social Media,2023-12-19
CUST000368,37,Male,Tier 3,Mangalore,Business Owner,52901,640,1,4,Postgraduate,DSA Agent,2022-02-28
CUST000369,42,Female,Tier 3,Sambalpur,Salaried,90256,829,0,27,Graduate,Organic,2022-12-11
CUST000370,31,Female,Tier 2,Jamshedpur,Salaried,127594,822,0,12,Graduate,DSA Agent,2023-09-20
CUST000371,35,Male,Tier 1,Kumbakonam,Salaried,79430,720,0,26,Postgraduate,Social Media,2023-11-01
CUST000372,29,Female,Tier 1,Khora ,Salaried,115707,820,0,25,School,Organic,2023-10-27
CUST000373,32,Female,Tier 3,Amaravati,Salaried,82156,834,1,5,Graduate,Social Media,2023-03-04
CUST000374,50,Male,Tier 2,Buxar,Self Employed,31102,635,1,38,School,Organic,2022-03-18
CUST000375,35,Other,Tier 2,Rampur,Salaried,50556,836,0,19,Graduate,Social Media,2022-02-09
CUST000376,44,Female,Tier 2,Jamshedpur,Salaried,122463,779,0,1,School,Organic,2023-05-22
CUST000377,22,Male,Tier 2,Anand,Student,0,520,0,0,School,DSA Agent,2023-02-24
CUST000378,44,Female,Tier 1,Rampur,Salaried,80596,706,0,25,Graduate,Organic,2023-10-12
CUST000379,26,Female,Tier 3,Amaravati,Student,17776,546,0,0,Graduate,Social Media,2022-01-12
CUST000380,39,Female,Tier 2,Ulhasnagar,Salaried,129274,768,1,13,Graduate,Referral,2022-03-14
CUST000381,27,Female,Tier 2,Surendranagar Dudhrej,Salaried,53785,717,0,27,Postgraduate,Social Media,2023-12-21
CUST000382,33,Female,Tier 1,Raurkela Industrial Township,Self Employed,59653,662,1,32,Postgraduate,Referral,2023-08-09
CUST000383,36,Male,Tier 2,Meerut,Self Employed,67670,559,0,35,Graduate,Social Media,2023-10-22
CUST000384,19,Female,Tier 3,Karimnagar,Student,0,408,0,0,Graduate,Organic,2022-07-03
CUST000385,31,Female,Tier 2,Raurkela Industrial Township,Self Employed,67567,683,0,3,Professional,Organic,2022-05-10
CUST000386,22,Male,Tier 2,Ramagundam,Student,0,550,0,0,Postgraduate,Referral,2022-11-12
CUST000387,31,Male,Tier 1,Bettiah,Salaried,84088,842,1,7,School,Referral,2023-01-13
CUST000388,32,Other,Tier 2,Kottayam,Salaried,79974,770,0,3,School,Referral,2023-01-09
CUST000389,47,Female,Tier 2,South Dumdum,Self Employed,65272,735,0,11,Graduate,Social Media,2022-06-16
CUST000390,25,Female,Tier 2,Khora ,Student,0,573,0,0,Postgraduate,DSA Agent,2023-11-03
CUST000391,45,Female,Tier 3,Tinsukia,Business Owner,92348,791,0,21,Postgraduate,Social Media,2022-11-08
CUST000392,38,Female,Tier 2,Satna,Gig Worker,32455,559,0,8,Graduate,Organic,2023-12-02
CUST000393,32,Female,Tier 3,Gopalpur,Gig Worker,23948,582,1,7,Postgraduate,Organic,2022-02-15
CUST000394,46,Female,Tier 3,Jalandhar,Self Employed,28276,640,1,25,School,Social Media,2022-05-08
CUST000395,35,Male,Tier 1,Asansol,Salaried,94522,843,0,23,Graduate,Referral,2022-10-22
CUST000396,33,Female,Tier 2,Durgapur,Business Owner,186678,668,1,24,Postgraduate,Organic,2022-01-02
CUST000397,23,Female,Tier 3,Serampore,Student,14050,429,0,0,School,Organic,2022-10-31
CUST000398,31,Female,Tier 3,Bulandshahr,Gig Worker,34211,586,0,2,Graduate,Social Media,2022-07-25
CUST000399,32,Female,Tier 2,Ujjain,Self Employed,35017,646,0,18,Graduate,DSA Agent,2023-12-21
CUST000400,32,Female,Tier 1,Bellary,Self Employed,81907,651,0,9,School,Referral,2023-09-02
CUST000401,34,Male,Tier 1,Ambala,Salaried,98510,777,0,30,School,Organic,2023-09-02
CUST000402,53,Male,Tier 3,Maheshtala,Business Owner,152090,723,0,37,Graduate,Organic,2022-12-20
CUST000403,26,Male,Tier 2,Erode,Gig Worker,22985,583,0,10,Postgraduate,Referral,2022-08-10
CUST000404,21,Male,Tier 2,Solapur,Student,0,424,0,0,School,Referral,2022-11-25
CUST000405,44,Other,Tier 2,Mira-Bhayandar,Salaried,65814,836,0,24,School,Social Media,2023-06-26
CUST000406,25,Male,Tier 2,Nangloi Jat,Student,0,518,1,0,School,Organic,2023-07-22
CUST000407,22,Male,Tier 3,Bijapur,Gig Worker,12206,506,1,1,Graduate,Referral,2023-09-01
CUST000408,33,Female,Tier 1,Kolhapur,Salaried,60705,793,1,4,Graduate,Social Media,2023-03-08
CUST000409,55,Female,Tier 2,Kavali,Business Owner,118169,675,1,5,Professional,Referral,2023-05-30
CUST000410,39,Male,Tier 2,Malegaon,Salaried,87635,718,0,8,Postgraduate,Organic,2023-07-13
CUST000411,44,Female,Tier 1,Bhopal,Salaried,128014,835,0,18,Graduate,Social Media,2023-01-14
CUST000412,42,Female,Tier 3,Korba,Business Owner,160546,763,0,4,Graduate,Social Media,2022-05-01
CUST000413,37,Male,Tier 1,Ajmer,Business Owner,142359,683,1,3,Graduate,Social Media,2022-05-28
CUST000414,38,Male,Tier 3,Aizawl,Gig Worker,30788,595,0,17,Graduate,DSA Agent,2022-08-19
CUST000415,41,Female,Tier 2,Bhagalpur,Self Employed,60303,564,0,4,Postgraduate,Referral,2022-06-19
CUST000416,38,Female,Tier 2,Vijayawada,Gig Worker,18237,576,0,10,Graduate,Referral,2022-02-15
CUST000417,29,Female,Tier 1,Gorakhpur,Salaried,132856,774,0,22,Graduate,Organic,2023-03-26
CUST000418,39,Male,Tier 1,Surat,Salaried,128823,817,0,4,Professional,Social Media,2023-07-26
CUST000419,37,Male,Tier 1,Chinsurah,Self Employed,81168,625,2,24,Graduate,Organic,2023-02-26
CUST000420,50,Female,Tier 3,Thiruvananthapuram,Self Employed,27792,632,0,20,Graduate,DSA Agent,2022-02-17
CUST000421,43,Male,Tier 1,Patna,Self Employed,62692,700,0,5,Postgraduate,Organic,2023-08-04
CUST000422,50,Male,Tier 2,Nandyal,Self Employed,51767,662,0,35,Graduate,Organic,2022-09-01
CUST000423,28,Female,Tier 3,Nizamabad,Salaried,71736,744,0,16,School,Organic,2022-02-14
CUST000424,22,Male,Tier 2,Amritsar,Gig Worker,32436,676,0,1,Postgraduate,Social Media,2022-02-08
CUST000425,29,Female,Tier 1,Hyderabad,Salaried,76320,846,0,28,Graduate,Social Media,2023-03-30
CUST000426,22,Female,Tier 2,Amravati,Gig Worker,29205,680,0,2,Postgraduate,Organic,2023-01-06
CUST000427,30,Male,Tier 2,Dharmavaram,Gig Worker,27519,599,0,19,Postgraduate,Social Media,2023-01-26
CUST000428,20,Female,Tier 3,Udaipur,Student,11302,538,0,0,Graduate,Referral,2023-12-16
CUST000429,25,Male,Tier 3,Bhopal,Gig Worker,13902,671,1,17,School,Referral,2023-10-25
CUST000430,39,Female,Tier 1,Ulhasnagar,Salaried,124513,818,0,12,Graduate,Organic,2023-02-17
CUST000431,41,Male,Tier 2,Adoni,Salaried,47139,739,1,15,Professional,Referral,2022-05-03
CUST000432,33,Male,Tier 2,Nagercoil,Self Employed,72078,691,2,15,School,Organic,2022-02-14
CUST000433,47,Female,Tier 2,Orai,Self Employed,53793,567,0,35,Graduate,DSA Agent,2023-01-30
CUST000434,32,Male,Tier 1,Dibrugarh,Salaried,67865,766,2,5,School,Organic,2022-03-04
CUST000435,43,Female,Tier 1,Navi Mumbai,Salaried,108176,765,0,9,Postgraduate,Social Media,2023-10-24
CUST000436,50,Male,Tier 1,Dehri,Self Employed,81700,570,1,6,Postgraduate,Social Media,2022-05-25
CUST000437,33,Male,Tier 1,Nellore,Salaried,47293,836,0,18,Graduate,Social Media,2022-02-23
CUST000438,21,Female,Tier 1,Tirunelveli,Student,2961,504,0,0,Graduate,Social Media,2023-04-08
CUST000439,41,Male,Tier 2,Navi Mumbai,Self Employed,82689,712,0,6,Graduate,Referral,2022-02-22
CUST000440,34,Male,Tier 1,Dibrugarh,Salaried,83299,843,0,8,Professional,Social Media,2023-06-09
CUST000441,29,Female,Tier 1,Ambarnath,Salaried,98436,768,0,22,Professional,Social Media,2023-11-01
CUST000442,30,Female,Tier 3,Gandhidham,Business Owner,41594,706,0,20,Graduate,DSA Agent,2022-07-02
CUST000443,30,Female,Tier 1,Bokaro,Gig Worker,29636,601,1,17,Graduate,Social Media,2022-11-10
CUST000444,35,Other,Tier 3,Nadiad,Gig Worker,21360,540,0,0,Graduate,Organic,2022-04-04
CUST000445,26,Male,Tier 2,Kakinada,Student,0,567,0,0,Graduate,Organic,2023-11-23
CUST000446,32,Female,Tier 3,Vellore,Business Owner,121842,766,1,22,Postgraduate,Referral,2023-03-19
CUST000447,30,Male,Tier 2,Satara,Business Owner,168026,695,1,38,Postgraduate,Organic,2022-07-11
CUST000448,45,Female,Tier 1,Kirari Suleman Nagar,Self Employed,98593,716,0,18,Graduate,Referral,2023-03-26
CUST000449,36,Male,Tier 1,Saharsa,Gig Worker,23737,628,0,16,Graduate,DSA Agent,2023-04-07
CUST000450,34,Other,Tier 1,Shimla,Salaried,92347,765,1,15,Postgraduate,Social Media,2022-01-31
CUST000451,36,Female,Tier 2,Tumkur,Self Employed,21962,733,0,24,Graduate,Organic,2023-04-27
CUST000452,37,Female,Tier 3,Gwalior,Gig Worker,34804,547,2,1,Graduate,Referral,2022-03-05
CUST000453,37,Female,Tier 3,Kumbakonam,Gig Worker,18407,609,0,17,School,Social Media,2022-11-22
CUST000454,44,Female,Tier 3,Kharagpur,Business Owner,197849,710,0,31,School,Organic,2023-05-26
CUST000455,25,Female,Tier 1,Sirsa,Salaried,123192,794,0,9,Graduate,Social Media,2023-03-30
CUST000456,34,Male,Tier 3,Raiganj,Gig Worker,33220,560,0,5,School,Social Media,2023-03-16
CUST000457,28,Male,Tier 2,Begusarai,Salaried,59225,705,0,21,Graduate,Referral,2023-02-11
CUST000458,35,Male,Tier 3,Ramagundam,Gig Worker,17363,672,1,7,Graduate,Referral,2022-09-03
CUST000459,45,Male,Tier 1,Maheshtala,Salaried,42460,807,0,15,Graduate,Social Media,2023-12-28
CUST000460,29,Female,Tier 3,Fatehpur,Salaried,114582,806,0,9,Graduate,Social Media,2022-07-22
CUST000461,31,Female,Tier 2,Mangalore,Salaried,99141,784,0,22,Postgraduate,Referral,2022-06-08
CUST000462,34,Female,Tier 3,Pallavaram,Self Employed,72449,696,0,37,Graduate,DSA Agent,2023-06-05
CUST000463,45,Other,Tier 2,Tenali,Self Employed,94511,735,0,4,Graduate,Social Media,2023-07-11
CUST000464,30,Female,Tier 2,Nagaon,Gig Worker,28477,550,0,1,Graduate,Organic,2022-09-02
CUST000465,47,Male,Tier 3,Jamshedpur,Business Owner,116969,773,1,10,Graduate,Social Media,2022-07-05
CUST000466,30,Male,Tier 3,Tenali,Gig Worker,30487,621,1,19,Graduate,DSA Agent,2022-07-26
CUST000467,29,Male,Tier 1,Gudivada,Salaried,89277,786,0,18,Postgraduate,Organic,2022-11-04
CUST000468,22,Male,Tier 3,Gulbarga,Student,0,478,0,0,Graduate,Social Media,2022-04-12
CUST000469,44,Female,Tier 3,Bharatpur,Salaried,61882,707,1,17,Postgraduate,Organic,2023-06-06
CUST000470,49,Female,Tier 3,Sonipat,Business Owner,58293,680,1,37,Graduate,Social Media,2023-05-17
CUST000471,32,Female,Tier 1,Hindupur,Salaried,90710,809,0,11,Professional,Social Media,2022-08-22
CUST000472,32,Female,Tier 1,Bhilai,Business Owner,166443,695,2,18,School,Social Media,2022-12-22
CUST000473,41,Female,Tier 1,Khandwa,Salaried,110979,774,1,17,School,Organic,2022-09-03
CUST000474,23,Male,Tier 2,Alwar,Student,0,480,0,0,School,Referral,2023-12-23
CUST000475,25,Female,Tier 2,Silchar,Gig Worker,27236,632,0,5,Graduate,Referral,2023-08-07
CUST000476,44,Male,Tier 1,Fatehpur,Business Owner,116276,660,2,9,Graduate,DSA Agent,2023-12-28
CUST000477,25,Male,Tier 1,Shivpuri,Salaried,119694,758,0,25,Graduate,Organic,2022-02-26
CUST000478,31,Male,Tier 3,Siliguri,Gig Worker,31257,519,1,7,Graduate,DSA Agent,2022-01-08
CUST000479,51,Female,Tier 1,Moradabad,Business Owner,65282,788,1,2,Graduate,Social Media,2022-12-22
CUST000480,24,Male,Tier 2,Chandrapur,Gig Worker,29048,520,0,15,Postgraduate,Organic,2023-04-28
CUST000481,37,Male,Tier 2,Mehsana,Self Employed,49100,613,0,20,School,Organic,2023-03-14
CUST000482,29,Female,Tier 3,Guntur,Self Employed,88601,647,0,31,Professional,Organic,2022-03-19
CUST000483,30,Female,Tier 2,Navi Mumbai,Gig Worker,24510,657,0,14,Postgraduate,Social Media,2022-02-26
CUST000484,40,Male,Tier 2,Jabalpur,Self Employed,53489,570,0,31,Postgraduate,DSA Agent,2023-02-22
CUST000485,37,Male,Tier 3,Indore,Gig Worker,14345,604,0,18,School,Organic,2022-06-15
CUST000486,34,Female,Tier 1,Eluru,Business Owner,188368,707,1,34,Graduate,DSA Agent,2023-01-28
CUST000487,42,Male,Tier 2,Jamnagar,Salaried,74339,794,0,23,Graduate,Social Media,2022-07-25
CUST000488,36,Female,Tier 1,Jalandhar,Salaried,119355,782,0,20,Graduate,Referral,2022-04-13
CUST000489,50,Female,Tier 2,Saharsa,Business Owner,70106,699,0,10,Postgraduate,Referral,2023-12-26
CUST000490,19,Male,Tier 1,Kirari Suleman Nagar,Student,1300,578,0,0,Postgraduate,Referral,2022-09-29
CUST000491,37,Male,Tier 1,Durg,Gig Worker,14400,586,0,13,Graduate,Social Media,2023-11-16
CUST000492,33,Male,Tier 3,Pallavaram,Self Employed,93501,659,0,34,Postgraduate,Social Media,2022-02-23
CUST000493,27,Male,Tier 1,Hosur,Salaried,117335,811,0,9,School,DSA Agent,2023-11-14
CUST000494,44,Male,Tier 1,Panvel,Salaried,54563,731,0,15,Graduate,Referral,2022-07-09
CUST000495,38,Female,Tier 2,Patna,Gig Worker,30501,610,0,1,Graduate,Social Media,2022-10-15
CUST000496,31,Male,Tier 2,Kochi,Gig Worker,14717,514,0,17,Postgraduate,Social Media,2022-08-10
CUST000497,36,Female,Tier 3,Hospet,Gig Worker,20381,551,1,13,Graduate,Organic,2022-05-03
CUST000498,38,Female,Tier 2,Gandhinagar,Salaried,57871,755,0,16,Postgraduate,Organic,2022-12-07
CUST000499,39,Male,Tier 3,Jaunpur,Business Owner,32622,743,2,17,Graduate,DSA Agent,2023-10-10
CUST000500,36,Male,Tier 2,Patna,Business Owner,51585,773,0,23,Professional,Referral,2023-02-26
CUST000501,50,Male,Tier 1,Proddatur,Self Employed,20541,732,0,18,School,DSA Agent,2023-07-01
CUST000502,36,Male,Tier 3,Dehradun,Gig Worker,33073,552,0,0,School,Referral,2022-08-23
CUST000503,40,Female,Tier 1,Chinsurah,Salaried,71081,726,0,17,School,Organic,2023-04-21
CUST000504,26,Male,Tier 2,Bijapur,Student,10401,526,0,0,School,Social Media,2023-09-19
CUST000505,36,Female,Tier 3,Morbi,Self Employed,39163,722,1,23,Postgraduate,Organic,2023-05-23
CUST000506,42,Male,Tier 1,Jehanabad,Salaried,60726,849,0,28,Graduate,Referral,2023-02-15
CUST000507,52,Male,Tier 3,Begusarai,Business Owner,186204,723,1,23,Graduate,Organic,2022-01-07
CUST000508,25,Female,Tier 1,Fatehpur,Student,0,428,0,0,Graduate,Referral,2023-06-03
CUST000509,54,Female,Tier 2,Guna,Business Owner,83371,615,0,21,Postgraduate,Referral,2023-09-27
CUST000510,47,Male,Tier 2,Katni,Self Employed,71807,740,0,21,Graduate,Social Media,2023-03-07
CUST000511,35,Male,Tier 3,Shimla,Self Employed,79922,662,0,21,Graduate,DSA Agent,2022-08-21
CUST000512,32,Female,Tier 3,Tadepalligudem,Gig Worker,26399,636,2,2,Postgraduate,Referral,2023-12-25
CUST000513,37,Male,Tier 2,Anantapuram,Business Owner,75384,777,0,32,Graduate,Social Media,2023-05-31
CUST000514,24,Male,Tier 2,Ghaziabad,Student,0,500,0,0,School,Social Media,2022-03-22
CUST000515,34,Female,Tier 1,Gudivada,Salaried,86999,737,0,27,School,Organic,2023-11-14
CUST000516,39,Female,Tier 2,Warangal,Salaried,86784,818,0,19,Graduate,DSA Agent,2022-04-15
CUST000517,29,Female,Tier 3,Karnal,Gig Worker,14889,597,0,10,Graduate,Organic,2022-07-25
CUST000518,26,Female,Tier 1,Mau,Student,0,577,0,0,Postgraduate,Social Media,2022-03-31
CUST000519,32,Female,Tier 1,Jalandhar,Business Owner,169813,735,0,7,Graduate,Social Media,2023-11-23
CUST000520,34,Female,Tier 1,Hapur,Salaried,112900,833,0,15,Postgraduate,Social Media,2022-03-25
CUST000521,37,Female,Tier 2,Bulandshahr,Gig Worker,13138,608,0,3,Graduate,Social Media,2023-07-31
CUST000522,31,Female,Tier 2,Pimpri-Chinchwad,Gig Worker,23573,612,0,13,Graduate,Referral,2023-03-06
CUST000523,47,Female,Tier 3,Shahjahanpur,Business Owner,198110,653,1,20,Graduate,Organic,2022-05-01
CUST000524,22,Male,Tier 2,Bijapur,Student,0,459,0,0,Graduate,Organic,2022-07-31
CUST000525,22,Male,Tier 2,Amritsar,Student,0,570,1,0,Postgraduate,DSA Agent,2022-08-07
CUST000526,30,Female,Tier 3,Raipur,Gig Worker,33261,672,1,19,Postgraduate,Social Media,2023-04-15
CUST000527,36,Female,Tier 3,Gulbarga,Gig Worker,32300,563,0,19,Postgraduate,Organic,2022-06-13
CUST000528,25,Male,Tier 1,Siwan,Salaried,46842,772,1,28,School,Referral,2023-07-12
CUST000529,43,Female,Tier 2,Agra,Salaried,124445,743,0,12,Graduate,Organic,2022-09-24
CUST000530,26,Male,Tier 2,Bhusawal,Student,0,580,0,0,Graduate,Organic,2022-06-08
CUST000531,22,Female,Tier 2,Shimoga,Student,0,545,0,0,School,Organic,2023-06-18
CUST000532,46,Female,Tier 3,Nandyal,Business Owner,78948,760,1,4,School,Organic,2023-05-08
CUST000533,45,Female,Tier 2,Ratlam,Business Owner,123653,704,0,23,Graduate,DSA Agent,2023-10-25
CUST000534,26,Male,Tier 2,Aurangabad,Gig Worker,19752,598,1,1,Graduate,Social Media,2022-07-25
CUST000535,37,Female,Tier 1,North Dumdum,Self Employed,93904,750,1,27,Graduate,Referral,2023-01-28
CUST000536,55,Male,Tier 2,Unnao,Business Owner,124782,759,1,20,Graduate,Social Media,2023-01-15
CUST000537,26,Male,Tier 1,Tiruppur,Student,0,536,0,0,Graduate,Organic,2022-07-15
CUST000538,26,Male,Tier 1,Mehsana,Salaried,61326,831,0,5,School,Organic,2023-12-05
CUST000539,23,Female,Tier 1,Rourkela,Gig Worker,25192,534,0,15,School,Organic,2023-12-07
CUST000540,37,Male,Tier 2,Bharatpur,Salaried,143064,708,0,29,School,Social Media,2023-10-20
CUST000541,51,Male,Tier 2,Panihati,Business Owner,118523,608,0,6,Graduate,DSA Agent,2022-02-09
CUST000542,43,Female,Tier 2,Aurangabad,Self Employed,86683,724,2,26,Postgraduate,Organic,2022-03-13
CUST000543,40,Female,Tier 3,Tumkur,Salaried,121864,805,0,1,Graduate,Social Media,2023-05-08
CUST000544,42,Female,Tier 1,Nashik,Self Employed,21194,637,0,8,Graduate,Referral,2022-11-26
CUST000545,40,Female,Tier 3,Chapra,Self Employed,25615,584,1,17,School,DSA Agent,2023-10-07
CUST000546,37,Male,Tier 1,Kamarhati,Gig Worker,30801,625,1,16,Graduate,Referral,2022-08-03
CUST000547,32,Female,Tier 2,Adoni,Salaried,54142,719,0,13,Postgraduate,Social Media,2022-02-04
CUST000548,45,Female,Tier 2,Guntakal,Self Employed,67068,709,0,35,Graduate,Social Media,2022-01-03
CUST000549,37,Male,Tier 2,Darbhanga,Gig Worker,22580,515,0,10,School,Social Media,2022-09-17
CUST000550,33,Male,Tier 3,Tezpur,Self Employed,42722,620,1,11,Postgraduate,Referral,2023-08-22
CUST000551,26,Male,Tier 2,Purnia,Gig Worker,27088,550,0,18,Graduate,Social Media,2022-04-12
CUST000552,18,Male,Tier 2,Sri Ganganagar,Student,0,566,0,0,Postgraduate,Referral,2023-05-10
CUST000553,22,Female,Tier 2,Barasat,Gig Worker,21049,581,0,19,Graduate,Social Media,2022-07-23
CUST000554,31,Female,Tier 2,Bhiwani,Gig Worker,13863,609,1,13,Postgraduate,Social Media,2022-05-06
CUST000555,25,Female,Tier 2,Kollam,Student,10541,446,0,0,School,Referral,2023-07-30
CUST000556,34,Female,Tier 2,Rewa,Gig Worker,18360,544,0,9,Graduate,Organic,2022-12-10
CUST000557,27,Male,Tier 1,Kottayam,Salaried,51591,834,0,3,Postgraduate,Social Media,2023-03-05
CUST000558,45,Female,Tier 1,Motihari,Salaried,78289,823,0,10,Graduate,Referral,2023-07-03
CUST000559,47,Male,Tier 2,Surat,Self Employed,92454,646,1,25,Graduate,Social Media,2022-11-29
CUST000560,36,Other,Tier 1,Gangtok,Self Employed,45300,651,0,18,Graduate,Referral,2023-03-12
CUST000561,45,Male,Tier 2,Kakinada,Self Employed,81723,733,0,25,Graduate,Referral,2022-01-08
CUST000562,43,Female,Tier 1,Agartala,Salaried,115347,834,0,4,Graduate,DSA Agent,2022-03-28
CUST000563,38,Male,Tier 3,Buxar,Salaried,98685,784,0,1,Postgraduate,Social Media,2022-02-28
CUST000564,35,Male,Tier 3,Nagaon,Salaried,70342,769,0,6,Postgraduate,DSA Agent,2023-11-17
CUST000565,32,Male,Tier 3,Bharatpur,Gig Worker,33519,635,0,10,Graduate,DSA Agent,2023-06-21
CUST000566,36,Female,Tier 3,Siliguri,Gig Worker,17125,609,1,14,Graduate,Organic,2023-12-04
CUST000567,23,Female,Tier 2,Saharanpur,Gig Worker,20357,503,0,13,Graduate,Referral,2022-04-26
CUST000568,27,Male,Tier 2,Raebareli,Gig Worker,31381,656,0,11,Graduate,Referral,2023-02-28
CUST000569,42,Female,Tier 3,Imphal,Business Owner,196675,611,1,39,Graduate,Social Media,2022-01-28
CUST000570,36,Female,Tier 1,Kurnool,Salaried,58761,741,0,5,Graduate,Social Media,2023-10-11
CUST000571,32,Female,Tier 3,Shimoga,Gig Worker,25682,626,0,2,Graduate,Organic,2022-10-14
CUST000572,34,Female,Tier 2,Nanded,Self Employed,61609,586,0,2,Graduate,Social Media,2023-03-29
CUST000573,36,Male,Tier 2,Ghaziabad,Gig Worker,20048,679,2,3,Graduate,Social Media,2023-03-06
CUST000574,50,Male,Tier 3,Machilipatnam,Self Employed,23457,718,0,30,Postgraduate,Social Media,2022-04-26
CUST000575,20,Female,Tier 1,Raipur,Student,0,519,1,0,Graduate,Organic,2022-11-30
CUST000576,33,Female,Tier 3,Nellore,Business Owner,35045,679,0,19,Postgraduate,Organic,2022-04-09
CUST000577,35,Other,Tier 2,Sambalpur,Salaried,139699,726,1,28,School,Referral,2022-02-02
CUST000578,32,Female,Tier 3,Madhyamgram,Business Owner,87599,702,1,20,Graduate,Organic,2022-08-28
CUST000579,30,Male,Tier 3,Karaikudi,Gig Worker,31086,608,1,6,School,Organic,2022-10-11
CUST000580,35,Female,Tier 2,Bhusawal,Salaried,135929,799,1,3,Graduate,Social Media,2023-11-30
CUST000581,33,Male,Tier 2,Panihati,Gig Worker,23524,546,0,3,Professional,Referral,2023-12-26
CUST000582,40,Other,Tier 2,Darbhanga,Business Owner,130886,702,2,30,Graduate,Organic,2023-09-11
CUST000583,25,Male,Tier 3,Bhopal,Gig Worker,17066,679,2,16,School,Social Media,2023-10-31
CUST000584,45,Female,Tier 1,Alwar,Salaried,54200,701,1,5,Postgraduate,Social Media,2022-01-31
CUST000585,32,Female,Tier 2,Kalyan-Dombivli,Self Employed,77303,646,1,27,Graduate,Referral,2023-11-30
CUST000586,42,Male,Tier 1,Jaipur,Salaried,40067,740,0,11,Graduate,DSA Agent,2022-10-05
CUST000587,34,Male,Tier 1,Gwalior,Salaried,75906,751,0,23,Graduate,Organic,2022-06-13
CUST000588,40,Female,Tier 1,Madanapalle,Salaried,112889,769,0,19,School,DSA Agent,2023-06-14
CUST000589,32,Female,Tier 2,Rajkot,Salaried,147803,806,0,18,Graduate,DSA Agent,2022-07-13
CUST000590,30,Male,Tier 3,Bharatpur,Salaried,104402,711,0,4,Graduate,DSA Agent,2023-06-03
CUST000591,43,Female,Tier 1,Sikar,Salaried,63831,764,0,28,School,DSA Agent,2022-03-21
CUST000592,38,Female,Tier 3,Noida,Self Employed,97277,647,0,26,Graduate,Organic,2022-10-02
CUST000593,37,Male,Tier 1,Aurangabad,Salaried,68894,779,2,26,Graduate,DSA Agent,2023-08-29
CUST000594,39,Male,Tier 1,Nagaon,Salaried,65927,701,0,11,Graduate,Referral,2023-03-11
CUST000595,25,Female,Tier 3,Mehsana,Student,0,521,2,0,Graduate,Organic,2023-11-18
CUST000596,35,Female,Tier 2,Patiala,Gig Worker,17999,676,0,12,Graduate,Referral,2023-11-11
CUST000597,40,Female,Tier 2,Satara,Self Employed,98619,624,1,11,Graduate,Referral,2022-11-12
CUST000598,37,Female,Tier 2,Bhimavaram,Salaried,113948,812,0,21,Graduate,Social Media,2023-04-28
CUST000599,25,Male,Tier 2,Noida,Salaried,66820,836,0,3,Graduate,DSA Agent,2023-08-06
CUST000600,45,Male,Tier 2,Bellary,Salaried,91414,823,2,16,Graduate,Referral,2022-05-01
CUST000601,26,Male,Tier 2,Aligarh,Salaried,135632,711,0,13,Postgraduate,Organic,2023-12-21
CUST000602,37,Male,Tier 1,Kakinada,Salaried,96314,770,1,8,Postgraduate,Organic,2023-12-24
CUST000603,26,Female,Tier 1,Gandhidham,Salaried,141749,732,1,10,Graduate,Social Media,2022-07-03
CUST000604,35,Female,Tier 3,Rohtak,Salaried,102502,703,1,5,Graduate,Social Media,2023-11-03
CUST000605,37,Male,Tier 1,Pallavaram,Salaried,78155,817,0,2,Graduate,Referral,2022-05-07
CUST000606,24,Male,Tier 1,Gorakhpur,Gig Worker,27906,651,1,14,Postgraduate,Organic,2023-09-14
CUST000607,34,Female,Tier 2,Bongaigaon,Salaried,43151,810,0,7,School,Social Media,2023-09-22
CUST000608,38,Female,Tier 3,Fatehpur,Gig Worker,20604,591,2,8,Graduate,Organic,2022-05-18
CUST000609,34,Female,Tier 3,Alwar,Gig Worker,24642,606,1,14,School,Organic,2023-11-16
CUST000610,30,Female,Tier 2,Mirzapur,Self Employed,68793,731,2,23,Postgraduate,Referral,2022-11-17
CUST000611,39,Female,Tier 1,Arrah,Salaried,52801,740,0,22,Graduate,Organic,2022-01-20
CUST000612,28,Female,Tier 3,Jaipur,Self Employed,47615,595,0,11,Graduate,DSA Agent,2022-05-20
CUST000613,31,Male,Tier 2,Meerut,Self Employed,90664,551,1,28,Graduate,Social Media,2023-07-27
CUST000614,25,Male,Tier 2,Nizamabad,Salaried,117906,792,0,29,Professional,Social Media,2023-12-20
CUST000615,22,Male,Tier 3,Tirupati,Student,10861,598,0,0,Graduate,Social Media,2022-09-16
CUST000616,31,Female,Tier 1,Bhilai,Business Owner,49538,609,0,34,Graduate,Referral,2023-08-31
CUST000617,38,Female,Tier 2,Mango,Salaried,59162,792,0,19,School,Referral,2023-12-24
CUST000618,34,Female,Tier 2,Bangalore,Salaried,105202,722,0,1,Graduate,Referral,2022-11-16
CUST000619,19,Male,Tier 1,Rohtak,Student,0,598,1,0,School,Organic,2023-09-16
CUST000620,46,Male,Tier 1,Mysore,Self Employed,42310,658,1,32,School,DSA Agent,2023-06-05
CUST000621,42,Male,Tier 2,Bihar Sharif,Salaried,82890,796,0,25,Graduate,Referral,2023-11-03
CUST000622,35,Male,Tier 1,Nanded,Salaried,63276,778,0,29,Professional,DSA Agent,2023-07-25
CUST000623,29,Female,Tier 2,Ratlam,Gig Worker,32276,662,0,6,Graduate,Organic,2023-09-22
CUST000624,33,Female,Tier 3,Visakhapatnam,Gig Worker,32419,579,3,14,Graduate,Organic,2022-07-12
CUST000625,45,Other,Tier 2,Jodhpur,Self Employed,22577,566,0,18,Graduate,Social Media,2022-07-27
CUST000626,33,Female,Tier 2,Chittoor,Gig Worker,26951,576,0,10,Graduate,DSA Agent,2022-05-04
CUST000627,33,Female,Tier 3,Thoothukudi,Gig Worker,17126,654,1,4,School,Organic,2023-09-04
CUST000628,33,Female,Tier 1,Salem,Self Employed,89604,639,1,15,Graduate,Referral,2023-06-29
CUST000629,31,Male,Tier 2,Bhilwara,Salaried,132215,760,0,8,School,Organic,2022-03-25
CUST000630,39,Female,Tier 1,Nagercoil,Salaried,125558,717,0,12,School,DSA Agent,2022-10-25
CUST000631,50,Female,Tier 3,Madanapalle,Self Employed,30080,750,0,26,Postgraduate,Referral,2023-11-09
CUST000632,26,Female,Tier 1,Malda,Student,3965,440,0,0,Graduate,Organic,2022-01-31
CUST000633,23,Male,Tier 2,Faridabad,Gig Worker,17163,643,0,19,Graduate,Organic,2023-10-29
CUST000634,31,Male,Tier 2,Raiganj,Gig Worker,28445,589,1,18,Postgraduate,Social Media,2023-01-01
CUST000635,27,Male,Tier 2,Delhi,Salaried,67683,729,1,5,School,Social Media,2022-06-22
CUST000636,30,Female,Tier 3,Kollam,Gig Worker,12580,595,1,17,Professional,Social Media,2022-06-05
CUST000637,22,Male,Tier 2,Satara,Gig Worker,24560,680,0,12,Professional,DSA Agent,2023-09-27
CUST000638,26,Female,Tier 1,Bhubaneswar,Salaried,87531,821,0,18,Postgraduate,DSA Agent,2023-12-15
CUST000639,32,Female,Tier 2,Kulti,Salaried,84889,753,0,23,Professional,Social Media,2022-12-24
CUST000640,25,Male,Tier 1,Hindupur,Gig Worker,28690,557,1,18,Graduate,Organic,2022-09-29
CUST000641,32,Female,Tier 1,Imphal,Salaried,57786,724,0,29,Graduate,Social Media,2022-08-26
CUST000642,35,Female,Tier 1,Morena,Salaried,91269,803,0,18,Postgraduate,Referral,2023-09-30
CUST000643,40,Male,Tier 1,Bhilwara,Salaried,111216,767,0,7,Graduate,Social Media,2023-09-10
CUST000644,26,Female,Tier 3,Guntakal,Salaried,46224,737,1,30,Postgraduate,Organic,2023-11-08
CUST000645,29,Male,Tier 1,Ichalkaranji,Salaried,147474,751,0,13,School,Organic,2022-06-26
CUST000646,21,Male,Tier 1,Guwahati,Student,7326,510,3,0,Graduate,Referral,2022-06-23
CUST000647,35,Female,Tier 2,Arrah,Gig Worker,26963,594,1,12,Graduate,Referral,2022-01-19
CUST000648,37,Female,Tier 3,Singrauli,Self Employed,68788,662,0,23,School,Social Media,2023-05-28
CUST000649,34,Other,Tier 3,Aurangabad,Self Employed,91583,699,2,3,Graduate,Organic,2022-05-31
CUST000650,37,Female,Tier 2,Jaipur,Gig Worker,21324,615,1,7,Graduate,Organic,2022-11-06
CUST000651,31,Female,Tier 1,Proddatur,Salaried,79859,718,0,12,Graduate,Organic,2022-09-12
CUST000652,23,Female,Tier 3,Hubli–Dharwad,Gig Worker,12958,547,1,16,School,Referral,2022-08-05
CUST000653,27,Female,Tier 2,Davanagere,Gig Worker,17727,529,2,14,Postgraduate,Social Media,2023-11-03
CUST000654,39,Female,Tier 3,Gulbarga,Self Employed,48858,660,0,1,Postgraduate,Social Media,2022-02-23
CUST000655,24,Male,Tier 3,Rewa,Gig Worker,25163,617,0,14,Graduate,Organic,2023-08-24
CUST000656,44,Female,Tier 1,Ghaziabad,Salaried,113582,802,0,12,School,Social Media,2022-08-05
CUST000657,37,Male,Tier 1,Jalgaon,Salaried,59073,727,0,24,Postgraduate,Social Media,2022-09-30
CUST000658,34,Female,Tier 2,Arrah,Gig Worker,30351,586,0,12,Postgraduate,DSA Agent,2023-05-14
CUST000659,35,Male,Tier 2,Tezpur,Self Employed,82577,740,2,38,Graduate,DSA Agent,2023-01-31
CUST000660,38,Female,Tier 2,Kanpur,Gig Worker,24105,560,0,0,Graduate,Referral,2022-11-07
CUST000661,35,Male,Tier 2,Malda,Gig Worker,15103,654,0,12,School,Social Media,2023-06-12
CUST000662,47,Male,Tier 1,Kochi,Business Owner,53128,651,0,37,Graduate,Social Media,2023-10-18
CUST000663,40,Female,Tier 1,Kurnool,Self Employed,47333,644,0,9,School,Referral,2023-02-21
CUST000664,26,Male,Tier 1,Shimoga,Salaried,96307,827,1,16,Graduate,Organic,2022-09-15
CUST000665,27,Female,Tier 2,Shimla,Salaried,97630,818,0,23,Graduate,Social Media,2022-01-22
CUST000666,33,Male,Tier 1,Bikaner,Salaried,148291,806,0,27,School,Social Media,2022-03-31
CUST000667,34,Male,Tier 2,Tiruppur,Salaried,91705,816,0,21,Postgraduate,Social Media,2023-11-13
CUST000668,37,Male,Tier 1,Ichalkaranji,Salaried,113189,722,0,5,Graduate,Social Media,2022-07-22
CUST000669,45,Female,Tier 1,Gurgaon,Salaried,143099,815,0,4,Graduate,Social Media,2022-05-19
CUST000670,37,Male,Tier 2,Alappuzha,Salaried,148986,843,2,26,Graduate,Social Media,2023-03-27
CUST000671,29,Female,Tier 1,Bhopal,Salaried,73373,833,0,27,Postgraduate,Social Media,2022-07-26
CUST000672,24,Male,Tier 2,Firozabad,Student,14669,418,0,0,Graduate,Social Media,2022-01-30
CUST000673,31,Male,Tier 1,Tadipatri,Salaried,142047,764,0,25,Graduate,Social Media,2022-03-26
CUST000674,32,Male,Tier 3,Kulti,Gig Worker,18097,663,1,5,School,Organic,2023-04-09
CUST000675,37,Male,Tier 2,Ballia,Gig Worker,29493,508,0,7,Graduate,Social Media,2022-12-04
CUST000676,33,Female,Tier 1,Guwahati,Business Owner,192214,713,0,2,School,Organic,2022-09-26
CUST000677,41,Female,Tier 1,Nandyal,Salaried,123401,700,0,27,Graduate,Organic,2023-07-20
CUST000678,32,Female,Tier 2,North Dumdum,Gig Worker,28178,516,1,6,Postgraduate,DSA Agent,2023-09-03
CUST000679,46,Male,Tier 1,Rajpur Sonarpur,Business Owner,185759,622,0,11,Postgraduate,Referral,2022-09-01
CUST000680,25,Male,Tier 1,Bhusawal,Student,0,544,1,0,Graduate,Social Media,2022-12-05
CUST000681,24,Male,Tier 1,Srinagar,Student,0,422,0,0,Graduate,DSA Agent,2023-04-16
CUST000682,39,Female,Tier 1,Proddatur,Salaried,108907,708,1,26,Graduate,Social Media,2023-02-02
CUST000683,29,Male,Tier 2,Faridabad,Salaried,141778,792,0,21,Graduate,Organic,2022-03-31
CUST000684,45,Female,Tier 3,Noida,Self Employed,64322,685,0,25,Graduate,Social Media,2022-10-27
CUST000685,35,Male,Tier 1,Raichur,Business Owner,166746,644,0,7,Graduate,DSA Agent,2023-11-30
CUST000686,23,Male,Tier 2,Kolkata,Gig Worker,14230,518,1,10,Graduate,Referral,2023-03-24
CUST000687,29,Male,Tier 3,Dibrugarh,Gig Worker,18168,549,4,7,Postgraduate,Referral,2022-05-28
CUST000688,31,Male,Tier 2,Barasat,Salaried,125487,700,0,16,School,Organic,2022-07-17
CUST000689,41,Female,Tier 2,Uluberia,Self Employed,20944,746,0,35,Graduate,Organic,2022-02-04
CUST000690,26,Male,Tier 2,Karaikudi,Salaried,93947,825,2,18,School,Social Media,2023-07-05
CUST000691,42,Female,Tier 1,Amaravati,Salaried,116730,804,1,17,Graduate,Social Media,2022-12-05
CUST000692,35,Male,Tier 1,Bhilwara,Gig Worker,29937,611,1,8,Graduate,Organic,2022-01-02
CUST000693,23,Female,Tier 3,Ambala,Gig Worker,12340,651,2,13,Graduate,DSA Agent,2023-02-08
CUST000694,34,Male,Tier 1,Sonipat,Salaried,135344,783,0,3,Graduate,Organic,2023-12-20
CUST000695,25,Female,Tier 1,Mira-Bhayandar,Salaried,52792,770,1,27,Postgraduate,Organic,2023-09-19
CUST000696,38,Female,Tier 2,Ratlam,Self Employed,81397,674,0,7,School,Organic,2023-02-23
CUST000697,38,Other,Tier 2,Ajmer,Salaried,146091,825,0,30,School,Social Media,2023-06-18
CUST000698,34,Male,Tier 2,Bhiwandi,Gig Worker,30104,527,2,1,Postgraduate,Social Media,2023-07-13
CUST000699,43,Female,Tier 1,Varanasi,Salaried,42710,766,0,19,School,Social Media,2023-07-31
CUST000700,31,Male,Tier 1,Panchkula,Gig Worker,17670,664,1,2,Postgraduate,DSA Agent,2023-07-27
CUST000701,29,Male,Tier 2,Karimnagar,Gig Worker,34488,500,1,4,School,Organic,2023-06-05
CUST000702,40,Male,Tier 1,Ichalkaranji,Salaried,143253,749,0,20,Professional,Referral,2022-06-03
CUST000703,43,Male,Tier 2,Pudukkottai,Salaried,82734,742,0,5,School,Social Media,2022-10-10
CUST000704,30,Other,Tier 1,Hazaribagh,Salaried,121985,839,0,27,Postgraduate,Social Media,2022-12-01
CUST000705,36,Male,Tier 3,Junagadh,Salaried,89339,770,0,2,Graduate,DSA Agent,2022-02-24
CUST000706,39,Female,Tier 2,Satna,Business Owner,51241,754,1,29,Graduate,Referral,2023-05-31
CUST000707,27,Female,Tier 1,Saharanpur,Salaried,142156,744,0,6,Postgraduate,Social Media,2023-12-17
CUST000708,23,Female,Tier 2,Meerut,Student,0,424,1,0,Graduate,Organic,2022-09-14
CUST000709,31,Female,Tier 2,Jalgaon,Salaried,60617,770,1,15,Graduate,Organic,2023-04-30
CUST000710,37,Male,Tier 3,Berhampur,Self Employed,81178,579,0,34,School,Organic,2022-09-01
CUST000711,33,Female,Tier 2,Vadodara,Self Employed,96657,560,0,27,School,Social Media,2023-05-31
CUST000712,28,Male,Tier 2,Bhilwara,Gig Worker,27570,671,0,5,School,Organic,2023-10-21
CUST000713,34,Female,Tier 2,Bhind,Gig Worker,14479,667,0,6,Graduate,Social Media,2022-04-07
CUST000714,36,Female,Tier 3,Bhiwandi,Gig Worker,14816,522,0,5,School,Social Media,2023-07-14
CUST000715,27,Other,Tier 1,Thane,Salaried,149682,844,0,16,Graduate,DSA Agent,2023-12-01
CUST000716,40,Male,Tier 2,Raurkela Industrial Township,Business Owner,55702,701,1,12,Graduate,Social Media,2022-08-22
CUST000717,24,Male,Tier 3,Berhampore,Student,0,535,0,0,School,DSA Agent,2023-01-29
CUST000718,34,Male,Tier 2,Gorakhpur,Business Owner,175494,793,1,28,Postgraduate,Social Media,2022-08-29
CUST000719,41,Male,Tier 2,Amravati,Salaried,110264,801,0,26,Professional,Social Media,2023-06-02
CUST000720,40,Male,Tier 1,Tiruchirappalli,Self Employed,77226,731,0,17,Postgraduate,Social Media,2022-11-14
CUST000721,55,Female,Tier 2,Anantapuram,Business Owner,194079,615,1,16,Professional,Organic,2022-09-11
CUST000722,39,Male,Tier 1,Gulbarga,Salaried,105411,721,1,3,Graduate,DSA Agent,2022-11-09
CUST000723,43,Female,Tier 1,Phusro,Salaried,64389,790,0,11,School,Social Media,2023-06-26
CUST000724,49,Female,Tier 3,Ballia,Self Employed,37231,573,2,21,Graduate,Social Media,2022-08-18
CUST000725,23,Female,Tier 1,Hajipur,Gig Worker,16332,520,0,16,School,Referral,2023-03-07
CUST000726,21,Male,Tier 2,Erode,Student,0,461,0,0,Graduate,Social Media,2022-04-09
CUST000727,43,Male,Tier 1,Shahjahanpur,Salaried,122655,841,0,9,Postgraduate,Social Media,2022-05-30
CUST000728,37,Male,Tier 2,Bareilly,Self Employed,74200,715,0,16,Postgraduate,Social Media,2022-11-23
CUST000729,35,Male,Tier 3,Indore,Salaried,114639,718,0,5,Graduate,DSA Agent,2023-06-01
CUST000730,45,Female,Tier 3,Bhilai,Salaried,114446,725,1,30,Graduate,Referral,2022-10-22
CUST000731,44,Male,Tier 1,Dindigul,Salaried,148924,840,2,27,Graduate,DSA Agent,2023-06-11
CUST000732,18,Female,Tier 3,North Dumdum,Student,0,453,0,0,School,Social Media,2023-08-05
CUST000733,39,Female,Tier 3,Bhopal,Self Employed,35162,697,0,39,Professional,Social Media,2023-12-03
CUST000734,26,Female,Tier 2,Jaunpur,Gig Worker,18128,590,0,1,Graduate,Organic,2022-05-16
CUST000735,22,Male,Tier 2,Malda,Gig Worker,14984,568,0,3,Postgraduate,Organic,2023-04-24
CUST000736,22,Male,Tier 1,Hindupur,Student,0,543,0,0,Postgraduate,Organic,2023-03-19
CUST000737,28,Female,Tier 2,Ozhukarai,Gig Worker,31097,502,1,2,Graduate,DSA Agent,2022-08-22
CUST000738,25,Female,Tier 1,Bidhannagar,Student,18798,543,1,0,Graduate,Social Media,2022-11-12
CUST000739,22,Male,Tier 2,Jehanabad,Gig Worker,15817,582,1,13,Postgraduate,Organic,2023-03-02
CUST000740,22,Male,Tier 3,Rajpur Sonarpur,Gig Worker,15323,543,0,11,Graduate,Social Media,2023-10-10
CUST000741,28,Male,Tier 1,Ichalkaranji,Gig Worker,33003,513,0,3,School,Referral,2022-01-01
CUST000742,26,Female,Tier 2,Pimpri-Chinchwad,Salaried,44119,818,1,3,School,Social Media,2022-08-25
CUST000743,28,Male,Tier 2,Motihari,Self Employed,24332,732,1,38,Graduate,DSA Agent,2022-08-11
CUST000744,38,Female,Tier 3,Tiruchirappalli,Gig Worker,30016,501,0,6,Graduate,DSA Agent,2022-06-13
CUST000745,31,Male,Tier 2,Rohtak,Salaried,149810,701,1,3,Graduate,Social Media,2022-11-30
CUST000746,23,Female,Tier 1,Mathura,Student,11023,555,0,0,Graduate,Organic,2023-09-03
CUST000747,27,Female,Tier 2,Hubli–Dharwad,Gig Worker,13411,522,0,5,Postgraduate,Referral,2023-03-27
CUST000748,33,Female,Tier 2,Dhule,Gig Worker,21417,554,0,16,Graduate,Social Media,2023-04-17
CUST000749,54,Male,Tier 3,Munger,Business Owner,137873,680,0,23,School,Referral,2023-05-24
CUST000750,45,Male,Tier 2,Anantapuram,Self Employed,25159,652,1,27,Postgraduate,Social Media,2022-09-08
CUST000751,43,Male,Tier 1,Jamshedpur,Salaried,147556,766,0,19,School,Social Media,2022-12-28
CUST000752,47,Female,Tier 3,Pallavaram,Business Owner,87684,665,0,11,Postgraduate,Social Media,2022-12-10
CUST000753,40,Female,Tier 1,Tirupati,Self Employed,89840,551,2,27,School,Organic,2022-12-10
CUST000754,31,Female,Tier 1,Secunderabad,Salaried,107298,781,1,4,School,Organic,2023-06-09
CUST000755,34,Male,Tier 3,Arrah,Salaried,92879,838,0,10,Postgraduate,DSA Agent,2022-06-15
CUST000756,31,Female,Tier 3,Unnao,Self Employed,69876,574,1,35,Graduate,DSA Agent,2023-02-02
CUST000757,33,Male,Tier 2,Munger,Self Employed,22475,557,0,34,Graduate,Organic,2023-01-03
CUST000758,36,Female,Tier 2,Agartala,Gig Worker,19424,630,0,19,Professional,Referral,2023-09-09
CUST000759,22,Male,Tier 3,Mysore,Student,0,446,0,0,Graduate,Organic,2023-12-01
CUST000760,45,Female,Tier 2,Arrah,Self Employed,30514,619,1,14,Graduate,Social Media,2023-09-11
CUST000761,36,Male,Tier 1,Raebareli,Salaried,122675,735,0,9,Graduate,Social Media,2023-07-26
CUST000762,42,Male,Tier 1,Tiruchirappalli,Salaried,76828,710,0,19,Postgraduate,Social Media,2022-05-12
CUST000763,30,Female,Tier 1,Anand,Salaried,86152,756,0,2,Graduate,Social Media,2023-05-27
CUST000764,32,Male,Tier 2,Madhyamgram,Self Employed,23843,673,0,1,Postgraduate,DSA Agent,2022-03-07
CUST000765,44,Female,Tier 1,Bhatpara,Salaried,73773,840,0,8,Graduate,Social Media,2022-08-09
CUST000766,34,Female,Tier 2,Hajipur,Gig Worker,28374,674,0,6,School,Social Media,2023-02-05
CUST000767,45,Female,Tier 2,Ramagundam,Self Employed,37607,656,0,28,Graduate,Organic,2023-05-31
CUST000768,19,Male,Tier 2,Junagadh,Student,0,551,0,0,School,Social Media,2023-05-07
CUST000769,45,Female,Tier 2,Morena,Salaried,56555,848,0,22,Graduate,Organic,2023-04-26
CUST000770,22,Female,Tier 2,Jalgaon,Student,4199,479,0,0,Graduate,Organic,2022-09-18
CUST000771,32,Male,Tier 1,Dewas,Salaried,145736,799,0,20,Graduate,Social Media,2022-03-14
CUST000772,20,Female,Tier 2,Nagaon,Student,14196,474,0,0,Graduate,Organic,2023-09-28
CUST000773,29,Male,Tier 1,Sagar,Salaried,122640,847,1,15,Postgraduate,Organic,2023-08-07
CUST000774,33,Male,Tier 1,Suryapet,Gig Worker,25696,669,1,17,Professional,Referral,2022-07-02
CUST000775,32,Male,Tier 2,Ranchi,Self Employed,71329,594,1,27,School,Referral,2023-06-07
CUST000776,27,Male,Tier 1,Sasaram,Salaried,56465,710,1,5,Graduate,DSA Agent,2022-08-30
CUST000777,26,Male,Tier 1,Haridwar,Salaried,90607,740,0,6,Graduate,DSA Agent,2022-06-24
CUST000778,34,Female,Tier 2,Madhyamgram,Self Employed,44491,581,0,6,Graduate,Organic,2023-09-19
CUST000779,50,Female,Tier 2,Raichur,Self Employed,37328,699,3,3,Postgraduate,Organic,2022-06-04
CUST000780,36,Male,Tier 2,Bhimavaram,Self Employed,52648,583,0,37,Postgraduate,Social Media,2022-04-25
CUST000781,30,Female,Tier 2,Ambala,Self Employed,62373,715,0,4,Postgraduate,DSA Agent,2022-01-19
CUST000782,23,Female,Tier 2,Raipur,Gig Worker,12571,587,1,12,School,Organic,2022-02-05
CUST000783,30,Female,Tier 1,Mangalore,Salaried,136766,706,0,4,Graduate,Social Media,2022-07-10
CUST000784,31,Female,Tier 2,Singrauli,Salaried,79381,784,1,16,Graduate,DSA Agent,2023-01-05
CUST000785,32,Female,Tier 1,Gwalior,Salaried,108595,825,1,19,Graduate,Social Media,2023-04-20
CUST000786,54,Male,Tier 2,Bihar Sharif,Business Owner,90780,777,0,31,Postgraduate,Social Media,2023-10-23
CUST000787,25,Male,Tier 2,Dharmavaram,Gig Worker,29713,582,0,3,School,Referral,2023-08-20
CUST000788,31,Male,Tier 3,Hospet,Gig Worker,16601,642,1,9,Graduate,Social Media,2022-02-26
CUST000789,32,Female,Tier 2,Mau,Gig Worker,32423,556,2,8,Graduate,Referral,2022-12-20
CUST000790,54,Male,Tier 3,Rajpur Sonarpur,Business Owner,125887,798,0,20,Postgraduate,Organic,2022-11-18
CUST000791,28,Female,Tier 2,Vijayawada,Salaried,138635,709,0,27,Graduate,Organic,2023-11-20
CUST000792,27,Male,Tier 3,Aligarh,Gig Worker,20899,625,1,10,Graduate,Social Media,2023-05-05
CUST000793,27,Female,Tier 2,Deoghar,Gig Worker,12252,542,1,3,School,DSA Agent,2023-03-24
CUST000794,39,Male,Tier 1,Kolkata,Self Employed,47357,677,2,1,Graduate,Social Media,2022-06-01
CUST000795,36,Male,Tier 1,Bhiwandi,Salaried,99711,813,0,22,Graduate,DSA Agent,2023-07-12
CUST000796,19,Male,Tier 3,Tirunelveli,Student,0,415,0,0,School,DSA Agent,2023-06-25
CUST000797,39,Male,Tier 3,Jaunpur,Business Owner,36420,736,0,28,Graduate,Referral,2022-10-26
CUST000798,30,Male,Tier 3,Madanapalle,Gig Worker,16302,606,1,18,Postgraduate,Social Media,2023-01-19
CUST000799,47,Female,Tier 2,Avadi,Self Employed,83887,685,0,26,School,Social Media,2022-11-07
CUST000800,38,Male,Tier 2,Tenali,Business Owner,198134,799,0,36,Postgraduate,Social Media,2022-07-09
CUST000801,41,Male,Tier 2,Chandigarh,Self Employed,31004,652,0,36,Postgraduate,Organic,2022-04-25
CUST000802,36,Female,Tier 1,Bhavnagar,Salaried,97355,802,0,27,Graduate,Social Media,2023-05-25
CUST000803,34,Male,Tier 2,Jhansi,Gig Worker,32906,670,0,16,School,Referral,2023-06-19
CUST000804,35,Female,Tier 2,Pune,Self Employed,84950,640,3,23,Graduate,Organic,2022-01-05
CUST000805,26,Other,Tier 2,Indore,Gig Worker,19139,619,0,14,School,Referral,2023-11-25
CUST000806,39,Male,Tier 3,Ongole,Self Employed,30802,711,1,31,Postgraduate,Social Media,2023-08-07
CUST000807,45,Male,Tier 1,New Delhi,Business Owner,136332,781,0,11,School,Social Media,2023-10-31
CUST000808,39,Male,Tier 3,Siwan,Business Owner,126663,754,0,22,School,Social Media,2023-08-22
CUST000809,27,Female,Tier 3,Chandigarh,Gig Worker,31779,546,0,17,Graduate,Social Media,2023-11-19
CUST000810,41,Female,Tier 1,Madhyamgram,Salaried,128563,748,1,30,Postgraduate,Social Media,2022-03-24
CUST000811,39,Female,Tier 3,Bhalswa Jahangir Pur,Business Owner,160541,785,2,7,Graduate,Referral,2023-08-28
CUST000812,20,Female,Tier 2,Lucknow,Student,0,519,0,0,Graduate,Social Media,2022-11-27
CUST000813,43,Male,Tier 2,Rourkela,Salaried,70689,779,1,18,Graduate,Referral,2022-06-19
CUST000814,33,Female,Tier 1,Raiganj,Business Owner,82576,796,1,11,Graduate,Organic,2022-05-17
CUST000815,21,Female,Tier 2,Chittoor,Student,0,530,0,0,Graduate,Referral,2023-09-17
CUST000816,25,Female,Tier 2,Hospet,Gig Worker,27002,588,0,4,Postgraduate,Social Media,2023-06-25
CUST000817,27,Female,Tier 2,Panihati,Gig Worker,27203,674,0,3,Postgraduate,Referral,2023-02-07
CUST000818,34,Female,Tier 2,Jehanabad,Gig Worker,16156,669,0,6,School,Organic,2022-12-27
CUST000819,33,Male,Tier 2,Faridabad,Salaried,48307,827,0,9,Graduate,Social Media,2022-02-09
CUST000820,36,Male,Tier 1,Bangalore,Salaried,91897,731,0,15,Graduate,DSA Agent,2023-03-09
CUST000821,19,Female,Tier 3,Bhiwani,Student,0,410,0,0,Postgraduate,Social Media,2022-07-13
CUST000822,45,Male,Tier 1,Shimla,Salaried,132334,829,1,27,Postgraduate,Social Media,2023-12-14
CUST000823,41,Female,Tier 2,Vadodara,Salaried,59441,748,0,27,School,Organic,2023-10-21
CUST000824,24,Male,Tier 2,Silchar,Gig Worker,34391,587,0,13,Graduate,Social Media,2022-04-05
CUST000825,31,Female,Tier 3,Anand,Gig Worker,14203,544,1,0,Postgraduate,Referral,2022-12-21
CUST000826,50,Female,Tier 1,Ahmednagar,Business Owner,138205,634,1,14,Postgraduate,Social Media,2022-04-14
CUST000827,34,Male,Tier 1,Dehri,Salaried,42593,844,0,19,School,Social Media,2023-09-15
CUST000828,43,Female,Tier 2,Bhusawal,Salaried,41225,824,1,15,Graduate,Referral,2022-12-27
CUST000829,34,Female,Tier 1,Begusarai,Self Employed,30648,634,0,17,Graduate,Social Media,2023-06-03
CUST000830,25,Female,Tier 3,Agartala,Gig Worker,25158,599,2,2,School,Organic,2023-02-17
CUST000831,35,Male,Tier 1,Bhalswa Jahangir Pur,Salaried,46978,766,0,2,Postgraduate,Organic,2023-03-11
CUST000832,36,Male,Tier 3,Shimla,Gig Worker,18203,569,1,4,School,Organic,2023-04-08
CUST000833,44,Male,Tier 2,Sultan Pur Majra,Salaried,57841,811,0,14,Postgraduate,Organic,2022-09-04
CUST000834,37,Male,Tier 2,Jaipur,Salaried,141590,765,0,21,School,Organic,2023-08-10
CUST000835,33,Female,Tier 3,Tumkur,Gig Worker,17496,512,1,4,Professional,Referral,2023-11-24
CUST000836,36,Other,Tier 2,Nandyal,Gig Worker,32533,531,0,12,Graduate,Organic,2022-12-10
CUST000837,53,Female,Tier 3,Bahraich,Business Owner,85242,641,0,34,Graduate,DSA Agent,2023-04-21
CUST000838,31,Female,Tier 1,Guna,Gig Worker,12916,558,0,15,Graduate,Social Media,2023-09-26
CUST000839,33,Female,Tier 3,Dharmavaram,Gig Worker,18269,542,0,12,Graduate,Social Media,2023-07-13
CUST000840,36,Male,Tier 2,Madanapalle,Self Employed,59499,556,0,20,School,Organic,2023-11-24
CUST000841,28,Female,Tier 1,Mira-Bhayandar,Salaried,43698,841,0,15,Graduate,Organic,2023-01-28
CUST000842,39,Male,Tier 1,Pali,Self Employed,22864,623,0,37,Postgraduate,DSA Agent,2022-11-28
CUST000843,39,Female,Tier 2,Karimnagar,Salaried,91461,727,1,6,Graduate,Referral,2023-10-08
CUST000844,43,Male,Tier 2,Nanded,Business Owner,92586,609,1,17,Graduate,Organic,2023-12-06
CUST000845,36,Male,Tier 1,Ichalkaranji,Salaried,73828,820,0,8,Graduate,Referral,2023-03-02
CUST000846,29,Female,Tier 2,Karawal Nagar,Gig Worker,27701,504,1,1,Postgraduate,Organic,2022-12-13
CUST000847,34,Female,Tier 1,Malegaon,Salaried,139114,734,0,13,School,Referral,2023-11-28
CUST000848,37,Female,Tier 3,Sangli-Miraj & Kupwad,Business Owner,165470,701,1,14,Postgraduate,DSA Agent,2022-05-04
CUST000849,24,Female,Tier 2,Salem,Gig Worker,12052,588,2,10,Postgraduate,Referral,2023-08-01
CUST000850,28,Male,Tier 2,Kumbakonam,Gig Worker,24470,515,0,2,Graduate,Referral,2023-11-01
CUST000851,31,Female,Tier 1,Noida,Salaried,126108,773,1,30,Professional,Social Media,2023-01-04
CUST000852,31,Male,Tier 3,Proddatur,Self Employed,69412,747,1,32,School,Organic,2022-12-16
CUST000853,26,Female,Tier 1,Surat,Salaried,62867,761,0,5,Postgraduate,Referral,2022-07-21
CUST000854,21,Female,Tier 2,Bhilwara,Student,0,481,0,0,Postgraduate,Social Media,2023-08-07
CUST000855,45,Male,Tier 1,Kozhikode,Salaried,95094,706,0,11,Postgraduate,DSA Agent,2022-07-12
CUST000856,31,Female,Tier 3,Ambala,Salaried,109505,822,0,20,Postgraduate,Social Media,2023-10-15
CUST000857,32,Female,Tier 2,Rajkot,Salaried,147627,839,1,27,Graduate,Organic,2023-05-11
CUST000858,24,Male,Tier 3,Chinsurah,Gig Worker,21788,527,0,13,Graduate,Organic,2022-08-04
CUST000859,36,Female,Tier 2,Tadipatri,Gig Worker,31435,515,0,3,Graduate,Social Media,2023-08-18
CUST000860,45,Female,Tier 1,Jamshedpur,Salaried,131144,809,0,12,School,Social Media,2023-08-28
CUST000861,32,Female,Tier 3,Morbi,Self Employed,97611,657,1,2,Graduate,DSA Agent,2023-02-09
CUST000862,23,Male,Tier 3,Mau,Gig Worker,21413,615,0,2,School,Organic,2023-01-12
CUST000863,36,Male,Tier 2,Ranchi,Gig Worker,13656,607,0,19,Postgraduate,Referral,2023-05-02
CUST000864,34,Female,Tier 2,Saharanpur,Gig Worker,12055,635,0,6,Graduate,Social Media,2022-07-05
CUST000865,31,Male,Tier 3,Dhanbad,Gig Worker,16011,665,0,5,School,Social Media,2022-08-02
CUST000866,29,Other,Tier 3,Berhampore,Gig Worker,31407,617,1,15,School,Social Media,2022-12-08
CUST000867,43,Male,Tier 2,Aligarh,Salaried,118052,708,0,18,Graduate,Social Media,2022-03-02
CUST000868,30,Female,Tier 1,Kishanganj,Salaried,42004,758,0,23,School,Organic,2023-07-09
CUST000869,21,Female,Tier 2,Guna,Student,0,439,0,0,Graduate,Organic,2022-08-10
CUST000870,30,Male,Tier 2,Rourkela,Business Owner,96931,612,0,17,School,Organic,2022-07-02
CUST000871,37,Male,Tier 2,Tiruppur,Gig Worker,34054,583,0,0,Postgraduate,Referral,2022-07-31
CUST000872,45,Female,Tier 2,Sangli-Miraj & Kupwad,Salaried,67565,834,1,13,Graduate,Referral,2022-09-18
CUST000873,36,Female,Tier 2,Mango,Self Employed,92755,649,0,4,Postgraduate,Referral,2022-09-06
CUST000874,37,Male,Tier 2,Navi Mumbai,Gig Worker,28365,566,2,2,Graduate,DSA Agent,2023-11-25
CUST000875,32,Female,Tier 1,Bharatpur,Salaried,57845,708,0,22,Postgraduate,Social Media,2023-02-24
CUST000876,44,Male,Tier 2,Durgapur,Salaried,41551,711,0,6,Graduate,Referral,2022-03-04
CUST000877,34,Male,Tier 3,Panihati,Self Employed,45309,570,0,3,Graduate,Referral,2022-04-18
CUST000878,41,Female,Tier 2,Vijayanagaram,Self Employed,87355,682,1,7,Postgraduate,DSA Agent,2022-04-28
CUST000879,28,Male,Tier 2,Sambalpur,Salaried,112404,847,0,6,Graduate,Referral,2022-06-29
CUST000880,44,Female,Tier 2,Mau,Salaried,133348,757,0,17,School,Organic,2022-10-25
CUST000881,33,Male,Tier 1,Dibrugarh,Salaried,60702,796,0,30,Graduate,Referral,2023-06-24
CUST000882,47,Male,Tier 1,Guwahati,Self Employed,46999,636,0,21,Postgraduate,Social Media,2022-04-29
CUST000883,29,Male,Tier 1,Serampore,Salaried,98622,833,0,17,Postgraduate,Organic,2023-07-03
CUST000884,30,Female,Tier 1,Karimnagar,Salaried,49537,731,0,26,Graduate,Organic,2022-06-16
CUST000885,49,Female,Tier 2,Saharanpur,Self Employed,75167,623,0,15,Professional,Referral,2022-02-19
CUST000886,43,Female,Tier 1,Ambattur,Salaried,98317,791,0,30,Graduate,Social Media,2022-11-19
CUST000887,44,Male,Tier 2,Haldia,Self Employed,44780,551,0,25,School,Social Media,2022-11-13
CUST000888,36,Male,Tier 1,Alappuzha,Salaried,122282,814,0,12,Graduate,Organic,2022-09-15
CUST000889,29,Female,Tier 2,Hazaribagh,Salaried,80361,775,0,7,Graduate,Organic,2023-02-26
CUST000890,29,Male,Tier 2,Ludhiana,Salaried,114490,827,0,21,Graduate,DSA Agent,2022-12-28
CUST000891,28,Female,Tier 2,Ulhasnagar,Self Employed,31424,612,0,4,Graduate,Social Media,2022-11-19
CUST000892,23,Male,Tier 2,Hazaribagh,Student,0,487,0,0,Postgraduate,Social Media,2022-02-18
CUST000893,22,Female,Tier 3,Guwahati,Student,13606,556,0,0,Graduate,Organic,2022-06-10
CUST000894,23,Male,Tier 2,Satna,Gig Worker,20735,652,0,15,Postgraduate,Organic,2023-10-09
CUST000895,42,Female,Tier 2,Dehradun,Self Employed,80719,567,0,23,Graduate,Organic,2022-11-23
CUST000896,42,Male,Tier 1,Ghaziabad,Salaried,98242,802,0,20,School,Organic,2022-10-30
CUST000897,30,Male,Tier 1,Vadodara,Salaried,140578,813,0,25,School,Social Media,2023-12-04
CUST000898,24,Male,Tier 1,Ramgarh,Student,0,568,0,0,Professional,Organic,2023-08-21
CUST000899,33,Male,Tier 2,Saharsa,Salaried,133110,708,0,13,Postgraduate,Referral,2023-03-30
CUST000900,35,Male,Tier 2,Gurgaon,Salaried,133240,762,0,18,Graduate,Social Media,2023-06-25
CUST000901,38,Female,Tier 1,Begusarai,Salaried,122734,719,0,23,Graduate,Referral,2022-01-16
CUST000902,26,Female,Tier 1,Satara,Salaried,102058,792,0,29,School,Social Media,2023-10-28
CUST000903,38,Female,Tier 2,Bangalore,Salaried,42266,810,0,25,Graduate,Organic,2023-11-16
CUST000904,30,Female,Tier 3,Dehri,Gig Worker,13318,531,1,16,Professional,Social Media,2023-08-18
CUST000905,29,Female,Tier 1,Sambhal,Gig Worker,18720,549,1,18,Postgraduate,Organic,2023-03-24
CUST000906,24,Male,Tier 1,Tiruppur,Student,0,565,2,0,Graduate,Organic,2022-10-23
CUST000907,20,Male,Tier 3,Hapur,Student,0,533,0,0,Postgraduate,Referral,2023-01-06
CUST000908,43,Male,Tier 2,Davanagere,Salaried,116152,784,0,14,Graduate,DSA Agent,2022-01-05
CUST000909,34,Female,Tier 1,Guwahati,Salaried,90499,821,0,12,Postgraduate,Organic,2022-10-01
CUST000910,32,Male,Tier 2,Siwan,Gig Worker,28348,678,0,15,Postgraduate,Referral,2022-08-20
CUST000911,22,Male,Tier 3,Pali,Gig Worker,16082,543,1,10,Graduate,Social Media,2023-08-09
CUST000912,29,Female,Tier 2,Saharsa,Salaried,125937,785,0,5,Graduate,Social Media,2022-10-30
CUST000913,42,Male,Tier 2,Kakinada,Self Employed,98374,636,2,27,Graduate,DSA Agent,2023-10-25
CUST000914,32,Female,Tier 2,Sasaram,Gig Worker,27505,566,1,4,Postgraduate,Social Media,2023-11-24
CUST000915,36,Female,Tier 2,Saharsa,Gig Worker,22999,515,2,10,School,Referral,2023-10-12
CUST000916,30,Male,Tier 3,Kozhikode,Gig Worker,22375,671,1,5,Graduate,Referral,2022-11-22
CUST000917,28,Male,Tier 2,Bhopal,Salaried,83329,779,1,13,School,Social Media,2023-02-23
CUST000918,45,Female,Tier 3,New Delhi,Business Owner,81879,761,1,14,Postgraduate,Referral,2023-08-04
CUST000919,28,Female,Tier 3,Bhusawal,Self Employed,29987,690,1,36,Postgraduate,Referral,2023-07-25
CUST000920,31,Male,Tier 1,Allahabad,Salaried,114382,789,0,21,Graduate,Social Media,2023-03-01
CUST000921,26,Female,Tier 2,Rampur,Student,0,559,0,0,Graduate,Organic,2023-09-14
CUST000922,30,Female,Tier 3,Amravati,Gig Worker,21700,553,1,7,School,Organic,2023-04-14
CUST000923,24,Male,Tier 3,Amravati,Student,14654,486,0,0,School,Social Media,2023-11-29
CUST000924,42,Male,Tier 2,Bihar Sharif,Self Employed,36964,618,1,31,Graduate,Social Media,2022-06-21
CUST000925,22,Female,Tier 3,Malda,Gig Worker,19452,621,2,6,Graduate,Organic,2023-01-15
CUST000926,37,Male,Tier 2,Noida,Salaried,42139,709,1,16,Professional,Organic,2022-06-20
CUST000927,34,Female,Tier 1,Etawah,Salaried,148385,739,0,14,Postgraduate,Organic,2022-07-31
CUST000928,28,Male,Tier 2,Anantapuram,Gig Worker,27760,548,0,4,Graduate,Organic,2022-12-05
CUST000929,29,Female,Tier 1,Burhanpur,Self Employed,71826,570,0,2,School,Social Media,2023-01-13
CUST000930,34,Female,Tier 2,Vasai-Virar,Salaried,62360,837,0,24,Graduate,Organic,2022-01-23
CUST000931,28,Female,Tier 2,Hazaribagh,Salaried,74243,733,1,30,School,Organic,2022-10-30
CUST000932,24,Male,Tier 2,Karimnagar,Student,0,584,0,0,Graduate,Organic,2022-09-19
CUST000933,55,Male,Tier 1,Navi Mumbai,Business Owner,37369,661,0,14,Postgraduate,DSA Agent,2023-06-04
CUST000934,33,Female,Tier 3,Khandwa,Gig Worker,31576,552,2,12,Graduate,Organic,2023-06-12
CUST000935,40,Male,Tier 1,Jodhpur,Salaried,133164,774,0,27,Graduate,Social Media,2023-09-12
CUST000936,39,Male,Tier 2,Ghaziabad,Salaried,138427,821,0,7,Postgraduate,Referral,2022-11-11
CUST000937,45,Female,Tier 2,Bikaner,Salaried,88507,849,0,25,Graduate,Organic,2023-07-17
CUST000938,46,Male,Tier 2,Kakinada,Business Owner,153995,683,1,16,School,DSA Agent,2022-05-09
CUST000939,35,Male,Tier 3,Solapur,Salaried,72790,769,0,13,School,Organic,2023-10-15
CUST000940,31,Male,Tier 3,Hajipur,Gig Worker,27020,506,0,12,Postgraduate,DSA Agent,2022-12-30
CUST000941,43,Female,Tier 1,Giridih,Salaried,74353,747,0,28,Graduate,Social Media,2023-12-16
CUST000942,37,Female,Tier 2,Bilaspur,Gig Worker,30872,581,1,3,Professional,Social Media,2022-04-10
CUST000943,31,Male,Tier 2,Bhusawal,Self Employed,68281,645,0,23,Professional,Social Media,2023-04-29
CUST000944,19,Male,Tier 2,Unnao,Student,3797,487,0,0,Postgraduate,DSA Agent,2023-02-19
CUST000945,45,Male,Tier 1,Ujjain,Salaried,147579,829,0,30,Graduate,Social Media,2022-01-21
CUST000946,27,Female,Tier 3,Dibrugarh,Salaried,140254,779,0,21,Graduate,DSA Agent,2023-12-06
CUST000947,39,Male,Tier 2,Shivpuri,Salaried,44153,749,1,3,Postgraduate,Organic,2022-11-03
CUST000948,39,Female,Tier 3,Bikaner,Business Owner,191528,737,1,3,Graduate,DSA Agent,2023-04-05
CUST000949,20,Male,Tier 1,Rajpur Sonarpur,Student,0,487,0,0,Graduate,Organic,2023-03-15
CUST000950,27,Other,Tier 3,Bhalswa Jahangir Pur,Gig Worker,19101,509,0,15,Graduate,Social Media,2023-05-30
CUST000951,44,Male,Tier 2,Sangli-Miraj & Kupwad,Self Employed,39387,648,0,24,Graduate,Organic,2022-01-22
CUST000952,43,Female,Tier 1,Kochi,Self Employed,48276,652,1,35,Postgraduate,DSA Agent,2022-03-07
CUST000953,40,Male,Tier 3,Bhubaneswar,Salaried,145778,778,0,26,Postgraduate,Social Media,2023-05-15
CUST000954,35,Male,Tier 2,Uluberia,Business Owner,171314,756,0,5,Postgraduate,Organic,2022-11-29
CUST000955,32,Female,Tier 1,Thane,Gig Worker,29988,520,0,7,School,Social Media,2022-04-16
CUST000956,36,Female,Tier 3,Kochi,Gig Worker,29025,634,1,10,Postgraduate,Social Media,2023-11-05
CUST000957,37,Male,Tier 3,Farrukhabad,Gig Worker,33302,500,1,15,Graduate,Organic,2022-12-25
CUST000958,38,Female,Tier 1,Avadi,Salaried,91541,776,0,26,Graduate,Social Media,2022-05-22
CUST000959,29,Female,Tier 1,Shivpuri,Salaried,129552,836,0,5,Postgraduate,Organic,2022-02-09
CUST000960,45,Female,Tier 1,Asansol,Self Employed,74891,662,1,11,School,DSA Agent,2022-07-22
CUST000961,41,Male,Tier 1,Giridih,Salaried,127777,805,0,21,Postgraduate,Referral,2022-10-22
CUST000962,48,Female,Tier 2,Nashik,Self Employed,54820,676,3,17,Graduate,Organic,2022-09-12
CUST000963,42,Female,Tier 2,Anantapuram,Salaried,80540,764,0,4,Graduate,DSA Agent,2022-06-14
CUST000964,35,Male,Tier 3,South Dumdum,Gig Worker,24631,620,2,4,Graduate,Referral,2022-12-20
CUST000965,43,Female,Tier 2,Delhi,Salaried,134552,840,2,27,Postgraduate,Social Media,2022-09-11
CUST000966,29,Male,Tier 2,Motihari,Gig Worker,12980,671,0,4,Graduate,Social Media,2022-09-20
CUST000967,43,Male,Tier 2,Jabalpur,Self Employed,39938,615,2,13,Graduate,DSA Agent,2023-08-15
CUST000968,25,Female,Tier 2,Erode,Salaried,62084,776,1,28,Graduate,Social Media,2023-11-15
CUST000969,29,Female,Tier 3,Chapra,Gig Worker,34258,653,0,14,Graduate,Social Media,2022-10-22
CUST000970,23,Male,Tier 2,Buxar,Gig Worker,33893,567,1,3,Postgraduate,Referral,2022-08-05
CUST000971,35,Male,Tier 3,Naihati,Self Employed,65275,589,1,3,Postgraduate,Referral,2023-08-08
CUST000972,36,Female,Tier 1,Fatehpur,Business Owner,30750,659,0,16,Postgraduate,Social Media,2023-10-09
CUST000973,33,Male,Tier 1,Durgapur,Self Employed,71238,748,1,6,Graduate,DSA Agent,2022-11-24
CUST000974,33,Female,Tier 1,Hospet,Salaried,102423,751,0,30,School,Organic,2022-07-15
CUST000975,45,Female,Tier 1,Jalgaon,Salaried,55386,850,0,13,Postgraduate,Social Media,2023-10-11
CUST000976,38,Male,Tier 2,Hubli–Dharwad,Salaried,98322,721,0,10,Graduate,Organic,2022-03-05
CUST000977,27,Female,Tier 3,Munger,Gig Worker,29004,637,1,14,Postgraduate,Social Media,2023-01-01
CUST000978,44,Female,Tier 2,Tenali,Salaried,137145,745,0,8,Graduate,DSA Agent,2022-01-16
CUST000979,34,Male,Tier 3,Panvel,Gig Worker,28270,557,0,8,Postgraduate,Referral,2023-08-05
CUST000980,34,Female,Tier 1,Mango,Gig Worker,28237,536,1,4,School,Social Media,2023-02-23
CUST000981,45,Female,Tier 2,Hubli–Dharwad,Salaried,99070,764,0,2,Postgraduate,DSA Agent,2022-02-10
CUST000982,49,Female,Tier 1,Nagpur,Self Employed,65427,630,1,17,Postgraduate,Organic,2022-09-29
CUST000983,44,Female,Tier 1,Kishanganj,Salaried,82229,807,0,9,Graduate,Organic,2022-06-24
CUST000984,45,Male,Tier 1,Karaikudi,Salaried,141365,739,0,7,Graduate,Referral,2023-05-20
CUST000985,47,Male,Tier 2,Nellore,Self Employed,65621,721,0,32,School,Social Media,2022-02-23
CUST000986,33,Male,Tier 2,Jehanabad,Gig Worker,13724,665,0,10,Graduate,Organic,2023-08-30
CUST000987,29,Male,Tier 3,Fatehpur,Self Employed,32260,662,0,37,Graduate,Social Media,2023-05-22
CUST000988,23,Male,Tier 3,Jamshedpur,Gig Worker,18158,587,0,2,School,Organic,2022-02-01
CUST000989,35,Female,Tier 1,Surat,Salaried,40216,804,0,27,Graduate,Social Media,2023-08-09
CUST000990,20,Female,Tier 3,Tiruppur,Student,0,431,0,0,Graduate,Social Media,2022-01-25
CUST000991,46,Female,Tier 2,Adoni,Self Employed,48742,666,0,36,Graduate,Organic,2022-07-12
CUST000992,40,Female,Tier 2,Guwahati,Self Employed,42168,588,1,4,Graduate,DSA Agent,2022-06-04
CUST000993,26,Female,Tier 2,Rewa,Salaried,121475,756,0,13,School,Referral,2023-10-14
CUST000994,33,Female,Tier 2,Pallavaram,Gig Worker,15910,652,1,16,School,Social Media,2022-01-16
CUST000995,38,Female,Tier 3,Mau,Gig Worker,27760,596,0,1,Postgraduate,Social Media,2023-04-28
CUST000996,44,Male,Tier 1,Bokaro,Salaried,51916,751,0,20,Graduate,Organic,2022-04-29
CUST000997,47,Female,Tier 3,Nagpur,Business Owner,101805,681,0,28,Postgraduate,Referral,2022-07-05
CUST000998,29,Female,Tier 3,Eluru,Salaried,134079,717,0,13,School,Organic,2022-04-09
CUST000999,31,Male,Tier 1,Mysore,Business Owner,156677,765,0,31,Graduate,Social Media,2023-01-03
CUST001000,27,Female,Tier 2,Navi Mumbai,Gig Worker,33690,597,0,18,Postgraduate,Social Media,2023-06-04
CUST001001,39,Female,Tier 2,Baranagar,Salaried,91533,747,1,15,Postgraduate,DSA Agent,2022-03-30
CUST001002,28,Male,Tier 3,South Dumdum,Gig Worker,17193,554,2,1,Postgraduate,DSA Agent,2023-03-15
CUST001003,23,Female,Tier 2,Hubli–Dharwad,Student,0,593,1,0,Graduate,Referral,2022-06-19
CUST001004,49,Male,Tier 1,Aizawl,Self Employed,30931,634,0,34,Postgraduate,Referral,2022-12-28
CUST001005,21,Male,Tier 2,Gulbarga,Student,0,509,0,0,Graduate,Social Media,2023-06-28
CUST001006,49,Female,Tier 2,Srikakulam,Self Employed,95813,686,1,31,School,Referral,2022-07-19
CUST001007,48,Female,Tier 2,Bokaro,Self Employed,31734,692,0,1,School,DSA Agent,2023-08-19
CUST001008,21,Female,Tier 1,Howrah,Student,0,550,0,0,School,Social Media,2022-10-14
CUST001009,36,Female,Tier 1,Pali,Salaried,87780,834,0,30,School,DSA Agent,2022-05-11
CUST001010,27,Male,Tier 2,Imphal,Gig Worker,25011,523,2,15,Graduate,DSA Agent,2023-04-16
CUST001011,38,Female,Tier 1,Haridwar,Salaried,69563,768,0,27,Professional,Organic,2023-04-17
CUST001012,50,Female,Tier 1,Rampur,Business Owner,169058,663,2,8,Postgraduate,DSA Agent,2023-08-04
CUST001013,38,Other,Tier 2,Jamshedpur,Business Owner,174860,690,1,39,Postgraduate,Organic,2023-07-12
CUST001014,35,Male,Tier 3,Panihati,Salaried,105747,778,0,13,Postgraduate,DSA Agent,2022-03-30
CUST001015,33,Female,Tier 2,Kavali,Self Employed,46036,692,1,29,Postgraduate,DSA Agent,2023-08-28
CUST001016,34,Female,Tier 3,Kumbakonam,Business Owner,195391,653,2,34,Graduate,DSA Agent,2023-09-29
CUST001017,45,Female,Tier 1,Raipur,Salaried,45721,736,0,18,School,Social Media,2022-05-08
CUST001018,25,Female,Tier 2,Ghaziabad,Gig Worker,20175,603,0,18,Postgraduate,Organic,2022-08-30
CUST001019,37,Male,Tier 3,Madhyamgram,Business Owner,182968,765,1,19,Graduate,Organic,2022-03-25
CUST001020,33,Female,Tier 1,Amritsar,Salaried,43856,817,1,16,Postgraduate,Social Media,2023-03-26
CUST001021,33,Female,Tier 2,Bhopal,Self Employed,38782,742,0,28,Postgraduate,Organic,2022-01-20
CUST001022,44,Male,Tier 3,Muzaffarpur,Salaried,70825,802,1,4,Professional,DSA Agent,2023-12-23
CUST001023,53,Female,Tier 3,Agartala,Business Owner,153778,700,1,22,Postgraduate,Organic,2022-08-31
CUST001024,34,Female,Tier 2,Shahjahanpur,Business Owner,181719,661,2,25,Graduate,Referral,2023-03-24
CUST001025,53,Male,Tier 2,Avadi,Business Owner,152978,667,3,10,Postgraduate,Social Media,2023-06-11
CUST001026,30,Female,Tier 3,Amroha,Gig Worker,22635,619,0,18,Graduate,Organic,2023-12-07
CUST001027,18,Male,Tier 3,Orai,Student,0,517,0,0,School,Organic,2022-10-19
CUST001028,23,Male,Tier 2,Ajmer,Student,17209,452,0,0,Graduate,DSA Agent,2022-11-05
CUST001029,32,Female,Tier 2,Panvel,Salaried,59701,725,0,13,Graduate,Referral,2023-07-10
CUST001030,25,Male,Tier 1,Sambalpur,Student,0,589,0,0,Postgraduate,Social Media,2022-06-04
CUST001031,36,Male,Tier 2,Miryalaguda,Salaried,61102,781,0,27,School,Organic,2022-03-01
CUST001032,26,Male,Tier 3,Kalyan-Dombivli,Gig Worker,14984,504,0,11,School,Organic,2023-04-05
CUST001033,27,Male,Tier 1,Madhyamgram,Salaried,130084,711,0,25,Postgraduate,Referral,2023-06-21
CUST001034,45,Female,Tier 2,Rourkela,Salaried,128394,723,0,19,Graduate,Referral,2023-10-08
CUST001035,39,Female,Tier 1,Allahabad,Salaried,77310,762,0,10,Graduate,DSA Agent,2023-05-03
CUST001036,40,Female,Tier 2,Darbhanga,Self Employed,65053,638,0,17,School,Organic,2022-07-08
CUST001037,32,Female,Tier 1,Nadiad,Salaried,79873,810,0,8,Postgraduate,Social Media,2022-03-21
CUST001038,28,Male,Tier 1,Rajpur Sonarpur,Self Employed,49319,576,1,37,Postgraduate,Social Media,2023-06-26
CUST001039,31,Female,Tier 1,Ranchi,Salaried,148005,730,0,5,School,Organic,2023-08-24
CUST001040,41,Female,Tier 1,Deoghar,Salaried,52178,800,0,10,Graduate,Social Media,2022-08-23
CUST001041,31,Female,Tier 1,Dewas,Gig Worker,13778,608,0,12,Professional,Social Media,2023-10-23
CUST001042,49,Female,Tier 3,Tenali,Self Employed,87037,607,0,23,Postgraduate,Social Media,2023-06-16
CUST001043,36,Female,Tier 3,Kolhapur,Salaried,145932,795,0,13,School,Organic,2023-04-12
CUST001044,48,Female,Tier 2,Bhiwani,Self Employed,89871,706,1,10,Graduate,Social Media,2023-09-18
CUST001045,25,Male,Tier 3,Phagwara,Student,0,559,0,0,Graduate,Social Media,2022-04-05
CUST001046,36,Female,Tier 3,Tiruvottiyur,Self Employed,64956,665,0,20,Graduate,Social Media,2023-09-11
CUST001047,44,Male,Tier 2,Bidhannagar,Salaried,81003,837,0,19,Graduate,Social Media,2023-03-16
CUST001048,42,Male,Tier 2,Sambalpur,Salaried,119570,789,0,24,Postgraduate,Referral,2023-08-31
CUST001049,25,Male,Tier 3,Mau,Student,0,524,0,0,Graduate,Organic,2022-02-01
CUST001050,42,Male,Tier 3,Jaunpur,Salaried,46870,814,1,22,School,DSA Agent,2022-09-27
CUST001051,22,Male,Tier 2,Pune,Student,0,507,1,0,Graduate,DSA Agent,2023-02-18
CUST001052,36,Male,Tier 3,Delhi,Gig Worker,12635,641,0,12,Graduate,Organic,2022-11-29
CUST001053,44,Female,Tier 2,Kolkata,Business Owner,92649,638,0,16,Graduate,Referral,2023-05-29
CUST001054,49,Female,Tier 2,Malegaon,Self Employed,97737,692,1,3,School,Organic,2022-10-15
CUST001055,37,Other,Tier 3,Miryalaguda,Business Owner,36132,758,1,15,Graduate,Social Media,2022-02-23
CUST001056,29,Male,Tier 2,Singrauli,Gig Worker,19906,627,0,8,Graduate,Organic,2023-01-28
CUST001057,39,Female,Tier 2,Solapur,Self Employed,89074,637,1,11,School,Organic,2023-05-18
CUST001058,25,Female,Tier 3,Raiganj,Gig Worker,20065,549,1,2,School,Social Media,2022-09-23
CUST001059,26,Male,Tier 2,Nagercoil,Gig Worker,21163,513,2,12,Professional,Social Media,2022-01-10
CUST001060,39,Female,Tier 1,Ghaziabad,Self Employed,79959,722,1,39,Graduate,Social Media,2023-10-22
CUST001061,23,Female,Tier 3,Munger,Student,0,435,1,0,Graduate,Referral,2022-11-23
CUST001062,34,Male,Tier 3,Bangalore,Business Owner,144090,756,1,20,Graduate,DSA Agent,2023-10-01
CUST001063,31,Female,Tier 2,Surendranagar Dudhrej,Self Employed,63364,568,3,32,Professional,Organic,2023-01-16
CUST001064,28,Female,Tier 2,Nellore,Gig Worker,25649,549,3,8,Postgraduate,Referral,2022-03-23
CUST001065,27,Male,Tier 2,Bangalore,Gig Worker,16974,505,0,5,Postgraduate,Social Media,2022-12-03
CUST001066,46,Male,Tier 2,Jaipur,Self Employed,24667,718,1,11,Graduate,Social Media,2022-10-09
CUST001067,39,Male,Tier 1,Secunderabad,Salaried,68784,707,0,11,Graduate,Referral,2023-05-09
CUST001068,27,Male,Tier 1,Mysore,Salaried,97199,798,0,25,Postgraduate,DSA Agent,2023-11-24
CUST001069,34,Female,Tier 2,Korba,Gig Worker,26956,506,0,4,Postgraduate,Social Media,2023-10-06
CUST001070,43,Female,Tier 2,Kumbakonam,Salaried,92907,830,0,30,Postgraduate,Referral,2022-12-24
CUST001071,39,Male,Tier 2,Vadodara,Salaried,105220,750,0,29,Graduate,Organic,2023-07-04
CUST001072,40,Female,Tier 1,Kumbakonam,Salaried,113747,729,0,25,Graduate,Referral,2022-04-29
CUST001073,41,Male,Tier 1,Chennai,Salaried,75925,848,0,18,Graduate,DSA Agent,2022-12-05
CUST001074,25,Male,Tier 1,Tenali,Salaried,145481,734,1,26,Graduate,DSA Agent,2022-05-17
CUST001075,34,Male,Tier 3,Alwar,Business Owner,103423,768,0,31,School,Social Media,2023-07-24
CUST001076,31,Female,Tier 3,Tirunelveli,Gig Worker,26936,601,0,9,School,DSA Agent,2023-02-10
CUST001077,36,Male,Tier 3,Buxar,Gig Worker,17865,573,0,12,Postgraduate,Social Media,2023-05-21
CUST001078,43,Male,Tier 3,Amritsar,Self Employed,66010,671,1,37,Graduate,Organic,2022-07-29
CUST001079,35,Male,Tier 1,Amritsar,Salaried,149067,780,0,16,Postgraduate,DSA Agent,2023-04-24
CUST001080,49,Female,Tier 3,Rampur,Business Owner,146199,722,0,25,Graduate,Social Media,2023-09-20
CUST001081,39,Other,Tier 2,Nagaon,Self Employed,42303,612,1,18,Graduate,Organic,2023-12-16
CUST001082,30,Male,Tier 1,Nellore,Salaried,110033,745,0,15,Graduate,Social Media,2023-02-23
CUST001083,24,Male,Tier 2,Katihar,Gig Worker,14692,530,0,16,Postgraduate,Referral,2023-08-25
CUST001084,22,Female,Tier 1,Karaikudi,Student,10546,412,0,0,Graduate,Organic,2023-01-11
CUST001085,46,Female,Tier 2,Delhi,Business Owner,99788,755,1,39,School,Referral,2022-12-28
CUST001086,35,Male,Tier 2,Faridabad,Gig Worker,13275,510,0,18,Professional,DSA Agent,2022-12-05
CUST001087,28,Female,Tier 3,Bhiwani,Self Employed,37000,562,0,24,Professional,Organic,2023-10-04
CUST001088,33,Female,Tier 1,Panipat,Salaried,58095,762,1,17,Graduate,Social Media,2023-07-22
CUST001089,38,Male,Tier 2,Kadapa,Business Owner,71357,614,0,10,Graduate,Social Media,2023-04-06
CUST001090,44,Female,Tier 1,Shimla,Salaried,57145,849,1,13,Graduate,Social Media,2022-07-28
CUST001091,31,Female,Tier 3,Hazaribagh,Business Owner,178902,762,0,2,Professional,Referral,2022-09-08
CUST001092,50,Female,Tier 2,Rajahmundry,Self Employed,59415,722,1,22,Graduate,Referral,2023-10-24
CUST001093,48,Male,Tier 2,Alwar,Self Employed,64217,649,2,32,Postgraduate,Organic,2022-07-10
CUST001094,24,Male,Tier 3,Katihar,Gig Worker,17439,630,1,10,Graduate,Organic,2023-10-08
CUST001095,40,Male,Tier 1,Satna,Salaried,76615,718,0,4,Postgraduate,Social Media,2023-12-27
CUST001096,30,Male,Tier 1,Katni,Salaried,89373,823,0,16,Postgraduate,Social Media,2022-03-09
CUST001097,36,Female,Tier 3,Thanjavur,Salaried,64514,843,0,8,Graduate,Organic,2022-08-05
CUST001098,43,Female,Tier 3,Aurangabad,Salaried,149285,822,0,3,Graduate,Referral,2023-11-16
CUST001099,31,Female,Tier 3,Kamarhati,Self Employed,99152,621,1,21,Postgraduate,Social Media,2022-12-17
CUST001100,32,Other,Tier 2,Aurangabad,Gig Worker,31775,522,0,7,Postgraduate,Organic,2022-07-09
CUST001101,37,Male,Tier 2,Thiruvananthapuram,Salaried,126581,791,0,15,School,Social Media,2023-08-06
CUST001102,30,Female,Tier 1,Ozhukarai,Business Owner,130018,603,1,35,Graduate,Social Media,2022-12-27
CUST001103,21,Female,Tier 1,Rajkot,Student,12782,475,0,0,Professional,Organic,2023-03-19
CUST001104,51,Male,Tier 1,Bhopal,Business Owner,101678,753,0,19,Graduate,Organic,2023-04-20
CUST001105,50,Female,Tier 3,Bhiwani,Business Owner,68710,739,0,38,School,Social Media,2023-06-03
CUST001106,37,Male,Tier 3,Guntakal,Salaried,136270,826,0,22,Postgraduate,Social Media,2022-10-22
CUST001107,31,Female,Tier 2,Chandrapur,Gig Worker,28563,576,1,12,Graduate,Social Media,2022-09-19
CUST001108,36,Female,Tier 2,Moradabad,Self Employed,24464,696,1,14,Postgraduate,DSA Agent,2022-01-23
CUST001109,34,Male,Tier 2,Mathura,Self Employed,40310,654,1,2,Postgraduate,Referral,2023-01-19
CUST001110,28,Female,Tier 3,Meerut,Salaried,48253,796,2,26,Postgraduate,DSA Agent,2023-10-23
CUST001111,21,Female,Tier 2,Saharsa,Student,0,506,0,0,Graduate,Social Media,2022-09-10
CUST001112,33,Male,Tier 1,Srinagar,Salaried,120002,721,0,20,Graduate,Organic,2022-05-22
CUST001113,38,Male,Tier 1,Bareilly,Salaried,54260,792,0,25,Postgraduate,Organic,2023-01-14
CUST001114,38,Male,Tier 2,Adoni,Gig Worker,23364,539,0,17,Postgraduate,Referral,2022-06-14
CUST001115,34,Female,Tier 2,Guwahati,Gig Worker,18230,510,0,7,School,Social Media,2022-10-03
CUST001116,23,Female,Tier 2,Visakhapatnam,Gig Worker,22392,666,0,1,Graduate,Social Media,2023-09-12
CUST001117,38,Female,Tier 3,Satara,Salaried,80509,804,0,23,Graduate,Referral,2022-07-20
CUST001118,21,Female,Tier 1,Warangal,Student,10302,526,0,0,Graduate,Social Media,2022-09-22
CUST001119,41,Female,Tier 2,Mango,Salaried,131659,802,0,25,Graduate,DSA Agent,2022-08-06
CUST001120,29,Male,Tier 1,Barasat,Salaried,91610,703,1,20,School,Social Media,2023-11-15
CUST001121,21,Female,Tier 3,Amritsar,Student,11651,543,1,0,Postgraduate,Organic,2023-04-09
CUST001122,40,Male,Tier 2,Pimpri-Chinchwad,Business Owner,30726,680,1,20,Postgraduate,DSA Agent,2023-06-29
CUST001123,23,Male,Tier 3,Durg,Student,9758,461,0,0,Graduate,Social Media,2023-11-15
CUST001124,23,Female,Tier 2,Rewa,Student,0,485,0,0,Professional,Social Media,2022-08-03
CUST001125,37,Male,Tier 2,Tadipatri,Self Employed,25543,568,0,4,Graduate,DSA Agent,2023-03-08
CUST001126,34,Female,Tier 3,Muzaffarpur,Gig Worker,33784,562,0,5,School,DSA Agent,2022-01-08
CUST001127,43,Female,Tier 2,Malda,Salaried,108861,814,1,22,Graduate,Organic,2023-02-06
CUST001128,26,Male,Tier 2,Madhyamgram,Gig Worker,15357,631,0,15,Graduate,Referral,2022-05-29
CUST001129,37,Male,Tier 3,Udupi,Gig Worker,19084,640,2,14,Professional,Social Media,2022-03-08
CUST001130,26,Female,Tier 1,Sonipat,Salaried,42949,819,0,9,School,Referral,2022-07-07
CUST001131,40,Female,Tier 2,Malda,Self Employed,91126,619,0,22,Graduate,Organic,2023-07-14
CUST001132,31,Male,Tier 2,Dharmavaram,Gig Worker,15764,569,1,9,Graduate,Referral,2022-11-12
CUST001133,37,Male,Tier 1,Moradabad,Salaried,118181,835,0,24,Graduate,Organic,2023-01-15
CUST001134,35,Female,Tier 1,Ahmedabad,Salaried,46207,796,1,26,School,Organic,2023-03-08
CUST001135,35,Female,Tier 3,Guntakal,Self Employed,37647,621,0,30,Graduate,Organic,2023-08-12
CUST001136,26,Male,Tier 1,Chapra,Salaried,129029,755,2,2,Postgraduate,Organic,2022-07-06
CUST001137,22,Male,Tier 3,Danapur,Student,0,406,0,0,Graduate,DSA Agent,2023-06-21
CUST001138,33,Female,Tier 2,Raichur,Gig Worker,14603,676,2,14,Postgraduate,Organic,2023-01-05
CUST001139,34,Female,Tier 2,Ongole,Gig Worker,34858,583,2,12,Graduate,Social Media,2023-05-17
CUST001140,37,Other,Tier 3,Gaya,Gig Worker,24842,678,1,5,Postgraduate,Social Media,2023-07-07
CUST001141,26,Female,Tier 1,Durgapur,Student,0,519,0,0,Graduate,Organic,2023-01-17
CUST001142,25,Female,Tier 1,Allahabad,Salaried,107463,761,1,18,Graduate,DSA Agent,2022-12-15
CUST001143,47,Male,Tier 2,Bijapur,Self Employed,48984,698,1,23,Graduate,Social Media,2023-09-08
CUST001144,22,Female,Tier 2,Anand,Gig Worker,17971,518,0,0,Graduate,Referral,2022-01-14
CUST001145,45,Male,Tier 2,Bijapur,Salaried,47272,703,1,27,Graduate,Social Media,2022-03-14
CUST001146,25,Female,Tier 2,Siliguri,Student,0,543,2,0,Postgraduate,Organic,2022-08-17
CUST001147,37,Male,Tier 1,Tirupati,Self Employed,53173,610,0,20,School,Social Media,2022-06-22
CUST001148,37,Male,Tier 3,Jalna,Self Employed,96539,588,0,3,Graduate,Organic,2022-11-11
CUST001149,23,Female,Tier 3,Bangalore,Student,12247,535,0,0,Graduate,Referral,2023-06-22
CUST001150,26,Female,Tier 3,Howrah,Student,0,498,0,0,Graduate,Organic,2022-07-08
CUST001151,35,Male,Tier 3,Guna,Self Employed,86882,626,0,16,Graduate,DSA Agent,2022-08-26
CUST001152,22,Female,Tier 2,Bhusawal,Student,0,471,2,0,Graduate,Social Media,2023-05-31
CUST001153,47,Male,Tier 2,Thiruvananthapuram,Self Employed,61019,591,0,39,Graduate,Social Media,2023-03-28
CUST001154,42,Male,Tier 1,Panihati,Self Employed,51332,663,2,29,Postgraduate,Referral,2022-10-14
CUST001155,28,Female,Tier 2,Mau,Self Employed,81401,587,1,15,Graduate,Social Media,2023-01-03
CUST001156,42,Male,Tier 1,Fatehpur,Self Employed,60704,745,1,28,School,Organic,2023-03-06
CUST001157,27,Female,Tier 1,Ghaziabad,Salaried,54138,748,0,13,School,Social Media,2023-02-17
CUST001158,21,Male,Tier 1,Adoni,Student,14295,539,0,0,Graduate,Organic,2022-09-25
CUST001159,23,Female,Tier 1,Tadepalligudem,Student,4257,513,0,0,Graduate,Referral,2022-11-27
CUST001160,36,Female,Tier 1,Gurgaon,Salaried,85337,793,0,24,Graduate,Social Media,2023-08-03
CUST001161,21,Male,Tier 2,Ujjain,Student,0,537,0,0,Graduate,Social Media,2023-03-04
CUST001162,31,Male,Tier 1,Malda,Salaried,135160,765,1,4,Postgraduate,Organic,2022-09-14
CUST001163,25,Female,Tier 2,Shimla,Salaried,123944,722,0,1,Graduate,DSA Agent,2022-10-01
CUST001164,44,Female,Tier 2,Delhi,Self Employed,28807,729,1,26,Postgraduate,Organic,2023-06-30
CUST001165,33,Male,Tier 3,Berhampur,Salaried,104478,703,0,22,Postgraduate,Organic,2022-12-19
CUST001166,25,Female,Tier 2,Kakinada,Student,0,586,0,0,Graduate,DSA Agent,2022-07-30
CUST001167,24,Male,Tier 1,Ongole,Student,8439,539,0,0,Graduate,Organic,2022-08-27
CUST001168,30,Male,Tier 2,Gandhinagar,Gig Worker,18286,571,0,18,Graduate,Referral,2022-07-15
CUST001169,42,Female,Tier 1,Silchar,Salaried,96820,781,0,21,School,Organic,2022-06-29
CUST001170,44,Male,Tier 1,Chennai,Salaried,59238,777,1,15,School,Referral,2022-04-04
CUST001171,40,Female,Tier 1,Hyderabad,Self Employed,54487,594,2,11,Postgraduate,DSA Agent,2023-07-15
CUST001172,44,Female,Tier 2,Secunderabad,Business Owner,99141,684,1,39,School,Social Media,2022-05-30
CUST001173,39,Female,Tier 2,Miryalaguda,Self Employed,98775,659,0,11,Professional,Social Media,2022-09-03
CUST001174,30,Female,Tier 1,Ajmer,Salaried,57211,833,2,30,Graduate,DSA Agent,2022-04-03
CUST001175,30,Female,Tier 1,Gandhidham,Self Employed,85452,685,2,34,Graduate,Organic,2023-08-01
CUST001176,37,Female,Tier 3,Bhimavaram,Gig Worker,31486,669,1,0,Graduate,Social Media,2023-02-21
CUST001177,50,Female,Tier 2,Varanasi,Self Employed,61072,732,0,4,School,Referral,2023-08-16
CUST001178,33,Other,Tier 2,Davanagere,Salaried,106899,803,0,28,School,Referral,2023-06-21
CUST001179,46,Female,Tier 2,Anantapuram,Self Employed,59420,597,1,1,Graduate,Social Media,2022-05-24
CUST001180,36,Male,Tier 2,Muzaffarnagar,Gig Worker,26942,537,3,8,School,DSA Agent,2022-05-29
CUST001181,30,Female,Tier 2,Akola,Business Owner,168881,635,0,8,School,Referral,2022-06-18
CUST001182,32,Female,Tier 1,Begusarai,Salaried,64093,792,0,9,Graduate,Referral,2023-07-28
CUST001183,32,Female,Tier 2,Mangalore,Self Employed,51080,734,0,7,Graduate,Organic,2023-01-12
CUST001184,36,Female,Tier 3,Lucknow,Business Owner,55443,702,0,32,Graduate,Social Media,2022-08-03
CUST001185,42,Female,Tier 1,Firozabad,Salaried,129015,700,0,6,Postgraduate,DSA Agent,2023-07-17
CUST001186,52,Other,Tier 1,Jaipur,Business Owner,77780,712,1,4,Graduate,Organic,2023-04-03
CUST001187,30,Male,Tier 1,Nadiad,Self Employed,64774,741,1,15,Postgraduate,Organic,2023-08-14
CUST001188,39,Female,Tier 1,Sonipat,Salaried,51039,846,0,29,School,DSA Agent,2023-02-12
CUST001189,25,Male,Tier 1,Farrukhabad,Salaried,141013,808,0,29,School,Social Media,2023-04-09
CUST001190,48,Female,Tier 1,Mathura,Self Employed,50129,649,0,4,Graduate,Social Media,2022-08-08
CUST001191,38,Female,Tier 3,Serampore,Salaried,43816,756,2,7,Postgraduate,Social Media,2022-03-20
CUST001192,33,Male,Tier 3,Hajipur,Gig Worker,16054,626,0,5,Postgraduate,Social Media,2023-10-09
CUST001193,42,Male,Tier 1,Amritsar,Salaried,61170,787,0,16,Postgraduate,DSA Agent,2022-05-31
CUST001194,32,Female,Tier 2,Asansol,Self Employed,57539,550,0,21,Graduate,Organic,2022-08-19
CUST001195,43,Male,Tier 1,Jhansi,Salaried,114660,705,0,14,Graduate,Organic,2022-06-26
CUST001196,22,Male,Tier 2,Katihar,Student,0,522,1,0,Graduate,Social Media,2022-10-08
CUST001197,48,Female,Tier 3,Dindigul,Business Owner,151242,635,0,21,Graduate,Social Media,2022-05-20
CUST001198,53,Male,Tier 2,Khora ,Business Owner,48531,651,0,27,Graduate,DSA Agent,2022-08-23
CUST001199,36,Female,Tier 2,Sambalpur,Self Employed,70298,681,2,29,Graduate,Social Media,2022-01-11
CUST001200,43,Female,Tier 2,Tadepalligudem,Salaried,78363,781,0,14,Graduate,Social Media,2023-07-04
CUST001201,33,Male,Tier 2,Jorhat,Self Employed,98901,706,0,3,Graduate,Social Media,2023-02-19
CUST001202,34,Male,Tier 2,Jalgaon,Salaried,96167,704,0,29,Graduate,Organic,2022-04-09
CUST001203,44,Female,Tier 1,Shahjahanpur,Salaried,46772,744,1,11,Graduate,Referral,2022-08-02
CUST001204,45,Female,Tier 3,Parbhani,Salaried,95308,772,0,4,School,Social Media,2022-02-05
CUST001205,35,Female,Tier 3,Danapur,Gig Worker,27172,634,1,7,Graduate,Social Media,2022-02-12
CUST001206,43,Female,Tier 1,Bhagalpur,Self Employed,78116,724,0,34,Professional,Referral,2023-03-06
CUST001207,37,Female,Tier 3,Nandyal,Self Employed,56951,667,0,24,Graduate,Social Media,2022-08-15
CUST001208,24,Male,Tier 2,Rourkela,Gig Worker,17208,608,1,6,Graduate,Organic,2023-06-26
CUST001209,30,Male,Tier 2,Danapur,Salaried,63038,816,1,25,Postgraduate,Organic,2022-04-09
CUST001210,44,Male,Tier 3,Panchkula,Business Owner,52007,685,1,8,Postgraduate,DSA Agent,2023-05-11
CUST001211,25,Male,Tier 2,Mangalore,Gig Worker,13721,662,0,8,School,Social Media,2023-11-06
CUST001212,27,Female,Tier 2,Dindigul,Gig Worker,14823,619,0,11,Postgraduate,Referral,2023-08-08
CUST001213,41,Female,Tier 1,Shimla,Salaried,61998,768,0,17,Graduate,Social Media,2023-01-17
CUST001214,43,Male,Tier 3,Agartala,Self Employed,92853,596,0,25,School,Organic,2022-03-21
CUST001215,30,Female,Tier 2,Ballia,Self Employed,54403,667,2,11,Postgraduate,Organic,2023-11-09
CUST001216,38,Male,Tier 1,Dhule,Salaried,126769,757,0,8,Graduate,Organic,2022-01-10
CUST001217,37,Male,Tier 1,Panihati,Salaried,89172,748,0,1,Graduate,DSA Agent,2023-03-22
CUST001218,45,Female,Tier 2,Noida,Self Employed,65500,649,0,10,Postgraduate,Social Media,2022-08-09
CUST001219,38,Male,Tier 3,Bellary,Self Employed,78425,638,0,17,Graduate,DSA Agent,2022-12-31
CUST001220,32,Male,Tier 1,Khandwa,Salaried,85379,709,0,21,Graduate,Organic,2023-01-07
CUST001221,35,Male,Tier 2,Aurangabad,Business Owner,155343,671,0,13,Graduate,Referral,2022-12-09
CUST001222,34,Male,Tier 1,Dindigul,Salaried,101338,827,0,30,Graduate,Organic,2022-09-22
CUST001223,37,Female,Tier 3,Jamalpur,Gig Worker,32488,502,0,16,School,Organic,2022-05-24
CUST001224,49,Female,Tier 3,Guntur,Business Owner,58165,734,1,17,School,Social Media,2022-02-09
CUST001225,34,Male,Tier 2,Sagar,Gig Worker,29361,538,0,10,Postgraduate,Social Media,2022-07-16
CUST001226,46,Male,Tier 3,Kadapa,Self Employed,76731,599,0,39,Graduate,DSA Agent,2023-11-01
CUST001227,33,Female,Tier 3,Berhampur,Gig Worker,17883,664,0,4,Postgraduate,Organic,2023-01-07
CUST001228,33,Female,Tier 2,Kirari Suleman Nagar,Salaried,148306,768,0,12,Postgraduate,DSA Agent,2022-03-30
CUST001229,55,Male,Tier 2,Purnia,Business Owner,190243,734,0,3,Graduate,Social Media,2023-10-01
CUST001230,33,Male,Tier 3,Bhind,Gig Worker,21165,588,0,4,Postgraduate,Referral,2022-02-20
CUST001231,23,Female,Tier 3,Alappuzha,Student,1760,590,0,0,School,Social Media,2022-11-08
CUST001232,29,Female,Tier 2,Mehsana,Salaried,78608,843,0,25,Graduate,Organic,2023-01-17
CUST001233,28,Male,Tier 1,Darbhanga,Salaried,122274,801,0,3,Postgraduate,Social Media,2022-02-27
CUST001234,30,Female,Tier 1,Nagpur,Salaried,132550,790,0,9,Graduate,Social Media,2023-03-25
CUST001235,50,Male,Tier 3,Mango,Self Employed,73117,646,0,13,Postgraduate,Organic,2023-05-04
CUST001236,23,Female,Tier 2,Bilaspur,Gig Worker,16874,632,1,1,Graduate,Referral,2023-06-18
CUST001237,24,Female,Tier 2,Secunderabad,Student,16611,463,0,0,Postgraduate,Referral,2022-02-11
CUST001238,34,Female,Tier 3,Durg,Gig Worker,15723,645,1,17,Graduate,Referral,2022-04-28
CUST001239,55,Male,Tier 3,Bally,Business Owner,52572,727,0,39,Postgraduate,Referral,2022-04-26
CUST001240,30,Male,Tier 1,Navi Mumbai,Salaried,145106,720,0,24,Graduate,Referral,2023-09-23
CUST001241,19,Male,Tier 1,Madurai,Student,0,416,0,0,School,Referral,2023-03-14
CUST001242,42,Female,Tier 2,Agra,Self Employed,64598,686,2,13,Graduate,Social Media,2022-08-24
CUST001243,38,Male,Tier 3,Thoothukudi,Self Employed,73489,739,1,35,School,Organic,2022-03-08
CUST001244,26,Male,Tier 3,Ozhukarai,Student,0,548,0,0,Graduate,Organic,2022-07-12
CUST001245,49,Male,Tier 1,Barasat,Self Employed,50424,596,0,17,Postgraduate,Organic,2022-04-03
CUST001246,37,Female,Tier 2,Jhansi,Self Employed,95959,576,1,7,Graduate,Organic,2023-03-10
CUST001247,37,Male,Tier 2,Tinsukia,Salaried,140285,808,0,11,Graduate,Referral,2023-08-17
CUST001248,28,Male,Tier 2,Bangalore,Salaried,88866,705,0,5,Postgraduate,DSA Agent,2022-11-20
CUST001249,39,Male,Tier 3,Ichalkaranji,Business Owner,33217,654,0,4,Postgraduate,Referral,2023-04-16
CUST001250,36,Female,Tier 2,Sambhal,Self Employed,57449,688,0,32,Graduate,DSA Agent,2023-04-09
CUST001251,30,Female,Tier 2,Adoni,Self Employed,66175,714,0,22,Graduate,Organic,2023-09-07
CUST001252,24,Female,Tier 2,Chittoor,Gig Worker,25836,569,1,1,Graduate,Organic,2023-04-26
CUST001253,32,Female,Tier 1,Sikar,Salaried,54654,759,1,26,Graduate,Referral,2022-06-25
CUST001254,29,Female,Tier 2,Ambattur,Salaried,104643,843,0,23,Graduate,Organic,2023-08-26
CUST001255,50,Male,Tier 2,Bhalswa Jahangir Pur,Self Employed,89536,690,0,13,School,DSA Agent,2023-02-10
CUST001256,34,Female,Tier 2,Hazaribagh,Gig Worker,30701,507,2,13,School,Social Media,2022-10-23
CUST001257,26,Male,Tier 1,Surendranagar Dudhrej,Salaried,128811,792,0,29,Graduate,DSA Agent,2022-12-16
CUST001258,23,Male,Tier 3,Guwahati,Gig Worker,31222,632,0,17,School,Organic,2023-12-07
CUST001259,33,Female,Tier 2,Maheshtala,Salaried,138858,835,0,22,School,Social Media,2022-12-10
CUST001260,30,Male,Tier 2,Erode,Gig Worker,32985,524,1,19,Graduate,Referral,2022-08-19
CUST001261,35,Male,Tier 1,Bahraich,Salaried,89340,737,0,12,Graduate,Organic,2023-10-31
CUST001262,36,Male,Tier 1,Proddatur,Self Employed,30253,748,0,28,Postgraduate,Social Media,2023-04-03
CUST001263,44,Female,Tier 1,Dindigul,Salaried,74483,745,0,16,Graduate,Social Media,2022-11-30
CUST001264,22,Male,Tier 2,Gangtok,Gig Worker,18110,599,1,13,Professional,Social Media,2022-08-26
CUST001265,44,Female,Tier 1,Farrukhabad,Salaried,55135,791,0,12,Graduate,Social Media,2023-03-18
CUST001266,35,Female,Tier 2,Panchkula,Salaried,81641,811,0,29,School,Social Media,2023-04-28
CUST001267,34,Female,Tier 3,Sonipat,Gig Worker,19630,603,1,3,Postgraduate,Referral,2022-02-16
CUST001268,23,Male,Tier 3,Gurgaon,Gig Worker,27909,579,1,10,School,Organic,2023-04-19
CUST001269,45,Female,Tier 3,Sambhal,Self Employed,60173,656,1,26,Graduate,DSA Agent,2023-07-29
CUST001270,31,Male,Tier 2,Anantapur,Salaried,58077,787,0,18,Graduate,Organic,2022-03-19
CUST001271,39,Male,Tier 2,Tezpur,Self Employed,27495,660,0,16,Graduate,Social Media,2023-08-16
CUST001272,24,Male,Tier 1,Kolhapur,Student,0,504,0,0,Graduate,Organic,2022-06-11
CUST001273,50,Female,Tier 3,Bathinda,Self Employed,55666,581,1,3,School,Referral,2023-05-01
CUST001274,38,Male,Tier 3,Eluru,Salaried,71160,718,0,20,Graduate,Organic,2022-06-13
CUST001275,36,Male,Tier 2,Katni,Gig Worker,12671,508,2,18,Graduate,Organic,2022-07-25
CUST001276,30,Male,Tier 1,Deoghar,Salaried,74219,817,0,3,Graduate,Social Media,2023-05-28
CUST001277,28,Male,Tier 1,Maheshtala,Salaried,66596,777,0,24,Postgraduate,Referral,2022-03-05
CUST001278,41,Female,Tier 2,Moradabad,Business Owner,122516,602,1,24,Graduate,Referral,2022-05-02
CUST001279,30,Female,Tier 1,Jehanabad,Salaried,77441,849,0,19,Postgraduate,Organic,2022-07-06
CUST001280,37,Female,Tier 3,Avadi,Gig Worker,27089,577,0,12,Postgraduate,Social Media,2022-05-16
CUST001281,48,Male,Tier 1,Tirunelveli,Self Employed,61290,581,1,21,Graduate,Social Media,2023-03-05
CUST001282,43,Male,Tier 2,Begusarai,Self Employed,69725,552,0,6,Graduate,DSA Agent,2022-02-28
CUST001283,32,Other,Tier 2,Patna,Gig Worker,12523,552,0,19,School,DSA Agent,2022-05-02
CUST001284,27,Male,Tier 2,Indore,Salaried,85139,841,1,24,School,Organic,2022-01-03
CUST001285,30,Female,Tier 2,Davanagere,Salaried,147347,803,0,28,Graduate,Social Media,2022-11-14
CUST001286,36,Male,Tier 3,Kharagpur,Gig Worker,34240,662,1,11,School,Social Media,2022-12-16
CUST001287,27,Female,Tier 2,Tiruppur,Salaried,116520,702,0,20,School,DSA Agent,2023-06-20
CUST001288,27,Male,Tier 3,Jalna,Gig Worker,25248,504,1,4,School,Referral,2023-04-07
CUST001289,25,Male,Tier 2,Malda,Salaried,54436,710,0,26,Graduate,Referral,2022-12-31
CUST001290,45,Female,Tier 2,Arrah,Salaried,146300,759,0,14,Professional,Social Media,2022-08-15
CUST001291,35,Female,Tier 2,Tirunelveli,Gig Worker,32868,530,1,15,School,Referral,2022-01-26
CUST001292,42,Male,Tier 3,Bulandshahr,Salaried,89502,781,1,5,Graduate,Social Media,2022-06-29
CUST001293,27,Female,Tier 2,Sangli-Miraj & Kupwad,Gig Worker,34967,665,1,15,Graduate,Referral,2022-08-12
CUST001294,31,Female,Tier 2,Bikaner,Self Employed,66896,718,0,22,Graduate,DSA Agent,2023-07-04
CUST001295,25,Male,Tier 3,Morena,Student,0,529,0,0,Postgraduate,Social Media,2022-08-08
CUST001296,28,Male,Tier 1,Pali,Salaried,65544,788,0,6,Graduate,Social Media,2023-07-01
CUST001297,30,Male,Tier 2,Bikaner,Salaried,75271,730,0,27,Graduate,DSA Agent,2023-10-30
CUST001298,41,Male,Tier 3,Tirupati,Salaried,117358,778,1,2,Graduate,DSA Agent,2022-12-19
CUST001299,28,Female,Tier 2,Fatehpur,Self Employed,26761,588,2,10,Postgraduate,Organic,2022-02-25
CUST001300,40,Male,Tier 3,Mahbubnagar,Self Employed,28491,581,1,9,School,Referral,2023-06-18
CUST001301,42,Male,Tier 1,Dharmavaram,Salaried,89698,744,0,28,Graduate,Social Media,2022-07-01
CUST001302,42,Male,Tier 2,Ambala,Business Owner,113835,790,1,11,Graduate,Organic,2023-12-19
CUST001303,30,Female,Tier 2,Bally,Salaried,115793,771,0,27,Postgraduate,Organic,2022-07-25
CUST001304,26,Male,Tier 3,Chennai,Gig Worker,20591,641,2,8,Professional,Organic,2023-09-04
CUST001305,35,Male,Tier 2,Amroha,Self Employed,44466,613,2,38,Graduate,Organic,2023-09-07
CUST001306,22,Male,Tier 1,Silchar,Student,0,580,0,0,Postgraduate,Organic,2023-05-01
CUST001307,33,Female,Tier 2,Hajipur,Self Employed,82743,689,0,35,Postgraduate,DSA Agent,2023-04-04
CUST001308,20,Male,Tier 2,Jehanabad,Student,0,439,0,0,School,DSA Agent,2023-05-29
CUST001309,26,Female,Tier 1,Jaunpur,Salaried,61487,774,0,2,Graduate,Organic,2023-09-17
CUST001310,19,Male,Tier 2,Ramgarh,Student,0,552,0,0,Postgraduate,Organic,2023-12-27
CUST001311,36,Male,Tier 1,Mysore,Salaried,80838,803,0,28,Postgraduate,Social Media,2022-06-03
CUST001312,19,Female,Tier 2,Sirsa,Student,11946,411,0,0,Postgraduate,Referral,2022-11-27
CUST001313,32,Male,Tier 3,Bihar Sharif,Gig Worker,17898,630,2,1,Postgraduate,Organic,2022-03-31
CUST001314,20,Female,Tier 2,Pudukkottai,Student,0,582,0,0,School,Referral,2023-02-27
CUST001315,25,Female,Tier 2,Vijayanagaram,Gig Worker,17327,666,1,5,Postgraduate,Organic,2022-06-24
CUST001316,35,Female,Tier 3,Mangalore,Self Employed,84823,632,0,19,Postgraduate,Organic,2023-05-19
CUST001317,30,Female,Tier 2,Berhampore,Gig Worker,28840,592,0,4,Graduate,Social Media,2022-04-26
CUST001318,46,Male,Tier 2,South Dumdum,Self Employed,92800,712,0,11,Graduate,Organic,2023-12-07
CUST001319,36,Male,Tier 2,Singrauli,Salaried,111283,769,0,28,Graduate,Organic,2022-07-26
CUST001320,28,Female,Tier 1,Mathura,Salaried,97379,748,0,26,Graduate,DSA Agent,2023-10-05
CUST001321,40,Female,Tier 1,Panipat,Salaried,114036,829,0,1,Graduate,Social Media,2022-04-21
CUST001322,44,Female,Tier 2,Jabalpur,Salaried,112383,720,0,3,Graduate,DSA Agent,2022-02-25
CUST001323,18,Male,Tier 1,Kumbakonam,Student,9050,533,1,0,Graduate,Organic,2022-02-16
CUST001324,34,Male,Tier 1,Begusarai,Salaried,141158,742,0,25,Postgraduate,DSA Agent,2022-05-09
CUST001325,44,Female,Tier 2,Arrah,Business Owner,34479,717,1,36,School,DSA Agent,2023-09-08
CUST001326,34,Male,Tier 1,Vasai-Virar,Salaried,90215,786,0,1,School,Social Media,2022-08-27
CUST001327,31,Male,Tier 2,Alappuzha,Salaried,146830,837,0,26,Postgraduate,Referral,2023-04-08
CUST001328,39,Male,Tier 2,Dehradun,Self Employed,88212,706,0,34,Postgraduate,Social Media,2023-08-05
CUST001329,28,Female,Tier 2,Dhule,Self Employed,67512,634,1,31,Graduate,Referral,2023-10-03
CUST001330,30,Male,Tier 2,Surendranagar Dudhrej,Gig Worker,13112,573,1,3,School,Organic,2023-03-19
CUST001331,38,Female,Tier 2,Srinagar,Gig Worker,12042,501,0,3,Graduate,DSA Agent,2023-12-17
CUST001332,31,Male,Tier 2,Eluru,Self Employed,52344,594,0,1,Graduate,Referral,2022-08-13
CUST001333,38,Female,Tier 1,Silchar,Salaried,135749,706,0,19,School,Referral,2022-12-08
CUST001334,48,Female,Tier 3,Sikar,Business Owner,85158,640,1,6,Postgraduate,Referral,2022-04-07
CUST001335,46,Male,Tier 2,Hyderabad,Business Owner,111794,653,0,18,Professional,Social Media,2022-12-31
CUST001336,50,Female,Tier 2,Raipur,Self Employed,64417,742,0,34,Postgraduate,Organic,2023-06-19
CUST001337,31,Male,Tier 1,Khammam,Salaried,84013,752,0,12,School,Social Media,2022-08-25
CUST001338,40,Male,Tier 1,Shivpuri,Self Employed,95922,733,0,20,Graduate,Organic,2023-06-28
CUST001339,36,Female,Tier 1,Jabalpur,Salaried,115497,734,0,19,Graduate,Organic,2022-11-09
CUST001340,35,Male,Tier 1,Motihari,Salaried,81534,781,0,7,Graduate,Social Media,2022-07-31
CUST001341,41,Male,Tier 1,Bahraich,Salaried,146781,722,0,20,Graduate,Referral,2023-01-24
CUST001342,29,Male,Tier 3,Chittoor,Gig Worker,26319,546,1,13,Graduate,DSA Agent,2023-02-24
CUST001343,18,Male,Tier 2,Nanded,Student,0,516,0,0,Graduate,Referral,2023-01-19
CUST001344,44,Female,Tier 2,Surat,Self Employed,35609,636,2,10,Graduate,DSA Agent,2022-12-07
CUST001345,46,Male,Tier 2,Belgaum,Self Employed,29216,725,2,18,Graduate,Organic,2022-03-04
CUST001346,36,Female,Tier 1,Amravati,Gig Worker,31480,541,1,8,Professional,Referral,2023-04-10
CUST001347,35,Female,Tier 2,Gulbarga,Salaried,111655,756,0,18,Graduate,DSA Agent,2022-01-31
CUST001348,30,Male,Tier 3,Hyderabad,Gig Worker,29676,673,1,19,Graduate,Social Media,2023-11-22
CUST001349,42,Male,Tier 2,Jamnagar,Business Owner,110940,637,0,21,Postgraduate,Social Media,2022-12-02
CUST001350,45,Female,Tier 1,Secunderabad,Salaried,136686,801,0,27,School,Organic,2023-07-25
CUST001351,24,Male,Tier 2,Thrissur,Student,5319,588,0,0,Graduate,Social Media,2022-09-08
CUST001352,26,Male,Tier 3,Katihar,Gig Worker,29891,556,1,5,Graduate,Organic,2023-04-14
CUST001353,25,Male,Tier 3,Mango,Gig Worker,31760,650,1,6,School,Referral,2022-07-14
CUST001354,46,Female,Tier 3,Nagaon,Self Employed,61181,705,0,31,School,Referral,2022-01-21
CUST001355,30,Female,Tier 2,Pali,Gig Worker,15154,562,1,9,Graduate,Referral,2022-03-12
CUST001356,25,Male,Tier 1,Raiganj,Student,0,479,0,0,Graduate,Social Media,2022-06-27
CUST001357,31,Male,Tier 3,Khora ,Business Owner,147898,722,1,2,Postgraduate,Organic,2023-06-08
CUST001358,24,Female,Tier 3,Nashik,Gig Worker,27535,560,0,9,Graduate,Social Media,2023-10-12
CUST001359,27,Female,Tier 1,Panihati,Salaried,119163,813,0,22,School,Referral,2023-10-31
CUST001360,30,Female,Tier 3,Dindigul,Gig Worker,17874,582,1,4,Postgraduate,DSA Agent,2023-03-23
CUST001361,47,Female,Tier 3,Kollam,Business Owner,86329,731,0,34,Postgraduate,Organic,2023-04-02
CUST001362,43,Male,Tier 3,Pune,Salaried,62755,848,0,7,School,Organic,2022-01-17
CUST001363,49,Female,Tier 3,Bhopal,Self Employed,97260,717,1,17,Graduate,DSA Agent,2023-08-18
CUST001364,32,Male,Tier 2,Naihati,Self Employed,83041,651,0,21,Graduate,Social Media,2023-06-07
CUST001365,38,Male,Tier 2,Rajkot,Self Employed,84767,631,0,35,School,Organic,2023-10-01
CUST001366,28,Female,Tier 2,Jalandhar,Salaried,130278,811,0,22,Professional,Organic,2022-07-29
CUST001367,34,Male,Tier 1,Rourkela,Self Employed,49519,744,1,36,Graduate,Referral,2023-03-24
CUST001368,40,Other,Tier 1,Vijayanagaram,Business Owner,32809,787,1,9,Postgraduate,Referral,2022-02-01
CUST001369,32,Male,Tier 1,Khammam,Salaried,143896,750,1,16,Graduate,Organic,2023-08-16
CUST001370,38,Female,Tier 2,Kishanganj,Salaried,125370,821,0,4,Graduate,Organic,2023-08-11
CUST001371,34,Female,Tier 1,Dhule,Business Owner,163820,676,2,13,Graduate,Organic,2022-05-17
CUST001372,44,Male,Tier 2,Haldia,Salaried,65342,734,2,8,Graduate,Social Media,2023-01-01
CUST001373,23,Female,Tier 3,Ahmednagar,Student,18181,409,0,0,Graduate,Referral,2023-02-08
CUST001374,30,Male,Tier 1,Aligarh,Gig Worker,21851,537,1,8,Graduate,Social Media,2023-05-22
CUST001375,38,Female,Tier 2,North Dumdum,Salaried,136497,797,0,17,Professional,Organic,2022-12-10
CUST001376,24,Male,Tier 3,Kanpur,Student,0,547,0,0,Graduate,Social Media,2023-12-13
CUST001377,25,Female,Tier 2,Satna,Gig Worker,31761,677,3,8,School,Organic,2022-08-05
CUST001378,28,Male,Tier 3,Pali,Gig Worker,29523,637,1,0,School,Organic,2022-05-21
CUST001379,28,Male,Tier 2,Berhampore,Gig Worker,28909,577,1,14,Postgraduate,Referral,2023-03-31
CUST001380,29,Male,Tier 3,Amritsar,Gig Worker,20106,647,2,15,School,Social Media,2022-12-05
CUST001381,40,Male,Tier 2,Arrah,Salaried,72348,746,0,28,Graduate,Social Media,2023-05-09
CUST001382,22,Female,Tier 2,Jabalpur,Gig Worker,12623,529,0,16,Graduate,Social Media,2023-09-25
CUST001383,33,Female,Tier 1,Bulandshahr,Business Owner,135334,731,0,33,Professional,Organic,2023-01-17
CUST001384,39,Female,Tier 1,Khora ,Salaried,73829,731,0,5,Postgraduate,Social Media,2022-03-12
CUST001385,30,Male,Tier 2,Kota,Self Employed,72791,569,1,17,Postgraduate,Referral,2023-01-01
CUST001386,36,Female,Tier 1,Chandrapur,Salaried,92237,733,1,12,Graduate,Social Media,2022-09-28
CUST001387,38,Male,Tier 1,Ghaziabad,Self Employed,41673,738,0,39,School,Social Media,2022-11-14
CUST001388,40,Female,Tier 1,Munger,Salaried,58737,812,0,16,Professional,Organic,2022-09-16
CUST001389,31,Other,Tier 2,Thoothukudi,Business Owner,198842,726,2,31,Graduate,Social Media,2022-09-07
CUST001390,30,Male,Tier 1,Ratlam,Gig Worker,31790,636,2,11,School,Social Media,2023-06-05
CUST001391,44,Male,Tier 2,Jabalpur,Salaried,58255,766,1,19,Graduate,Social Media,2022-03-23
CUST001392,43,Male,Tier 2,Surat,Salaried,75816,809,0,2,Graduate,Organic,2023-10-29
CUST001393,29,Female,Tier 1,Eluru,Salaried,91812,700,1,6,Postgraduate,Organic,2022-05-05
CUST001394,33,Female,Tier 2,Ambala,Gig Worker,13845,641,1,13,School,DSA Agent,2022-09-14
CUST001395,36,Female,Tier 1,Muzaffarpur,Salaried,120698,849,0,6,Professional,Social Media,2022-11-16
CUST001396,18,Male,Tier 3,Tadepalligudem,Student,0,409,0,0,Graduate,Referral,2023-06-23
CUST001397,27,Female,Tier 2,Tirupati,Gig Worker,25968,632,0,6,Graduate,Referral,2023-01-20
CUST001398,29,Female,Tier 3,Haldia,Salaried,76942,752,0,23,Postgraduate,Social Media,2022-08-12
CUST001399,44,Male,Tier 3,Udupi,Self Employed,34017,727,1,32,Graduate,Social Media,2023-05-30
CUST001400,38,Female,Tier 3,Allahabad,Self Employed,70587,552,0,2,Graduate,Referral,2022-11-08
CUST001401,34,Male,Tier 1,Dindigul,Salaried,91352,834,0,30,School,Social Media,2023-09-24
CUST001402,41,Male,Tier 1,Sagar,Salaried,125284,767,0,1,Postgraduate,Referral,2023-08-14
CUST001403,39,Female,Tier 2,Saharanpur,Salaried,137886,733,0,12,Postgraduate,DSA Agent,2023-03-04
CUST001404,42,Male,Tier 2,Kurnool,Self Employed,73539,597,0,29,Postgraduate,Social Media,2022-01-29
CUST001405,46,Female,Tier 2,Patiala,Self Employed,70368,652,0,10,Postgraduate,Social Media,2022-12-20
CUST001406,34,Female,Tier 2,Ozhukarai,Gig Worker,31095,506,1,0,Graduate,Referral,2022-03-10
CUST001407,18,Male,Tier 2,Alwar,Student,0,482,1,0,Graduate,Referral,2022-09-02
CUST001408,26,Female,Tier 1,Thane,Student,16783,561,0,0,School,Organic,2022-07-16
CUST001409,26,Female,Tier 2,Tumkur,Gig Worker,17621,581,3,15,Graduate,DSA Agent,2022-09-09
CUST001410,22,Male,Tier 2,Berhampur,Student,0,548,0,0,Graduate,DSA Agent,2022-04-01
CUST001411,32,Male,Tier 1,Tiruvottiyur,Salaried,45632,796,1,21,Graduate,Social Media,2023-08-24
CUST001412,32,Male,Tier 1,Tiruppur,Salaried,121818,847,2,16,Postgraduate,Organic,2022-11-10
CUST001413,32,Male,Tier 1,Kulti,Salaried,105823,823,1,21,Professional,Social Media,2023-11-03
CUST001414,34,Male,Tier 2,Narasaraopet,Salaried,127012,751,0,17,Graduate,Organic,2023-02-04
CUST001415,22,Male,Tier 2,Saharsa,Gig Worker,12185,661,2,6,Postgraduate,Organic,2023-10-03
CUST001416,45,Male,Tier 2,South Dumdum,Business Owner,132944,756,2,20,School,Referral,2022-01-01
CUST001417,44,Female,Tier 1,Chennai,Salaried,57687,753,1,21,Graduate,Social Media,2023-05-26
CUST001418,37,Male,Tier 3,Pallavaram,Salaried,70620,727,0,12,Graduate,Social Media,2023-11-07
CUST001419,29,Female,Tier 2,Nellore,Gig Worker,23407,592,1,2,Postgraduate,Organic,2023-02-26
CUST001420,54,Female,Tier 3,Ajmer,Business Owner,33386,661,1,11,Graduate,Social Media,2022-12-25
CUST001421,40,Female,Tier 1,Cuttack,Salaried,137122,819,0,11,School,Social Media,2022-11-17
CUST001422,29,Male,Tier 1,Malegaon,Gig Worker,24147,647,1,9,Graduate,Social Media,2022-02-12
CUST001423,33,Female,Tier 2,Noida,Salaried,56777,770,0,24,Postgraduate,Organic,2022-05-26
CUST001424,40,Female,Tier 1,Purnia,Salaried,53297,760,0,30,School,DSA Agent,2023-02-07
CUST001425,36,Female,Tier 2,Bijapur,Business Owner,85349,772,2,26,School,Referral,2022-10-09
CUST001426,37,Male,Tier 1,Davanagere,Business Owner,119130,715,0,3,School,Referral,2023-04-29
CUST001427,34,Male,Tier 1,Khandwa,Salaried,134827,802,0,19,Graduate,Social Media,2023-08-11
CUST001428,37,Female,Tier 2,Medininagar,Business Owner,139963,613,0,33,Postgraduate,Organic,2023-01-23
CUST001429,35,Male,Tier 1,Avadi,Self Employed,40393,591,0,33,Graduate,Organic,2023-05-01
CUST001430,24,Male,Tier 3,Gangtok,Student,0,408,0,0,School,Social Media,2022-12-10
CUST001431,36,Male,Tier 3,Panihati,Gig Worker,13114,671,3,18,School,Social Media,2023-08-14
CUST001432,31,Female,Tier 2,Ongole,Gig Worker,31900,607,0,12,School,Referral,2022-02-10
CUST001433,37,Other,Tier 3,Karimnagar,Gig Worker,13627,566,1,10,Graduate,Organic,2022-06-08
CUST001434,43,Male,Tier 3,Burhanpur,Self Employed,74007,670,0,9,Graduate,Referral,2022-07-27
CUST001435,27,Female,Tier 2,Chittoor,Salaried,71961,762,1,16,Graduate,Social Media,2023-03-03
CUST001436,38,Female,Tier 1,Bhusawal,Salaried,103699,819,0,5,Postgraduate,Referral,2022-04-12
CUST001437,37,Female,Tier 2,Bhatpara,Salaried,104807,801,0,1,Graduate,Social Media,2023-12-22
CUST001438,48,Female,Tier 3,Jaipur,Self Employed,71267,660,0,14,Professional,Organic,2022-08-12
CUST001439,28,Female,Tier 1,Purnia,Salaried,97504,725,2,23,Graduate,Social Media,2022-12-07
CUST001440,42,Female,Tier 2,Dewas,Self Employed,93435,619,2,27,Graduate,Social Media,2023-11-16
CUST001441,31,Male,Tier 3,Begusarai,Business Owner,115544,631,2,15,Postgraduate,Social Media,2023-06-27
CUST001442,28,Female,Tier 1,Bardhaman,Salaried,142758,719,0,25,School,Referral,2023-01-12
CUST001443,30,Male,Tier 2,Madhyamgram,Self Employed,48939,571,0,12,Postgraduate,Organic,2022-04-05
CUST001444,32,Male,Tier 3,Malda,Gig Worker,30101,535,0,13,Postgraduate,Organic,2022-01-23
CUST001445,23,Female,Tier 1,Gandhinagar,Student,14825,506,0,0,Graduate,Organic,2023-05-05
CUST001446,30,Female,Tier 2,Madurai,Salaried,48726,772,0,28,Postgraduate,Organic,2023-04-18
CUST001447,33,Female,Tier 2,Bhavnagar,Self Employed,60000,743,2,15,Graduate,Social Media,2023-09-13
CUST001448,21,Male,Tier 2,Thiruvananthapuram,Student,2286,500,0,0,Graduate,Organic,2022-07-05
CUST001449,44,Male,Tier 2,Jhansi,Business Owner,55916,673,1,5,School,Organic,2023-07-06
CUST001450,30,Female,Tier 2,Ahmedabad,Self Employed,71267,686,0,17,Postgraduate,Referral,2022-05-04
CUST001451,33,Male,Tier 2,Pallavaram,Gig Worker,24216,602,0,12,School,Organic,2022-08-30
CUST001452,32,Female,Tier 1,Vijayanagaram,Self Employed,31837,568,2,17,Graduate,Social Media,2023-03-04
CUST001453,18,Male,Tier 2,Dindigul,Student,0,578,0,0,Graduate,Organic,2022-01-11
CUST001454,37,Male,Tier 1,Unnao,Gig Worker,24509,528,0,13,Graduate,Referral,2023-03-05
CUST001455,43,Other,Tier 2,Giridih,Salaried,121232,714,0,5,Graduate,Social Media,2022-11-13
CUST001456,34,Male,Tier 3,Alappuzha,Business Owner,53473,794,2,6,Graduate,DSA Agent,2022-03-14
CUST001457,28,Male,Tier 2,Amravati,Self Employed,30286,611,0,2,Graduate,Organic,2022-06-24
CUST001458,49,Male,Tier 1,Buxar,Self Employed,64476,642,1,35,Graduate,Organic,2023-10-16
CUST001459,35,Female,Tier 1,Jammu,Salaried,93559,733,1,1,Graduate,Organic,2023-12-11
CUST001460,41,Female,Tier 1,Rohtak,Self Employed,66016,682,1,25,Graduate,DSA Agent,2022-03-30
CUST001461,37,Male,Tier 3,Danapur,Gig Worker,31323,554,1,5,Graduate,Social Media,2022-12-25
CUST001462,39,Male,Tier 1,Arrah,Self Employed,52155,707,1,13,Postgraduate,Organic,2022-04-02
CUST001463,32,Female,Tier 3,Kharagpur,Salaried,58188,774,0,16,Graduate,Referral,2023-05-19
CUST001464,40,Male,Tier 2,Shahjahanpur,Self Employed,86505,647,2,23,Graduate,Social Media,2023-10-09
CUST001465,48,Female,Tier 1,Morena,Business Owner,157763,759,0,15,Graduate,Social Media,2022-04-30
CUST001466,38,Male,Tier 1,Mirzapur,Salaried,61521,810,0,22,Postgraduate,Referral,2023-01-23
CUST001467,39,Male,Tier 1,Siliguri,Business Owner,198623,741,0,22,Graduate,Social Media,2023-12-26
CUST001468,24,Female,Tier 3,Mahbubnagar,Gig Worker,14206,586,0,6,Postgraduate,Organic,2023-07-11
CUST001469,21,Male,Tier 1,Siliguri,Student,0,569,1,0,Graduate,DSA Agent,2022-08-15
CUST001470,41,Female,Tier 2,Shahjahanpur,Self Employed,47045,684,0,5,Graduate,Organic,2023-01-31
CUST001471,30,Male,Tier 2,Ahmedabad,Gig Worker,32173,510,1,4,School,Organic,2023-07-02
CUST001472,39,Male,Tier 2,Tiruchirappalli,Self Employed,39855,613,2,2,Graduate,Organic,2022-08-01
CUST001473,25,Other,Tier 2,Sikar,Student,2224,406,0,0,Graduate,Organic,2022-11-19
CUST001474,29,Male,Tier 3,Kadapa,Gig Worker,33404,619,1,2,School,Social Media,2023-10-11
CUST001475,32,Female,Tier 1,Bhusawal,Salaried,85146,705,0,30,Graduate,DSA Agent,2023-01-10
CUST001476,50,Male,Tier 3,Purnia,Self Employed,85107,663,0,11,Graduate,Referral,2023-01-02
CUST001477,18,Female,Tier 3,Barasat,Student,0,494,0,0,Graduate,Referral,2022-07-09
CUST001478,40,Female,Tier 2,Dharmavaram,Self Employed,91566,736,1,31,Graduate,Social Media,2022-12-21
CUST001479,33,Male,Tier 2,Bulandshahr,Self Employed,96347,577,1,28,School,Referral,2023-03-05
CUST001480,31,Female,Tier 1,Moradabad,Gig Worker,18511,536,0,13,Postgraduate,Social Media,2022-04-23
CUST001481,19,Female,Tier 3,Asansol,Student,0,435,1,0,Graduate,Social Media,2022-10-25
CUST001482,38,Male,Tier 1,Bhagalpur,Salaried,54432,810,0,16,Graduate,DSA Agent,2022-05-29
CUST001483,34,Female,Tier 1,Aizawl,Gig Worker,32522,540,1,16,School,Social Media,2023-12-18
CUST001484,31,Female,Tier 1,Gulbarga,Salaried,128209,771,0,3,Postgraduate,DSA Agent,2023-04-11
CUST001485,45,Male,Tier 1,Mumbai,Salaried,138034,841,0,2,Graduate,Social Media,2023-01-30
CUST001486,34,Male,Tier 2,Coimbatore,Gig Worker,19396,500,0,15,Graduate,Organic,2023-08-03
CUST001487,34,Male,Tier 1,Loni,Gig Worker,30002,638,1,2,Postgraduate,DSA Agent,2023-11-14
CUST001488,48,Male,Tier 2,Tumkur,Self Employed,48403,654,0,28,Postgraduate,Referral,2022-04-17
CUST001489,36,Female,Tier 3,Tirunelveli,Gig Worker,15749,504,1,5,Graduate,Organic,2023-11-03
CUST001490,34,Female,Tier 3,Dindigul,Gig Worker,28791,652,0,13,Graduate,Referral,2022-02-24
CUST001491,42,Female,Tier 2,Guntur,Salaried,74747,720,0,23,Graduate,Social Media,2022-08-03
CUST001492,37,Male,Tier 3,Morbi,Gig Worker,25476,511,0,4,Professional,Referral,2023-08-24
CUST001493,36,Male,Tier 1,Ambala,Salaried,119850,816,0,1,Postgraduate,Organic,2023-09-06
CUST001494,38,Female,Tier 1,Hospet,Salaried,96042,775,0,29,School,DSA Agent,2023-10-26
CUST001495,42,Female,Tier 2,Gaya,Self Employed,36541,586,0,18,Postgraduate,Organic,2022-11-19
CUST001496,49,Female,Tier 1,Allahabad,Self Employed,72934,678,1,28,Graduate,DSA Agent,2022-09-21
CUST001497,50,Male,Tier 2,Nellore,Self Employed,63882,716,0,10,School,Referral,2023-12-27
CUST001498,29,Male,Tier 1,Alappuzha,Gig Worker,17454,633,0,6,Graduate,DSA Agent,2023-09-04
CUST001499,31,Male,Tier 2,Moradabad,Gig Worker,14385,598,0,15,Graduate,Referral,2023-01-30
CUST001500,25,Other,Tier 1,Vijayawada,Student,0,519,0,0,School,Referral,2022-07-27
CUST001501,33,Male,Tier 2,Guwahati,Gig Worker,25051,601,1,0,Graduate,Organic,2023-09-30
CUST001502,35,Female,Tier 2,Amravati,Gig Worker,17507,618,0,15,Postgraduate,Organic,2022-01-02
CUST001503,39,Female,Tier 3,Rajkot,Salaried,52646,825,0,1,Postgraduate,Organic,2022-08-08
CUST001504,42,Male,Tier 1,Ludhiana,Salaried,54332,762,1,13,Graduate,Social Media,2023-07-18
CUST001505,27,Female,Tier 2,Morena,Gig Worker,30777,564,0,8,Graduate,Social Media,2022-08-20
CUST001506,30,Female,Tier 2,Salem,Gig Worker,13946,571,0,1,School,Organic,2023-10-13
CUST001507,28,Female,Tier 2,Ghaziabad,Gig Worker,32288,680,0,11,Graduate,Organic,2023-04-01
CUST001508,27,Male,Tier 3,Chennai,Gig Worker,26102,658,0,17,Graduate,Referral,2023-03-27
CUST001509,43,Male,Tier 3,Jalandhar,Self Employed,80040,551,0,2,Graduate,Organic,2023-05-28
CUST001510,36,Male,Tier 2,Nagaon,Self Employed,43116,726,1,27,Postgraduate,DSA Agent,2023-01-16
CUST001511,19,Male,Tier 2,Gandhinagar,Student,0,476,1,0,Graduate,Organic,2023-11-04
CUST001512,35,Female,Tier 3,Shivpuri,Self Employed,80962,675,1,33,School,Social Media,2022-04-26
CUST001513,38,Female,Tier 3,Naihati,Business Owner,158598,647,1,12,Professional,Social Media,2022-12-13
CUST001514,36,Male,Tier 1,Naihati,Salaried,138275,771,0,24,School,Organic,2023-02-23
CUST001515,34,Female,Tier 1,Tiruvottiyur,Salaried,47574,790,0,14,Professional,Social Media,2023-01-12
CUST001516,36,Female,Tier 1,Mathura,Salaried,47681,824,0,3,Graduate,Organic,2022-09-26
CUST001517,32,Male,Tier 1,Silchar,Self Employed,66421,577,0,32,Postgraduate,Organic,2022-09-16
CUST001518,26,Male,Tier 1,Phagwara,Student,0,575,0,0,School,Referral,2023-03-05
CUST001519,32,Female,Tier 1,Raurkela Industrial Township,Salaried,123029,781,0,9,Postgraduate,Referral,2023-08-16
CUST001520,54,Female,Tier 2,Salem,Business Owner,182826,641,0,18,School,Social Media,2023-02-27
CUST001521,30,Female,Tier 1,Sirsa,Salaried,122181,838,1,5,Postgraduate,Organic,2022-10-20
CUST001522,51,Male,Tier 3,Kolhapur,Business Owner,100439,727,0,37,Graduate,Social Media,2022-12-20
CUST001523,22,Male,Tier 3,Madanapalle,Gig Worker,18241,644,1,15,Postgraduate,Social Media,2023-12-26
CUST001524,43,Male,Tier 2,Bettiah,Salaried,129234,771,0,17,Graduate,Organic,2022-09-07
CUST001525,35,Female,Tier 2,Kulti,Gig Worker,28931,566,1,18,Postgraduate,Organic,2023-11-07
CUST001526,25,Female,Tier 2,Bidhannagar,Salaried,135044,736,0,26,Postgraduate,DSA Agent,2022-05-27
CUST001527,37,Male,Tier 2,Kottayam,Salaried,124791,818,0,14,Graduate,Referral,2023-06-26
CUST001528,40,Female,Tier 2,Maheshtala,Salaried,135038,814,1,13,Postgraduate,Referral,2022-07-05
CUST001529,20,Female,Tier 2,Pondicherry,Student,15319,512,0,0,Graduate,Organic,2023-03-21
CUST001530,27,Female,Tier 3,Karimnagar,Gig Worker,32781,658,0,2,Graduate,Organic,2022-10-25
CUST001531,42,Other,Tier 1,Anantapur,Salaried,43750,762,1,5,Postgraduate,Social Media,2022-07-01
CUST001532,42,Male,Tier 2,Muzaffarpur,Self Employed,31999,719,1,9,Graduate,Organic,2023-10-27
CUST001533,34,Female,Tier 2,Silchar,Self Employed,42985,629,0,24,Postgraduate,Referral,2023-08-26
CUST001534,36,Male,Tier 1,Karnal,Salaried,59841,833,0,5,Graduate,Social Media,2022-11-16
CUST001535,33,Male,Tier 2,Fatehpur,Gig Worker,24564,599,2,12,School,Organic,2022-02-03
CUST001536,29,Female,Tier 2,Kharagpur,Salaried,107692,819,0,30,Graduate,Referral,2022-09-05
CUST001537,45,Female,Tier 1,Medininagar,Salaried,142547,700,0,3,Graduate,Social Media,2023-08-02
CUST001538,44,Female,Tier 3,Asansol,Self Employed,24091,556,0,35,School,Organic,2023-01-03
CUST001539,37,Female,Tier 1,Warangal,Salaried,131569,768,0,29,School,Referral,2023-07-02
CUST001540,38,Female,Tier 2,Chandigarh,Gig Worker,15034,500,1,8,Graduate,Organic,2023-12-11
CUST001541,43,Female,Tier 3,Motihari,Self Employed,45872,739,1,32,School,Referral,2023-09-23
CUST001542,32,Male,Tier 2,Gulbarga,Salaried,145129,702,0,28,Postgraduate,Social Media,2022-10-24
CUST001543,26,Female,Tier 3,Bhiwandi,Gig Worker,22293,665,0,15,Postgraduate,Referral,2022-10-27
CUST001544,30,Female,Tier 1,Panvel,Salaried,62091,817,1,7,School,Social Media,2023-05-31
CUST001545,49,Male,Tier 3,Latur,Business Owner,186679,690,0,27,Postgraduate,Organic,2023-09-08
CUST001546,32,Male,Tier 3,Tirunelveli,Gig Worker,30689,540,0,15,Postgraduate,DSA Agent,2023-09-30
CUST001547,20,Female,Tier 3,Aligarh,Student,18941,417,0,0,School,Referral,2023-05-22
CUST001548,26,Female,Tier 2,Bhopal,Gig Worker,32290,547,0,14,Graduate,Referral,2022-04-29
CUST001549,27,Female,Tier 2,Khammam,Salaried,50499,718,0,17,Graduate,Social Media,2023-01-20
CUST001550,38,Female,Tier 3,Parbhani,Self Employed,82341,739,0,1,Graduate,Social Media,2022-01-29
CUST001551,37,Male,Tier 2,Bardhaman,Business Owner,102439,779,0,8,Graduate,Organic,2022-04-09
CUST001552,34,Female,Tier 1,Amravati,Self Employed,22920,692,0,23,Graduate,Social Media,2023-01-26
CUST001553,23,Female,Tier 2,Deoghar,Student,0,501,0,0,Graduate,DSA Agent,2023-04-04
CUST001554,20,Female,Tier 3,Mysore,Student,16747,567,0,0,Postgraduate,Social Media,2022-09-15
CUST001555,44,Female,Tier 1,Rajahmundry,Salaried,95926,787,0,26,Graduate,Referral,2023-11-07
CUST001556,28,Female,Tier 3,Tiruvottiyur,Salaried,102530,737,1,2,Graduate,Referral,2022-03-19
CUST001557,38,Female,Tier 2,Eluru,Self Employed,36674,598,0,3,Graduate,Organic,2023-11-11
CUST001558,33,Female,Tier 2,Muzaffarpur,Gig Worker,23358,671,1,13,Postgraduate,Organic,2023-10-19
CUST001559,26,Male,Tier 2,Rampur,Student,0,435,0,0,Graduate,Organic,2022-12-08
CUST001560,34,Female,Tier 3,Ramagundam,Business Owner,119816,750,0,4,Graduate,Referral,2022-03-19
CUST001561,24,Male,Tier 3,Gorakhpur,Gig Worker,13200,612,0,18,School,Social Media,2023-02-13
CUST001562,36,Male,Tier 2,Mau,Salaried,43815,755,0,2,Graduate,DSA Agent,2023-12-09
CUST001563,29,Female,Tier 1,Bhiwandi,Self Employed,86223,575,0,5,Graduate,Social Media,2022-12-21
CUST001564,37,Male,Tier 1,Warangal,Salaried,54103,784,0,22,Postgraduate,Organic,2022-01-12
CUST001565,25,Female,Tier 2,Nadiad,Student,19388,512,0,0,Professional,DSA Agent,2023-07-16
CUST001566,30,Male,Tier 2,Bijapur,Gig Worker,15778,666,0,1,School,Social Media,2022-04-22
CUST001567,29,Male,Tier 1,Gudivada,Self Employed,23331,749,0,5,School,Referral,2022-11-15
CUST001568,26,Female,Tier 2,Munger,Salaried,125227,727,0,24,Postgraduate,Organic,2023-11-08
CUST001569,33,Male,Tier 1,Imphal,Self Employed,33265,604,1,17,Graduate,Social Media,2023-05-24
CUST001570,27,Female,Tier 2,Cuttack,Gig Worker,27280,612,0,17,Graduate,Social Media,2022-04-30
CUST001571,23,Male,Tier 3,Aligarh,Gig Worker,22998,529,0,19,Graduate,Social Media,2022-02-28
CUST001572,43,Male,Tier 2,Bangalore,Salaried,64932,842,0,2,Graduate,Referral,2022-12-31
CUST001573,30,Male,Tier 2,Satna,Self Employed,35586,610,1,2,Graduate,DSA Agent,2023-08-31
CUST001574,21,Male,Tier 2,Sagar,Student,0,454,0,0,Graduate,Referral,2022-07-25
CUST001575,28,Female,Tier 2,Panchkula,Salaried,80180,771,1,22,School,Social Media,2022-09-20
CUST001576,37,Male,Tier 1,Siliguri,Salaried,126785,839,1,23,Graduate,DSA Agent,2023-04-30
CUST001577,43,Female,Tier 1,Ulhasnagar,Salaried,88606,708,0,15,School,DSA Agent,2023-06-23
CUST001578,28,Female,Tier 2,Khora ,Self Employed,20072,685,0,28,Postgraduate,Social Media,2022-11-05
CUST001579,50,Female,Tier 2,Tirupati,Self Employed,80010,585,1,37,Professional,Social Media,2023-05-20
CUST001580,23,Female,Tier 2,Panipat,Gig Worker,19388,645,0,0,School,Social Media,2022-03-04
CUST001581,32,Male,Tier 1,Thrissur,Salaried,148523,703,0,16,Graduate,Referral,2023-10-24
CUST001582,33,Male,Tier 2,Jalna,Gig Worker,23727,624,1,1,Graduate,Social Media,2022-09-13
CUST001583,29,Female,Tier 2,Allahabad,Gig Worker,15698,667,1,1,Graduate,DSA Agent,2023-10-25
CUST001584,23,Female,Tier 3,Jamnagar,Gig Worker,15519,659,0,8,Postgraduate,Referral,2023-06-08
CUST001585,48,Female,Tier 3,Kamarhati,Business Owner,75079,720,0,12,School,Organic,2023-10-30
CUST001586,32,Female,Tier 1,Mangalore,Salaried,119964,804,0,12,Graduate,Referral,2023-02-19
CUST001587,47,Male,Tier 2,Katni,Self Employed,38883,639,1,4,Postgraduate,Social Media,2022-10-23
CUST001588,30,Male,Tier 3,Kozhikode,Gig Worker,18744,597,1,0,Graduate,Organic,2022-09-03
CUST001589,37,Female,Tier 2,Motihari,Gig Worker,34179,639,0,15,Graduate,Social Media,2023-05-02
CUST001590,43,Female,Tier 3,Naihati,Self Employed,85644,563,1,27,School,DSA Agent,2023-07-13
CUST001591,41,Male,Tier 1,Bhalswa Jahangir Pur,Self Employed,70819,662,0,30,Graduate,Organic,2023-11-21
CUST001592,42,Female,Tier 3,Katni,Business Owner,133221,733,0,6,Graduate,DSA Agent,2023-08-13
CUST001593,40,Male,Tier 3,Madurai,Salaried,69581,733,3,9,School,Referral,2023-01-15
CUST001594,35,Male,Tier 1,Ichalkaranji,Salaried,137620,741,0,18,Graduate,Referral,2023-11-09
CUST001595,44,Female,Tier 1,Motihari,Self Employed,61664,740,0,27,Graduate,DSA Agent,2023-02-25
CUST001596,36,Female,Tier 1,Jalandhar,Gig Worker,29354,534,0,5,Graduate,DSA Agent,2022-01-28
CUST001597,42,Female,Tier 1,North Dumdum,Salaried,113897,756,2,4,Graduate,Organic,2023-04-25
CUST001598,28,Male,Tier 1,Avadi,Salaried,50837,763,0,17,Professional,DSA Agent,2022-02-23
CUST001599,25,Male,Tier 2,Ujjain,Salaried,59640,788,3,26,School,Organic,2022-07-02
CUST001600,23,Female,Tier 3,Mango,Student,0,416,0,0,Graduate,Organic,2023-05-06
CUST001601,25,Male,Tier 2,Jalna,Salaried,59513,796,0,19,Postgraduate,Social Media,2023-06-16
CUST001602,38,Female,Tier 2,Bhagalpur,Salaried,87591,791,1,15,Graduate,DSA Agent,2023-12-17
CUST001603,28,Female,Tier 2,Thiruvananthapuram,Salaried,77388,846,0,6,Graduate,Organic,2022-08-12
CUST001604,35,Female,Tier 2,Mirzapur,Gig Worker,17640,580,3,3,Graduate,Social Media,2022-06-26
CUST001605,35,Male,Tier 2,Siliguri,Salaried,95897,838,0,8,Graduate,Referral,2023-08-04
CUST001606,25,Female,Tier 2,Purnia,Gig Worker,26977,525,1,11,Graduate,Referral,2022-03-12
CUST001607,42,Male,Tier 2,Pimpri-Chinchwad,Salaried,86607,777,0,2,School,Social Media,2022-12-04
CUST001608,25,Male,Tier 2,Raurkela Industrial Township,Student,0,571,0,0,Postgraduate,Social Media,2022-03-18
CUST001609,40,Male,Tier 1,Mangalore,Salaried,97272,757,2,5,Graduate,Social Media,2023-08-14
CUST001610,25,Male,Tier 2,Kochi,Gig Worker,28999,567,2,3,Graduate,Referral,2023-05-08
CUST001611,21,Female,Tier 3,Guntakal,Student,17187,557,0,0,Postgraduate,Social Media,2023-07-01
CUST001612,45,Male,Tier 2,Jalgaon,Self Employed,67827,675,0,36,Graduate,Organic,2023-11-09
CUST001613,32,Male,Tier 2,Sambalpur,Gig Worker,33730,646,1,11,Graduate,Organic,2022-03-20
CUST001614,41,Other,Tier 1,Kochi,Salaried,98867,838,0,21,Postgraduate,Referral,2022-12-11
CUST001615,26,Male,Tier 2,Sikar,Salaried,90259,726,0,23,Postgraduate,DSA Agent,2022-05-10
CUST001616,31,Female,Tier 2,Barasat,Self Employed,62884,623,0,9,Graduate,Organic,2023-06-24
CUST001617,43,Male,Tier 2,Gandhinagar,Business Owner,30636,631,1,9,Graduate,Organic,2022-08-21
CUST001618,30,Male,Tier 1,Madhyamgram,Self Employed,75825,636,0,31,Graduate,Referral,2023-12-03
CUST001619,26,Female,Tier 1,Panipat,Gig Worker,32998,504,0,5,Graduate,Organic,2022-01-23
CUST001620,35,Male,Tier 3,Arrah,Self Employed,65297,712,0,23,Graduate,Referral,2022-02-05
CUST001621,23,Female,Tier 3,Jamshedpur,Gig Worker,12037,586,0,15,School,Social Media,2022-09-09
CUST001622,28,Male,Tier 1,Gwalior,Salaried,126927,788,1,10,Graduate,DSA Agent,2023-09-11
CUST001623,36,Male,Tier 1,Unnao,Gig Worker,34911,518,0,6,Graduate,Referral,2022-02-13
CUST001624,37,Male,Tier 1,Lucknow,Business Owner,48137,649,1,26,Graduate,Referral,2022-08-16
CUST001625,27,Male,Tier 2,Panipat,Salaried,126076,794,0,26,School,Organic,2022-10-06
CUST001626,31,Male,Tier 2,Guntakal,Self Employed,51946,581,1,17,Postgraduate,Social Media,2022-10-19
CUST001627,39,Female,Tier 1,Yamunanagar,Salaried,92009,778,0,8,School,Organic,2022-12-01
CUST001628,32,Female,Tier 2,Raebareli,Gig Worker,34386,630,1,12,Postgraduate,Referral,2022-04-24
CUST001629,26,Male,Tier 2,Aurangabad,Salaried,58584,738,0,7,Postgraduate,Organic,2022-07-09
CUST001630,38,Male,Tier 2,Navi Mumbai,Gig Worker,27333,566,1,0,Professional,Social Media,2023-02-17
CUST001631,50,Female,Tier 2,Rajkot,Self Employed,54867,632,3,21,Graduate,DSA Agent,2022-11-17
CUST001632,43,Female,Tier 1,Machilipatnam,Salaried,43749,838,0,27,Postgraduate,Organic,2023-03-16
CUST001633,42,Female,Tier 2,Singrauli,Self Employed,70585,652,1,33,Graduate,Organic,2023-06-14
CUST001634,40,Female,Tier 2,Rajkot,Self Employed,93639,704,0,22,Graduate,Organic,2023-09-08
CUST001635,45,Male,Tier 2,Dhule,Business Owner,91508,668,0,18,School,DSA Agent,2022-05-20
CUST001636,33,Male,Tier 1,Bokaro,Salaried,70549,730,0,7,Postgraduate,DSA Agent,2022-05-13
CUST001637,37,Female,Tier 3,Kolkata,Gig Worker,15657,508,1,12,Graduate,Organic,2022-05-16
CUST001638,34,Female,Tier 2,Satara,Salaried,74693,803,1,12,Graduate,Organic,2022-03-03
CUST001639,51,Female,Tier 3,Thane,Business Owner,59398,713,0,4,Graduate,Organic,2023-04-19
CUST001640,34,Male,Tier 1,Ramgarh,Business Owner,158713,716,0,7,Postgraduate,Social Media,2023-11-08
CUST001641,36,Other,Tier 1,Nanded,Gig Worker,15542,593,0,7,Graduate,Referral,2022-10-25
CUST001642,22,Female,Tier 3,Kishanganj,Student,0,510,0,0,Graduate,Referral,2023-04-27
CUST001643,24,Male,Tier 2,Visakhapatnam,Gig Worker,18049,511,0,4,Graduate,Organic,2023-06-15
CUST001644,41,Female,Tier 2,Amravati,Self Employed,84451,666,0,28,School,Organic,2022-07-07
CUST001645,45,Male,Tier 1,Bharatpur,Salaried,143340,829,0,9,School,Organic,2023-01-22
CUST001646,41,Male,Tier 2,Bhusawal,Self Employed,57539,662,0,15,Graduate,Social Media,2023-12-11
CUST001647,43,Male,Tier 2,Kulti,Salaried,132446,701,0,9,Graduate,Organic,2023-03-29
CUST001648,24,Male,Tier 3,Ranchi,Student,15848,587,0,0,Professional,Organic,2022-04-22
CUST001649,32,Male,Tier 2,Deoghar,Self Employed,84752,735,0,1,Graduate,Social Media,2022-06-30
CUST001650,32,Female,Tier 3,Kolhapur,Self Employed,69113,687,0,1,School,Organic,2022-12-25
CUST001651,29,Male,Tier 2,Satara,Salaried,52010,794,2,11,School,Social Media,2023-05-11
CUST001652,38,Female,Tier 3,Medininagar,Salaried,57446,848,0,24,Graduate,Organic,2022-07-17
CUST001653,34,Male,Tier 2,Navi Mumbai,Salaried,70427,719,0,11,Postgraduate,DSA Agent,2022-12-23
CUST001654,36,Male,Tier 3,Patiala,Gig Worker,18548,662,0,10,Postgraduate,Social Media,2022-07-18
CUST001655,40,Female,Tier 1,Maheshtala,Salaried,80004,808,1,20,Graduate,Social Media,2023-06-02
CUST001656,30,Female,Tier 2,Dewas,Business Owner,122146,798,2,25,Professional,Social Media,2022-01-08
CUST001657,34,Female,Tier 3,Guntur,Gig Worker,31960,655,1,1,Graduate,DSA Agent,2023-11-30
CUST001658,30,Other,Tier 2,Gudivada,Salaried,49552,818,1,4,Graduate,DSA Agent,2023-09-17
CUST001659,37,Male,Tier 3,Alwar,Gig Worker,23628,616,0,7,School,Social Media,2022-12-28
CUST001660,33,Male,Tier 1,Bhusawal,Gig Worker,16977,548,0,15,Postgraduate,Social Media,2023-12-01
CUST001661,49,Female,Tier 2,Jamalpur,Self Employed,55807,675,1,5,School,Organic,2022-08-12
CUST001662,38,Other,Tier 1,Bhilwara,Gig Worker,28016,619,0,4,Professional,Organic,2023-06-11
CUST001663,48,Female,Tier 2,Ujjain,Business Owner,188882,607,3,36,Graduate,Referral,2023-03-01
CUST001664,37,Female,Tier 3,Sirsa,Gig Worker,27301,522,1,3,Professional,Social Media,2022-05-03
CUST001665,52,Female,Tier 3,Rohtak,Business Owner,59148,777,0,34,Graduate,Referral,2022-02-27
CUST001666,25,Male,Tier 3,Asansol,Student,0,464,0,0,Graduate,Social Media,2022-12-10
CUST001667,32,Female,Tier 1,Madurai,Salaried,141310,816,0,17,Graduate,Organic,2022-09-26
CUST001668,48,Female,Tier 2,Nellore,Business Owner,155669,726,1,37,Postgraduate,Referral,2023-04-02
CUST001669,26,Female,Tier 1,Phusro,Salaried,128109,724,1,2,Graduate,Social Media,2022-08-21
CUST001670,24,Male,Tier 1,Gurgaon,Student,12007,473,1,0,Postgraduate,DSA Agent,2023-05-12
CUST001671,30,Male,Tier 2,Satna,Gig Worker,20448,553,0,0,Postgraduate,Social Media,2022-11-26
CUST001672,25,Male,Tier 2,Nadiad,Student,0,581,0,0,Graduate,Organic,2023-06-21
CUST001673,21,Male,Tier 2,Mahbubnagar,Student,14006,508,0,0,Postgraduate,Social Media,2022-07-14
CUST001674,18,Female,Tier 2,Solapur,Student,0,428,1,0,School,Referral,2022-12-21
CUST001675,40,Male,Tier 2,Amravati,Self Employed,54545,691,2,3,Postgraduate,Referral,2023-10-19
CUST001676,42,Male,Tier 2,Motihari,Salaried,138643,706,1,17,School,DSA Agent,2022-08-23
CUST001677,45,Male,Tier 2,Amritsar,Salaried,91005,757,0,15,Postgraduate,Referral,2022-06-04
CUST001678,27,Female,Tier 2,Hubli–Dharwad,Gig Worker,32056,579,1,0,Professional,Social Media,2022-10-26
CUST001679,45,Female,Tier 1,Thoothukudi,Salaried,106267,761,1,24,School,Social Media,2023-10-25
CUST001680,31,Male,Tier 2,Ulhasnagar,Self Employed,29549,722,1,15,School,Referral,2023-01-11
CUST001681,45,Male,Tier 1,Panipat,Salaried,112981,772,0,1,Graduate,Referral,2022-03-24
CUST001682,46,Male,Tier 2,Navi Mumbai,Business Owner,71083,799,1,12,Graduate,Social Media,2022-07-04
CUST001683,45,Female,Tier 2,Korba,Self Employed,88619,588,0,7,School,Social Media,2022-10-24
CUST001684,23,Male,Tier 3,Vasai-Virar,Student,0,482,1,0,Graduate,Organic,2023-03-21
CUST001685,44,Female,Tier 2,Akola,Salaried,75001,784,0,19,Postgraduate,Referral,2022-10-06
CUST001686,22,Male,Tier 1,Giridih,Student,0,572,1,0,Postgraduate,Referral,2023-03-23
CUST001687,53,Male,Tier 3,Bareilly,Business Owner,182703,752,0,36,Graduate,Social Media,2022-08-18
CUST001688,34,Female,Tier 3,Aurangabad,Gig Worker,21533,594,0,13,Graduate,Social Media,2023-06-28
CUST001689,33,Male,Tier 2,Suryapet,Self Employed,82673,609,1,6,Graduate,DSA Agent,2022-08-18
CUST001690,32,Female,Tier 3,Narasaraopet,Self Employed,57479,682,1,2,Postgraduate,Referral,2022-01-18
CUST001691,32,Male,Tier 1,Nashik,Salaried,141206,761,1,20,School,Organic,2023-10-07
CUST001692,29,Female,Tier 3,Ratlam,Gig Worker,25591,508,0,19,Graduate,Social Media,2023-05-27
CUST001693,33,Female,Tier 3,Bokaro,Gig Worker,12296,512,0,4,Graduate,Organic,2022-11-04
CUST001694,29,Female,Tier 2,Katihar,Salaried,128397,770,0,6,School,Organic,2022-08-02
CUST001695,30,Male,Tier 3,Morena,Gig Worker,17101,550,0,15,Graduate,Social Media,2022-01-07
CUST001696,41,Male,Tier 2,Rampur,Salaried,138015,827,3,10,Graduate,Social Media,2023-03-16
CUST001697,40,Male,Tier 1,Anand,Salaried,144775,744,0,27,School,Organic,2023-11-03
CUST001698,29,Female,Tier 1,Cuttack,Salaried,124058,772,0,6,School,Social Media,2023-06-17
CUST001699,52,Female,Tier 1,Burhanpur,Business Owner,40573,662,1,8,School,Organic,2023-08-28
CUST001700,25,Male,Tier 3,Meerut,Gig Worker,20436,563,0,16,Graduate,Social Media,2023-08-02
CUST001701,50,Male,Tier 1,Kulti,Business Owner,162832,609,1,35,Postgraduate,Referral,2022-02-08
CUST001702,34,Female,Tier 3,Berhampore,Gig Worker,26206,543,0,0,Graduate,Organic,2023-12-09
CUST001703,41,Male,Tier 1,Bahraich,Salaried,54916,746,0,27,Graduate,Social Media,2023-04-17
CUST001704,23,Male,Tier 2,Bhind,Gig Worker,26243,532,1,7,Graduate,Organic,2023-08-02
CUST001705,24,Male,Tier 3,Bally,Gig Worker,15612,671,2,12,Graduate,Social Media,2023-01-21
CUST001706,28,Female,Tier 2,Saharsa,Salaried,60379,798,0,30,Graduate,DSA Agent,2023-10-09
CUST001707,30,Female,Tier 3,Farrukhabad,Self Employed,58416,578,0,2,School,Organic,2023-12-04
CUST001708,25,Other,Tier 2,Farrukhabad,Salaried,92725,767,1,26,Graduate,Referral,2023-12-03
CUST001709,47,Male,Tier 1,Satara,Self Employed,36284,714,2,8,School,Organic,2022-08-11
CUST001710,30,Female,Tier 1,Vijayawada,Self Employed,75812,653,1,20,Postgraduate,Social Media,2023-08-26
CUST001711,30,Female,Tier 2,Mathura,Salaried,93728,704,0,10,Postgraduate,Referral,2023-09-13
CUST001712,25,Male,Tier 1,Dehradun,Salaried,57060,755,0,22,School,Referral,2022-06-28
CUST001713,30,Female,Tier 3,Guwahati,Self Employed,40323,693,2,2,Graduate,Referral,2023-04-17
CUST001714,26,Male,Tier 2,Begusarai,Gig Worker,33246,565,1,5,School,Social Media,2023-09-15
CUST001715,28,Male,Tier 2,Hyderabad,Salaried,102131,825,0,23,Postgraduate,Referral,2022-10-01
CUST001716,39,Male,Tier 2,Danapur,Business Owner,151288,791,1,35,School,Social Media,2022-06-20
CUST001717,26,Male,Tier 1,Nangloi Jat,Salaried,91074,710,2,28,Graduate,Social Media,2023-05-10
CUST001718,47,Female,Tier 3,Kottayam,Self Employed,68129,693,0,11,School,Social Media,2022-05-28
CUST001719,34,Male,Tier 2,Machilipatnam,Business Owner,149081,756,1,6,Graduate,Organic,2023-04-28
CUST001720,37,Male,Tier 2,Tadepalligudem,Salaried,65975,833,1,28,Graduate,Referral,2022-07-14
CUST001721,38,Male,Tier 1,Chennai,Salaried,69364,738,0,23,Graduate,Organic,2023-06-11
CUST001722,41,Female,Tier 2,Deoghar,Salaried,104838,829,2,8,School,Social Media,2023-08-10
CUST001723,35,Female,Tier 2,Sambalpur,Salaried,149073,796,1,23,Professional,Referral,2023-07-14
CUST001724,27,Female,Tier 1,Medininagar,Salaried,133863,759,0,21,Postgraduate,Organic,2023-08-20
CUST001725,29,Female,Tier 2,Gulbarga,Self Employed,90821,660,2,29,School,Social Media,2023-05-28
CUST001726,31,Male,Tier 2,Akola,Salaried,59612,805,0,13,Graduate,Referral,2023-06-13
CUST001727,35,Male,Tier 2,Ambarnath,Gig Worker,25553,622,0,7,Graduate,Organic,2023-10-14
CUST001728,51,Female,Tier 2,Kottayam,Business Owner,164791,673,1,23,Graduate,Organic,2022-04-17
CUST001729,21,Male,Tier 1,Faridabad,Student,0,419,0,0,School,Social Media,2023-05-03
CUST001730,47,Male,Tier 2,Shimla,Self Employed,73808,703,0,3,Graduate,DSA Agent,2022-03-17
CUST001731,34,Female,Tier 1,Tirunelveli,Salaried,95679,735,0,9,Postgraduate,Social Media,2023-12-03
CUST001732,45,Male,Tier 3,Gorakhpur,Self Employed,45190,565,1,16,Graduate,Social Media,2023-05-03
CUST001733,23,Male,Tier 2,Kulti,Gig Worker,14534,623,0,6,Graduate,Referral,2023-05-18
CUST001734,36,Male,Tier 2,Ramagundam,Gig Worker,31260,508,0,16,Graduate,Social Media,2022-01-31
CUST001735,35,Male,Tier 1,Karawal Nagar,Salaried,73775,764,0,27,Graduate,Social Media,2022-08-28
CUST001736,19,Female,Tier 3,Bilaspur,Student,3159,517,0,0,School,DSA Agent,2023-09-05
CUST001737,29,Female,Tier 2,Delhi,Gig Worker,16473,560,0,1,Graduate,Referral,2022-12-09
CUST001738,34,Female,Tier 1,Bellary,Salaried,141420,714,1,15,Graduate,Referral,2022-01-26
CUST001739,37,Female,Tier 2,Kottayam,Gig Worker,12173,535,1,13,Graduate,Social Media,2023-03-27
CUST001740,24,Male,Tier 2,Madhyamgram,Gig Worker,22272,625,0,13,Graduate,Social Media,2022-10-11
CUST001741,18,Male,Tier 1,Howrah,Student,0,524,0,0,Graduate,Social Media,2023-07-23
CUST001742,37,Male,Tier 1,Chennai,Self Employed,78036,632,0,22,Graduate,Social Media,2022-04-13
CUST001743,48,Male,Tier 2,Ozhukarai,Self Employed,81758,574,0,30,Postgraduate,Social Media,2022-03-12
CUST001744,32,Other,Tier 2,Raichur,Salaried,48500,739,1,16,School,Organic,2023-12-08
CUST001745,26,Female,Tier 2,Kolkata,Gig Worker,23911,611,0,0,Graduate,Referral,2022-08-18
CUST001746,25,Male,Tier 2,Gaya,Gig Worker,27719,633,0,12,Graduate,Referral,2022-09-11
CUST001747,29,Male,Tier 2,Raichur,Salaried,41459,830,0,15,Postgraduate,Social Media,2023-08-04
CUST001748,26,Male,Tier 2,Salem,Salaried,143090,726,0,10,Graduate,Organic,2022-11-19
CUST001749,34,Male,Tier 2,Pallavaram,Self Employed,23829,618,0,39,Postgraduate,Organic,2022-05-17
CUST001750,39,Male,Tier 2,Guwahati,Salaried,126800,804,0,22,Graduate,Organic,2022-06-05
CUST001751,33,Female,Tier 2,Bulandshahr,Gig Worker,12160,509,1,18,School,DSA Agent,2022-04-13
CUST001752,40,Female,Tier 1,Morbi,Salaried,44439,711,1,22,Postgraduate,Organic,2023-09-03
CUST001753,28,Female,Tier 1,Bhatpara,Salaried,93179,778,0,10,Graduate,Referral,2023-02-23
CUST001754,40,Male,Tier 1,Kamarhati,Salaried,141013,841,0,9,Postgraduate,Organic,2023-11-12
CUST001755,36,Male,Tier 1,Tenali,Business Owner,164306,633,0,4,Graduate,Referral,2022-10-12
CUST001756,26,Female,Tier 1,Dewas,Student,11348,572,0,0,Postgraduate,Organic,2023-02-17
CUST001757,45,Female,Tier 2,Haldia,Business Owner,124451,781,1,6,Graduate,Organic,2023-01-25
CUST001758,36,Female,Tier 2,Jorhat,Gig Worker,12748,500,0,8,Postgraduate,Referral,2023-12-11
CUST001759,36,Female,Tier 2,Moradabad,Salaried,145835,800,0,26,Graduate,Organic,2022-07-31
CUST001760,34,Female,Tier 3,Bahraich,Gig Worker,24436,560,2,11,School,Organic,2023-10-08
CUST001761,26,Female,Tier 2,Kolhapur,Gig Worker,22724,581,2,16,Graduate,Social Media,2022-05-08
CUST001762,19,Male,Tier 2,Raebareli,Student,5758,453,0,0,Professional,Organic,2022-07-19
CUST001763,38,Female,Tier 3,Secunderabad,Salaried,50520,766,0,13,Postgraduate,Referral,2023-12-11
CUST001764,33,Male,Tier 2,Bhubaneswar,Gig Worker,14222,528,1,16,Graduate,Referral,2023-10-03
CUST001765,36,Male,Tier 1,Anantapuram,Salaried,101771,748,0,22,School,Organic,2023-01-10
CUST001766,45,Female,Tier 2,Guntur,Salaried,50908,704,0,7,School,Referral,2023-09-19
CUST001767,47,Male,Tier 3,Bidar,Self Employed,21360,579,0,2,Postgraduate,Organic,2022-08-18
CUST001768,23,Male,Tier 2,Patna,Gig Worker,22006,525,0,10,Postgraduate,Social Media,2023-08-03
CUST001769,28,Male,Tier 3,Davanagere,Gig Worker,32872,570,2,9,Graduate,DSA Agent,2023-11-08
CUST001770,26,Male,Tier 3,Shimoga,Gig Worker,29478,589,1,8,Professional,Social Media,2022-09-21
CUST001771,32,Male,Tier 2,Bidar,Gig Worker,34162,669,0,17,Graduate,Social Media,2023-09-17
CUST001772,49,Male,Tier 1,Jamalpur,Self Employed,35960,667,0,31,Postgraduate,Organic,2022-03-31
CUST001773,26,Male,Tier 3,Warangal,Student,0,451,0,0,School,Organic,2022-12-30
CUST001774,32,Male,Tier 3,Silchar,Business Owner,184830,668,1,12,Graduate,Social Media,2022-02-28
CUST001775,41,Other,Tier 2,Mira-Bhayandar,Self Employed,26737,687,0,33,Postgraduate,Social Media,2022-04-20
CUST001776,40,Male,Tier 2,Moradabad,Salaried,85840,704,0,23,Postgraduate,Social Media,2023-08-09
CUST001777,37,Male,Tier 2,Cuttack,Self Employed,96132,687,0,27,Graduate,Organic,2022-06-25
CUST001778,28,Female,Tier 3,Hapur,Gig Worker,28752,528,1,16,Graduate,Social Media,2023-10-31
CUST001779,40,Female,Tier 1,Patiala,Salaried,109052,777,1,22,Postgraduate,Organic,2023-06-10
CUST001780,23,Female,Tier 2,Tiruvottiyur,Student,17248,503,0,0,School,Social Media,2023-07-17
CUST001781,36,Male,Tier 2,Kavali,Salaried,67830,830,0,13,Postgraduate,DSA Agent,2023-06-08
CUST001782,41,Female,Tier 2,Raebareli,Business Owner,188900,627,1,2,Graduate,Referral,2022-11-05
CUST001783,31,Female,Tier 3,Ramagundam,Gig Worker,28037,574,0,9,Postgraduate,Social Media,2023-10-19
CUST001784,47,Female,Tier 3,Shivpuri,Self Employed,81569,597,0,1,Postgraduate,Organic,2023-09-17
CUST001785,43,Female,Tier 2,Haldia,Self Employed,57463,551,0,3,Graduate,DSA Agent,2023-03-09
CUST001786,23,Female,Tier 3,Tadipatri,Student,0,461,0,0,Postgraduate,Social Media,2022-10-12
CUST001787,33,Female,Tier 3,Sasaram,Self Employed,25502,645,0,28,Graduate,Social Media,2022-03-12
CUST001788,44,Female,Tier 3,Kulti,Self Employed,67660,625,0,31,Postgraduate,Organic,2023-09-07
CUST001789,26,Male,Tier 2,Raipur,Salaried,111153,831,1,18,School,Referral,2022-11-03
CUST001790,35,Female,Tier 3,Shahjahanpur,Gig Worker,30105,674,1,18,School,Referral,2022-01-11
CUST001791,38,Female,Tier 1,Davanagere,Salaried,118505,774,0,14,Graduate,Social Media,2022-07-25
CUST001792,33,Male,Tier 2,Kota,Self Employed,31136,721,3,39,School,DSA Agent,2023-02-21
CUST001793,32,Other,Tier 2,Maheshtala,Gig Worker,12012,612,1,1,Postgraduate,Organic,2022-04-06
CUST001794,49,Male,Tier 1,Berhampur,Self Employed,40771,653,1,5,School,Social Media,2022-12-20
CUST001795,35,Male,Tier 2,Mira-Bhayandar,Salaried,118747,845,1,30,Graduate,Organic,2022-10-14
CUST001796,33,Female,Tier 1,Agra,Salaried,57353,790,1,2,Graduate,Referral,2023-06-07
CUST001797,45,Male,Tier 2,Nellore,Self Employed,37178,617,0,35,School,Organic,2023-08-05
CUST001798,31,Male,Tier 1,Purnia,Salaried,103753,826,0,26,Postgraduate,Referral,2023-06-07
CUST001799,36,Male,Tier 1,Tadepalligudem,Salaried,84637,775,0,8,Postgraduate,Referral,2022-07-23
CUST001800,41,Male,Tier 2,Mysore,Salaried,71927,776,0,9,Postgraduate,Referral,2023-03-31
CUST001801,43,Male,Tier 2,Nadiad,Business Owner,48852,633,1,7,School,Organic,2022-10-23
CUST001802,37,Male,Tier 3,Loni,Self Employed,73025,687,0,5,Graduate,DSA Agent,2023-10-01
CUST001803,23,Male,Tier 3,Ahmednagar,Gig Worker,18292,620,1,1,Graduate,Referral,2023-05-11
CUST001804,33,Other,Tier 1,Naihati,Salaried,128015,814,0,30,Graduate,Referral,2022-10-16
CUST001805,30,Other,Tier 2,Nangloi Jat,Salaried,78448,764,0,11,Postgraduate,Social Media,2022-03-26
CUST001806,37,Male,Tier 1,Sasaram,Self Employed,53243,619,1,7,Graduate,Social Media,2023-06-09
CUST001807,36,Female,Tier 2,Faridabad,Self Employed,40637,566,0,8,Postgraduate,Social Media,2022-07-01
CUST001808,36,Male,Tier 2,Bhubaneswar,Salaried,73424,807,0,5,Postgraduate,Social Media,2023-01-02
CUST001809,44,Male,Tier 1,Bharatpur,Salaried,138447,757,0,10,Graduate,Social Media,2022-01-20
CUST001810,34,Male,Tier 2,Etawah,Salaried,99831,833,0,20,Graduate,Referral,2023-04-27
CUST001811,49,Other,Tier 1,Shahjahanpur,Self Employed,84450,601,0,10,Graduate,Referral,2023-11-18
CUST001812,42,Female,Tier 1,Nashik,Self Employed,80265,722,0,14,Graduate,Social Media,2023-03-13
CUST001813,33,Male,Tier 1,Thane,Salaried,101422,724,0,12,Graduate,Organic,2022-09-12
CUST001814,36,Male,Tier 2,Faridabad,Salaried,45320,836,0,10,School,Organic,2023-12-12
CUST001815,25,Male,Tier 1,Rajpur Sonarpur,Salaried,138712,747,0,23,School,Social Media,2023-04-19
CUST001816,49,Female,Tier 1,Chittoor,Business Owner,93448,623,0,19,Graduate,Social Media,2022-06-21
CUST001817,26,Female,Tier 2,Medininagar,Salaried,87031,734,0,2,Graduate,Social Media,2023-05-19
CUST001818,38,Male,Tier 2,Chinsurah,Self Employed,67759,690,0,12,Postgraduate,Referral,2022-02-19
CUST001819,34,Female,Tier 2,Nizamabad,Self Employed,21083,598,0,22,Graduate,Social Media,2023-05-09
CUST001820,34,Male,Tier 2,Bharatpur,Gig Worker,15546,539,0,6,Professional,DSA Agent,2023-10-02
CUST001821,43,Female,Tier 2,Avadi,Salaried,54140,849,0,8,Professional,Social Media,2022-12-27
CUST001822,25,Female,Tier 2,Jalandhar,Salaried,46611,760,0,19,School,Social Media,2023-12-08
CUST001823,45,Male,Tier 2,Suryapet,Self Employed,81978,695,1,20,School,Social Media,2023-06-29
CUST001824,29,Female,Tier 3,Bathinda,Self Employed,40537,589,0,11,School,Organic,2022-08-23
CUST001825,29,Female,Tier 1,Mirzapur,Self Employed,79787,667,0,23,Graduate,Organic,2023-05-20
CUST001826,34,Male,Tier 3,Patiala,Gig Worker,19566,623,1,5,Graduate,Referral,2022-11-14
CUST001827,40,Male,Tier 1,Bhagalpur,Salaried,75329,833,2,29,Graduate,Organic,2022-04-01
CUST001828,30,Female,Tier 1,Chandigarh,Business Owner,195129,636,0,33,Graduate,Social Media,2022-04-19
CUST001829,40,Male,Tier 1,Bikaner,Self Employed,74344,565,2,19,Graduate,DSA Agent,2022-02-05
CUST001830,40,Male,Tier 2,Kalyan-Dombivli,Salaried,104050,806,0,26,Graduate,Social Media,2022-01-29
CUST001831,36,Male,Tier 3,Nellore,Business Owner,197173,778,2,15,Graduate,DSA Agent,2022-08-25
CUST001832,38,Female,Tier 3,Navi Mumbai,Self Employed,31240,663,0,4,Graduate,Organic,2023-01-18
CUST001833,30,Female,Tier 3,Bongaigaon,Gig Worker,31486,534,0,3,Graduate,Referral,2022-04-01
CUST001834,46,Female,Tier 2,Barasat,Self Employed,20654,591,0,21,Graduate,DSA Agent,2022-03-17
CUST001835,19,Female,Tier 1,Panihati,Student,0,558,0,0,Graduate,DSA Agent,2022-07-02
CUST001836,47,Male,Tier 2,Varanasi,Self Employed,29472,610,0,3,Postgraduate,Social Media,2023-11-21
CUST001837,42,Female,Tier 1,Nellore,Salaried,100738,795,0,17,School,Organic,2023-02-22
CUST001838,42,Female,Tier 1,Jamalpur,Salaried,43249,733,0,16,Postgraduate,DSA Agent,2022-04-16
CUST001839,55,Male,Tier 2,Karaikudi,Business Owner,89857,741,1,33,Postgraduate,Organic,2022-10-29
CUST001840,37,Male,Tier 1,Ambarnath,Salaried,137031,723,1,3,Graduate,Social Media,2022-12-19
CUST001841,38,Male,Tier 3,Kochi,Gig Worker,26264,558,1,4,Postgraduate,Social Media,2022-10-16
CUST001842,36,Female,Tier 2,Jabalpur,Gig Worker,17774,511,2,6,Graduate,DSA Agent,2023-06-05
CUST001843,37,Female,Tier 3,Gurgaon,Gig Worker,14218,548,0,13,Graduate,Social Media,2023-08-01
CUST001844,28,Female,Tier 3,Rourkela,Self Employed,75695,717,0,3,Graduate,Social Media,2023-06-25
CUST001845,47,Other,Tier 2,Bikaner,Business Owner,61577,678,0,37,Postgraduate,Social Media,2023-02-24
CUST001846,36,Male,Tier 1,Ranchi,Salaried,122549,819,0,17,Graduate,Social Media,2022-11-22
CUST001847,33,Female,Tier 2,Jhansi,Salaried,75838,753,0,15,Graduate,Social Media,2023-04-02
CUST001848,29,Female,Tier 2,Shimla,Salaried,44775,798,0,4,Professional,Social Media,2023-07-31
CUST001849,23,Male,Tier 3,Dehradun,Student,0,567,0,0,Graduate,Organic,2023-07-19
CUST001850,44,Other,Tier 3,Danapur,Self Employed,56032,550,0,9,Graduate,DSA Agent,2022-05-01
CUST001851,33,Male,Tier 1,Kishanganj,Salaried,92060,842,0,27,Graduate,Organic,2023-11-19
CUST001852,20,Female,Tier 1,Rewa,Student,11761,429,0,0,School,Social Media,2022-11-19
CUST001853,24,Female,Tier 1,Tiruppur,Student,12491,560,1,0,Postgraduate,Organic,2023-05-24
CUST001854,21,Female,Tier 2,Delhi,Student,3737,447,1,0,Graduate,Organic,2022-03-18
CUST001855,52,Female,Tier 3,Aurangabad,Business Owner,183477,690,1,7,Graduate,Referral,2023-10-10
CUST001856,37,Male,Tier 2,Guntakal,Salaried,143102,804,1,16,Postgraduate,Social Media,2023-01-16
CUST001857,47,Female,Tier 2,Anand,Self Employed,48324,642,0,23,Graduate,Referral,2023-04-24
CUST001858,31,Male,Tier 2,Ambala,Gig Worker,16416,547,1,6,School,Organic,2022-11-13
CUST001859,26,Female,Tier 1,Avadi,Student,7165,427,0,0,School,DSA Agent,2022-08-06
CUST001860,45,Female,Tier 3,Sagar,Self Employed,85108,696,1,13,Graduate,Social Media,2022-01-26
CUST001861,35,Female,Tier 2,Suryapet,Self Employed,81601,631,0,24,Postgraduate,Social Media,2023-06-21
CUST001862,40,Male,Tier 2,Tirunelveli,Self Employed,41394,713,0,21,Graduate,Organic,2022-10-15
CUST001863,40,Female,Tier 1,Ranchi,Salaried,55010,762,0,8,Postgraduate,Social Media,2022-06-18
CUST001864,33,Female,Tier 2,Jalna,Gig Worker,32484,656,1,18,Graduate,Referral,2022-12-11
CUST001865,51,Female,Tier 3,Siliguri,Business Owner,55499,672,0,4,Graduate,Social Media,2022-12-12
CUST001866,33,Male,Tier 3,Guntur,Business Owner,156952,715,1,5,School,Referral,2022-07-03
CUST001867,34,Male,Tier 2,Faridabad,Salaried,84938,849,0,29,Graduate,Organic,2023-10-27
CUST001868,40,Male,Tier 2,Bhagalpur,Salaried,54874,783,0,14,School,Referral,2022-10-09
CUST001869,38,Female,Tier 2,Mumbai,Salaried,122843,709,0,19,Postgraduate,Referral,2022-03-19
CUST001870,31,Female,Tier 3,Mahbubnagar,Self Employed,66028,652,1,34,Professional,Organic,2023-06-17
CUST001871,22,Other,Tier 2,Anantapur,Student,0,467,0,0,School,Organic,2022-10-13
CUST001872,26,Male,Tier 1,Jamalpur,Salaried,71181,811,0,28,Graduate,DSA Agent,2023-02-27
CUST001873,26,Male,Tier 2,Guntur,Gig Worker,22280,672,0,13,Postgraduate,Organic,2023-12-02
CUST001874,20,Female,Tier 2,Pudukkottai,Student,4201,421,0,0,School,Social Media,2023-05-16
CUST001875,46,Female,Tier 2,Anantapur,Self Employed,73805,643,2,9,Graduate,Organic,2022-10-06
CUST001876,38,Female,Tier 3,Hyderabad,Gig Worker,16098,507,0,3,Postgraduate,Referral,2022-02-17
CUST001877,31,Female,Tier 2,Muzaffarnagar,Gig Worker,24530,677,3,1,Graduate,Referral,2022-11-06
CUST001878,27,Male,Tier 2,Belgaum,Gig Worker,20591,639,0,15,Graduate,Organic,2022-08-03
CUST001879,43,Female,Tier 2,Pune,Salaried,64975,802,1,2,Graduate,Organic,2022-05-28
CUST001880,27,Female,Tier 1,Eluru,Gig Worker,13612,577,1,11,Graduate,DSA Agent,2022-04-05
CUST001881,30,Female,Tier 2,Mahbubnagar,Self Employed,42008,613,2,3,Postgraduate,Referral,2023-10-21
CUST001882,18,Male,Tier 1,Mango,Student,3421,500,0,0,Graduate,Organic,2023-10-03
CUST001883,33,Male,Tier 2,Anantapur,Self Employed,99442,735,3,18,Postgraduate,Social Media,2022-12-20
CUST001884,33,Male,Tier 2,Kurnool,Self Employed,24712,638,0,28,Graduate,DSA Agent,2022-03-13
CUST001885,35,Female,Tier 1,Bhatpara,Salaried,128123,825,0,9,Graduate,Social Media,2023-05-30
CUST001886,33,Male,Tier 3,Ahmednagar,Gig Worker,33626,532,1,3,Graduate,Social Media,2022-06-14
CUST001887,43,Male,Tier 2,Arrah,Salaried,86464,849,1,27,Graduate,Organic,2023-05-14
CUST001888,35,Male,Tier 2,Nangloi Jat,Salaried,86311,849,0,8,Graduate,Social Media,2023-05-12
CUST001889,49,Female,Tier 2,Shimla,Self Employed,89557,735,0,12,School,DSA Agent,2023-04-09
CUST001890,45,Male,Tier 3,Jaunpur,Business Owner,197903,794,0,37,School,Social Media,2022-01-17
CUST001891,38,Female,Tier 2,Belgaum,Salaried,93760,820,1,25,Graduate,Referral,2022-02-09
CUST001892,23,Male,Tier 3,Jehanabad,Gig Worker,17913,526,1,1,Graduate,DSA Agent,2023-09-04
CUST001893,18,Male,Tier 3,Bokaro,Student,9758,460,0,0,Graduate,Social Media,2022-09-17
CUST001894,39,Female,Tier 1,Jaipur,Salaried,110590,713,1,30,Postgraduate,Social Media,2022-07-09
CUST001895,34,Male,Tier 3,Ujjain,Gig Worker,32274,612,2,7,Graduate,DSA Agent,2022-04-08
CUST001896,33,Male,Tier 2,Singrauli,Self Employed,99502,638,0,18,Postgraduate,Social Media,2023-09-04
CUST001897,35,Male,Tier 1,Coimbatore,Self Employed,31997,586,1,16,Graduate,Referral,2023-03-15
CUST001898,31,Female,Tier 2,Madurai,Salaried,107918,724,0,21,Graduate,Social Media,2022-06-09
CUST001899,32,Female,Tier 2,Sambalpur,Gig Worker,34359,634,0,11,Graduate,Social Media,2022-02-23
CUST001900,44,Male,Tier 2,Sambhal,Self Employed,30314,646,1,25,Graduate,Social Media,2023-10-07
CUST001901,36,Male,Tier 3,Hajipur,Gig Worker,21055,642,0,7,Graduate,Referral,2023-08-18
CUST001902,39,Other,Tier 2,Ahmedabad,Salaried,76452,739,0,2,Professional,DSA Agent,2023-03-07
CUST001903,37,Female,Tier 2,Burhanpur,Self Employed,88373,650,0,5,Graduate,Referral,2022-06-10
CUST001904,32,Male,Tier 2,Jaipur,Salaried,42166,707,1,20,Graduate,Social Media,2023-04-01
CUST001905,32,Female,Tier 1,Ahmedabad,Self Employed,39096,735,0,19,Postgraduate,Social Media,2022-06-17
CUST001906,28,Female,Tier 2,Mira-Bhayandar,Salaried,83369,765,0,7,School,DSA Agent,2023-09-24
CUST001907,40,Female,Tier 1,Gwalior,Business Owner,108240,674,3,14,Professional,Organic,2023-11-07
CUST001908,34,Male,Tier 3,Asansol,Gig Worker,19814,505,0,7,Postgraduate,Social Media,2022-06-30
CUST001909,42,Male,Tier 3,Bangalore,Salaried,90440,805,0,1,School,Referral,2022-09-13
CUST001910,38,Male,Tier 2,Hosur,Salaried,142789,795,0,13,Postgraduate,Organic,2023-08-25
CUST001911,45,Female,Tier 1,Guwahati,Salaried,68794,720,0,5,Graduate,Referral,2022-04-25
CUST001912,21,Female,Tier 2,Kolhapur,Student,0,548,0,0,Graduate,DSA Agent,2023-09-05
CUST001913,47,Male,Tier 3,Phusro,Business Owner,91292,685,1,11,School,Social Media,2023-12-01
CUST001914,24,Female,Tier 3,Ujjain,Gig Worker,15052,616,1,6,Postgraduate,Organic,2023-04-08
CUST001915,35,Female,Tier 3,Bathinda,Gig Worker,20325,609,2,19,Postgraduate,Organic,2022-01-03
CUST001916,46,Other,Tier 2,Bhatpara,Self Employed,57964,576,1,23,Postgraduate,Organic,2022-08-04
CUST001917,21,Female,Tier 3,Pimpri-Chinchwad,Student,0,553,0,0,Graduate,Social Media,2023-10-29
CUST001918,29,Other,Tier 3,Tinsukia,Gig Worker,23187,502,0,8,Graduate,DSA Agent,2022-04-23
CUST001919,30,Male,Tier 3,Jaipur,Gig Worker,18727,655,0,15,Graduate,Social Media,2022-04-11
CUST001920,36,Female,Tier 2,Kota,Gig Worker,14899,564,0,3,Graduate,Organic,2023-02-24
CUST001921,38,Female,Tier 3,Kota,Self Employed,85213,715,0,3,Graduate,Referral,2022-07-14
CUST001922,42,Male,Tier 2,Ajmer,Salaried,81948,812,1,28,Postgraduate,DSA Agent,2023-09-13
CUST001923,37,Male,Tier 2,Rajahmundry,Self Employed,87185,654,2,31,Postgraduate,Organic,2022-05-16
CUST001924,29,Other,Tier 2,Ambattur,Gig Worker,33980,618,0,11,Graduate,Referral,2022-03-27
CUST001925,30,Male,Tier 2,Kharagpur,Self Employed,56941,749,0,2,School,Organic,2023-05-29
CUST001926,28,Female,Tier 1,Nagercoil,Salaried,41148,787,0,16,Graduate,Social Media,2023-11-04
CUST001927,32,Male,Tier 3,Kamarhati,Gig Worker,21715,539,0,6,Professional,Organic,2022-01-21
CUST001928,26,Male,Tier 2,Gorakhpur,Gig Worker,23901,573,0,18,Postgraduate,DSA Agent,2022-04-13
CUST001929,49,Male,Tier 2,Gulbarga,Self Employed,49332,607,1,9,Postgraduate,DSA Agent,2022-01-12
CUST001930,26,Male,Tier 2,Rajahmundry,Salaried,102106,806,0,9,Graduate,Social Media,2022-10-06
CUST001931,36,Female,Tier 3,Ichalkaranji,Gig Worker,33565,648,1,1,Postgraduate,Organic,2023-09-06
CUST001932,36,Female,Tier 2,Solapur,Gig Worker,29531,601,1,7,Postgraduate,DSA Agent,2023-09-05
CUST001933,28,Male,Tier 2,Kochi,Gig Worker,34226,570,1,14,Graduate,Social Media,2022-07-04
CUST001934,37,Male,Tier 2,Guwahati,Self Employed,81961,649,0,37,Graduate,Social Media,2023-04-03
CUST001935,29,Male,Tier 2,Mahbubnagar,Self Employed,49481,748,1,25,School,Referral,2022-09-09
CUST001936,26,Male,Tier 3,Mangalore,Student,0,484,0,0,Postgraduate,Social Media,2022-01-13
CUST001937,45,Female,Tier 2,Bettiah,Salaried,131164,736,0,27,School,Organic,2022-05-16
CUST001938,25,Male,Tier 1,Ghaziabad,Student,0,591,0,0,Graduate,Organic,2022-07-26
CUST001939,33,Male,Tier 2,Khandwa,Gig Worker,23917,621,0,12,Postgraduate,Organic,2022-02-10
CUST001940,30,Female,Tier 1,Barasat,Salaried,63951,850,0,13,Graduate,Organic,2022-04-09
CUST001941,35,Male,Tier 2,Karnal,Salaried,132158,782,0,21,Graduate,Referral,2023-07-31
CUST001942,25,Male,Tier 2,Gopalpur,Salaried,124749,769,1,5,School,Organic,2022-11-23
CUST001943,36,Male,Tier 1,Arrah,Self Employed,75585,571,2,4,Graduate,DSA Agent,2023-02-13
CUST001944,32,Female,Tier 2,Solapur,Self Employed,35475,750,0,23,Postgraduate,Organic,2022-03-30
CUST001945,48,Female,Tier 2,Jalgaon,Self Employed,24708,749,2,34,Graduate,DSA Agent,2023-08-03
CUST001946,33,Female,Tier 3,Imphal,Gig Worker,21318,632,2,2,Graduate,Organic,2022-02-19
CUST001947,25,Male,Tier 3,Pali,Gig Worker,33000,631,0,9,Graduate,Referral,2023-01-05
CUST001948,39,Male,Tier 2,Morena,Salaried,63647,828,0,23,Postgraduate,Social Media,2022-12-15
CUST001949,36,Female,Tier 1,Gorakhpur,Salaried,83891,827,0,27,Postgraduate,Organic,2023-08-28
CUST001950,32,Female,Tier 2,Alwar,Gig Worker,22613,506,0,0,School,Referral,2022-10-09
CUST001951,42,Other,Tier 1,Mysore,Salaried,118963,802,0,2,Professional,Referral,2023-02-03
CUST001952,29,Male,Tier 3,Warangal,Salaried,57410,761,0,2,Postgraduate,Organic,2023-04-07
CUST001953,27,Male,Tier 2,Kharagpur,Gig Worker,16944,552,0,11,School,Referral,2022-03-26
CUST001954,44,Female,Tier 2,Imphal,Self Employed,97059,605,0,16,School,Social Media,2022-12-18
CUST001955,52,Female,Tier 3,Khandwa,Business Owner,81131,747,1,10,Postgraduate,Referral,2023-01-27
CUST001956,45,Female,Tier 2,Haridwar,Business Owner,190469,686,2,37,Postgraduate,Social Media,2022-06-22
CUST001957,33,Female,Tier 1,Durgapur,Self Employed,37863,554,1,29,Graduate,DSA Agent,2023-04-23
CUST001958,31,Female,Tier 1,Yamunanagar,Gig Worker,16908,658,3,14,Professional,Social Media,2022-02-03
CUST001959,38,Female,Tier 1,Jamalpur,Self Employed,60343,587,1,24,Postgraduate,Organic,2023-07-19
CUST001960,32,Female,Tier 3,Siwan,Self Employed,80997,598,2,17,Graduate,Referral,2023-09-01
CUST001961,35,Other,Tier 1,Katihar,Salaried,63377,849,0,24,Graduate,Referral,2023-12-07
CUST001962,36,Female,Tier 1,Yamunanagar,Gig Worker,19888,516,0,15,School,Organic,2023-11-05
CUST001963,21,Male,Tier 2,Amaravati,Student,0,498,0,0,Graduate,Organic,2023-05-27
CUST001964,22,Male,Tier 2,Hajipur,Gig Worker,32835,626,3,8,Graduate,Referral,2023-02-10
CUST001965,38,Female,Tier 3,Chandigarh,Gig Worker,34123,578,1,14,School,Social Media,2022-08-23
CUST001966,24,Male,Tier 3,Mirzapur,Gig Worker,23517,644,2,11,Graduate,Social Media,2022-12-22
CUST001967,45,Female,Tier 2,Kurnool,Salaried,111502,738,0,8,School,Referral,2023-05-15
CUST001968,32,Male,Tier 2,Mirzapur,Gig Worker,32315,520,1,14,Postgraduate,Organic,2022-01-25
CUST001969,43,Male,Tier 1,Guntur,Salaried,72027,785,1,6,Postgraduate,Social Media,2022-02-17
CUST001970,25,Female,Tier 1,Allahabad,Salaried,73581,791,0,13,Postgraduate,Referral,2023-01-08
CUST001971,41,Male,Tier 2,Karimnagar,Salaried,141896,720,1,24,Postgraduate,Social Media,2023-10-21
CUST001972,23,Male,Tier 2,Durg,Student,8113,530,0,0,School,Organic,2022-11-08
CUST001973,32,Male,Tier 1,Asansol,Salaried,143431,819,0,9,Graduate,DSA Agent,2022-11-28
CUST001974,31,Female,Tier 2,Latur,Gig Worker,15597,575,0,3,Graduate,DSA Agent,2023-06-17
CUST001975,40,Male,Tier 3,Rajahmundry,Salaried,100579,744,1,16,Professional,Organic,2022-03-25
CUST001976,36,Female,Tier 3,Durgapur,Business Owner,50990,689,0,4,Graduate,Organic,2023-01-16
CUST001977,35,Male,Tier 2,Asansol,Salaried,59056,789,1,25,Graduate,Referral,2023-07-08
CUST001978,30,Female,Tier 3,Indore,Gig Worker,34387,665,0,1,Graduate,Organic,2023-12-08
CUST001979,24,Male,Tier 3,Serampore,Student,0,588,0,0,Graduate,Social Media,2022-12-11
CUST001980,25,Male,Tier 3,Aligarh,Student,0,431,0,0,Graduate,Organic,2022-02-27
CUST001981,43,Male,Tier 2,Morena,Salaried,61834,736,1,7,Postgraduate,Referral,2023-11-30
CUST001982,21,Male,Tier 2,Ludhiana,Student,0,517,0,0,Graduate,Social Media,2022-03-04
CUST001983,28,Female,Tier 3,Ambarnath,Gig Worker,12929,594,1,14,School,Referral,2022-09-08
CUST001984,32,Male,Tier 3,Vijayawada,Gig Worker,12717,645,1,13,Professional,Social Media,2023-04-18
CUST001985,35,Male,Tier 1,Solapur,Salaried,106293,850,0,6,Postgraduate,Social Media,2022-04-26
CUST001986,39,Female,Tier 3,Jehanabad,Salaried,133085,843,1,22,Graduate,DSA Agent,2022-02-21
CUST001987,34,Male,Tier 3,Jalgaon,Self Employed,25125,682,1,38,Postgraduate,Referral,2022-04-09
CUST001988,29,Male,Tier 1,Nandyal,Gig Worker,12082,530,0,18,School,Referral,2022-08-02
CUST001989,23,Female,Tier 2,Dehri,Gig Worker,29042,601,0,4,Postgraduate,Organic,2023-04-30
CUST001990,34,Female,Tier 2,Nandyal,Self Employed,50586,590,0,25,Graduate,Referral,2023-05-07
CUST001991,31,Male,Tier 3,Naihati,Self Employed,24327,670,0,8,Postgraduate,Social Media,2023-03-31
CUST001992,32,Male,Tier 1,Ahmedabad,Salaried,50871,795,0,2,Graduate,DSA Agent,2023-03-02
CUST001993,48,Other,Tier 2,Bhubaneswar,Self Employed,74056,575,0,4,Postgraduate,Organic,2023-07-08
CUST001994,38,Male,Tier 2,Allahabad,Salaried,92054,724,0,15,Graduate,Referral,2022-09-10
CUST001995,37,Other,Tier 1,Mahbubnagar,Self Employed,66594,582,0,28,Postgraduate,Organic,2022-10-23
CUST001996,45,Male,Tier 2,Ambala,Self Employed,36737,579,0,36,Graduate,Social Media,2023-04-10
CUST001997,50,Female,Tier 2,Hyderabad,Business Owner,112248,704,1,15,Professional,Referral,2023-02-17
CUST001998,25,Male,Tier 1,Bhusawal,Salaried,57121,748,1,11,Graduate,Organic,2022-08-18
CUST001999,34,Female,Tier 1,Begusarai,Salaried,79059,808,0,15,Graduate,Organic,2022-12-19
CUST002000,31,Male,Tier 2,Aurangabad,Salaried,44166,754,1,30,Graduate,Referral,2023-01-28
CUST002001,42,Female,Tier 2,Ambattur,Salaried,116674,702,0,4,Graduate,Organic,2023-04-16
CUST002002,36,Male,Tier 1,Sangli-Miraj & Kupwad,Salaried,47638,842,1,9,Postgraduate,Social Media,2022-12-01
CUST002003,54,Male,Tier 3,Tiruchirappalli,Business Owner,115157,716,1,19,Graduate,Organic,2022-03-19
CUST002004,26,Female,Tier 1,Cuttack,Salaried,45165,705,1,21,Graduate,Organic,2023-09-09
CUST002005,42,Female,Tier 2,Rewa,Salaried,109650,713,0,1,Graduate,Organic,2023-06-30
CUST002006,28,Female,Tier 2,Muzaffarnagar,Self Employed,63871,706,0,31,Postgraduate,Organic,2022-03-30
CUST002007,26,Male,Tier 1,Udaipur,Gig Worker,15814,545,0,19,Graduate,Social Media,2023-10-25
CUST002008,41,Female,Tier 2,Bhind,Self Employed,30091,733,3,5,Graduate,Organic,2023-05-24
CUST002009,45,Male,Tier 1,Satara,Salaried,73496,801,0,6,Graduate,Referral,2023-05-21
CUST002010,30,Other,Tier 3,Nadiad,Gig Worker,14423,575,2,8,Graduate,Organic,2023-11-13
CUST002011,31,Female,Tier 1,Meerut,Salaried,66335,805,1,24,School,Referral,2023-08-21
CUST002012,44,Male,Tier 1,Khandwa,Salaried,115422,765,0,14,Postgraduate,Organic,2023-03-05
CUST002013,32,Female,Tier 1,Gopalpur,Business Owner,52444,755,0,11,Postgraduate,DSA Agent,2023-07-14
CUST002014,36,Female,Tier 1,Vasai-Virar,Salaried,90096,794,1,10,Graduate,Organic,2023-11-04
CUST002015,22,Male,Tier 3,Mirzapur,Gig Worker,18058,633,0,3,Graduate,Organic,2022-06-17
CUST002016,38,Female,Tier 2,Bhopal,Gig Worker,33943,590,0,15,Graduate,Organic,2022-12-01
CUST002017,44,Male,Tier 1,Ichalkaranji,Salaried,144706,729,1,12,Graduate,Organic,2022-12-17
CUST002018,18,Female,Tier 1,Hosur,Student,0,414,0,0,Graduate,DSA Agent,2023-11-21
CUST002019,38,Male,Tier 1,Amritsar,Salaried,82170,807,0,16,Postgraduate,Organic,2022-06-27
CUST002020,33,Male,Tier 2,Kavali,Self Employed,51935,728,2,3,Graduate,Organic,2022-11-18
CUST002021,54,Male,Tier 2,Tirupati,Business Owner,55627,706,0,32,School,Organic,2022-09-21
CUST002022,31,Female,Tier 3,Suryapet,Gig Worker,30515,648,0,18,Postgraduate,Referral,2023-10-05
CUST002023,34,Female,Tier 1,Patna,Business Owner,186706,775,1,34,Postgraduate,Social Media,2022-12-19
CUST002024,34,Other,Tier 2,Agartala,Salaried,116300,847,0,6,Graduate,Referral,2022-11-06
CUST002025,29,Male,Tier 2,Jehanabad,Gig Worker,15657,509,0,1,Postgraduate,Referral,2022-11-20
CUST002026,33,Male,Tier 1,Phusro,Salaried,142460,809,0,28,Graduate,DSA Agent,2023-07-21
CUST002027,38,Female,Tier 3,Ranchi,Self Employed,32470,608,1,19,Postgraduate,Referral,2022-03-15
CUST002028,47,Female,Tier 2,Satna,Business Owner,93123,761,0,37,School,Social Media,2022-08-31
CUST002029,39,Male,Tier 2,Tirupati,Salaried,65640,826,2,9,Postgraduate,Organic,2022-11-28
CUST002030,41,Male,Tier 3,Raurkela Industrial Township,Self Employed,91617,697,1,5,Graduate,Organic,2022-08-31
CUST002031,44,Female,Tier 3,Sikar,Salaried,126123,829,0,10,School,Social Media,2023-06-01
CUST002032,31,Male,Tier 3,Satna,Gig Worker,13892,605,1,0,School,Organic,2022-07-17
CUST002033,30,Female,Tier 1,Raurkela Industrial Township,Gig Worker,31125,607,1,6,Professional,Social Media,2022-10-18
CUST002034,54,Female,Tier 2,Jalandhar,Business Owner,114217,648,2,26,Graduate,Organic,2022-04-29
CUST002035,47,Female,Tier 3,Vellore,Self Employed,32837,586,2,16,Postgraduate,Organic,2023-06-18
CUST002036,34,Female,Tier 3,Ambala,Salaried,96248,782,0,19,Graduate,Organic,2023-12-18
CUST002037,43,Male,Tier 2,Nagpur,Salaried,99741,780,0,2,Graduate,DSA Agent,2023-01-04
CUST002038,43,Female,Tier 1,Morena,Salaried,51213,757,0,25,Graduate,Social Media,2022-02-22
CUST002039,36,Female,Tier 1,Ramagundam,Salaried,113179,828,0,5,Graduate,Referral,2022-03-12
CUST002040,36,Male,Tier 2,Saharanpur,Salaried,69773,718,0,24,Professional,Social Media,2023-10-09
CUST002041,22,Female,Tier 2,Vijayawada,Student,0,591,0,0,Graduate,Social Media,2022-03-08
CUST002042,25,Male,Tier 2,Ahmednagar,Gig Worker,19205,670,0,7,Graduate,Organic,2022-03-14
CUST002043,23,Female,Tier 2,Ajmer,Gig Worker,27558,619,1,2,Graduate,Organic,2022-12-02
CUST002044,33,Male,Tier 1,Orai,Salaried,118468,765,0,27,Graduate,Organic,2022-03-17
CUST002045,18,Female,Tier 3,Sultan Pur Majra,Student,0,555,0,0,Graduate,Organic,2023-08-02
CUST002046,30,Male,Tier 3,Sonipat,Self Employed,71819,596,0,5,Graduate,Organic,2023-07-28
CUST002047,44,Male,Tier 1,Karimnagar,Salaried,83640,772,0,15,Graduate,Social Media,2022-10-17
CUST002048,43,Other,Tier 3,Thane,Self Employed,82211,726,1,24,Graduate,Referral,2023-09-23
CUST002049,31,Female,Tier 1,Mathura,Gig Worker,30262,560,1,19,Postgraduate,Social Media,2022-04-12
CUST002050,28,Male,Tier 2,Phagwara,Salaried,69575,781,0,13,Graduate,Social Media,2023-03-09
CUST002051,38,Male,Tier 3,Jamnagar,Gig Worker,30909,542,2,13,Graduate,Organic,2022-02-16
CUST002052,24,Male,Tier 1,Jalandhar,Gig Worker,17956,516,1,3,Postgraduate,Organic,2023-04-01
CUST002053,25,Female,Tier 1,Asansol,Salaried,95877,815,0,26,Graduate,Organic,2023-03-13
CUST002054,46,Female,Tier 2,Motihari,Business Owner,161152,729,1,37,Graduate,Referral,2023-03-13
CUST002055,21,Female,Tier 3,Panchkula,Student,10922,547,0,0,Graduate,Social Media,2022-09-14
CUST002056,43,Female,Tier 2,Malda,Self Employed,56328,663,0,27,Postgraduate,Social Media,2023-06-05
CUST002057,36,Female,Tier 3,Gulbarga,Gig Worker,24861,593,0,0,School,Social Media,2022-04-05
CUST002058,38,Male,Tier 1,Nanded,Gig Worker,31347,567,0,13,Postgraduate,DSA Agent,2022-11-16
CUST002059,34,Male,Tier 2,Parbhani,Self Employed,96018,639,0,5,School,Social Media,2022-10-02
CUST002060,31,Female,Tier 2,Nagercoil,Gig Worker,16714,565,2,14,Professional,Organic,2023-11-10
CUST002061,40,Female,Tier 2,Madurai,Salaried,137700,800,0,25,School,DSA Agent,2023-06-01
CUST002062,35,Female,Tier 3,Jaunpur,Gig Worker,24164,572,1,10,Graduate,Organic,2023-08-06
CUST002063,24,Female,Tier 3,Bhalswa Jahangir Pur,Student,0,560,0,0,Professional,Referral,2022-11-25
CUST002064,32,Female,Tier 3,Mango,Gig Worker,16004,677,1,12,Graduate,Referral,2023-11-06
CUST002065,25,Female,Tier 2,Amravati,Salaried,49386,739,1,4,Graduate,Social Media,2023-12-13
CUST002066,35,Male,Tier 2,Thane,Self Employed,97010,643,0,37,Postgraduate,Social Media,2023-07-15
CUST002067,37,Male,Tier 2,Baranagar,Salaried,54412,708,0,24,School,Organic,2022-02-09
CUST002068,27,Other,Tier 2,Alappuzha,Salaried,125567,790,1,29,Graduate,Referral,2022-08-12
CUST002069,36,Female,Tier 1,Gandhidham,Salaried,88221,823,0,6,Postgraduate,DSA Agent,2023-04-12
CUST002070,33,Male,Tier 2,Anand,Salaried,71807,794,0,3,Professional,Social Media,2022-08-31
CUST002071,31,Male,Tier 2,Dindigul,Self Employed,45605,594,0,26,School,DSA Agent,2022-10-01
CUST002072,32,Male,Tier 2,Haridwar,Gig Worker,33443,603,0,2,Postgraduate,Organic,2022-03-22
CUST002073,28,Male,Tier 1,Firozabad,Salaried,139347,738,0,12,Graduate,Organic,2023-03-25
CUST002074,24,Female,Tier 2,Udupi,Student,0,443,0,0,Postgraduate,DSA Agent,2023-01-30
CUST002075,18,Male,Tier 1,Sambalpur,Student,1037,560,0,0,Postgraduate,Social Media,2022-06-15
CUST002076,26,Female,Tier 3,Bhatpara,Student,0,515,0,0,Postgraduate,DSA Agent,2022-05-01
CUST002077,26,Male,Tier 2,Ramagundam,Salaried,89605,841,1,17,Postgraduate,Organic,2023-05-26
CUST002078,33,Female,Tier 3,Kozhikode,Gig Worker,18042,595,0,2,School,Social Media,2023-01-10
CUST002079,30,Male,Tier 3,Srinagar,Business Owner,135437,787,0,3,Graduate,Organic,2022-06-24
CUST002080,39,Female,Tier 2,Munger,Self Employed,76540,609,0,22,Postgraduate,Social Media,2023-10-21
CUST002081,33,Female,Tier 1,Tiruchirappalli,Salaried,137197,752,1,19,Graduate,Referral,2022-03-26
CUST002082,44,Female,Tier 2,Kirari Suleman Nagar,Salaried,79550,718,0,11,Graduate,Social Media,2022-09-29
CUST002083,29,Male,Tier 3,Deoghar,Gig Worker,30509,673,0,9,Graduate,Social Media,2023-10-19
CUST002084,45,Male,Tier 3,Moradabad,Business Owner,120006,635,0,11,Graduate,Social Media,2023-03-09
CUST002085,37,Male,Tier 2,Bokaro,Gig Worker,15338,665,0,14,Graduate,Social Media,2022-10-13
CUST002086,29,Male,Tier 3,Sikar,Gig Worker,12869,679,1,0,Postgraduate,DSA Agent,2022-03-31
CUST002087,37,Female,Tier 3,Kollam,Salaried,106221,841,0,4,Graduate,Social Media,2023-08-16
CUST002088,39,Female,Tier 3,Ozhukarai,Self Employed,76746,654,0,15,Graduate,Social Media,2022-08-05
CUST002089,19,Female,Tier 3,Ratlam,Student,6115,454,0,0,School,Referral,2023-03-22
CUST002090,35,Female,Tier 2,Mahbubnagar,Gig Worker,21657,606,1,1,Graduate,Organic,2022-06-25
CUST002091,37,Male,Tier 3,Rajpur Sonarpur,Self Employed,51039,636,1,8,School,Social Media,2023-09-19
CUST002092,44,Male,Tier 1,Raipur,Business Owner,31400,651,1,34,School,Social Media,2022-11-30
CUST002093,38,Male,Tier 1,Malda,Salaried,57086,811,1,24,Professional,Social Media,2023-10-19
CUST002094,25,Female,Tier 2,Bongaigaon,Gig Worker,19127,550,0,2,Graduate,Social Media,2023-03-12
CUST002095,27,Female,Tier 1,Nandyal,Salaried,71699,739,0,4,School,Social Media,2023-08-20
CUST002096,39,Male,Tier 2,Kakinada,Self Employed,82923,572,0,39,Graduate,DSA Agent,2023-09-28
CUST002097,38,Male,Tier 3,Tezpur,Gig Worker,29727,650,1,12,Graduate,Referral,2023-04-28
CUST002098,38,Female,Tier 2,Ghaziabad,Self Employed,44422,566,0,20,Postgraduate,Organic,2023-04-22
CUST002099,38,Female,Tier 3,Ghaziabad,Self Employed,67048,673,0,8,Graduate,Organic,2023-06-09
CUST002100,34,Female,Tier 2,Chinsurah,Gig Worker,20095,664,1,13,School,DSA Agent,2023-05-15
CUST002101,42,Male,Tier 3,Kakinada,Business Owner,161172,719,0,7,Graduate,Social Media,2023-03-09
CUST002102,26,Male,Tier 2,Rajpur Sonarpur,Gig Worker,34344,680,2,8,Graduate,Social Media,2022-01-21
CUST002103,42,Other,Tier 1,Bhusawal,Salaried,132064,721,0,18,Professional,Organic,2023-04-19
CUST002104,42,Female,Tier 1,Nizamabad,Self Employed,40250,597,1,2,Postgraduate,Referral,2023-12-23
CUST002105,33,Male,Tier 1,Gwalior,Self Employed,47974,677,0,11,School,Referral,2023-05-26
CUST002106,33,Female,Tier 1,Coimbatore,Salaried,122622,748,0,21,Graduate,Referral,2023-10-07
CUST002107,22,Female,Tier 1,Machilipatnam,Student,0,580,1,0,Graduate,Social Media,2023-06-23
CUST002108,36,Male,Tier 2,Bihar Sharif,Business Owner,190040,605,3,2,School,Social Media,2022-07-27
CUST002109,39,Male,Tier 1,Gurgaon,Salaried,118080,792,0,22,Graduate,Social Media,2022-01-23
CUST002110,32,Male,Tier 3,Rampur,Business Owner,111874,755,0,6,Graduate,Social Media,2022-05-21
CUST002111,34,Male,Tier 2,Meerut,Salaried,80531,839,1,6,Graduate,Organic,2022-08-01
CUST002112,41,Female,Tier 1,Haldia,Salaried,51196,734,1,25,Graduate,Organic,2023-06-30
CUST002113,37,Male,Tier 1,Bihar Sharif,Salaried,132568,713,0,29,School,Social Media,2023-08-16
CUST002114,23,Female,Tier 1,Davanagere,Student,0,599,0,0,Postgraduate,Organic,2022-08-28
CUST002115,38,Other,Tier 3,Gurgaon,Self Employed,23424,624,0,15,Graduate,Social Media,2023-12-17
CUST002116,25,Male,Tier 2,Fatehpur,Salaried,105733,743,1,1,Professional,Referral,2022-09-21
CUST002117,24,Male,Tier 1,Junagadh,Gig Worker,21062,659,0,1,School,Social Media,2022-09-30
CUST002118,29,Female,Tier 3,Aurangabad,Self Employed,76249,646,1,38,Postgraduate,Organic,2022-01-05
CUST002119,35,Female,Tier 1,Hyderabad,Salaried,73563,779,0,16,Graduate,Referral,2022-05-21
CUST002120,18,Female,Tier 2,Solapur,Student,0,447,0,0,Postgraduate,Organic,2023-11-07
CUST002121,19,Male,Tier 3,North Dumdum,Student,0,509,0,0,Graduate,Organic,2022-04-22
CUST002122,30,Male,Tier 3,Kanpur,Gig Worker,32825,571,0,2,Graduate,Social Media,2023-03-16
CUST002123,53,Female,Tier 2,Berhampore,Business Owner,77911,740,0,17,Graduate,Referral,2023-05-26
CUST002124,37,Other,Tier 3,Panchkula,Gig Worker,17501,629,2,12,School,Organic,2022-11-08
CUST002125,52,Male,Tier 3,Raipur,Business Owner,54821,645,1,6,Graduate,Organic,2022-02-24
CUST002126,49,Female,Tier 2,Firozabad,Self Employed,22497,738,0,27,Postgraduate,Organic,2022-04-21
CUST002127,36,Male,Tier 3,Hospet,Self Employed,70964,604,1,2,Graduate,Organic,2023-07-30
CUST002128,29,Other,Tier 1,Hospet,Salaried,139219,824,0,4,Professional,DSA Agent,2023-05-07
CUST002129,24,Female,Tier 2,Vadodara,Student,11988,424,0,0,School,Social Media,2022-01-24
CUST002130,22,Male,Tier 2,Maheshtala,Gig Worker,16593,656,1,0,Postgraduate,Social Media,2022-03-13
CUST002131,33,Female,Tier 2,Bongaigaon,Salaried,81228,777,0,25,School,Social Media,2023-08-03
CUST002132,31,Male,Tier 2,Ghaziabad,Salaried,148631,819,1,1,Postgraduate,DSA Agent,2023-02-17
CUST002133,26,Male,Tier 3,Thrissur,Gig Worker,13405,510,0,9,Graduate,Social Media,2022-06-17
CUST002134,36,Male,Tier 2,Bhagalpur,Gig Worker,33380,579,0,19,Postgraduate,Organic,2022-10-20
CUST002135,38,Male,Tier 2,Gangtok,Self Employed,49316,661,1,3,Graduate,Referral,2022-11-23
CUST002136,23,Male,Tier 1,Uluberia,Student,0,511,0,0,Postgraduate,DSA Agent,2022-12-19
CUST002137,31,Female,Tier 1,Pune,Salaried,140727,733,0,20,Graduate,Referral,2022-09-22
CUST002138,43,Female,Tier 2,Aizawl,Self Employed,45829,723,0,4,Postgraduate,Social Media,2022-05-03
CUST002139,26,Male,Tier 1,Panchkula,Salaried,48981,797,0,13,Postgraduate,Organic,2022-10-15
CUST002140,23,Female,Tier 2,Haridwar,Student,3580,548,0,0,Graduate,Social Media,2022-08-31
CUST002141,23,Female,Tier 2,Nagercoil,Student,3336,489,1,0,Graduate,Social Media,2023-07-15
CUST002142,33,Other,Tier 3,Hosur,Gig Worker,21809,628,0,10,School,DSA Agent,2022-09-09
CUST002143,40,Female,Tier 2,Nagaon,Self Employed,99096,709,1,10,Graduate,Organic,2023-08-27
CUST002144,43,Male,Tier 1,Raipur,Salaried,55163,837,0,12,Graduate,Social Media,2023-03-17
CUST002145,22,Male,Tier 3,Berhampore,Gig Worker,31205,665,1,19,School,Social Media,2023-04-09
CUST002146,24,Female,Tier 2,Dindigul,Student,0,439,0,0,Professional,DSA Agent,2022-03-07
CUST002147,35,Male,Tier 3,Begusarai,Gig Worker,31976,520,0,7,Professional,Organic,2023-11-18
CUST002148,27,Male,Tier 2,Hosur,Gig Worker,18832,586,0,19,Graduate,Organic,2022-02-10
CUST002149,22,Male,Tier 3,Eluru,Gig Worker,19464,530,1,12,Postgraduate,DSA Agent,2022-05-01
CUST002150,26,Male,Tier 2,Junagadh,Student,4480,517,0,0,Postgraduate,Organic,2022-05-03
CUST002151,44,Male,Tier 1,Udupi,Salaried,106260,816,0,8,Professional,Referral,2023-08-09
CUST002152,42,Female,Tier 1,Chandigarh,Salaried,75540,844,0,5,Graduate,Social Media,2023-04-25
CUST002153,40,Male,Tier 1,Hubli–Dharwad,Self Employed,72852,673,1,12,Postgraduate,DSA Agent,2022-02-08
CUST002154,26,Female,Tier 3,Tadepalligudem,Student,18527,454,0,0,Postgraduate,DSA Agent,2023-06-08
CUST002155,34,Female,Tier 2,Vasai-Virar,Salaried,55424,809,1,13,Postgraduate,Social Media,2022-03-05
CUST002156,29,Male,Tier 2,Tinsukia,Salaried,61764,765,0,26,Graduate,Social Media,2022-07-31
CUST002157,40,Male,Tier 1,Raiganj,Salaried,96209,836,2,22,Graduate,Organic,2022-12-11
CUST002158,29,Male,Tier 2,Ramagundam,Salaried,88374,797,0,10,Postgraduate,Organic,2023-05-30
CUST002159,38,Male,Tier 2,Rajpur Sonarpur,Gig Worker,33369,566,0,13,Postgraduate,Referral,2022-11-26
CUST002160,49,Male,Tier 2,Malda,Self Employed,28342,611,1,13,School,Social Media,2023-01-13
CUST002161,49,Male,Tier 3,Raipur,Self Employed,26460,722,2,29,Graduate,Referral,2023-04-17
CUST002162,45,Female,Tier 1,Nandyal,Self Employed,36213,742,1,16,School,Organic,2022-12-10
CUST002163,36,Female,Tier 3,Etawah,Gig Worker,12772,632,1,12,School,DSA Agent,2022-11-18
CUST002164,19,Male,Tier 2,Haridwar,Student,0,542,2,0,Graduate,Organic,2022-08-01
CUST002165,33,Male,Tier 2,Chennai,Gig Worker,24511,609,0,3,Postgraduate,DSA Agent,2022-06-17
CUST002166,42,Female,Tier 3,Rajahmundry,Business Owner,121119,635,1,35,Graduate,Organic,2023-08-10
CUST002167,48,Female,Tier 1,Agartala,Self Employed,86616,556,0,3,Graduate,Organic,2023-02-02
CUST002168,39,Female,Tier 1,Aizawl,Salaried,49933,753,0,30,School,DSA Agent,2022-03-30
CUST002169,28,Female,Tier 2,New Delhi,Self Employed,43830,597,0,17,Postgraduate,Social Media,2022-09-26
CUST002170,40,Male,Tier 2,Vijayanagaram,Salaried,128700,760,0,29,Graduate,Referral,2022-11-30
CUST002171,47,Male,Tier 1,Kanpur,Self Employed,97692,677,1,3,Postgraduate,DSA Agent,2022-03-28
CUST002172,28,Female,Tier 2,Jamnagar,Salaried,114594,835,0,26,School,Organic,2022-08-09
CUST002173,38,Male,Tier 2,Kadapa,Salaried,129806,802,0,12,Graduate,Organic,2023-06-11
CUST002174,19,Other,Tier 2,Thanjavur,Student,0,449,0,0,Graduate,Social Media,2023-06-11
CUST002175,41,Female,Tier 1,Aurangabad,Salaried,115449,781,0,19,Graduate,Social Media,2023-04-06
CUST002176,22,Female,Tier 2,New Delhi,Student,3831,418,0,0,School,Referral,2023-01-13
CUST002177,41,Male,Tier 1,Nellore,Salaried,127232,721,1,17,Graduate,Organic,2023-02-14
CUST002178,37,Female,Tier 3,Faridabad,Self Employed,56662,682,0,9,School,Social Media,2023-06-03
CUST002179,46,Female,Tier 1,Warangal,Self Employed,52077,659,2,24,School,Social Media,2022-08-28
CUST002180,34,Male,Tier 2,Malegaon,Gig Worker,12697,614,0,2,Graduate,Referral,2022-02-05
CUST002181,45,Male,Tier 2,Ratlam,Salaried,92592,788,1,11,Postgraduate,Social Media,2022-06-21
CUST002182,40,Female,Tier 1,Junagadh,Salaried,103138,724,0,28,Postgraduate,DSA Agent,2022-11-04
CUST002183,33,Female,Tier 1,Navi Mumbai,Salaried,90074,775,1,18,Graduate,Organic,2023-04-11
CUST002184,26,Male,Tier 1,Dibrugarh,Salaried,97718,793,0,9,Graduate,Social Media,2022-02-12
CUST002185,44,Male,Tier 2,Gangtok,Self Employed,94776,643,0,2,Graduate,DSA Agent,2022-01-06
CUST002186,45,Female,Tier 2,Bhilwara,Business Owner,79429,609,0,27,Graduate,DSA Agent,2022-06-08
CUST002187,24,Female,Tier 2,North Dumdum,Student,0,536,0,0,Graduate,Organic,2022-08-23
CUST002188,28,Female,Tier 2,Tiruchirappalli,Self Employed,68438,554,0,5,School,Referral,2022-06-14
CUST002189,28,Female,Tier 3,Indore,Self Employed,90721,613,4,25,Professional,Referral,2023-08-20
CUST002190,44,Male,Tier 2,Hyderabad,Self Employed,31810,728,0,15,Graduate,DSA Agent,2022-04-17
CUST002191,35,Female,Tier 2,Bhopal,Salaried,78301,848,0,25,Graduate,Social Media,2023-08-17
CUST002192,52,Male,Tier 2,Aurangabad,Business Owner,163613,768,0,4,School,Social Media,2022-07-18
CUST002193,42,Female,Tier 2,Nagpur,Self Employed,66315,660,1,32,Graduate,Referral,2022-08-13
CUST002194,23,Female,Tier 2,Malda,Gig Worker,27880,514,1,17,Postgraduate,DSA Agent,2022-09-12
CUST002195,39,Male,Tier 1,Gaya,Salaried,68279,744,0,13,Postgraduate,Social Media,2022-04-04
CUST002196,25,Male,Tier 1,Korba,Gig Worker,22554,652,1,15,Graduate,Referral,2022-01-07
CUST002197,24,Female,Tier 2,Jammu,Gig Worker,32849,536,0,16,Postgraduate,Referral,2023-01-22
CUST002198,20,Male,Tier 2,Burhanpur,Student,3368,562,0,0,Graduate,DSA Agent,2023-08-04
CUST002199,29,Male,Tier 3,Faridabad,Gig Worker,12283,628,0,18,School,Social Media,2022-12-01
CUST002200,33,Female,Tier 1,Gwalior,Gig Worker,25523,659,1,6,Graduate,Social Media,2022-05-17
CUST002201,30,Male,Tier 3,Lucknow,Business Owner,193853,699,2,28,Postgraduate,Social Media,2022-04-11
CUST002202,27,Female,Tier 3,Bhubaneswar,Salaried,142669,727,0,30,Postgraduate,DSA Agent,2022-10-23
CUST002203,33,Male,Tier 2,Kavali,Gig Worker,28826,639,2,17,Graduate,Social Media,2023-02-18
CUST002204,40,Female,Tier 1,Aligarh,Salaried,79182,831,0,2,Graduate,Organic,2023-07-01
CUST002205,29,Male,Tier 3,Ichalkaranji,Self Employed,86133,586,0,32,Professional,Referral,2022-06-28
CUST002206,30,Male,Tier 3,Bokaro,Business Owner,199945,731,0,11,Graduate,Social Media,2023-01-24
CUST002207,45,Female,Tier 1,Solapur,Salaried,144867,704,0,17,Graduate,Organic,2023-03-10
CUST002208,20,Female,Tier 2,Mirzapur,Student,4990,528,0,0,Graduate,Social Media,2023-10-10
CUST002209,43,Male,Tier 2,Katni,Salaried,51222,753,0,2,Postgraduate,Organic,2023-06-03
CUST002210,45,Male,Tier 2,Pallavaram,Business Owner,159908,771,1,35,Postgraduate,Organic,2023-09-19
CUST002211,38,Female,Tier 1,Haridwar,Self Employed,76907,662,0,18,Graduate,Organic,2022-10-03
CUST002212,21,Female,Tier 2,Morbi,Student,0,568,0,0,Graduate,Social Media,2022-02-25
CUST002213,30,Other,Tier 1,Bhagalpur,Salaried,51741,770,1,16,Postgraduate,Social Media,2022-11-05
CUST002214,31,Other,Tier 1,Gandhinagar,Business Owner,180291,672,0,37,Graduate,Organic,2023-11-01
CUST002215,48,Female,Tier 2,Hospet,Self Employed,30769,646,0,2,Graduate,Referral,2023-07-31
CUST002216,38,Male,Tier 1,Bokaro,Salaried,45077,708,0,20,Graduate,Organic,2022-02-02
CUST002217,20,Female,Tier 3,Hyderabad,Student,0,499,0,0,Graduate,Organic,2022-12-05
CUST002218,29,Female,Tier 1,Tezpur,Salaried,46596,709,0,9,Graduate,DSA Agent,2022-01-15
CUST002219,20,Male,Tier 3,Kochi,Student,0,441,0,0,Graduate,Organic,2022-12-24
CUST002220,29,Male,Tier 1,Sri Ganganagar,Salaried,86104,794,3,14,Postgraduate,Social Media,2023-12-17
CUST002221,29,Male,Tier 3,Srikakulam,Self Employed,28455,654,2,28,School,Social Media,2022-03-02
CUST002222,31,Male,Tier 2,Kozhikode,Gig Worker,30495,545,1,7,Professional,DSA Agent,2023-11-01
CUST002223,30,Male,Tier 2,Bhilai,Salaried,70037,701,0,25,Postgraduate,Organic,2022-09-01
CUST002224,42,Female,Tier 1,Medininagar,Salaried,110210,789,0,30,School,DSA Agent,2023-03-24
CUST002225,42,Female,Tier 3,Jorhat,Salaried,46332,836,0,13,Graduate,DSA Agent,2022-11-30
CUST002226,22,Female,Tier 3,Kadapa,Gig Worker,29782,607,0,7,Graduate,Referral,2023-03-22
CUST002227,43,Male,Tier 2,Thrissur,Salaried,62701,800,0,26,School,Organic,2022-11-11
CUST002228,26,Male,Tier 2,Raipur,Gig Worker,12469,623,1,13,Graduate,Organic,2023-07-06
CUST002229,26,Female,Tier 1,Ludhiana,Salaried,106524,838,0,9,School,Organic,2023-05-13
CUST002230,41,Male,Tier 1,Durgapur,Salaried,118426,751,0,2,School,Social Media,2022-11-21
CUST002231,47,Female,Tier 2,Gwalior,Self Employed,39604,701,0,20,Graduate,Organic,2022-08-13
CUST002232,25,Other,Tier 1,Agartala,Salaried,111268,800,0,28,Postgraduate,Referral,2022-03-31
CUST002233,47,Male,Tier 3,Ongole,Business Owner,154446,761,1,23,School,Referral,2022-11-11
CUST002234,25,Male,Tier 2,Tiruchirappalli,Student,4900,412,0,0,Graduate,DSA Agent,2022-01-17
CUST002235,36,Male,Tier 3,Suryapet,Self Employed,85416,712,0,18,Graduate,Organic,2022-09-10
CUST002236,32,Other,Tier 1,Bhind,Gig Worker,32136,643,1,12,School,Social Media,2022-05-14
CUST002237,24,Female,Tier 3,Junagadh,Student,0,597,0,0,Professional,DSA Agent,2023-09-15
CUST002238,33,Female,Tier 1,Nellore,Salaried,56181,705,1,4,Graduate,Organic,2023-04-26
CUST002239,37,Male,Tier 2,Malegaon,Salaried,84102,793,1,2,Graduate,Social Media,2022-12-24
CUST002240,28,Other,Tier 1,Parbhani,Salaried,104933,835,0,8,Graduate,Referral,2023-10-09
CUST002241,46,Male,Tier 1,Kota,Self Employed,34803,586,1,8,Graduate,Social Media,2023-06-20
CUST002242,29,Male,Tier 3,Dehradun,Salaried,142296,720,1,5,School,Social Media,2023-12-16
CUST002243,30,Female,Tier 2,Morbi,Gig Worker,12517,669,2,19,Professional,Organic,2022-10-09
CUST002244,50,Female,Tier 3,Amroha,Business Owner,96265,740,1,5,Postgraduate,Social Media,2022-03-10
CUST002245,24,Male,Tier 3,Kavali,Student,0,422,0,0,Graduate,Social Media,2022-12-06
CUST002246,35,Male,Tier 3,Imphal,Gig Worker,31800,592,0,3,Postgraduate,Referral,2023-10-18
CUST002247,42,Male,Tier 1,Medininagar,Salaried,71588,798,1,14,School,Organic,2022-03-24
CUST002248,19,Male,Tier 3,Haldia,Student,14597,406,1,0,School,Social Media,2022-07-08
CUST002249,24,Male,Tier 1,Tezpur,Gig Worker,15940,632,3,15,Graduate,Organic,2022-12-05
CUST002250,34,Other,Tier 1,Dindigul,Salaried,86508,751,0,7,Graduate,Organic,2023-04-03
CUST002251,28,Female,Tier 1,Hospet,Salaried,50663,842,0,17,School,Organic,2022-11-08
CUST002252,54,Female,Tier 2,Visakhapatnam,Business Owner,95720,720,0,20,Graduate,Social Media,2023-02-11
CUST002253,29,Female,Tier 1,Dharmavaram,Self Employed,96494,567,2,7,Postgraduate,Referral,2022-03-03
CUST002254,26,Female,Tier 1,Durg,Student,0,438,0,0,Graduate,Social Media,2022-11-04
CUST002255,23,Female,Tier 3,Sikar,Student,0,506,0,0,School,Organic,2023-11-08
CUST002256,26,Female,Tier 2,Raipur,Gig Worker,31622,598,1,18,Graduate,Social Media,2022-08-29
CUST002257,30,Male,Tier 3,North Dumdum,Gig Worker,34656,652,0,6,Graduate,Organic,2023-08-03
CUST002258,27,Female,Tier 2,Gaya,Gig Worker,21786,664,1,11,School,Organic,2022-09-21
CUST002259,37,Female,Tier 1,Sambalpur,Salaried,96968,745,1,12,Graduate,Organic,2022-06-22
CUST002260,28,Female,Tier 2,Thrissur,Gig Worker,34057,661,0,3,School,DSA Agent,2022-09-16
CUST002261,43,Other,Tier 1,Serampore,Self Employed,47046,719,1,11,School,DSA Agent,2023-08-29
CUST002262,47,Male,Tier 3,Satara,Self Employed,36809,740,0,9,Postgraduate,Social Media,2022-05-11
CUST002263,20,Female,Tier 2,Bangalore,Student,0,466,0,0,Graduate,Organic,2022-03-01
CUST002264,37,Male,Tier 2,Hyderabad,Gig Worker,21848,653,0,7,Postgraduate,Organic,2023-02-01
CUST002265,36,Female,Tier 3,Kakinada,Self Employed,78133,685,0,2,Graduate,Referral,2023-05-07
CUST002266,47,Male,Tier 2,Tezpur,Self Employed,78380,636,1,13,Graduate,Organic,2022-03-30
CUST002267,29,Male,Tier 3,Muzaffarpur,Gig Worker,28195,653,2,9,Graduate,Referral,2023-02-17
CUST002268,48,Male,Tier 2,Kharagpur,Self Employed,33939,585,0,4,Graduate,Organic,2023-02-01
CUST002269,37,Female,Tier 2,Madanapalle,Salaried,115466,830,1,17,Graduate,Social Media,2022-05-31
CUST002270,31,Male,Tier 2,Hajipur,Gig Worker,20706,501,1,0,School,Referral,2023-12-05
CUST002271,41,Female,Tier 2,Kota,Salaried,128491,848,0,3,Graduate,Organic,2023-08-26
CUST002272,26,Male,Tier 2,Narasaraopet,Gig Worker,18675,599,1,18,Postgraduate,Organic,2022-09-29
CUST002273,32,Female,Tier 2,Chapra,Gig Worker,13689,550,1,0,Professional,Social Media,2022-09-30
CUST002274,31,Female,Tier 1,Raebareli,Self Employed,89794,696,0,16,Graduate,DSA Agent,2023-07-19
CUST002275,52,Male,Tier 3,Imphal,Business Owner,81345,612,0,28,Postgraduate,Organic,2023-09-29
CUST002276,40,Male,Tier 2,Thiruvananthapuram,Self Employed,26950,607,1,24,Graduate,Organic,2023-05-17
CUST002277,42,Female,Tier 2,Kumbakonam,Self Employed,73721,625,1,18,Professional,DSA Agent,2023-09-26
CUST002278,34,Female,Tier 3,Ranchi,Gig Worker,20252,548,1,3,Postgraduate,DSA Agent,2022-04-25
CUST002279,47,Female,Tier 3,Bidar,Self Employed,67708,683,1,28,Graduate,DSA Agent,2022-07-03
CUST002280,32,Male,Tier 1,Amravati,Salaried,65996,778,0,20,Graduate,Organic,2022-03-21
CUST002281,28,Female,Tier 2,Tirunelveli,Salaried,119214,819,0,21,Graduate,DSA Agent,2022-04-24
CUST002282,23,Other,Tier 1,Gudivada,Gig Worker,30715,517,0,6,Postgraduate,Social Media,2022-07-18
CUST002283,35,Male,Tier 2,Patiala,Gig Worker,29830,607,0,9,Postgraduate,Referral,2022-06-03
CUST002284,27,Male,Tier 2,Anantapuram,Salaried,120332,758,0,22,Professional,Social Media,2022-05-15
CUST002285,35,Male,Tier 2,Ramgarh,Salaried,71653,742,0,4,Graduate,Social Media,2023-04-13
CUST002286,36,Female,Tier 2,Surendranagar Dudhrej,Salaried,74124,788,0,8,Graduate,Organic,2022-04-29
CUST002287,47,Female,Tier 1,Mira-Bhayandar,Business Owner,178965,745,4,9,Postgraduate,Organic,2023-08-14
CUST002288,33,Male,Tier 2,Vadodara,Salaried,123676,715,0,25,Graduate,Social Media,2023-08-13
CUST002289,30,Male,Tier 3,Naihati,Gig Worker,18099,599,0,19,School,Social Media,2023-05-25
CUST002290,39,Male,Tier 2,Coimbatore,Salaried,141196,805,0,23,Graduate,Organic,2022-02-28
CUST002291,29,Male,Tier 3,Bareilly,Self Employed,30568,670,0,26,Graduate,Referral,2022-05-18
CUST002292,37,Male,Tier 1,Barasat,Salaried,144110,785,1,1,School,Social Media,2023-08-24
CUST002293,29,Other,Tier 1,Ratlam,Salaried,99917,850,1,2,Graduate,Organic,2023-05-03
CUST002294,31,Male,Tier 3,Silchar,Gig Worker,32116,539,1,3,Graduate,Referral,2023-01-19
CUST002295,29,Male,Tier 2,Miryalaguda,Salaried,41222,732,0,19,Graduate,DSA Agent,2022-12-27
CUST002296,43,Female,Tier 2,Kumbakonam,Salaried,119815,789,1,21,Graduate,Referral,2023-08-09
CUST002297,35,Female,Tier 2,Singrauli,Salaried,102391,755,0,13,Graduate,DSA Agent,2023-03-14
CUST002298,33,Female,Tier 3,Malda,Salaried,93796,717,0,8,Graduate,Social Media,2023-08-14
CUST002299,27,Male,Tier 1,Bhilai,Salaried,74949,800,0,22,Graduate,Organic,2023-03-27
CUST002300,42,Male,Tier 2,Tadipatri,Salaried,110727,708,2,13,Graduate,Referral,2022-12-15
CUST002301,26,Female,Tier 3,Bhopal,Student,0,451,1,0,Graduate,DSA Agent,2023-06-14
CUST002302,31,Female,Tier 3,Nashik,Gig Worker,14055,607,0,8,Graduate,Social Media,2023-12-19
CUST002303,31,Male,Tier 2,Kolhapur,Gig Worker,27991,548,1,10,Graduate,Organic,2023-11-17
CUST002304,37,Female,Tier 2,North Dumdum,Salaried,113012,791,0,3,Postgraduate,Referral,2023-03-15
CUST002305,34,Female,Tier 3,Kamarhati,Business Owner,178729,761,1,7,Postgraduate,Referral,2023-05-15
CUST002306,32,Male,Tier 2,Hubli–Dharwad,Gig Worker,12420,507,1,4,Postgraduate,Referral,2023-05-09
CUST002307,36,Female,Tier 2,Arrah,Salaried,102893,730,0,2,Graduate,Referral,2023-05-01
CUST002308,47,Female,Tier 3,Faridabad,Self Employed,87577,565,0,30,Graduate,Social Media,2022-09-09
CUST002309,33,Male,Tier 2,Varanasi,Salaried,59952,815,1,5,Postgraduate,Social Media,2023-11-03
CUST002310,34,Female,Tier 1,Nashik,Salaried,128274,848,0,28,Professional,Referral,2023-05-03
CUST002311,32,Female,Tier 2,Aurangabad,Gig Worker,13418,646,1,4,School,Organic,2022-09-03
CUST002312,26,Female,Tier 1,Ozhukarai,Student,19205,545,0,0,Graduate,Organic,2022-04-28
CUST002313,24,Male,Tier 3,Gopalpur,Gig Worker,31019,539,0,5,Graduate,Organic,2022-12-08
CUST002314,45,Male,Tier 2,Durgapur,Self Employed,68069,694,0,19,Graduate,Social Media,2022-02-23
CUST002315,34,Female,Tier 3,Jamshedpur,Business Owner,134027,756,0,8,Graduate,Social Media,2022-12-31
CUST002316,37,Male,Tier 1,Imphal,Salaried,148295,707,1,5,Graduate,Organic,2022-12-10
CUST002317,44,Male,Tier 3,Bhimavaram,Salaried,136259,807,0,4,Postgraduate,Social Media,2023-05-06
CUST002318,22,Male,Tier 3,Amroha,Gig Worker,27358,518,0,9,Professional,Referral,2022-08-24
CUST002319,33,Male,Tier 3,Nagaon,Gig Worker,19097,513,1,15,School,DSA Agent,2023-09-11
CUST002320,36,Other,Tier 2,Gangtok,Gig Worker,19533,581,0,11,Graduate,Organic,2022-08-02
CUST002321,37,Male,Tier 2,Unnao,Business Owner,88452,711,1,22,Graduate,Social Media,2023-04-05
CUST002322,36,Other,Tier 3,Pondicherry,Self Employed,37586,746,0,28,Graduate,Organic,2022-02-13
CUST002323,47,Male,Tier 3,Kamarhati,Self Employed,66585,661,1,12,Graduate,Referral,2022-10-01
CUST002324,44,Female,Tier 1,Bilaspur,Salaried,115047,801,0,15,Postgraduate,Organic,2023-01-30
CUST002325,23,Male,Tier 2,Gwalior,Student,0,504,0,0,Graduate,Organic,2022-02-27
CUST002326,38,Female,Tier 2,Proddatur,Business Owner,98094,690,2,31,Postgraduate,Social Media,2022-08-30
CUST002327,23,Female,Tier 2,Tiruppur,Student,19299,409,0,0,Graduate,Organic,2022-12-25
CUST002328,37,Male,Tier 1,Aurangabad,Salaried,43322,844,1,30,Graduate,Referral,2022-12-18
CUST002329,28,Female,Tier 2,Allahabad,Self Employed,30578,659,1,26,School,Referral,2022-01-30
CUST002330,33,Male,Tier 1,Ahmedabad,Salaried,132221,774,1,27,Graduate,Social Media,2022-02-14
CUST002331,34,Female,Tier 1,Bhind,Salaried,104095,764,0,1,Postgraduate,Social Media,2022-10-14
CUST002332,43,Other,Tier 2,Maheshtala,Salaried,77177,739,0,15,Graduate,Organic,2023-10-08
CUST002333,30,Female,Tier 2,Vasai-Virar,Self Employed,86951,652,0,34,Postgraduate,Organic,2022-08-11
CUST002334,50,Female,Tier 2,Dhule,Self Employed,76985,731,0,19,Postgraduate,Organic,2022-03-01
CUST002335,30,Male,Tier 2,Bijapur,Salaried,94863,771,0,30,Graduate,Organic,2023-05-16
CUST002336,35,Male,Tier 3,Jamnagar,Gig Worker,33972,597,0,4,Graduate,Social Media,2023-11-03
CUST002337,24,Male,Tier 3,Bikaner,Gig Worker,27120,648,1,5,Graduate,Referral,2023-10-27
CUST002338,34,Female,Tier 3,Bharatpur,Gig Worker,30469,562,0,11,Postgraduate,Referral,2022-03-12
CUST002339,31,Female,Tier 3,Bidhannagar,Salaried,103122,786,0,2,School,Social Media,2023-04-23
CUST002340,37,Male,Tier 3,Silchar,Gig Worker,13912,632,0,1,Postgraduate,Organic,2023-04-07
CUST002341,44,Female,Tier 2,Coimbatore,Self Employed,52732,722,0,24,School,Referral,2023-01-29
CUST002342,39,Male,Tier 1,Bhusawal,Salaried,106847,832,0,30,Postgraduate,Social Media,2022-10-26
CUST002343,43,Male,Tier 2,Aizawl,Salaried,43106,801,0,16,Graduate,Social Media,2022-12-26
CUST002344,27,Female,Tier 3,Siliguri,Gig Worker,28867,632,1,8,Graduate,Organic,2023-03-27
CUST002345,53,Male,Tier 3,Aligarh,Business Owner,32965,786,3,12,Postgraduate,Organic,2023-03-07
CUST002346,38,Female,Tier 3,New Delhi,Self Employed,81331,681,0,34,Postgraduate,Organic,2023-09-08
CUST002347,35,Male,Tier 2,Jaunpur,Self Employed,70971,654,0,37,Postgraduate,Referral,2023-07-28
CUST002348,31,Female,Tier 2,Shimoga,Gig Worker,28291,662,0,8,School,Organic,2023-11-27
CUST002349,38,Male,Tier 2,Fatehpur,Gig Worker,12656,529,2,19,Graduate,Organic,2022-02-01
CUST002350,38,Male,Tier 2,Nagercoil,Salaried,51299,767,0,26,Graduate,Social Media,2022-12-16
CUST002351,48,Female,Tier 3,Kochi,Self Employed,85469,739,3,34,School,Social Media,2023-12-08
CUST002352,43,Female,Tier 2,Raichur,Business Owner,136785,710,2,28,Graduate,Organic,2023-09-22
CUST002353,39,Male,Tier 1,Rajpur Sonarpur,Self Employed,61764,649,2,24,School,DSA Agent,2023-03-21
CUST002354,25,Male,Tier 3,Sikar,Student,4959,560,0,0,Graduate,Social Media,2023-05-22
CUST002355,38,Female,Tier 3,Danapur,Self Employed,58621,576,0,13,Postgraduate,Referral,2022-05-27
CUST002356,40,Male,Tier 3,Meerut,Salaried,123798,798,0,22,Postgraduate,DSA Agent,2022-09-07
CUST002357,42,Female,Tier 3,Darbhanga,Business Owner,148581,619,0,19,Postgraduate,Social Media,2023-04-15
CUST002358,38,Female,Tier 3,Navi Mumbai,Salaried,97589,789,0,12,Graduate,Social Media,2023-01-05
CUST002359,38,Male,Tier 2,Eluru,Gig Worker,33597,629,0,7,School,Social Media,2023-01-25
CUST002360,44,Male,Tier 2,Jammu,Salaried,117993,818,0,22,Postgraduate,Organic,2022-04-28
CUST002361,26,Female,Tier 1,Maheshtala,Salaried,83070,816,0,13,Postgraduate,Organic,2022-02-18
CUST002362,29,Male,Tier 2,Belgaum,Gig Worker,18860,587,0,0,Postgraduate,Social Media,2022-12-16
CUST002363,33,Female,Tier 1,Bettiah,Salaried,92463,703,0,10,Graduate,Organic,2022-03-22
CUST002364,25,Male,Tier 2,Kadapa,Gig Worker,29121,656,1,8,Graduate,Organic,2023-09-22
CUST002365,36,Female,Tier 2,Moradabad,Gig Worker,30304,659,0,18,Postgraduate,Referral,2023-11-30
CUST002366,27,Male,Tier 2,Kulti,Salaried,120852,775,1,20,Postgraduate,Organic,2023-10-13
CUST002367,30,Female,Tier 2,Muzaffarnagar,Salaried,76752,787,0,30,Graduate,Social Media,2022-09-24
CUST002368,22,Male,Tier 3,Meerut,Gig Worker,18832,597,1,7,Professional,Organic,2023-07-09
CUST002369,29,Male,Tier 2,Ramgarh,Salaried,109530,836,1,15,Graduate,Social Media,2022-03-07
CUST002370,40,Female,Tier 3,Mathura,Self Employed,58786,575,1,7,Graduate,Referral,2023-01-27
CUST002371,42,Male,Tier 2,Katihar,Self Employed,86213,600,0,14,Postgraduate,DSA Agent,2023-05-17
CUST002372,25,Male,Tier 3,Bally,Student,0,516,0,0,Graduate,Social Media,2022-05-15
CUST002373,47,Male,Tier 3,Udupi,Self Employed,59883,726,2,15,Graduate,Social Media,2022-01-31
CUST002374,28,Male,Tier 2,Katni,Gig Worker,19375,663,0,3,Postgraduate,Social Media,2022-07-12
CUST002375,44,Female,Tier 2,Salem,Self Employed,23776,618,0,10,School,Organic,2023-07-04
CUST002376,38,Female,Tier 1,Agartala,Salaried,131913,789,1,16,School,Referral,2022-12-07
CUST002377,39,Male,Tier 2,Tiruppur,Salaried,97412,724,0,25,Professional,Social Media,2022-12-08
CUST002378,39,Female,Tier 2,Kurnool,Self Employed,20576,731,0,3,Postgraduate,DSA Agent,2023-02-12
CUST002379,31,Female,Tier 1,Tumkur,Gig Worker,26009,578,0,3,Postgraduate,Referral,2023-02-11
CUST002380,46,Female,Tier 2,Delhi,Self Employed,66902,610,0,8,Graduate,Social Media,2023-04-19
CUST002381,23,Male,Tier 1,Udaipur,Student,0,453,0,0,Graduate,Organic,2022-05-04
CUST002382,24,Female,Tier 1,Farrukhabad,Student,4527,418,0,0,Postgraduate,Organic,2022-10-10
CUST002383,47,Female,Tier 3,Tirunelveli,Business Owner,61725,777,2,24,Professional,Organic,2022-10-17
CUST002384,28,Female,Tier 1,Coimbatore,Gig Worker,29357,570,0,8,School,Social Media,2023-12-14
CUST002385,42,Male,Tier 1,Gaya,Salaried,88343,700,0,14,Graduate,Social Media,2022-08-08
CUST002386,22,Male,Tier 2,Sirsa,Gig Worker,18213,631,0,0,Graduate,Organic,2022-10-28
CUST002387,38,Female,Tier 2,Ahmedabad,Gig Worker,21212,591,0,17,Postgraduate,Referral,2022-11-14
CUST002388,47,Male,Tier 2,Haldia,Self Employed,40275,648,0,21,Graduate,Organic,2023-08-25
CUST002389,38,Female,Tier 3,Jaipur,Self Employed,25081,652,1,9,School,Organic,2022-09-20
CUST002390,37,Male,Tier 1,Bilaspur,Self Employed,89910,555,0,21,School,Referral,2023-06-12
CUST002391,33,Female,Tier 3,Tirunelveli,Gig Worker,17380,576,1,7,Graduate,Social Media,2023-04-10
CUST002392,41,Female,Tier 1,Hindupur,Salaried,107848,702,0,29,Postgraduate,Organic,2022-02-10
CUST002393,38,Female,Tier 2,Bhalswa Jahangir Pur,Gig Worker,18701,538,0,12,Postgraduate,Referral,2023-09-06
CUST002394,33,Female,Tier 1,Unnao,Salaried,62568,774,1,14,Postgraduate,Organic,2023-05-06
CUST002395,21,Female,Tier 3,Chittoor,Student,0,531,0,0,Postgraduate,Organic,2023-05-18
CUST002396,43,Male,Tier 3,Ranchi,Salaried,79775,812,1,20,Graduate,Referral,2022-09-17
CUST002397,33,Female,Tier 1,Tezpur,Salaried,70979,757,1,30,Graduate,Social Media,2022-02-21
CUST002398,40,Male,Tier 2,Ambattur,Salaried,65471,734,1,1,School,DSA Agent,2022-09-14
CUST002399,44,Female,Tier 2,Siliguri,Self Employed,82840,724,1,3,Graduate,Organic,2022-03-15
CUST002400,49,Male,Tier 3,Salem,Self Employed,53026,608,0,39,Graduate,DSA Agent,2023-03-10
CUST002401,30,Female,Tier 1,Thanjavur,Salaried,83976,780,0,28,Graduate,Social Media,2023-06-11
CUST002402,32,Female,Tier 2,Pallavaram,Salaried,116652,704,0,14,School,Organic,2022-10-28
CUST002403,36,Male,Tier 2,Bongaigaon,Gig Worker,17596,510,2,9,Postgraduate,Organic,2022-08-09
CUST002404,27,Male,Tier 2,Morbi,Salaried,69196,795,0,26,Graduate,Organic,2022-07-15
CUST002405,40,Other,Tier 1,Bharatpur,Self Employed,95235,722,0,30,Graduate,Social Media,2023-07-17
CUST002406,43,Male,Tier 1,Ahmedabad,Self Employed,44392,637,0,38,School,Organic,2023-10-24
CUST002407,37,Male,Tier 1,Barasat,Gig Worker,16821,627,0,5,Graduate,Organic,2023-05-25
CUST002408,29,Male,Tier 3,Kadapa,Salaried,143563,735,0,26,Postgraduate,Social Media,2023-12-05
CUST002409,33,Other,Tier 2,Gorakhpur,Business Owner,174830,798,0,3,Graduate,Social Media,2023-04-14
CUST002410,35,Other,Tier 3,Kadapa,Gig Worker,20810,564,1,1,Graduate,Social Media,2023-11-10
CUST002411,47,Female,Tier 2,Siliguri,Self Employed,36447,566,0,25,Postgraduate,Organic,2022-04-27
CUST002412,31,Female,Tier 1,Muzaffarnagar,Salaried,119535,838,0,21,Postgraduate,Organic,2022-09-16
CUST002413,24,Male,Tier 3,Raurkela Industrial Township,Gig Worker,13859,661,0,9,Graduate,Organic,2022-03-05
CUST002414,25,Other,Tier 1,Ludhiana,Salaried,96056,844,0,12,Postgraduate,Social Media,2023-03-29
CUST002415,33,Male,Tier 2,Gangtok,Gig Worker,17517,503,0,1,School,Social Media,2023-05-31
CUST002416,47,Male,Tier 3,Karimnagar,Business Owner,83577,741,0,10,Postgraduate,Referral,2022-04-20
CUST002417,35,Male,Tier 3,Hubli–Dharwad,Gig Worker,29259,592,1,16,Postgraduate,DSA Agent,2023-12-14
CUST002418,45,Female,Tier 2,Burhanpur,Salaried,61080,719,0,27,School,DSA Agent,2022-09-29
CUST002419,28,Female,Tier 1,Panipat,Salaried,148684,820,0,13,Postgraduate,Social Media,2022-08-29
CUST002420,30,Male,Tier 3,Hajipur,Gig Worker,34109,667,0,6,Graduate,Referral,2023-05-25
CUST002421,40,Other,Tier 1,Bilaspur,Salaried,126505,775,0,2,Graduate,Organic,2023-06-27
CUST002422,38,Male,Tier 2,Bathinda,Salaried,81548,828,0,23,Graduate,Organic,2023-05-30
CUST002423,47,Male,Tier 2,Giridih,Self Employed,72590,575,1,13,Graduate,Social Media,2022-11-01
CUST002424,24,Male,Tier 2,Bally,Gig Worker,22802,540,0,6,Graduate,Social Media,2022-04-11
CUST002425,25,Female,Tier 2,Jhansi,Salaried,115242,701,0,28,School,Social Media,2023-04-08
CUST002426,51,Female,Tier 2,Adoni,Business Owner,51451,693,0,23,Professional,Social Media,2023-07-05
CUST002427,28,Male,Tier 1,Pudukkottai,Salaried,61016,837,1,4,Graduate,Social Media,2023-12-30
CUST002428,49,Female,Tier 3,Bhiwani,Business Owner,163360,736,1,12,School,DSA Agent,2022-03-07
CUST002429,34,Male,Tier 1,Tezpur,Salaried,86016,838,0,25,Graduate,DSA Agent,2022-08-29
CUST002430,18,Female,Tier 2,Tumkur,Student,0,576,0,0,Graduate,Organic,2023-03-11
CUST002431,44,Other,Tier 1,Bangalore,Self Employed,34069,747,1,20,Postgraduate,Referral,2022-10-20
CUST002432,21,Male,Tier 2,Siliguri,Student,0,445,0,0,Graduate,Social Media,2023-05-15
CUST002433,44,Female,Tier 3,Jalgaon,Business Owner,129837,694,0,31,Postgraduate,Social Media,2023-09-07
CUST002434,35,Female,Tier 2,Proddatur,Salaried,132256,812,0,21,Graduate,Organic,2022-09-13
CUST002435,36,Male,Tier 3,Avadi,Business Owner,37977,612,0,27,School,Referral,2023-09-24
CUST002436,33,Female,Tier 2,Tumkur,Gig Worker,17274,667,1,6,Graduate,Social Media,2022-04-10
CUST002437,38,Female,Tier 2,Durg,Gig Worker,16678,618,0,19,Postgraduate,Referral,2023-06-05
CUST002438,31,Male,Tier 2,Malda,Salaried,55963,812,0,5,School,Organic,2023-06-30
CUST002439,26,Male,Tier 2,Bellary,Gig Worker,30469,671,1,16,Graduate,Organic,2023-10-06
CUST002440,28,Male,Tier 1,Guntakal,Salaried,135007,704,1,19,Postgraduate,Social Media,2023-07-28
CUST002441,29,Female,Tier 3,Meerut,Gig Worker,32394,511,0,4,Graduate,DSA Agent,2023-06-17
CUST002442,25,Female,Tier 2,Farrukhabad,Gig Worker,20967,517,2,18,Postgraduate,DSA Agent,2023-12-10
CUST002443,32,Female,Tier 1,Chinsurah,Self Employed,77642,724,1,11,Graduate,Social Media,2023-02-13
CUST002444,25,Male,Tier 3,Mumbai,Student,16719,570,0,0,Graduate,Social Media,2022-03-14
CUST002445,36,Male,Tier 2,Chandrapur,Gig Worker,33757,535,1,5,School,Organic,2023-05-17
CUST002446,25,Male,Tier 1,Etawah,Salaried,144929,850,1,20,Graduate,Referral,2023-06-05
CUST002447,25,Female,Tier 2,Ambala,Salaried,113506,746,0,4,Graduate,Organic,2022-11-25
CUST002448,41,Other,Tier 1,Chandigarh,Salaried,81579,764,0,20,Graduate,Social Media,2023-01-30
CUST002449,34,Female,Tier 2,Asansol,Salaried,91453,759,0,5,Graduate,Social Media,2022-10-09
CUST002450,29,Male,Tier 2,Bhiwani,Salaried,148794,737,0,29,Graduate,Organic,2022-01-15
CUST002451,31,Female,Tier 1,Ramagundam,Salaried,139258,753,0,6,School,Referral,2022-10-09
CUST002452,42,Female,Tier 1,Patna,Business Owner,116668,784,0,20,Graduate,DSA Agent,2022-08-28
CUST002453,36,Male,Tier 2,Raichur,Gig Worker,24826,512,0,19,Graduate,Organic,2022-05-21
CUST002454,32,Female,Tier 3,Kharagpur,Salaried,73465,718,2,19,Postgraduate,DSA Agent,2022-06-16
CUST002455,35,Male,Tier 2,Silchar,Gig Worker,15813,526,0,8,Graduate,Social Media,2022-09-23
CUST002456,26,Male,Tier 1,Bhilwara,Salaried,83791,722,0,15,Postgraduate,Organic,2023-08-19
CUST002457,37,Male,Tier 3,Kavali,Gig Worker,23340,517,0,1,Graduate,Social Media,2023-01-13
CUST002458,36,Male,Tier 1,Malegaon,Self Employed,93046,742,1,14,School,DSA Agent,2022-05-30
CUST002459,31,Male,Tier 2,North Dumdum,Gig Worker,23961,604,0,11,School,DSA Agent,2022-06-25
CUST002460,35,Male,Tier 2,Kollam,Gig Worker,16945,573,0,18,Professional,Referral,2022-04-17
CUST002461,31,Male,Tier 2,Bhavnagar,Business Owner,88694,679,0,38,Graduate,Social Media,2022-05-01
CUST002462,25,Female,Tier 3,Begusarai,Student,1166,496,0,0,Graduate,Organic,2022-03-01
CUST002463,49,Other,Tier 2,Barasat,Self Employed,62607,667,1,34,School,Social Media,2022-08-18
CUST002464,32,Female,Tier 3,Guwahati,Gig Worker,33542,573,0,2,Graduate,Social Media,2023-10-18
CUST002465,31,Male,Tier 2,Tezpur,Self Employed,91708,580,1,39,Professional,Organic,2023-09-05
CUST002466,33,Male,Tier 1,Bongaigaon,Salaried,116473,790,1,21,School,Organic,2022-03-20
CUST002467,23,Male,Tier 2,Gandhinagar,Gig Worker,22421,629,0,13,Postgraduate,Social Media,2023-01-30
CUST002468,28,Male,Tier 2,Jalandhar,Salaried,122948,780,0,7,School,DSA Agent,2023-08-22
CUST002469,24,Female,Tier 1,Hajipur,Gig Worker,25866,591,2,5,Graduate,Social Media,2023-02-24
CUST002470,25,Female,Tier 2,Satara,Gig Worker,25830,669,1,18,Graduate,Organic,2023-10-11
CUST002471,36,Female,Tier 2,Bhind,Salaried,122777,718,0,21,Postgraduate,Social Media,2023-07-28
CUST002472,38,Female,Tier 2,Purnia,Business Owner,107885,793,1,2,Postgraduate,Organic,2023-11-18
CUST002473,34,Male,Tier 2,Bidar,Business Owner,153626,623,3,6,Graduate,Organic,2023-02-13
CUST002474,36,Male,Tier 3,Surendranagar Dudhrej,Self Employed,22574,623,1,37,School,Social Media,2022-01-30
CUST002475,32,Female,Tier 2,Karaikudi,Gig Worker,18901,552,1,14,Graduate,Organic,2023-05-30
CUST002476,19,Male,Tier 1,Bidar,Student,0,487,1,0,Graduate,DSA Agent,2022-09-19
CUST002477,35,Male,Tier 1,Kolhapur,Salaried,40911,770,2,9,Postgraduate,Referral,2023-11-12
CUST002478,43,Male,Tier 2,Latur,Self Employed,94063,664,1,4,School,Referral,2023-08-19
CUST002479,29,Male,Tier 1,Warangal,Salaried,86908,775,1,26,Graduate,Referral,2023-04-26
CUST002480,34,Male,Tier 3,Meerut,Self Employed,40481,671,2,6,Graduate,Social Media,2022-04-12
CUST002481,36,Female,Tier 1,Cuttack,Salaried,72669,818,1,26,Graduate,Organic,2023-04-09
CUST002482,24,Female,Tier 2,Chennai,Student,10571,427,0,0,Graduate,Social Media,2022-10-20
CUST002483,30,Male,Tier 2,Kadapa,Business Owner,168178,625,0,14,School,Organic,2022-04-30
CUST002484,45,Male,Tier 1,Meerut,Salaried,99404,819,0,27,School,Organic,2022-05-07
CUST002485,34,Female,Tier 2,Pimpri-Chinchwad,Gig Worker,34348,504,0,3,Graduate,Social Media,2022-05-21
CUST002486,48,Male,Tier 3,Aligarh,Business Owner,105304,775,0,29,Postgraduate,Social Media,2023-10-08
CUST002487,33,Male,Tier 2,Hindupur,Gig Worker,30360,670,2,16,Graduate,Referral,2023-06-23
CUST002488,18,Male,Tier 3,Ramagundam,Student,0,489,1,0,Graduate,Organic,2023-08-22
CUST002489,22,Male,Tier 1,Bathinda,Gig Worker,14508,598,2,17,Postgraduate,Social Media,2023-05-01
CUST002490,27,Female,Tier 2,Bhilai,Gig Worker,24908,639,0,0,Postgraduate,DSA Agent,2023-09-21
CUST002491,28,Female,Tier 2,Kurnool,Salaried,112213,784,0,27,Postgraduate,Organic,2023-12-03
CUST002492,37,Male,Tier 2,Kishanganj,Salaried,128460,743,1,16,Graduate,Social Media,2022-05-09
CUST002493,41,Male,Tier 3,Bhavnagar,Self Employed,99620,587,0,27,School,Social Media,2023-07-15
CUST002494,24,Male,Tier 1,Bhatpara,Gig Worker,28985,570,0,3,Postgraduate,Social Media,2022-12-06
CUST002495,38,Male,Tier 3,Bijapur,Gig Worker,32645,611,1,15,Graduate,Organic,2022-02-03
CUST002496,24,Other,Tier 2,Shivpuri,Gig Worker,16459,656,0,1,School,Referral,2022-11-16
CUST002497,22,Female,Tier 3,Raipur,Gig Worker,18281,593,1,9,Postgraduate,Social Media,2022-10-10
CUST002498,19,Female,Tier 3,Mumbai,Student,12370,482,0,0,Postgraduate,Social Media,2023-06-10
CUST002499,49,Female,Tier 2,Mahbubnagar,Business Owner,108366,640,1,32,Postgraduate,DSA Agent,2023-07-13
CUST002500,24,Female,Tier 3,Saharsa,Gig Worker,28747,531,0,7,Graduate,Organic,2022-07-04
CUST002501,25,Female,Tier 1,Shahjahanpur,Student,0,491,0,0,Graduate,Social Media,2022-12-12
CUST002502,41,Male,Tier 3,Vasai-Virar,Self Employed,42226,706,1,19,Postgraduate,Referral,2023-04-20
CUST002503,25,Male,Tier 2,Nagpur,Gig Worker,13524,587,0,5,Postgraduate,Referral,2022-08-10
CUST002504,48,Female,Tier 2,Katni,Business Owner,60801,640,0,14,School,Organic,2023-08-08
CUST002505,25,Male,Tier 1,Bhilai,Salaried,110754,782,0,24,Postgraduate,Referral,2023-08-05
CUST002506,42,Other,Tier 1,Machilipatnam,Salaried,62600,702,1,3,Graduate,DSA Agent,2023-09-01
CUST002507,21,Female,Tier 1,Udaipur,Student,0,426,0,0,Postgraduate,Referral,2022-12-15
CUST002508,27,Female,Tier 3,Bongaigaon,Gig Worker,29005,518,0,15,Postgraduate,Social Media,2022-07-01
CUST002509,20,Male,Tier 1,Pudukkottai,Student,0,546,1,0,Graduate,DSA Agent,2023-02-19
CUST002510,19,Female,Tier 3,Tadepalligudem,Student,0,441,0,0,Graduate,DSA Agent,2022-07-05
CUST002511,28,Male,Tier 1,Bhiwani,Salaried,100255,793,0,22,Graduate,Referral,2022-08-29
CUST002512,23,Other,Tier 2,Lucknow,Student,0,453,1,0,Graduate,Referral,2023-09-21
CUST002513,28,Male,Tier 3,Ajmer,Gig Worker,32598,652,1,10,Graduate,Social Media,2023-09-02
CUST002514,29,Female,Tier 2,Tirunelveli,Gig Worker,29141,537,1,15,School,Organic,2022-12-31
CUST002515,34,Female,Tier 2,Fatehpur,Self Employed,51428,697,0,22,Graduate,Social Media,2023-12-04
CUST002516,51,Male,Tier 2,Ramagundam,Business Owner,86657,758,0,36,School,Organic,2023-10-11
CUST002517,28,Male,Tier 1,Salem,Salaried,122220,848,0,20,School,Referral,2022-05-31
CUST002518,34,Other,Tier 3,Arrah,Gig Worker,31550,636,0,6,Graduate,DSA Agent,2022-10-13
CUST002519,43,Male,Tier 3,Katni,Self Employed,87282,552,0,39,Graduate,Organic,2023-06-11
CUST002520,45,Female,Tier 3,Aligarh,Self Employed,30444,727,2,24,Graduate,Social Media,2023-03-20
CUST002521,33,Male,Tier 2,Erode,Self Employed,69258,729,1,38,Graduate,Organic,2022-12-09
CUST002522,32,Female,Tier 1,Siliguri,Salaried,87240,766,0,23,Graduate,Social Media,2022-12-25
CUST002523,44,Female,Tier 1,Anantapuram,Salaried,93228,771,1,20,Postgraduate,Social Media,2023-08-21
CUST002524,25,Male,Tier 1,Jamshedpur,Gig Worker,12677,633,0,19,Graduate,Social Media,2022-08-07
CUST002525,21,Male,Tier 2,Hyderabad,Student,16198,434,0,0,Postgraduate,DSA Agent,2023-08-28
CUST002526,30,Female,Tier 1,Visakhapatnam,Salaried,115004,789,0,22,Postgraduate,DSA Agent,2022-10-24
CUST002527,28,Male,Tier 2,Kalyan-Dombivli,Salaried,75631,738,1,22,Postgraduate,Social Media,2023-01-26
CUST002528,42,Male,Tier 2,Kolhapur,Business Owner,75996,756,0,38,School,Social Media,2023-02-14
CUST002529,28,Female,Tier 2,Berhampore,Salaried,112285,823,0,27,School,Organic,2022-11-22
CUST002530,35,Male,Tier 3,Bangalore,Business Owner,105531,785,0,21,Graduate,Social Media,2022-05-06
CUST002531,34,Male,Tier 1,Secunderabad,Self Employed,73399,675,0,13,Graduate,Referral,2023-09-27
CUST002532,20,Female,Tier 1,Karnal,Student,5429,478,0,0,Postgraduate,DSA Agent,2022-06-05
CUST002533,35,Male,Tier 1,Anand,Salaried,51629,737,1,23,Professional,DSA Agent,2023-09-15
CUST002534,33,Male,Tier 3,Akola,Salaried,78786,822,2,23,School,Organic,2023-04-15
CUST002535,46,Male,Tier 2,Nagercoil,Self Employed,83491,680,0,20,Graduate,Social Media,2022-04-18
CUST002536,20,Female,Tier 1,Jaunpur,Student,0,471,0,0,Graduate,Organic,2023-11-10
CUST002537,35,Female,Tier 1,Alwar,Self Employed,70951,672,0,8,Postgraduate,Referral,2022-07-14
CUST002538,38,Female,Tier 2,Singrauli,Salaried,66991,771,0,8,Graduate,Referral,2022-02-10
CUST002539,28,Male,Tier 2,Karawal Nagar,Self Employed,47347,556,0,22,Graduate,DSA Agent,2023-05-14
CUST002540,44,Male,Tier 2,Chittoor,Self Employed,61732,702,1,15,Postgraduate,Social Media,2023-01-09
CUST002541,46,Male,Tier 2,Ramgarh,Self Employed,52555,724,0,12,Professional,Organic,2023-11-10
CUST002542,49,Male,Tier 3,Bikaner,Self Employed,69201,674,0,36,Graduate,Social Media,2022-10-16
CUST002543,20,Female,Tier 2,Giridih,Student,2591,468,1,0,Graduate,DSA Agent,2023-03-07
CUST002544,34,Male,Tier 2,Bhimavaram,Self Employed,76713,733,1,22,Postgraduate,Organic,2023-12-27
CUST002545,28,Male,Tier 3,Jabalpur,Salaried,139813,755,0,7,Graduate,Referral,2022-03-21
CUST002546,27,Male,Tier 2,Ludhiana,Gig Worker,16003,577,1,10,Postgraduate,Social Media,2023-07-07
CUST002547,37,Female,Tier 2,Ahmednagar,Salaried,79457,762,0,2,Postgraduate,Organic,2023-10-20
CUST002548,32,Female,Tier 3,Aligarh,Gig Worker,24842,594,2,17,Postgraduate,Referral,2023-02-05
CUST002549,22,Female,Tier 2,Fatehpur,Gig Worker,21517,602,0,9,Graduate,Organic,2023-10-24
CUST002550,30,Female,Tier 2,Ahmednagar,Salaried,43455,803,0,23,Graduate,Organic,2022-04-07
CUST002551,37,Female,Tier 2,Vasai-Virar,Salaried,74792,731,0,6,Graduate,Organic,2022-08-10
CUST002552,27,Male,Tier 1,Yamunanagar,Salaried,75869,802,0,9,Postgraduate,Social Media,2022-03-07
CUST002553,25,Male,Tier 2,Rajkot,Student,0,550,1,0,Postgraduate,Organic,2023-08-16
CUST002554,39,Female,Tier 1,Pudukkottai,Business Owner,198917,750,1,6,School,Organic,2022-05-05
CUST002555,31,Female,Tier 2,Raipur,Salaried,78972,830,1,1,Graduate,Social Media,2022-07-31
CUST002556,40,Female,Tier 1,Srinagar,Business Owner,151178,785,1,32,Postgraduate,Organic,2022-12-15
CUST002557,29,Female,Tier 3,Dindigul,Gig Worker,24294,634,0,0,Graduate,Social Media,2023-12-05
CUST002558,25,Female,Tier 2,Akola,Salaried,105528,719,1,7,School,Referral,2023-02-03
CUST002559,35,Female,Tier 2,Moradabad,Salaried,43793,837,1,3,Graduate,DSA Agent,2022-04-25
CUST002560,23,Female,Tier 3,Burhanpur,Gig Worker,29334,655,0,1,Postgraduate,Referral,2023-10-08
CUST002561,45,Female,Tier 2,Chapra,Self Employed,56848,680,0,11,Graduate,Referral,2022-12-06
CUST002562,33,Male,Tier 2,Thiruvananthapuram,Self Employed,21973,709,0,16,Graduate,Referral,2022-03-13
CUST002563,26,Female,Tier 2,Pallavaram,Salaried,41055,820,0,3,Postgraduate,Organic,2023-12-09
CUST002564,29,Female,Tier 1,Baranagar,Salaried,54945,704,0,25,Graduate,Social Media,2022-06-22
CUST002565,29,Male,Tier 3,Panihati,Gig Worker,19682,527,2,1,School,Social Media,2023-09-27
CUST002566,38,Female,Tier 2,Raebareli,Salaried,46703,764,1,29,Postgraduate,Referral,2022-12-17
CUST002567,37,Female,Tier 1,Chandigarh,Salaried,98547,740,0,29,Graduate,Organic,2023-11-19
CUST002568,40,Male,Tier 2,Jalandhar,Salaried,110642,780,2,6,Postgraduate,Referral,2022-09-29
CUST002569,26,Female,Tier 2,Visakhapatnam,Student,0,544,0,0,Graduate,Social Media,2023-12-24
CUST002570,52,Male,Tier 2,Kolkata,Business Owner,153634,782,1,24,Graduate,Referral,2022-01-21
CUST002571,30,Other,Tier 2,Vellore,Gig Worker,20006,604,1,19,School,Organic,2022-11-19
CUST002572,54,Female,Tier 1,Mau,Business Owner,114762,736,0,5,Postgraduate,Social Media,2022-02-11
CUST002573,39,Male,Tier 2,Dehri,Salaried,70172,812,2,26,School,DSA Agent,2022-11-04
CUST002574,25,Male,Tier 3,Jhansi,Gig Worker,27529,553,1,2,Graduate,Referral,2023-01-25
CUST002575,27,Female,Tier 2,Aurangabad,Salaried,82362,844,1,17,School,DSA Agent,2022-10-18
CUST002576,48,Male,Tier 2,Orai,Self Employed,23252,677,0,22,Postgraduate,Organic,2022-07-03
CUST002577,45,Male,Tier 1,Raurkela Industrial Township,Business Owner,180786,691,0,37,Postgraduate,DSA Agent,2022-10-27
CUST002578,33,Female,Tier 2,Jabalpur,Self Employed,32775,685,0,39,Graduate,Referral,2022-03-05
CUST002579,38,Male,Tier 2,Purnia,Gig Worker,33853,546,0,1,Postgraduate,Social Media,2022-10-19
CUST002580,28,Male,Tier 3,Madurai,Self Employed,82616,750,1,23,Graduate,Organic,2022-06-24
CUST002581,30,Female,Tier 2,Warangal,Salaried,139441,821,0,12,Graduate,Organic,2022-01-22
CUST002582,26,Female,Tier 1,Salem,Student,14061,522,0,0,Postgraduate,Referral,2022-09-05
CUST002583,28,Female,Tier 2,Panchkula,Gig Worker,12786,674,1,18,Postgraduate,Referral,2023-12-24
CUST002584,31,Female,Tier 2,Faridabad,Gig Worker,22659,524,1,0,Postgraduate,Organic,2022-03-18
CUST002585,26,Male,Tier 3,Lucknow,Gig Worker,13816,581,0,10,School,Social Media,2023-10-14
CUST002586,37,Male,Tier 2,Ramagundam,Self Employed,63952,711,0,2,School,Referral,2023-07-10
CUST002587,33,Male,Tier 1,Pali,Salaried,83790,774,0,24,Graduate,Organic,2023-05-20
CUST002588,50,Female,Tier 2,Jabalpur,Self Employed,32626,563,0,17,School,Referral,2022-09-18
CUST002589,27,Female,Tier 3,Tumkur,Salaried,146198,792,0,15,Graduate,Social Media,2023-09-07
CUST002590,35,Female,Tier 2,Deoghar,Self Employed,83537,636,0,12,Graduate,Organic,2022-04-24
CUST002591,22,Female,Tier 2,Kadapa,Student,0,464,0,0,Graduate,Organic,2022-04-17
CUST002592,18,Female,Tier 3,Silchar,Student,10059,426,0,0,Graduate,Social Media,2022-01-30
CUST002593,31,Male,Tier 2,Bongaigaon,Gig Worker,13256,524,2,5,School,Social Media,2022-08-11
CUST002594,33,Male,Tier 2,Ballia,Gig Worker,26715,500,2,12,Graduate,Social Media,2023-12-14
CUST002595,37,Male,Tier 1,Firozabad,Salaried,120854,702,0,11,Graduate,Organic,2023-10-07
CUST002596,34,Male,Tier 3,Patna,Self Employed,57551,631,0,25,Postgraduate,Referral,2023-01-02
CUST002597,37,Female,Tier 2,Bidar,Salaried,117296,727,0,4,Postgraduate,Social Media,2023-06-25
CUST002598,27,Male,Tier 2,Kollam,Gig Worker,27508,569,0,4,Graduate,Organic,2023-10-08
CUST002599,31,Female,Tier 1,Allahabad,Salaried,50877,820,1,30,Graduate,Referral,2022-04-18
CUST002600,29,Female,Tier 1,Kurnool,Salaried,111630,847,0,13,Graduate,Social Media,2023-08-13
CUST002601,36,Male,Tier 3,Ghaziabad,Self Employed,32593,728,2,28,Postgraduate,Social Media,2023-07-03
CUST002602,32,Male,Tier 2,Kumbakonam,Salaried,58716,849,0,3,Postgraduate,Organic,2022-12-31
CUST002603,28,Male,Tier 2,Phusro,Self Employed,87586,555,1,23,Postgraduate,Social Media,2022-12-15
CUST002604,32,Male,Tier 2,Sri Ganganagar,Salaried,141123,704,0,29,Postgraduate,Organic,2023-04-23
CUST002605,31,Female,Tier 1,Erode,Salaried,104354,782,0,24,Postgraduate,DSA Agent,2022-01-05
CUST002606,22,Male,Tier 2,Suryapet,Gig Worker,34806,634,0,5,Graduate,Organic,2023-12-05
CUST002607,43,Female,Tier 2,Bikaner,Salaried,144120,784,0,5,Graduate,Social Media,2022-03-03
CUST002608,31,Female,Tier 2,Kalyan-Dombivli,Salaried,97754,815,0,26,Graduate,Organic,2022-01-15
CUST002609,38,Female,Tier 2,Vadodara,Self Employed,37777,608,0,28,Graduate,Social Media,2022-07-18
CUST002610,28,Female,Tier 1,Guna,Salaried,69812,718,0,1,Postgraduate,Social Media,2022-06-17
CUST002611,22,Male,Tier 1,Etawah,Student,0,596,0,0,Graduate,Social Media,2023-10-11
CUST002612,34,Male,Tier 2,Morena,Salaried,72438,741,1,10,Graduate,Social Media,2022-04-27
CUST002613,37,Male,Tier 1,Ambattur,Salaried,83285,786,0,9,School,DSA Agent,2023-03-03
CUST002614,30,Male,Tier 3,Pimpri-Chinchwad,Self Employed,75090,582,1,28,Postgraduate,Organic,2023-07-19
CUST002615,28,Female,Tier 2,Thiruvananthapuram,Salaried,133561,778,0,6,School,DSA Agent,2023-04-18
CUST002616,43,Female,Tier 1,Surat,Salaried,142384,717,0,21,Postgraduate,Social Media,2023-02-14
CUST002617,24,Male,Tier 3,Faridabad,Gig Worker,13117,588,1,6,School,Referral,2022-11-25
CUST002618,34,Male,Tier 2,Burhanpur,Salaried,46320,830,0,10,Postgraduate,Organic,2022-03-28
CUST002619,18,Male,Tier 3,Chinsurah,Student,12036,503,0,0,Postgraduate,Social Media,2023-08-26
CUST002620,31,Female,Tier 1,Jamalpur,Salaried,146263,727,1,7,Postgraduate,Social Media,2022-08-12
CUST002621,45,Female,Tier 3,Bhiwandi,Self Employed,86540,579,1,31,Graduate,Organic,2022-07-04
CUST002622,26,Female,Tier 1,Kochi,Student,0,415,1,0,Graduate,Social Media,2022-08-22
CUST002623,28,Female,Tier 2,Nagercoil,Gig Worker,18170,611,1,11,School,Social Media,2022-04-05
CUST002624,55,Male,Tier 3,Tiruvottiyur,Business Owner,67510,612,1,11,Postgraduate,Organic,2022-02-07
CUST002625,32,Male,Tier 2,Howrah,Gig Worker,13636,517,1,10,Graduate,Social Media,2022-07-05
CUST002626,54,Male,Tier 3,Ahmednagar,Business Owner,127944,605,0,12,Professional,Organic,2022-11-23
CUST002627,29,Male,Tier 1,Giridih,Salaried,60804,795,0,11,Graduate,Referral,2023-05-12
CUST002628,33,Female,Tier 2,Ambattur,Self Employed,42732,604,0,6,Graduate,DSA Agent,2023-09-09
CUST002629,33,Female,Tier 3,Jorhat,Gig Worker,21832,522,1,17,Graduate,Organic,2023-04-29
CUST002630,30,Female,Tier 2,Kanpur,Gig Worker,24715,640,0,6,Graduate,Organic,2022-12-22
CUST002631,38,Female,Tier 1,Howrah,Self Employed,43496,563,0,30,Graduate,DSA Agent,2022-02-18
CUST002632,32,Male,Tier 2,Howrah,Self Employed,35225,707,0,33,Graduate,Organic,2022-03-28
CUST002633,27,Male,Tier 2,Bahraich,Salaried,73976,730,0,23,Graduate,Organic,2023-10-12
CUST002634,26,Female,Tier 2,Ichalkaranji,Salaried,142624,814,0,22,Postgraduate,Referral,2023-12-05
CUST002635,47,Female,Tier 2,Satara,Self Employed,24179,605,0,28,Postgraduate,Referral,2023-01-24
CUST002636,31,Male,Tier 2,Madanapalle,Self Employed,89181,603,1,35,School,Referral,2023-04-09
CUST002637,52,Female,Tier 2,Jalna,Business Owner,107425,604,0,23,Graduate,Organic,2023-02-21
CUST002638,35,Female,Tier 1,Medininagar,Self Employed,41108,680,1,19,Graduate,Social Media,2022-01-13
CUST002639,30,Male,Tier 2,Nangloi Jat,Business Owner,168290,653,0,12,Graduate,Organic,2023-05-06
CUST002640,37,Female,Tier 1,Solapur,Self Employed,46457,662,0,36,Graduate,Organic,2023-02-05
CUST002641,35,Male,Tier 3,Chandrapur,Salaried,146936,819,0,27,Postgraduate,Social Media,2023-03-23
CUST002642,34,Female,Tier 2,Shimla,Salaried,75537,797,0,28,Graduate,Referral,2022-07-07
CUST002643,30,Female,Tier 2,Muzaffarnagar,Self Employed,97335,689,0,11,Graduate,Social Media,2023-07-13
CUST002644,40,Other,Tier 3,Barasat,Self Employed,76655,713,0,7,School,Social Media,2022-04-22
CUST002645,37,Male,Tier 2,Suryapet,Salaried,87259,723,0,23,School,Social Media,2022-08-15
CUST002646,22,Male,Tier 3,Sambalpur,Gig Worker,32813,594,1,7,Postgraduate,DSA Agent,2022-11-30
CUST002647,48,Male,Tier 3,Imphal,Business Owner,185176,786,1,14,Graduate,Referral,2022-01-02
CUST002648,25,Male,Tier 1,Meerut,Gig Worker,30554,539,1,11,Postgraduate,Social Media,2023-04-23
CUST002649,23,Female,Tier 2,Bulandshahr,Gig Worker,32257,633,2,15,Postgraduate,Referral,2022-10-02
CUST002650,23,Female,Tier 1,Parbhani,Gig Worker,21989,552,1,0,Graduate,Organic,2022-07-06
CUST002651,31,Male,Tier 1,Kurnool,Salaried,114708,802,0,15,Postgraduate,DSA Agent,2023-03-20
CUST002652,38,Male,Tier 1,Saharsa,Gig Worker,21850,601,0,1,School,Organic,2022-11-20
CUST002653,23,Male,Tier 3,Farrukhabad,Gig Worker,34842,640,0,12,School,Organic,2022-05-26
CUST002654,34,Male,Tier 1,Bhilai,Salaried,116054,731,0,8,Postgraduate,DSA Agent,2023-06-01
CUST002655,44,Male,Tier 3,Ajmer,Self Employed,44972,602,2,20,Postgraduate,Organic,2023-06-04
CUST002656,25,Male,Tier 2,Noida,Gig Worker,18551,594,0,15,Graduate,Referral,2022-03-08
CUST002657,25,Female,Tier 1,Malda,Student,10673,443,0,0,Graduate,Organic,2023-02-11
CUST002658,24,Male,Tier 2,Jaipur,Student,2386,557,0,0,School,Organic,2022-10-08
CUST002659,28,Female,Tier 1,Visakhapatnam,Salaried,54606,754,0,25,Graduate,DSA Agent,2022-02-22
CUST002660,32,Female,Tier 2,Alwar,Self Employed,41681,666,1,36,Graduate,DSA Agent,2023-02-13
CUST002661,32,Male,Tier 3,Dewas,Gig Worker,29132,654,1,18,School,DSA Agent,2023-02-27
CUST002662,19,Female,Tier 3,Allahabad,Student,0,494,0,0,Postgraduate,Organic,2023-01-30
CUST002663,44,Female,Tier 1,Phagwara,Salaried,146787,826,1,21,School,Social Media,2023-09-03
CUST002664,35,Female,Tier 3,Shimla,Self Employed,98936,681,0,12,Professional,Organic,2023-01-30
CUST002665,46,Male,Tier 2,Eluru,Self Employed,74332,696,0,9,Professional,Referral,2023-03-07
CUST002666,40,Male,Tier 2,Raiganj,Salaried,123055,740,0,19,Postgraduate,Referral,2022-01-16
CUST002667,44,Female,Tier 1,Rajahmundry,Salaried,93126,726,1,16,Graduate,DSA Agent,2022-10-31
CUST002668,45,Female,Tier 2,Nadiad,Self Employed,68802,709,0,14,Graduate,DSA Agent,2023-11-10
CUST002669,28,Male,Tier 1,Chinsurah,Self Employed,52752,567,0,31,Graduate,Organic,2023-01-01
CUST002670,30,Male,Tier 1,Farrukhabad,Salaried,69623,780,0,20,School,Social Media,2022-02-03
CUST002671,31,Male,Tier 3,Hosur,Self Employed,34031,694,2,31,Postgraduate,Organic,2023-05-09
CUST002672,34,Male,Tier 2,Indore,Gig Worker,14984,552,2,9,Professional,Organic,2022-10-28
CUST002673,45,Female,Tier 3,Firozabad,Self Employed,94740,651,0,38,Graduate,Social Media,2022-10-17
CUST002674,33,Male,Tier 1,Bhopal,Salaried,108430,835,0,1,Professional,Organic,2022-07-17
CUST002675,19,Male,Tier 2,Raebareli,Student,6410,415,0,0,Graduate,Referral,2023-08-04
CUST002676,37,Female,Tier 1,Howrah,Salaried,122767,720,3,26,School,Social Media,2022-01-13
CUST002677,36,Male,Tier 2,Begusarai,Gig Worker,19053,676,0,11,Postgraduate,Organic,2022-10-05
CUST002678,31,Female,Tier 1,Tumkur,Salaried,122583,737,0,15,Postgraduate,Organic,2023-09-05
CUST002679,42,Female,Tier 2,Khandwa,Salaried,83096,763,1,29,Graduate,Social Media,2022-02-22
CUST002680,33,Male,Tier 3,Ujjain,Gig Worker,30121,641,0,11,Professional,Social Media,2022-09-25
CUST002681,38,Female,Tier 1,Bhind,Salaried,73202,709,1,24,Graduate,Referral,2022-07-07
CUST002682,21,Female,Tier 2,Mira-Bhayandar,Student,7843,430,0,0,School,Referral,2023-07-24
CUST002683,29,Male,Tier 2,Parbhani,Salaried,64249,808,2,1,Graduate,DSA Agent,2023-05-26
CUST002684,32,Male,Tier 3,Guwahati,Gig Worker,30769,552,0,6,Postgraduate,DSA Agent,2023-05-03
CUST002685,37,Female,Tier 2,Hosur,Salaried,123564,756,0,20,School,Social Media,2022-03-22
CUST002686,32,Female,Tier 2,Naihati,Salaried,105613,726,1,15,School,Organic,2023-08-23
CUST002687,39,Female,Tier 2,Agra,Salaried,123258,777,0,29,Graduate,Referral,2023-03-28
CUST002688,22,Male,Tier 3,Mirzapur,Gig Worker,16971,599,1,4,Graduate,Social Media,2023-07-26
CUST002689,37,Female,Tier 3,Chandrapur,Gig Worker,14087,613,0,5,Graduate,Social Media,2023-08-11
CUST002690,34,Male,Tier 2,Amravati,Gig Worker,20421,631,1,12,Graduate,Social Media,2022-09-16
CUST002691,27,Female,Tier 3,Jehanabad,Gig Worker,19682,510,2,4,Postgraduate,Organic,2022-04-14
CUST002692,27,Female,Tier 2,Bilaspur,Gig Worker,13660,633,0,9,Graduate,Organic,2022-02-04
CUST002693,43,Female,Tier 2,Raiganj,Salaried,125707,724,0,20,Professional,Referral,2022-10-01
CUST002694,31,Female,Tier 2,Pune,Gig Worker,28373,605,0,0,Graduate,Organic,2023-03-01
CUST002695,34,Female,Tier 1,Bangalore,Business Owner,174385,763,1,24,School,Referral,2022-09-20
CUST002696,23,Female,Tier 3,Vadodara,Gig Worker,34317,640,1,0,Graduate,Referral,2023-09-24
CUST002697,41,Male,Tier 3,Nangloi Jat,Self Employed,95129,693,0,32,Postgraduate,Social Media,2023-05-15
CUST002698,33,Female,Tier 1,Alappuzha,Salaried,121142,711,1,1,Graduate,Social Media,2022-05-16
CUST002699,38,Female,Tier 2,Adoni,Self Employed,39588,724,0,27,Postgraduate,Referral,2023-10-07
CUST002700,36,Male,Tier 3,Bally,Self Employed,50775,653,0,16,Graduate,Organic,2023-08-29
CUST002701,24,Female,Tier 2,Rajkot,Gig Worker,12579,590,0,14,School,Organic,2023-06-16
CUST002702,55,Male,Tier 2,Bokaro,Business Owner,185387,609,0,35,School,Referral,2022-12-27
CUST002703,30,Female,Tier 1,Bally,Salaried,82480,835,1,16,Graduate,Organic,2023-06-25
CUST002704,38,Female,Tier 3,Shimla,Salaried,52076,711,0,16,Professional,Organic,2023-01-07
CUST002705,40,Male,Tier 3,Ambattur,Self Employed,98665,619,0,37,Graduate,Social Media,2023-05-06
CUST002706,26,Female,Tier 2,Siliguri,Student,0,530,1,0,Graduate,Referral,2022-05-22
CUST002707,34,Male,Tier 1,Muzaffarpur,Salaried,114787,702,0,11,Postgraduate,Social Media,2023-09-23
CUST002708,33,Female,Tier 1,Agra,Salaried,88489,727,1,9,Postgraduate,Organic,2022-04-15
CUST002709,41,Male,Tier 1,Guna,Salaried,68606,808,0,30,School,Organic,2022-02-19
CUST002710,37,Male,Tier 2,Adoni,Salaried,147700,785,0,17,School,Social Media,2023-07-11
CUST002711,44,Male,Tier 2,Kalyan-Dombivli,Self Employed,92235,701,2,7,Graduate,Social Media,2023-08-26
CUST002712,27,Male,Tier 3,Ghaziabad,Gig Worker,32221,646,3,2,Graduate,Organic,2022-12-22
CUST002713,41,Female,Tier 1,Bardhaman,Salaried,144742,738,0,27,Graduate,Referral,2022-01-29
CUST002714,37,Female,Tier 2,Nagercoil,Gig Worker,31215,552,0,9,Postgraduate,Social Media,2022-08-16
CUST002715,43,Male,Tier 2,Ghaziabad,Salaried,45350,709,0,2,Graduate,Social Media,2022-06-06
CUST002716,37,Male,Tier 2,Etawah,Salaried,72949,701,1,10,School,Organic,2022-02-04
CUST002717,42,Male,Tier 3,Solapur,Self Employed,76291,711,1,29,Graduate,Social Media,2023-09-07
CUST002718,35,Female,Tier 2,Gorakhpur,Business Owner,137718,708,0,2,Postgraduate,Referral,2022-06-04
CUST002719,26,Female,Tier 1,Patiala,Student,0,552,1,0,School,Social Media,2023-11-20
CUST002720,33,Male,Tier 1,Anantapur,Salaried,133577,829,0,4,Postgraduate,Social Media,2022-02-02
CUST002721,25,Female,Tier 1,Vijayanagaram,Student,13072,455,0,0,Professional,Organic,2022-09-03
CUST002722,29,Male,Tier 2,Purnia,Self Employed,86495,573,0,29,Graduate,Social Media,2023-12-26
CUST002723,33,Female,Tier 3,Asansol,Self Employed,35677,692,0,10,Graduate,Social Media,2022-08-29
CUST002724,27,Female,Tier 1,Khammam,Gig Worker,30334,562,0,17,School,Social Media,2023-02-05
CUST002725,34,Female,Tier 2,Thanjavur,Gig Worker,22120,519,1,17,School,Organic,2022-11-06
CUST002726,25,Female,Tier 1,Dindigul,Salaried,51152,798,0,21,Graduate,Referral,2023-09-26
CUST002727,25,Female,Tier 2,Durg,Salaried,75999,747,1,6,School,Referral,2023-02-26
CUST002728,29,Female,Tier 1,Nanded,Salaried,127865,709,0,2,Postgraduate,Organic,2023-01-03
CUST002729,32,Female,Tier 1,Varanasi,Salaried,147928,700,1,16,Graduate,DSA Agent,2022-07-16
CUST002730,25,Male,Tier 2,Jalgaon,Gig Worker,25324,570,0,0,Professional,Referral,2022-01-29
CUST002731,34,Male,Tier 1,Aligarh,Self Employed,94210,744,0,19,Professional,Social Media,2023-08-09
CUST002732,36,Male,Tier 2,Satara,Gig Worker,13835,529,0,3,Postgraduate,Organic,2023-05-18
CUST002733,42,Female,Tier 1,Thrissur,Salaried,52409,703,0,11,Graduate,Social Media,2022-05-29
CUST002734,35,Male,Tier 3,Ballia,Business Owner,164267,687,0,21,Graduate,Social Media,2022-08-11
CUST002735,34,Male,Tier 3,Jalgaon,Business Owner,167913,612,2,18,Professional,Organic,2022-10-05
CUST002736,29,Male,Tier 1,Vijayawada,Self Employed,85032,661,0,3,Postgraduate,Referral,2023-11-01
CUST002737,35,Male,Tier 2,Rajahmundry,Business Owner,84968,700,0,30,Graduate,Social Media,2023-08-30
CUST002738,27,Female,Tier 2,Siwan,Gig Worker,14161,632,0,14,Postgraduate,Social Media,2022-02-07
CUST002739,54,Female,Tier 2,Dehri,Business Owner,169495,658,0,36,Graduate,Social Media,2023-11-04
CUST002740,28,Female,Tier 2,Medininagar,Salaried,41806,807,0,19,Postgraduate,DSA Agent,2023-05-25
CUST002741,22,Female,Tier 3,Loni,Gig Worker,32119,520,0,1,Graduate,Social Media,2022-09-15
CUST002742,25,Female,Tier 2,Ratlam,Salaried,100915,781,1,10,Postgraduate,Organic,2022-08-01
CUST002743,39,Female,Tier 1,Jammu,Salaried,48616,764,0,26,Graduate,Referral,2022-04-07
CUST002744,44,Male,Tier 2,Latur,Salaried,65205,833,1,1,Graduate,Referral,2023-09-13
CUST002745,40,Female,Tier 3,Latur,Self Employed,81349,722,1,17,Graduate,DSA Agent,2022-10-13
CUST002746,37,Male,Tier 1,Ahmednagar,Self Employed,23813,580,2,23,Graduate,Referral,2022-12-06
CUST002747,30,Male,Tier 1,Satna,Gig Worker,16302,665,2,10,Graduate,Organic,2023-11-22
CUST002748,28,Female,Tier 2,New Delhi,Salaried,141824,800,0,11,Graduate,Referral,2022-11-07
CUST002749,22,Male,Tier 3,Alappuzha,Student,18121,435,2,0,Graduate,Social Media,2023-08-01
CUST002750,43,Male,Tier 1,Vijayawada,Self Employed,94789,625,0,39,Graduate,Organic,2022-12-08
CUST002751,33,Male,Tier 2,Karaikudi,Gig Worker,23413,593,0,18,Graduate,DSA Agent,2023-11-26
CUST002752,36,Male,Tier 2,Mirzapur,Self Employed,37686,553,0,28,School,Referral,2022-10-28
CUST002753,33,Male,Tier 1,Mahbubnagar,Salaried,54661,706,0,13,Professional,DSA Agent,2022-09-21
CUST002754,44,Male,Tier 1,Sultan Pur Majra,Salaried,134217,818,0,28,Postgraduate,Organic,2022-05-26
CUST002755,42,Female,Tier 3,Berhampur,Business Owner,64759,709,0,16,Graduate,Referral,2023-01-21
CUST002756,34,Female,Tier 2,Siwan,Salaried,107182,769,0,21,Graduate,Social Media,2023-06-22
CUST002757,32,Male,Tier 3,Vellore,Gig Worker,32703,618,0,10,Graduate,Social Media,2023-01-22
CUST002758,24,Female,Tier 1,Medininagar,Student,12620,554,0,0,School,Organic,2022-10-13
CUST002759,35,Male,Tier 3,Baranagar,Self Employed,37811,564,0,4,Graduate,Social Media,2023-12-19
CUST002760,39,Male,Tier 2,Satara,Salaried,44071,748,0,7,Professional,Social Media,2023-09-12
CUST002761,27,Male,Tier 2,Jodhpur,Salaried,78377,795,1,30,School,Referral,2023-02-08
CUST002762,26,Female,Tier 1,Bidar,Salaried,105815,754,0,11,Graduate,Social Media,2022-07-27
CUST002763,42,Male,Tier 2,Ramgarh,Self Employed,59629,721,3,26,Professional,Social Media,2023-09-15
CUST002764,34,Female,Tier 3,Davanagere,Gig Worker,30699,679,0,5,Professional,Organic,2022-03-06
CUST002765,29,Female,Tier 2,Malda,Salaried,92940,825,0,10,Graduate,DSA Agent,2023-07-19
CUST002766,30,Female,Tier 3,Rourkela,Business Owner,63737,681,1,7,School,Referral,2022-11-26
CUST002767,22,Female,Tier 2,Gurgaon,Gig Worker,27208,515,1,1,Graduate,DSA Agent,2022-03-03
CUST002768,25,Female,Tier 2,Begusarai,Salaried,136466,703,0,3,Postgraduate,DSA Agent,2022-12-01
CUST002769,25,Male,Tier 3,Salem,Gig Worker,24355,670,0,16,School,DSA Agent,2023-04-13
CUST002770,49,Male,Tier 3,Visakhapatnam,Self Employed,84577,732,0,33,Graduate,Organic,2023-10-01
CUST002771,35,Female,Tier 1,Nagpur,Salaried,51467,710,0,10,Graduate,Social Media,2022-05-21
CUST002772,36,Female,Tier 2,Srinagar,Salaried,103765,836,1,15,School,Organic,2023-02-28
CUST002773,26,Male,Tier 2,Kottayam,Student,0,567,0,0,School,DSA Agent,2022-08-17
CUST002774,26,Male,Tier 2,Bhusawal,Gig Worker,32140,676,0,0,Graduate,Referral,2022-09-07
CUST002775,38,Male,Tier 2,Warangal,Gig Worker,22113,620,0,3,School,Organic,2022-03-21
CUST002776,26,Male,Tier 3,Proddatur,Gig Worker,14221,508,0,17,Graduate,Referral,2022-03-04
CUST002777,27,Male,Tier 1,Durg,Salaried,133490,751,0,9,Graduate,DSA Agent,2022-09-12
CUST002778,40,Female,Tier 1,Naihati,Salaried,73323,816,0,6,Graduate,Social Media,2023-05-29
CUST002779,24,Female,Tier 3,Gudivada,Gig Worker,26253,526,0,18,Graduate,Social Media,2022-08-18
CUST002780,38,Female,Tier 1,Ranchi,Salaried,88428,789,0,28,Postgraduate,Organic,2022-08-27
CUST002781,36,Female,Tier 2,Raichur,Salaried,106776,752,0,7,Postgraduate,Referral,2022-12-13
CUST002782,20,Female,Tier 3,Alappuzha,Student,16615,539,0,0,Postgraduate,Referral,2023-04-14
CUST002783,30,Male,Tier 3,Junagadh,Business Owner,185556,713,0,29,Graduate,Organic,2023-07-12
CUST002784,34,Male,Tier 3,Morena,Self Employed,53874,698,1,37,Professional,DSA Agent,2022-11-27
CUST002785,21,Female,Tier 1,South Dumdum,Student,10907,452,0,0,Graduate,Organic,2022-05-10
CUST002786,44,Female,Tier 2,Saharanpur,Salaried,108557,723,2,27,Professional,Social Media,2023-06-20
CUST002787,54,Male,Tier 3,Guntakal,Business Owner,125077,763,1,13,Postgraduate,DSA Agent,2022-12-11
CUST002788,40,Other,Tier 2,Malda,Salaried,107465,715,1,24,Postgraduate,DSA Agent,2022-10-01
CUST002789,43,Male,Tier 3,Pondicherry,Business Owner,139340,755,1,18,Postgraduate,Organic,2022-12-14
CUST002790,37,Male,Tier 1,Belgaum,Business Owner,152471,773,0,10,School,DSA Agent,2022-02-02
CUST002791,49,Male,Tier 2,Jalandhar,Self Employed,99688,638,0,28,Professional,Organic,2023-07-19
CUST002792,38,Male,Tier 2,Bihar Sharif,Business Owner,156066,721,0,34,Graduate,Social Media,2023-11-07
CUST002793,32,Female,Tier 2,Mau,Gig Worker,12387,611,0,10,Postgraduate,Referral,2023-12-10
CUST002794,45,Female,Tier 3,Phusro,Salaried,82398,835,0,30,Postgraduate,Organic,2022-10-01
CUST002795,23,Male,Tier 1,Baranagar,Gig Worker,17421,592,0,15,Postgraduate,Social Media,2023-04-23
CUST002796,35,Female,Tier 1,Yamunanagar,Gig Worker,25635,501,0,10,School,Referral,2022-12-04
CUST002797,32,Female,Tier 1,Mangalore,Salaried,41782,828,0,13,Graduate,Social Media,2022-08-02
CUST002798,50,Female,Tier 2,Kalyan-Dombivli,Self Employed,63508,714,0,23,Graduate,Organic,2023-05-12
CUST002799,52,Female,Tier 1,Chinsurah,Business Owner,133028,791,3,18,Postgraduate,Referral,2023-09-07
CUST002800,41,Male,Tier 2,Ramgarh,Salaried,60404,792,1,10,Postgraduate,Organic,2022-02-14
CUST002801,46,Female,Tier 1,Navi Mumbai,Self Employed,35429,638,1,35,Graduate,Referral,2022-02-28
CUST002802,39,Male,Tier 1,Anantapuram,Business Owner,82071,688,0,13,Postgraduate,DSA Agent,2023-06-06
CUST002803,35,Female,Tier 3,Kochi,Business Owner,49172,643,1,39,Graduate,Referral,2023-05-11
CUST002804,38,Male,Tier 3,Panipat,Business Owner,160305,664,0,4,School,Organic,2022-11-12
CUST002805,27,Female,Tier 2,Bahraich,Gig Worker,30348,661,1,3,Graduate,Referral,2022-10-10
CUST002806,47,Female,Tier 3,Gulbarga,Business Owner,141409,762,0,18,School,Organic,2023-02-03
CUST002807,31,Male,Tier 2,Rampur,Self Employed,60048,702,1,35,Graduate,Organic,2023-09-15
CUST002808,41,Male,Tier 2,Ahmednagar,Salaried,136496,788,0,23,Graduate,Referral,2023-08-06
CUST002809,22,Female,Tier 3,Ajmer,Gig Worker,20023,511,1,2,Graduate,Organic,2023-06-12
CUST002810,36,Female,Tier 2,Tiruppur,Self Employed,76248,571,0,34,Professional,Organic,2022-05-05
CUST002811,31,Male,Tier 3,Bhopal,Salaried,121931,704,0,26,Graduate,Organic,2022-01-25
CUST002812,46,Female,Tier 1,Panvel,Self Employed,63027,738,0,8,School,Referral,2022-04-21
CUST002813,29,Male,Tier 2,Chennai,Self Employed,68697,743,0,1,Postgraduate,Social Media,2023-10-22
CUST002814,39,Male,Tier 1,Indore,Salaried,50006,848,0,12,Graduate,Organic,2023-04-17
CUST002815,28,Male,Tier 2,Kurnool,Gig Worker,29994,603,2,8,School,Organic,2023-06-11
CUST002816,34,Male,Tier 2,Aurangabad,Self Employed,40312,631,0,30,Graduate,DSA Agent,2023-08-30
CUST002817,23,Female,Tier 2,Raiganj,Gig Worker,28085,626,1,6,Graduate,DSA Agent,2022-12-07
CUST002818,33,Other,Tier 3,Malda,Salaried,52749,769,0,23,School,Social Media,2022-01-28
CUST002819,28,Male,Tier 1,Bhubaneswar,Salaried,117415,763,0,29,Graduate,Organic,2022-04-09
CUST002820,22,Female,Tier 2,Raiganj,Gig Worker,33341,627,1,2,School,Organic,2022-02-22
CUST002821,44,Male,Tier 3,Kumbakonam,Business Owner,129585,748,0,6,School,Social Media,2022-07-03
CUST002822,32,Female,Tier 2,Chandigarh,Salaried,56034,782,0,16,Graduate,Social Media,2023-08-28
CUST002823,49,Male,Tier 3,Alwar,Self Employed,58991,580,2,33,Graduate,Social Media,2023-05-17
CUST002824,34,Female,Tier 2,Raichur,Salaried,89046,748,0,16,Postgraduate,Social Media,2022-10-12
CUST002825,39,Female,Tier 2,Korba,Salaried,68465,777,0,20,School,Social Media,2022-10-09
CUST002826,19,Male,Tier 2,Khammam,Student,0,513,0,0,Graduate,DSA Agent,2022-10-25
CUST002827,46,Female,Tier 2,Guna,Self Employed,27312,681,0,16,School,Social Media,2023-03-17
CUST002828,42,Male,Tier 1,Bally,Salaried,58027,825,0,15,Graduate,Organic,2022-01-26
CUST002829,30,Male,Tier 3,Anand,Gig Worker,31047,680,0,17,Graduate,Referral,2023-04-15
CUST002830,38,Male,Tier 1,Satna,Salaried,125334,732,2,14,Graduate,Social Media,2022-04-30
CUST002831,38,Male,Tier 1,Bhiwani,Gig Worker,13289,538,0,16,Graduate,Organic,2023-06-12
CUST002832,33,Male,Tier 3,Saharsa,Self Employed,42150,594,1,25,Graduate,Referral,2022-12-16
CUST002833,29,Male,Tier 1,Jhansi,Salaried,73701,846,0,13,School,Organic,2022-10-16
CUST002834,33,Male,Tier 2,Bangalore,Salaried,85322,830,1,19,School,Referral,2022-10-16
CUST002835,31,Male,Tier 3,Durgapur,Gig Worker,15575,533,1,10,Postgraduate,Organic,2022-12-11
CUST002836,33,Female,Tier 1,Muzaffarnagar,Business Owner,119251,604,1,6,Postgraduate,DSA Agent,2023-08-16
CUST002837,31,Female,Tier 3,Bilaspur,Business Owner,66184,713,0,35,Postgraduate,Social Media,2022-03-01
CUST002838,37,Male,Tier 2,Saharanpur,Salaried,86433,719,0,24,Graduate,Organic,2023-03-22
CUST002839,42,Male,Tier 1,Gaya,Self Employed,37441,664,0,27,Postgraduate,Referral,2022-04-17
CUST002840,27,Male,Tier 3,Ichalkaranji,Gig Worker,31168,666,0,7,Postgraduate,Referral,2023-02-16
CUST002841,24,Female,Tier 2,Davanagere,Gig Worker,18966,549,0,17,Graduate,Referral,2022-10-13
CUST002842,34,Female,Tier 1,Hazaribagh,Self Employed,43881,587,1,24,Postgraduate,Social Media,2022-11-06
CUST002843,35,Male,Tier 2,Delhi,Business Owner,173513,682,0,2,Graduate,Organic,2022-09-02
CUST002844,46,Male,Tier 3,Jabalpur,Business Owner,178153,717,0,35,School,Social Media,2023-05-20
CUST002845,36,Male,Tier 3,Proddatur,Gig Worker,22682,500,1,8,School,Referral,2022-08-05
CUST002846,27,Male,Tier 3,Mangalore,Gig Worker,20735,538,1,0,Graduate,Social Media,2022-07-13
CUST002847,33,Female,Tier 2,Gurgaon,Self Employed,46877,688,0,6,Graduate,Organic,2022-03-30
CUST002848,43,Female,Tier 3,Srikakulam,Salaried,85227,713,0,8,Graduate,DSA Agent,2022-01-21
CUST002849,24,Male,Tier 1,Ballia,Gig Worker,19345,594,0,12,Graduate,Referral,2023-07-26
CUST002850,31,Female,Tier 2,Karnal,Gig Worker,31699,652,1,14,Graduate,DSA Agent,2022-05-25
CUST002851,28,Male,Tier 1,Bettiah,Self Employed,83083,699,1,6,School,Organic,2023-01-23
CUST002852,35,Male,Tier 1,Dewas,Salaried,93334,774,0,1,School,Organic,2023-02-07
CUST002853,36,Female,Tier 1,Jalna,Salaried,113036,813,0,4,Graduate,Organic,2022-10-28
CUST002854,36,Female,Tier 2,Unnao,Business Owner,199726,765,1,18,Graduate,Organic,2023-12-11
CUST002855,27,Male,Tier 1,Khora ,Salaried,56619,745,1,8,Graduate,Organic,2023-03-13
CUST002856,33,Male,Tier 3,Tinsukia,Gig Worker,18064,509,0,4,Graduate,Organic,2022-04-02
CUST002857,26,Female,Tier 1,Sagar,Salaried,69218,795,0,22,Professional,Social Media,2022-07-23
CUST002858,39,Female,Tier 2,Muzaffarnagar,Salaried,138113,772,2,3,Graduate,Referral,2023-08-25
CUST002859,29,Male,Tier 2,Tumkur,Salaried,106219,752,0,16,School,Organic,2022-07-22
CUST002860,31,Male,Tier 3,Amroha,Salaried,129266,813,1,14,Graduate,Organic,2023-07-01
CUST002861,26,Male,Tier 1,Shahjahanpur,Student,0,471,0,0,Postgraduate,Organic,2022-12-13
CUST002862,28,Female,Tier 1,Bhiwandi,Salaried,68786,777,0,18,Graduate,Social Media,2022-06-16
CUST002863,52,Female,Tier 2,Madhyamgram,Business Owner,167073,619,2,29,Postgraduate,DSA Agent,2023-04-21
CUST002864,22,Male,Tier 2,Raipur,Gig Worker,24427,650,0,9,Postgraduate,Organic,2022-08-10
CUST002865,37,Female,Tier 2,Sikar,Gig Worker,16300,538,0,5,Graduate,Organic,2023-06-24
CUST002866,38,Female,Tier 2,Karawal Nagar,Gig Worker,20209,626,1,2,Postgraduate,DSA Agent,2023-12-13
CUST002867,31,Male,Tier 3,Ghaziabad,Gig Worker,20733,590,0,1,Postgraduate,DSA Agent,2023-01-17
CUST002868,41,Male,Tier 3,Noida,Self Employed,69760,578,0,9,Postgraduate,Referral,2022-06-05
CUST002869,29,Female,Tier 1,Ramagundam,Salaried,67175,840,0,6,Graduate,Social Media,2022-04-06
CUST002870,33,Female,Tier 2,Guna,Gig Worker,13817,602,0,8,School,DSA Agent,2022-04-16
CUST002871,24,Female,Tier 1,Alappuzha,Student,0,460,0,0,School,Social Media,2023-10-25
CUST002872,52,Female,Tier 2,Kishanganj,Business Owner,184366,795,2,22,Professional,Referral,2022-02-27
CUST002873,23,Male,Tier 1,Bhilwara,Student,0,444,1,0,School,Social Media,2022-12-18
CUST002874,29,Male,Tier 2,Bulandshahr,Gig Worker,21601,664,3,4,Graduate,Social Media,2022-05-15
CUST002875,28,Female,Tier 2,Mango,Self Employed,88090,650,2,13,School,DSA Agent,2023-11-30
CUST002876,29,Male,Tier 2,Silchar,Gig Worker,22296,554,0,18,Postgraduate,Organic,2023-07-09
CUST002877,31,Female,Tier 3,Meerut,Gig Worker,30773,666,2,11,Graduate,Organic,2022-12-12
CUST002878,40,Female,Tier 1,Shivpuri,Salaried,83436,731,1,2,School,Social Media,2022-03-10
CUST002879,31,Female,Tier 1,Sonipat,Gig Worker,13075,531,0,7,Professional,DSA Agent,2023-09-22
CUST002880,39,Male,Tier 2,Aizawl,Salaried,123955,833,0,22,Postgraduate,Organic,2023-06-14
CUST002881,40,Female,Tier 3,Alappuzha,Salaried,83916,722,1,13,School,Social Media,2023-10-19
CUST002882,22,Female,Tier 2,Chapra,Student,0,500,0,0,Postgraduate,Social Media,2022-09-06
CUST002883,28,Female,Tier 1,Jorhat,Salaried,130451,743,1,17,Postgraduate,DSA Agent,2023-06-03
CUST002884,30,Female,Tier 1,Bhubaneswar,Salaried,43813,773,0,20,Postgraduate,Referral,2022-09-27
CUST002885,42,Male,Tier 2,Bikaner,Salaried,110017,766,1,10,Graduate,Organic,2023-07-06
CUST002886,49,Male,Tier 2,Jaipur,Business Owner,124066,696,1,35,Graduate,Social Media,2022-02-20
CUST002887,31,Male,Tier 2,Mysore,Gig Worker,28971,501,0,14,Graduate,Organic,2023-03-04
CUST002888,28,Male,Tier 2,Nagercoil,Gig Worker,17231,616,0,11,Graduate,Referral,2023-02-26
CUST002889,24,Female,Tier 3,Dhanbad,Student,0,564,0,0,Graduate,Social Media,2022-08-14
CUST002890,20,Female,Tier 2,Mirzapur,Student,3064,480,0,0,Graduate,Referral,2023-11-24
CUST002891,27,Female,Tier 2,Sangli-Miraj & Kupwad,Salaried,73818,703,0,3,Graduate,DSA Agent,2022-08-21
CUST002892,33,Female,Tier 2,Berhampur,Self Employed,78951,749,0,12,Graduate,Referral,2023-10-24
CUST002893,45,Male,Tier 2,Nanded,Self Employed,34847,583,0,36,Graduate,Referral,2022-05-03
CUST002894,44,Other,Tier 2,Bathinda,Self Employed,53290,608,1,3,Postgraduate,Organic,2023-07-07
CUST002895,29,Male,Tier 1,Thrissur,Salaried,124372,849,0,18,Graduate,Social Media,2023-07-06
CUST002896,22,Male,Tier 3,Ahmedabad,Student,0,464,0,0,Postgraduate,Organic,2023-12-22
CUST002897,25,Female,Tier 2,Jaipur,Gig Worker,23089,551,0,11,Graduate,Organic,2023-06-28
CUST002898,26,Female,Tier 2,Orai,Salaried,72851,796,0,10,Postgraduate,Referral,2023-05-11
CUST002899,22,Female,Tier 2,Shivpuri,Gig Worker,19826,655,0,18,Graduate,Social Media,2022-05-16
CUST002900,40,Male,Tier 1,Sangli-Miraj & Kupwad,Salaried,109406,798,0,30,Professional,DSA Agent,2023-09-09
CUST002901,30,Female,Tier 3,Barasat,Salaried,42810,758,0,6,Postgraduate,Social Media,2022-10-08
CUST002902,29,Male,Tier 2,Berhampur,Self Employed,96040,606,0,27,School,Organic,2023-01-31
CUST002903,39,Male,Tier 1,Visakhapatnam,Salaried,78371,767,0,26,Postgraduate,Social Media,2022-06-24
CUST002904,32,Female,Tier 3,Amravati,Gig Worker,26928,600,1,2,Graduate,Organic,2022-04-05
CUST002905,26,Female,Tier 3,Rewa,Gig Worker,22831,647,0,12,Graduate,DSA Agent,2022-06-06
CUST002906,42,Female,Tier 1,Gopalpur,Salaried,146154,729,0,3,Professional,Organic,2023-09-08
CUST002907,44,Female,Tier 1,Solapur,Business Owner,43546,742,0,33,Postgraduate,Social Media,2022-04-18
CUST002908,30,Female,Tier 1,Dibrugarh,Salaried,59133,720,1,12,School,Social Media,2022-07-03
CUST002909,37,Female,Tier 1,Jaipur,Salaried,138840,738,1,11,Postgraduate,Social Media,2023-09-06
CUST002910,37,Female,Tier 2,Hosur,Salaried,64502,756,0,7,School,Social Media,2023-01-19
CUST002911,25,Female,Tier 2,Bareilly,Salaried,102735,734,0,28,Postgraduate,DSA Agent,2022-01-21
CUST002912,40,Other,Tier 1,Jammu,Salaried,141954,715,0,15,Graduate,Organic,2022-10-08
CUST002913,35,Other,Tier 1,North Dumdum,Self Employed,50068,598,0,4,Graduate,Organic,2023-03-07
CUST002914,53,Male,Tier 2,Anand,Business Owner,178501,705,0,17,Postgraduate,DSA Agent,2023-03-21
CUST002915,28,Female,Tier 2,Barasat,Salaried,82475,822,0,19,Professional,DSA Agent,2022-10-14
CUST002916,48,Female,Tier 1,Berhampore,Self Employed,43656,652,1,16,School,Social Media,2022-12-30
CUST002917,50,Male,Tier 2,Salem,Self Employed,34241,597,0,39,School,DSA Agent,2023-09-17
CUST002918,19,Female,Tier 1,Gangtok,Student,4297,577,0,0,Postgraduate,Social Media,2023-03-05
CUST002919,29,Male,Tier 3,Gandhinagar,Gig Worker,34248,593,0,2,Postgraduate,Social Media,2022-04-11
CUST002920,41,Female,Tier 1,Haldia,Salaried,121212,701,0,26,Graduate,Referral,2023-04-21
CUST002921,42,Female,Tier 1,Korba,Salaried,134338,716,0,24,School,DSA Agent,2023-11-18
CUST002922,50,Male,Tier 1,Kishanganj,Self Employed,75480,598,0,6,School,Organic,2022-03-08
CUST002923,22,Male,Tier 2,Karawal Nagar,Student,0,466,0,0,Graduate,Organic,2022-02-21
CUST002924,40,Female,Tier 3,Deoghar,Salaried,79314,731,1,10,School,Social Media,2022-08-29
CUST002925,23,Male,Tier 2,Eluru,Gig Worker,18732,519,0,12,Graduate,Organic,2022-11-06
CUST002926,50,Male,Tier 2,Mehsana,Business Owner,151742,772,1,31,Postgraduate,Social Media,2023-07-11
CUST002927,24,Male,Tier 2,Serampore,Student,0,475,0,0,School,Referral,2023-07-13
CUST002928,31,Female,Tier 3,Bidhannagar,Business Owner,102810,718,3,32,Graduate,DSA Agent,2023-01-07
CUST002929,29,Female,Tier 3,Gangtok,Self Employed,39395,614,3,15,Graduate,Social Media,2023-02-13
CUST002930,23,Female,Tier 1,Sikar,Gig Worker,27750,658,1,6,Graduate,Organic,2022-11-16
CUST002931,35,Male,Tier 3,Amroha,Gig Worker,25307,603,0,18,Postgraduate,Referral,2023-08-21
CUST002932,43,Female,Tier 2,Morena,Self Employed,39279,597,2,31,Graduate,Referral,2022-11-15
CUST002933,25,Female,Tier 2,Bijapur,Salaried,52507,826,2,22,Postgraduate,Social Media,2023-10-02
CUST002934,30,Male,Tier 2,Asansol,Gig Worker,30284,661,0,5,Graduate,Social Media,2023-03-23
CUST002935,31,Female,Tier 1,Bareilly,Self Employed,82812,553,0,30,Postgraduate,Referral,2022-02-27
CUST002936,30,Female,Tier 1,Dhule,Salaried,61861,815,0,2,Graduate,Referral,2022-04-08
CUST002937,29,Female,Tier 2,Guntakal,Self Employed,53827,617,1,15,Graduate,Referral,2022-09-04
CUST002938,31,Male,Tier 3,Gwalior,Gig Worker,19480,598,0,9,Graduate,Referral,2023-05-14
CUST002939,50,Male,Tier 3,Sambhal,Business Owner,86216,729,0,39,Postgraduate,Referral,2022-02-27
CUST002940,35,Male,Tier 1,Nagaon,Salaried,85959,763,0,6,Graduate,Social Media,2022-12-16
CUST002941,30,Male,Tier 2,Allahabad,Salaried,111527,804,1,30,Graduate,Organic,2022-12-28
CUST002942,50,Female,Tier 2,Nizamabad,Self Employed,33007,557,0,14,Postgraduate,Social Media,2023-06-13
CUST002943,41,Male,Tier 1,Bijapur,Salaried,43867,833,0,30,Postgraduate,DSA Agent,2023-02-06
CUST002944,32,Female,Tier 1,Saharanpur,Self Employed,68121,616,1,10,Graduate,Organic,2022-09-25
CUST002945,44,Male,Tier 1,Pondicherry,Self Employed,75370,649,1,35,Postgraduate,Social Media,2022-04-10
CUST002946,28,Male,Tier 2,Kolkata,Salaried,98621,742,0,9,Graduate,Social Media,2023-11-13
CUST002947,34,Female,Tier 3,Bhagalpur,Gig Worker,17927,613,0,2,School,Organic,2023-10-06
CUST002948,22,Male,Tier 3,Bongaigaon,Gig Worker,28528,579,0,6,Graduate,Social Media,2023-08-30
CUST002949,35,Female,Tier 2,Satara,Gig Worker,20437,576,0,11,Graduate,Organic,2023-03-05
CUST002950,41,Male,Tier 3,Pondicherry,Business Owner,85271,607,0,5,Graduate,DSA Agent,2023-05-12
CUST002951,24,Male,Tier 1,Karawal Nagar,Student,0,403,0,0,Postgraduate,Organic,2023-04-02
CUST002952,29,Female,Tier 2,Vasai-Virar,Self Employed,44587,661,0,37,Postgraduate,DSA Agent,2022-05-22
CUST002953,49,Female,Tier 2,Solapur,Self Employed,49100,634,2,39,Graduate,Organic,2023-08-20
CUST002954,23,Male,Tier 2,Warangal,Gig Worker,17389,540,1,7,Postgraduate,Social Media,2022-04-11
CUST002955,39,Male,Tier 3,Nanded,Business Owner,188934,798,0,11,School,Organic,2022-12-03
CUST002956,41,Female,Tier 3,Rourkela,Self Employed,87234,701,1,11,Graduate,DSA Agent,2023-01-26
CUST002957,47,Other,Tier 3,Bahraich,Self Employed,42939,732,0,27,Graduate,Referral,2023-12-09
CUST002958,26,Female,Tier 1,Agra,Student,0,585,0,0,Graduate,Organic,2023-11-06
CUST002959,38,Male,Tier 2,Shimla,Salaried,94096,846,0,17,School,Organic,2022-02-13
CUST002960,20,Other,Tier 2,Loni,Student,0,461,0,0,Graduate,Organic,2023-10-08
CUST002961,38,Male,Tier 1,Kolhapur,Salaried,126102,822,0,27,Graduate,Organic,2022-04-07
CUST002962,44,Male,Tier 1,Silchar,Salaried,109457,759,0,12,Graduate,Organic,2023-02-07
CUST002963,32,Female,Tier 2,Sagar,Salaried,140682,802,0,28,School,Organic,2022-04-29
CUST002964,54,Male,Tier 2,Raebareli,Business Owner,64850,609,0,39,Graduate,DSA Agent,2022-08-25
CUST002965,25,Male,Tier 3,Gopalpur,Student,0,600,0,0,Postgraduate,DSA Agent,2022-05-08
CUST002966,34,Male,Tier 1,Srikakulam,Self Employed,89103,594,1,13,Graduate,Social Media,2022-05-06
CUST002967,42,Male,Tier 1,Phusro,Self Employed,42099,551,0,4,Graduate,DSA Agent,2022-09-08
CUST002968,25,Female,Tier 1,Ajmer,Gig Worker,20034,638,2,18,Professional,Social Media,2023-12-28
CUST002969,55,Female,Tier 3,Nagaon,Business Owner,72406,739,1,21,Graduate,Organic,2023-07-05
CUST002970,22,Male,Tier 3,Srikakulam,Gig Worker,30947,511,0,4,Graduate,Social Media,2022-06-25
CUST002971,25,Female,Tier 3,Kadapa,Gig Worker,24130,589,2,14,Postgraduate,Organic,2022-09-26
CUST002972,26,Female,Tier 1,Chittoor,Salaried,59069,794,0,26,Postgraduate,Referral,2023-02-08
CUST002973,45,Female,Tier 2,Bhagalpur,Self Employed,61616,565,0,4,Graduate,Referral,2023-11-27
CUST002974,40,Male,Tier 3,Bhavnagar,Self Employed,90449,609,0,4,School,Organic,2022-08-09
CUST002975,32,Other,Tier 3,Loni,Gig Worker,15572,579,0,17,Graduate,Social Media,2023-10-20
CUST002976,29,Female,Tier 1,Hyderabad,Salaried,132501,727,1,23,Postgraduate,Organic,2022-03-03
CUST002977,22,Male,Tier 3,Erode,Student,0,472,0,0,Graduate,Organic,2022-07-14
CUST002978,28,Male,Tier 2,Jalgaon,Salaried,132955,759,0,27,School,Organic,2022-06-02
CUST002979,39,Male,Tier 3,Jabalpur,Self Employed,65080,698,0,38,Graduate,Social Media,2023-05-09
CUST002980,46,Female,Tier 2,Bijapur,Business Owner,181853,712,0,37,Postgraduate,Referral,2023-03-04
CUST002981,34,Male,Tier 1,Kollam,Gig Worker,34973,523,0,15,Professional,Organic,2022-08-02
CUST002982,34,Female,Tier 2,Siwan,Salaried,46898,826,0,20,School,Referral,2022-04-08
CUST002983,29,Male,Tier 1,Bathinda,Self Employed,23467,702,1,21,Professional,Social Media,2023-05-01
CUST002984,24,Female,Tier 1,Ghaziabad,Student,0,432,0,0,Graduate,Social Media,2022-08-24
CUST002985,31,Male,Tier 3,Hindupur,Gig Worker,16968,654,1,0,Postgraduate,Social Media,2023-04-23
CUST002986,47,Female,Tier 1,Jabalpur,Business Owner,45148,730,2,14,Graduate,Social Media,2023-02-19
CUST002987,44,Female,Tier 1,Karaikudi,Salaried,89262,733,0,23,Graduate,Organic,2022-03-14
CUST002988,26,Male,Tier 3,Hapur,Gig Worker,24737,620,0,13,Graduate,DSA Agent,2023-01-26
CUST002989,39,Male,Tier 2,Nellore,Self Employed,29671,674,0,11,Graduate,DSA Agent,2023-05-13
CUST002990,18,Male,Tier 3,Anantapuram,Student,0,479,0,0,Graduate,Social Media,2022-05-11
CUST002991,45,Female,Tier 2,Bhimavaram,Salaried,141940,709,0,2,Graduate,Social Media,2023-04-05
CUST002992,18,Female,Tier 3,Arrah,Student,0,589,0,0,Graduate,Referral,2023-03-28
CUST002993,22,Male,Tier 2,Rohtak,Gig Worker,32280,522,1,7,Professional,Referral,2022-04-30
CUST002994,35,Male,Tier 2,Solapur,Gig Worker,30919,663,1,3,Graduate,Social Media,2022-05-13
CUST002995,27,Male,Tier 2,Kota,Salaried,87952,791,1,30,Graduate,Social Media,2023-05-27
CUST002996,21,Female,Tier 2,Parbhani,Student,0,489,1,0,Graduate,DSA Agent,2023-05-01
CUST002997,40,Female,Tier 1,Firozabad,Salaried,65196,706,0,2,Graduate,Social Media,2023-07-14
CUST002998,34,Female,Tier 1,Cuttack,Salaried,84891,780,0,30,Postgraduate,DSA Agent,2023-12-02
CUST002999,39,Male,Tier 2,Bathinda,Salaried,145672,735,0,20,School,Referral,2023-04-16
CUST003000,22,Male,Tier 1,Tadepalligudem,Student,0,525,1,0,Graduate,Social Media,2022-09-20
CUST003001,33,Other,Tier 3,Bhagalpur,Self Employed,24915,719,0,5,Graduate,Referral,2023-10-17
CUST003002,28,Male,Tier 3,Delhi,Self Employed,86008,550,0,24,School,DSA Agent,2023-12-19
CUST003003,28,Female,Tier 1,Thrissur,Salaried,116471,770,1,24,Graduate,Social Media,2023-03-14
CUST003004,48,Male,Tier 1,Srikakulam,Self Employed,90358,726,1,4,Graduate,Social Media,2022-02-01
CUST003005,37,Male,Tier 3,Asansol,Gig Worker,24324,573,1,9,Postgraduate,Social Media,2023-10-03
CUST003006,20,Female,Tier 3,Fatehpur,Student,17106,569,0,0,Graduate,DSA Agent,2023-11-02
CUST003007,45,Other,Tier 3,North Dumdum,Business Owner,165575,650,1,8,Graduate,Referral,2022-01-23
CUST003008,25,Other,Tier 1,Faridabad,Salaried,143685,730,0,12,School,Referral,2022-03-05
CUST003009,28,Male,Tier 2,Sasaram,Self Employed,84264,704,0,17,Graduate,Organic,2022-02-05
CUST003010,39,Male,Tier 2,Khandwa,Salaried,73863,827,0,8,Graduate,Social Media,2023-05-14
CUST003011,24,Female,Tier 2,Khammam,Gig Worker,23065,642,0,6,Postgraduate,Organic,2023-08-22
CUST003012,34,Female,Tier 2,Orai,Salaried,45117,707,0,3,Graduate,Social Media,2023-03-24
CUST003013,44,Female,Tier 2,New Delhi,Salaried,104745,787,1,19,Graduate,Social Media,2022-07-25
CUST003014,24,Male,Tier 2,Burhanpur,Gig Worker,31273,532,2,11,Graduate,Organic,2023-05-21
CUST003015,42,Female,Tier 2,Bhalswa Jahangir Pur,Self Employed,91405,596,0,2,School,DSA Agent,2022-06-13
CUST003016,42,Female,Tier 2,Bijapur,Salaried,142531,782,0,13,Graduate,Social Media,2023-08-19
CUST003017,43,Female,Tier 1,Bettiah,Self Employed,64159,615,0,37,School,Social Media,2023-03-21
CUST003018,25,Female,Tier 1,Mahbubnagar,Gig Worker,13590,646,0,2,Postgraduate,Organic,2022-11-20
CUST003019,40,Male,Tier 1,Rourkela,Salaried,117827,717,0,12,Postgraduate,Referral,2023-04-26
CUST003020,49,Other,Tier 2,Asansol,Self Employed,64066,704,0,14,Postgraduate,Social Media,2023-05-12
CUST003021,45,Female,Tier 1,Karaikudi,Salaried,101762,763,0,29,Postgraduate,Social Media,2022-01-24
CUST003022,28,Female,Tier 3,Unnao,Gig Worker,26864,532,0,7,Postgraduate,Social Media,2023-01-22
CUST003023,34,Female,Tier 1,Jamshedpur,Self Employed,48563,630,0,13,School,Social Media,2023-11-22
CUST003024,33,Female,Tier 2,Karnal,Salaried,99833,701,0,15,Postgraduate,DSA Agent,2023-05-03
CUST003025,43,Female,Tier 2,Nagpur,Salaried,122355,715,0,28,Graduate,Social Media,2023-02-28
CUST003026,34,Male,Tier 2,Kirari Suleman Nagar,Gig Worker,22394,564,2,12,Graduate,Organic,2022-08-13
CUST003027,39,Male,Tier 1,Khandwa,Business Owner,78473,725,2,12,Graduate,Organic,2023-05-14
CUST003028,49,Male,Tier 3,Tadepalligudem,Self Employed,63519,595,0,18,School,Social Media,2022-08-23
CUST003029,41,Male,Tier 3,Eluru,Self Employed,36193,681,1,4,Postgraduate,Organic,2023-01-11
CUST003030,46,Male,Tier 3,Mangalore,Self Employed,57064,748,1,9,Graduate,Organic,2022-07-10
CUST003031,41,Male,Tier 2,Thiruvananthapuram,Salaried,66032,850,0,27,Graduate,Organic,2023-09-18
CUST003032,30,Male,Tier 2,Karimnagar,Gig Worker,17783,579,1,15,Postgraduate,Organic,2023-09-20
CUST003033,46,Male,Tier 2,Kolkata,Self Employed,35433,703,2,2,Postgraduate,Social Media,2023-06-17
CUST003034,34,Male,Tier 1,Ozhukarai,Salaried,146691,714,0,18,Graduate,Organic,2022-11-12
CUST003035,43,Male,Tier 3,Arrah,Salaried,137754,781,1,7,Graduate,Social Media,2022-08-20
CUST003036,32,Female,Tier 1,Ambala,Salaried,118267,822,2,1,School,Social Media,2022-12-19
CUST003037,24,Female,Tier 3,Medininagar,Gig Worker,26250,652,1,18,Graduate,Organic,2022-02-26
CUST003038,37,Male,Tier 1,Visakhapatnam,Business Owner,92394,627,4,8,Postgraduate,DSA Agent,2023-06-19
CUST003039,43,Female,Tier 1,Nangloi Jat,Salaried,74384,808,0,27,School,Organic,2022-02-16
CUST003040,38,Female,Tier 3,Varanasi,Gig Worker,25251,639,0,17,Graduate,Organic,2022-05-03
CUST003041,29,Male,Tier 1,Panipat,Salaried,96523,787,0,18,Graduate,Social Media,2022-12-08
CUST003042,50,Female,Tier 3,Aurangabad,Business Owner,70224,669,2,34,Graduate,Social Media,2022-11-19
CUST003043,26,Female,Tier 1,Chittoor,Salaried,42337,746,2,8,School,DSA Agent,2023-01-12
CUST003044,36,Female,Tier 3,Pallavaram,Gig Worker,28148,650,0,6,Postgraduate,Organic,2022-12-27
CUST003045,50,Male,Tier 1,Bhalswa Jahangir Pur,Self Employed,23969,748,0,12,Postgraduate,Organic,2022-06-08
CUST003046,40,Female,Tier 2,Agra,Self Employed,81456,635,0,9,School,DSA Agent,2022-09-22
CUST003047,31,Male,Tier 2,Bhopal,Gig Worker,21493,535,2,6,Postgraduate,Referral,2023-04-17
CUST003048,39,Female,Tier 2,Belgaum,Salaried,91551,840,0,17,Postgraduate,Organic,2022-04-22
CUST003049,36,Other,Tier 2,Gwalior,Gig Worker,27090,516,2,15,Professional,Social Media,2022-08-31
CUST003050,41,Female,Tier 1,Jamshedpur,Salaried,82331,810,2,4,Graduate,Organic,2023-11-01
CUST003051,34,Female,Tier 1,Raiganj,Salaried,117776,727,0,9,Postgraduate,DSA Agent,2023-07-12
CUST003052,22,Male,Tier 3,Satara,Gig Worker,26893,559,1,2,School,DSA Agent,2022-09-06
CUST003053,45,Other,Tier 1,Tinsukia,Salaried,112335,848,1,12,Graduate,DSA Agent,2023-07-25
CUST003054,45,Female,Tier 2,Jammu,Salaried,69322,819,0,28,School,Organic,2023-10-31
CUST003055,48,Male,Tier 2,Thoothukudi,Self Employed,52021,743,1,11,Postgraduate,DSA Agent,2022-09-26
CUST003056,54,Female,Tier 3,Gulbarga,Business Owner,102995,741,0,38,School,Social Media,2022-11-06
CUST003057,39,Male,Tier 2,Hazaribagh,Self Employed,22693,727,1,21,Postgraduate,Social Media,2022-04-12
CUST003058,26,Male,Tier 2,Sambhal,Salaried,53477,723,0,18,Graduate,Social Media,2023-08-14
CUST003059,33,Female,Tier 2,Ghaziabad,Salaried,43293,801,1,26,School,Social Media,2022-10-15
CUST003060,51,Male,Tier 3,Nellore,Business Owner,33485,732,0,5,Graduate,Organic,2023-02-04
CUST003061,26,Female,Tier 1,Shimoga,Salaried,97224,754,0,1,School,Social Media,2023-03-13
CUST003062,42,Male,Tier 2,Malegaon,Salaried,104875,782,0,13,Graduate,Organic,2022-03-24
CUST003063,31,Male,Tier 3,Varanasi,Gig Worker,26780,565,2,19,Graduate,DSA Agent,2022-09-05
CUST003064,28,Other,Tier 2,Narasaraopet,Self Employed,62579,657,0,20,Professional,Social Media,2022-07-07
CUST003065,39,Male,Tier 2,Dibrugarh,Self Employed,25421,666,1,18,Postgraduate,DSA Agent,2022-12-29
CUST003066,36,Female,Tier 1,Malegaon,Salaried,59442,733,1,15,Graduate,Social Media,2022-04-06
CUST003067,39,Female,Tier 1,Bijapur,Salaried,80621,716,0,15,Graduate,Organic,2022-07-27
CUST003068,42,Female,Tier 2,Kishanganj,Business Owner,75447,639,1,8,Graduate,Referral,2022-12-16
CUST003069,45,Female,Tier 2,Kochi,Salaried,146779,758,0,30,Postgraduate,Social Media,2022-07-12
CUST003070,31,Female,Tier 2,Kirari Suleman Nagar,Self Employed,50645,556,2,4,Graduate,Organic,2022-04-20
CUST003071,42,Male,Tier 1,Buxar,Self Employed,47952,612,1,17,Graduate,DSA Agent,2022-03-17
CUST003072,43,Female,Tier 2,Hubli–Dharwad,Self Employed,74530,637,0,24,Graduate,DSA Agent,2022-02-09
CUST003073,44,Male,Tier 1,Mysore,Salaried,110173,704,0,8,Graduate,Referral,2022-08-14
CUST003074,30,Female,Tier 1,Chandigarh,Salaried,119047,706,1,7,Graduate,DSA Agent,2022-10-26
CUST003075,28,Female,Tier 2,Ratlam,Gig Worker,14667,646,1,2,Postgraduate,Referral,2023-11-03
CUST003076,23,Female,Tier 2,Gulbarga,Student,0,490,2,0,Graduate,Social Media,2023-04-23
CUST003077,45,Female,Tier 3,Bellary,Business Owner,146681,681,0,11,Graduate,Referral,2022-11-21
CUST003078,42,Female,Tier 1,Jaunpur,Salaried,75743,753,0,6,Graduate,Organic,2022-07-12
CUST003079,37,Female,Tier 1,Shahjahanpur,Salaried,95016,733,0,11,Graduate,Social Media,2023-11-04
CUST003080,37,Female,Tier 3,Jhansi,Business Owner,103328,713,2,15,Postgraduate,Social Media,2023-12-02
CUST003081,42,Male,Tier 2,Tirupati,Self Employed,86068,678,0,31,Postgraduate,Social Media,2022-05-05
CUST003082,20,Male,Tier 3,Nadiad,Student,4145,564,0,0,Graduate,Social Media,2023-09-24
CUST003083,28,Female,Tier 1,Mangalore,Salaried,70649,756,0,25,School,Social Media,2022-09-12
CUST003084,28,Female,Tier 2,Kolhapur,Gig Worker,29559,650,0,14,Postgraduate,Referral,2023-12-27
CUST003085,35,Male,Tier 3,Haridwar,Self Employed,74991,729,1,13,Postgraduate,DSA Agent,2023-03-25
CUST003086,46,Male,Tier 2,Maheshtala,Self Employed,65215,694,1,5,Graduate,Social Media,2023-07-15
CUST003087,24,Male,Tier 1,Kollam,Gig Worker,25195,671,1,12,Graduate,Referral,2022-08-31
CUST003088,36,Other,Tier 1,Sagar,Salaried,51012,743,0,16,Graduate,Social Media,2022-05-28
CUST003089,28,Female,Tier 3,Gandhidham,Gig Worker,14326,592,0,14,Postgraduate,DSA Agent,2023-08-16
CUST003090,33,Male,Tier 1,Tiruchirappalli,Salaried,67414,838,0,22,Professional,Organic,2022-05-04
CUST003091,30,Male,Tier 2,Raichur,Gig Worker,27745,581,0,12,Graduate,DSA Agent,2023-01-23
CUST003092,41,Male,Tier 3,Karnal,Business Owner,131769,690,1,18,School,Social Media,2023-02-04
CUST003093,29,Male,Tier 2,Tirunelveli,Gig Worker,33753,670,0,0,Graduate,Social Media,2022-12-29
CUST003094,22,Male,Tier 2,Bhimavaram,Student,0,593,0,0,Graduate,DSA Agent,2023-01-23
CUST003095,26,Female,Tier 3,Bhatpara,Salaried,100144,719,0,21,Graduate,Social Media,2023-11-14
CUST003096,42,Other,Tier 1,Raebareli,Self Employed,48983,640,0,11,Postgraduate,Organic,2022-08-28
CUST003097,46,Male,Tier 3,Tumkur,Business Owner,114524,753,1,7,Graduate,Referral,2023-01-22
CUST003098,40,Male,Tier 2,Tiruvottiyur,Salaried,116031,716,1,13,Postgraduate,Organic,2022-01-19
CUST003099,25,Male,Tier 2,Mysore,Salaried,83397,831,1,14,School,Social Media,2022-03-11
CUST003100,24,Male,Tier 2,Rampur,Gig Worker,18713,500,0,10,Postgraduate,Organic,2022-11-02
CUST003101,28,Male,Tier 2,Bhind,Salaried,110495,790,0,10,School,Social Media,2023-01-28
CUST003102,45,Male,Tier 2,Patna,Self Employed,93445,590,1,32,Postgraduate,Organic,2022-12-22
CUST003103,45,Male,Tier 2,Hazaribagh,Business Owner,96872,621,1,3,Postgraduate,Organic,2022-07-06
CUST003104,26,Female,Tier 2,Fatehpur,Gig Worker,12001,558,1,3,Graduate,Organic,2022-06-17
CUST003105,39,Female,Tier 2,Bhind,Salaried,145923,717,0,29,School,DSA Agent,2023-03-30
CUST003106,34,Female,Tier 2,Serampore,Gig Worker,12617,521,2,6,Graduate,Organic,2022-10-02
CUST003107,38,Male,Tier 3,Giridih,Self Employed,49977,669,0,31,School,Social Media,2022-02-07
CUST003108,44,Female,Tier 1,North Dumdum,Salaried,122571,716,0,18,Graduate,Social Media,2022-02-09
CUST003109,34,Other,Tier 3,Secunderabad,Gig Worker,12471,591,0,19,School,Social Media,2022-08-07
CUST003110,36,Male,Tier 1,Kozhikode,Self Employed,49600,685,1,27,School,Social Media,2023-01-20
CUST003111,28,Male,Tier 3,Fatehpur,Self Employed,56004,673,0,30,Graduate,Social Media,2023-04-10
CUST003112,25,Female,Tier 1,Naihati,Salaried,88509,797,0,1,Graduate,Referral,2023-11-17
CUST003113,36,Male,Tier 2,Gaya,Self Employed,68488,610,0,30,Postgraduate,Social Media,2023-10-17
CUST003114,44,Male,Tier 2,Farrukhabad,Salaried,71084,840,0,25,Graduate,Social Media,2023-05-24
CUST003115,39,Female,Tier 1,Bhind,Salaried,138985,783,0,6,Graduate,Referral,2023-06-07
CUST003116,18,Female,Tier 2,Lucknow,Student,9088,494,1,0,Graduate,Social Media,2023-01-01
CUST003117,50,Male,Tier 2,Tadepalligudem,Self Employed,88251,701,1,35,School,Social Media,2022-08-10
CUST003118,27,Female,Tier 1,Guntakal,Salaried,64416,838,0,8,Postgraduate,Organic,2023-02-21
CUST003119,37,Female,Tier 1,Silchar,Salaried,135167,704,0,2,School,Organic,2022-01-07
CUST003120,42,Male,Tier 2,Latur,Salaried,96362,795,0,10,School,Organic,2023-10-21
CUST003121,37,Female,Tier 3,Dindigul,Salaried,97745,839,1,11,Postgraduate,Referral,2022-03-25
CUST003122,34,Male,Tier 1,Karawal Nagar,Salaried,70988,744,0,15,Postgraduate,Referral,2022-12-01
CUST003123,44,Male,Tier 2,Dewas,Salaried,136063,798,0,28,Graduate,Social Media,2022-04-15
CUST003124,29,Female,Tier 3,Muzaffarpur,Gig Worker,17123,583,0,4,Postgraduate,Social Media,2023-11-17
CUST003125,39,Male,Tier 3,Bidar,Self Employed,67083,694,1,5,Postgraduate,Social Media,2022-07-25
CUST003126,29,Male,Tier 2,Agartala,Self Employed,94696,694,0,8,Graduate,Organic,2023-07-20
CUST003127,38,Male,Tier 2,Guntakal,Self Employed,75217,673,0,14,Graduate,Referral,2022-10-12
CUST003128,31,Female,Tier 2,Ujjain,Salaried,85572,778,0,28,Graduate,Referral,2023-08-17
CUST003129,38,Female,Tier 1,Dewas,Business Owner,85435,607,2,2,School,Social Media,2022-11-10
CUST003130,20,Male,Tier 1,Tezpur,Student,11666,515,1,0,Graduate,Referral,2022-10-12
CUST003131,24,Female,Tier 3,Bikaner,Student,0,443,0,0,Graduate,Referral,2022-02-05
CUST003132,20,Male,Tier 1,Meerut,Student,0,571,0,0,School,Organic,2022-11-08
CUST003133,54,Female,Tier 3,Tirupati,Business Owner,130645,770,2,12,Postgraduate,Social Media,2022-02-09
CUST003134,28,Male,Tier 1,Sri Ganganagar,Gig Worker,13787,534,1,5,Graduate,Social Media,2023-03-19
CUST003135,32,Female,Tier 1,Tenali,Salaried,43649,814,0,28,Postgraduate,Organic,2023-03-13
CUST003136,48,Other,Tier 1,Jaunpur,Self Employed,47907,573,0,19,School,Referral,2022-06-01
CUST003137,41,Female,Tier 1,Siliguri,Self Employed,78138,729,0,37,Graduate,DSA Agent,2022-10-09
CUST003138,29,Male,Tier 2,Malegaon,Self Employed,34027,686,0,19,Postgraduate,DSA Agent,2023-03-06
CUST003139,31,Female,Tier 2,Aizawl,Gig Worker,19626,529,0,19,Graduate,Social Media,2022-08-13
CUST003140,25,Male,Tier 1,Udaipur,Salaried,126158,763,0,23,Professional,Referral,2022-02-27
CUST003141,31,Female,Tier 1,Kurnool,Gig Worker,32034,621,2,10,School,Referral,2022-10-28
CUST003142,48,Male,Tier 3,Mysore,Business Owner,72256,773,0,37,Graduate,Referral,2023-01-27
CUST003143,32,Male,Tier 3,Jamnagar,Gig Worker,26797,609,2,6,Graduate,Organic,2022-12-16
CUST003144,33,Male,Tier 2,Kolkata,Gig Worker,29102,556,0,6,Professional,Organic,2023-08-17
CUST003145,42,Male,Tier 1,Kozhikode,Salaried,55889,774,0,22,Professional,Social Media,2023-03-04
CUST003146,34,Female,Tier 3,Salem,Gig Worker,31202,523,1,13,School,Social Media,2022-08-06
CUST003147,22,Female,Tier 1,Jamalpur,Student,0,585,0,0,Graduate,Referral,2023-10-04
CUST003148,42,Female,Tier 2,Rajpur Sonarpur,Self Employed,36312,625,0,10,Graduate,Social Media,2023-04-30
CUST003149,48,Female,Tier 2,Gandhinagar,Self Employed,31115,605,1,36,Postgraduate,Social Media,2023-06-13
CUST003150,29,Female,Tier 3,Latur,Gig Worker,17991,624,1,10,Postgraduate,Social Media,2023-04-20
CUST003151,50,Male,Tier 3,Munger,Self Employed,66511,657,2,14,Postgraduate,Organic,2022-04-03
CUST003152,36,Male,Tier 2,Ratlam,Salaried,125596,771,0,16,Graduate,Social Media,2022-04-10
CUST003153,48,Male,Tier 2,Silchar,Self Employed,93733,707,0,2,Graduate,Organic,2022-03-17
CUST003154,38,Male,Tier 2,Ichalkaranji,Gig Worker,31724,548,0,7,Graduate,Organic,2022-11-02
CUST003155,35,Male,Tier 3,Kavali,Gig Worker,30916,572,0,15,Postgraduate,Organic,2022-10-17
CUST003156,45,Male,Tier 2,Deoghar,Self Employed,52472,670,0,11,School,Organic,2023-09-10
CUST003157,46,Male,Tier 2,Sri Ganganagar,Business Owner,166401,706,0,31,School,Social Media,2022-09-21
CUST003158,42,Male,Tier 1,Dharmavaram,Salaried,107997,759,0,3,Graduate,DSA Agent,2023-03-10
CUST003159,24,Female,Tier 2,Korba,Student,0,494,0,0,Graduate,Organic,2022-10-11
CUST003160,36,Male,Tier 1,Noida,Salaried,109871,748,0,26,Graduate,Referral,2023-08-10
CUST003161,38,Female,Tier 3,Mirzapur,Gig Worker,13121,655,0,13,Graduate,Referral,2022-04-23
CUST003162,44,Female,Tier 1,Orai,Salaried,139563,724,0,6,Graduate,DSA Agent,2022-06-04
CUST003163,33,Female,Tier 2,Phagwara,Salaried,106132,738,2,27,Postgraduate,DSA Agent,2023-04-13
CUST003164,37,Male,Tier 2,Solapur,Gig Worker,31170,524,0,1,Postgraduate,Referral,2023-01-31
CUST003165,26,Male,Tier 3,Durgapur,Salaried,136804,701,0,16,Postgraduate,Referral,2022-11-08
CUST003166,30,Male,Tier 2,Maheshtala,Gig Worker,27450,595,1,3,Graduate,Organic,2023-01-24
CUST003167,53,Male,Tier 3,Rajpur Sonarpur,Business Owner,129180,701,0,37,School,Social Media,2022-02-01
CUST003168,38,Male,Tier 1,Raebareli,Salaried,47735,734,1,23,Postgraduate,Social Media,2022-02-05
CUST003169,41,Female,Tier 2,Sonipat,Self Employed,87066,593,0,1,Postgraduate,Organic,2022-01-31
CUST003170,31,Female,Tier 2,Bokaro,Gig Worker,32417,639,0,12,Graduate,Social Media,2022-04-17
CUST003171,48,Female,Tier 2,Saharanpur,Self Employed,52498,647,2,6,School,Organic,2023-07-09
CUST003172,28,Male,Tier 3,Bijapur,Salaried,102533,804,0,12,School,Referral,2022-09-16
CUST003173,39,Male,Tier 1,Ongole,Salaried,146121,774,0,1,Postgraduate,Organic,2023-09-17
CUST003174,41,Female,Tier 1,Bhilwara,Salaried,112143,782,0,10,Graduate,Referral,2023-01-03
CUST003175,43,Male,Tier 3,Mangalore,Salaried,76035,834,0,12,Graduate,Social Media,2023-02-08
CUST003176,30,Female,Tier 2,Sikar,Salaried,149274,792,0,26,School,Organic,2022-12-21
CUST003177,39,Female,Tier 2,Kirari Suleman Nagar,Self Employed,38343,592,0,30,Graduate,DSA Agent,2022-04-26
CUST003178,19,Male,Tier 2,Sri Ganganagar,Student,0,490,1,0,Graduate,Referral,2023-04-16
CUST003179,20,Male,Tier 1,Machilipatnam,Student,0,405,0,0,Postgraduate,Referral,2023-11-25
CUST003180,37,Male,Tier 2,Nanded,Self Employed,48281,667,0,19,Postgraduate,Organic,2023-02-05
CUST003181,33,Male,Tier 1,Warangal,Salaried,102969,792,0,23,Graduate,Organic,2022-04-19
CUST003182,41,Male,Tier 1,Malda,Salaried,47497,806,1,8,School,DSA Agent,2022-09-12
CUST003183,39,Male,Tier 2,Shivpuri,Salaried,60413,845,0,30,Graduate,Social Media,2023-12-25
CUST003184,29,Male,Tier 2,Bhusawal,Salaried,120563,729,0,30,Graduate,Organic,2023-04-22
CUST003185,30,Female,Tier 2,Avadi,Gig Worker,28687,666,2,15,Graduate,DSA Agent,2022-09-05
CUST003186,22,Female,Tier 2,Rampur,Gig Worker,13038,543,0,15,Postgraduate,Social Media,2022-05-07
CUST003187,24,Male,Tier 2,Mahbubnagar,Gig Worker,34982,624,0,13,Postgraduate,Referral,2022-11-02
CUST003188,32,Female,Tier 2,Ambala,Gig Worker,32827,670,1,12,School,Organic,2023-04-24
CUST003189,21,Female,Tier 2,Bhalswa Jahangir Pur,Student,0,600,0,0,Postgraduate,DSA Agent,2023-07-29
CUST003190,41,Female,Tier 3,Deoghar,Self Employed,99956,564,0,9,Graduate,Social Media,2023-10-17
CUST003191,42,Female,Tier 2,Gorakhpur,Salaried,76481,713,0,21,School,Social Media,2022-08-21
CUST003192,37,Male,Tier 2,Khandwa,Business Owner,131921,716,1,8,Graduate,Organic,2023-04-07
CUST003193,41,Male,Tier 2,Vijayawada,Business Owner,151978,606,0,6,Graduate,Referral,2022-09-19
CUST003194,28,Female,Tier 2,Chennai,Salaried,114997,816,0,28,Graduate,Social Media,2023-01-30
CUST003195,28,Female,Tier 1,Gudivada,Gig Worker,33825,550,0,8,School,DSA Agent,2023-10-06
CUST003196,34,Female,Tier 3,Davanagere,Gig Worker,21133,674,1,11,Graduate,Organic,2023-01-31
CUST003197,38,Other,Tier 2,Raebareli,Business Owner,170453,737,2,11,Graduate,Social Media,2023-02-18
CUST003198,22,Female,Tier 2,Madhyamgram,Student,0,442,0,0,Graduate,Organic,2023-01-16
CUST003199,45,Male,Tier 2,Thane,Salaried,67423,814,0,7,Postgraduate,Referral,2023-07-05
CUST003200,37,Male,Tier 3,Unnao,Gig Worker,23833,575,1,17,Graduate,Organic,2023-03-14
CUST003201,37,Male,Tier 3,Ambarnath,Gig Worker,33593,640,0,5,Postgraduate,DSA Agent,2022-08-21
CUST003202,31,Female,Tier 2,Khora ,Gig Worker,12904,583,0,6,Postgraduate,Referral,2023-01-04
CUST003203,26,Female,Tier 2,Nizamabad,Salaried,108247,714,0,2,Graduate,Social Media,2023-09-26
CUST003204,26,Female,Tier 2,Naihati,Student,10055,525,0,0,Graduate,Social Media,2022-01-13
CUST003205,49,Female,Tier 2,Nagpur,Self Employed,58293,657,0,38,Graduate,Social Media,2022-10-14
CUST003206,26,Female,Tier 1,Mangalore,Student,5784,464,0,0,Postgraduate,Referral,2022-09-15
CUST003207,21,Female,Tier 2,Raurkela Industrial Township,Student,0,409,0,0,Graduate,Social Media,2023-06-08
CUST003208,42,Female,Tier 2,Pune,Self Employed,89647,661,0,26,School,Social Media,2022-03-27
CUST003209,30,Male,Tier 3,Anantapur,Gig Worker,20119,599,1,8,School,Organic,2022-11-20
CUST003210,32,Female,Tier 2,Vadodara,Self Employed,30458,561,0,16,Postgraduate,Organic,2023-03-30
CUST003211,43,Female,Tier 2,Raurkela Industrial Township,Salaried,77772,709,0,30,School,DSA Agent,2022-08-27
CUST003212,29,Male,Tier 1,Katihar,Self Employed,98754,714,0,39,Postgraduate,Social Media,2023-09-11
CUST003213,29,Male,Tier 2,Kulti,Salaried,120416,734,0,23,Postgraduate,Social Media,2023-11-30
CUST003214,49,Female,Tier 3,Guwahati,Self Employed,52846,566,0,27,Graduate,Social Media,2023-07-18
CUST003215,28,Male,Tier 1,Cuttack,Salaried,136660,716,0,27,Postgraduate,Referral,2023-11-09
CUST003216,29,Male,Tier 1,Kumbakonam,Salaried,67179,727,0,25,School,Referral,2023-06-19
CUST003217,43,Male,Tier 1,Panipat,Salaried,130724,722,0,11,Professional,Social Media,2023-05-04
CUST003218,37,Female,Tier 2,Berhampore,Salaried,93502,715,1,28,Graduate,Organic,2022-01-21
CUST003219,33,Female,Tier 2,Loni,Self Employed,57199,584,0,32,Postgraduate,Organic,2023-04-09
CUST003220,39,Male,Tier 2,Thane,Self Employed,25016,720,1,28,Graduate,Referral,2023-01-04
CUST003221,29,Male,Tier 3,Khammam,Gig Worker,19106,594,1,0,Graduate,Social Media,2022-07-26
CUST003222,40,Other,Tier 1,Agra,Salaried,108451,763,0,26,School,DSA Agent,2023-05-25
CUST003223,36,Female,Tier 1,Narasaraopet,Salaried,135924,743,0,14,Postgraduate,Social Media,2023-09-01
CUST003224,33,Female,Tier 1,Eluru,Salaried,49048,745,0,27,School,Social Media,2023-08-26
CUST003225,40,Male,Tier 1,Naihati,Salaried,93652,751,0,16,School,Organic,2023-03-26
CUST003226,26,Male,Tier 1,Bhusawal,Student,0,431,0,0,School,Organic,2023-03-25
CUST003227,38,Male,Tier 2,Lucknow,Salaried,88715,732,1,14,Graduate,Social Media,2022-06-26
CUST003228,24,Female,Tier 2,Bardhaman,Gig Worker,32587,541,0,3,Graduate,Organic,2023-07-15
CUST003229,25,Male,Tier 1,Bhiwani,Salaried,47079,814,0,22,Graduate,Social Media,2022-02-09
CUST003230,44,Male,Tier 1,Nellore,Salaried,55037,708,0,11,Graduate,DSA Agent,2023-03-30
CUST003231,30,Male,Tier 3,Avadi,Gig Worker,20909,568,0,5,Postgraduate,Organic,2023-01-09
CUST003232,29,Male,Tier 3,Dhanbad,Self Employed,91340,705,0,3,Professional,Social Media,2022-05-13
CUST003233,45,Female,Tier 2,Chapra,Salaried,48662,703,0,26,Graduate,Social Media,2023-02-12
CUST003234,28,Male,Tier 2,Thrissur,Salaried,113099,821,0,30,Graduate,Organic,2023-05-04
CUST003235,23,Female,Tier 2,Panipat,Gig Worker,21912,555,0,2,Graduate,Organic,2023-07-15
CUST003236,33,Female,Tier 1,Bally,Salaried,108136,850,0,15,Graduate,Social Media,2023-04-27
CUST003237,43,Male,Tier 1,Mahbubnagar,Salaried,85982,796,0,15,Postgraduate,DSA Agent,2023-08-25
CUST003238,35,Female,Tier 1,Bokaro,Business Owner,124372,759,0,29,Postgraduate,Social Media,2023-10-16
CUST003239,31,Other,Tier 3,Darbhanga,Self Employed,67349,709,1,24,Graduate,Organic,2022-10-23
CUST003240,29,Other,Tier 3,Vellore,Gig Worker,20192,518,0,6,Graduate,Referral,2022-04-25
CUST003241,29,Male,Tier 3,Surat,Gig Worker,22734,576,0,18,Graduate,DSA Agent,2023-10-01
CUST003242,26,Male,Tier 3,Bikaner,Gig Worker,25758,549,0,3,School,Referral,2023-06-13
CUST003243,27,Male,Tier 1,Shimoga,Gig Worker,26269,577,0,6,Postgraduate,Referral,2022-07-08
CUST003244,34,Female,Tier 2,Khora ,Self Employed,89645,719,0,6,Postgraduate,Referral,2022-01-25
CUST003245,43,Female,Tier 3,Jalandhar,Self Employed,46981,624,1,31,Graduate,Organic,2023-03-21
CUST003246,38,Female,Tier 3,Kamarhati,Salaried,102336,779,0,12,School,Social Media,2023-06-29
CUST003247,31,Male,Tier 2,Anantapur,Gig Worker,30235,502,0,7,Graduate,Organic,2022-03-27
CUST003248,36,Male,Tier 2,Rajkot,Gig Worker,22350,553,1,1,Graduate,Social Media,2022-05-29
CUST003249,21,Female,Tier 1,Narasaraopet,Student,0,559,0,0,Postgraduate,Social Media,2022-01-15
CUST003250,28,Female,Tier 2,Giridih,Self Employed,44816,733,0,32,School,Social Media,2022-12-09
CUST003251,25,Female,Tier 2,Hindupur,Gig Worker,15398,670,0,17,Graduate,Social Media,2022-09-01
CUST003252,36,Male,Tier 1,Hosur,Salaried,149153,817,1,2,Graduate,Referral,2022-11-22
CUST003253,28,Male,Tier 2,Fatehpur,Self Employed,37659,557,2,20,Graduate,Social Media,2022-04-28
CUST003254,28,Male,Tier 3,Tiruvottiyur,Salaried,67102,847,0,22,Graduate,Social Media,2022-11-17
CUST003255,31,Male,Tier 1,Imphal,Salaried,71335,716,0,25,Graduate,Referral,2023-06-21
CUST003256,41,Male,Tier 1,Raiganj,Salaried,105079,723,0,25,Professional,Organic,2022-06-08
CUST003257,41,Male,Tier 1,Surendranagar Dudhrej,Self Employed,87196,722,2,17,Postgraduate,Social Media,2022-11-15
CUST003258,25,Male,Tier 1,Bhagalpur,Salaried,106865,843,1,25,Graduate,DSA Agent,2023-01-25
CUST003259,24,Male,Tier 2,Pali,Gig Worker,13234,581,2,13,Graduate,Referral,2023-08-25
CUST003260,19,Male,Tier 3,Sambhal,Student,7879,482,0,0,Graduate,DSA Agent,2023-04-20
CUST003261,38,Female,Tier 1,Aurangabad,Salaried,77386,826,0,7,Postgraduate,Social Media,2023-12-16
CUST003262,30,Male,Tier 2,Morbi,Gig Worker,16914,664,1,16,Graduate,Referral,2023-01-02
CUST003263,37,Female,Tier 3,Gwalior,Gig Worker,29472,516,0,13,Graduate,Organic,2023-11-09
CUST003264,39,Female,Tier 2,Bettiah,Salaried,93912,823,0,5,Graduate,DSA Agent,2023-10-21
CUST003265,38,Female,Tier 1,Avadi,Self Employed,49947,660,0,7,Postgraduate,Organic,2023-07-26
CUST003266,36,Female,Tier 3,Satna,Salaried,60813,812,1,4,Postgraduate,Social Media,2023-07-19
CUST003267,37,Male,Tier 2,Bhind,Gig Worker,25812,581,2,0,Graduate,Referral,2022-02-18
CUST003268,36,Female,Tier 3,Bhatpara,Gig Worker,14194,617,1,9,School,Referral,2023-07-03
CUST003269,39,Female,Tier 1,Nagercoil,Self Employed,92936,697,0,27,Postgraduate,Organic,2022-04-18
CUST003270,38,Female,Tier 2,Vijayanagaram,Self Employed,46061,675,1,34,Postgraduate,Organic,2023-02-07
CUST003271,36,Male,Tier 3,Anantapuram,Salaried,131585,812,0,26,Postgraduate,Organic,2022-06-11
CUST003272,30,Male,Tier 2,Noida,Salaried,79277,710,0,30,Postgraduate,DSA Agent,2023-03-12
CUST003273,33,Male,Tier 1,Siwan,Self Employed,61298,725,3,30,Graduate,Referral,2022-09-10
CUST003274,30,Female,Tier 2,Burhanpur,Gig Worker,19036,530,0,19,Postgraduate,Referral,2023-05-30
CUST003275,18,Female,Tier 2,Jalandhar,Student,0,478,0,0,Graduate,DSA Agent,2023-01-07
CUST003276,24,Male,Tier 1,Bellary,Student,18258,450,0,0,School,Referral,2023-02-13
CUST003277,21,Female,Tier 2,Bhubaneswar,Student,2773,569,0,0,Graduate,Referral,2022-10-20
CUST003278,38,Female,Tier 2,Mangalore,Gig Worker,26646,537,2,19,School,DSA Agent,2022-09-01
CUST003279,37,Male,Tier 2,Rewa,Salaried,133255,776,0,14,School,Social Media,2022-05-15
CUST003280,50,Female,Tier 2,Nagercoil,Self Employed,95266,627,1,32,Graduate,Organic,2022-12-24
CUST003281,33,Female,Tier 3,Gurgaon,Gig Worker,18128,549,0,10,Postgraduate,Referral,2023-12-10
CUST003282,40,Male,Tier 2,Imphal,Salaried,113502,706,1,25,School,Organic,2023-02-19
CUST003283,25,Female,Tier 1,Aligarh,Student,0,476,0,0,Graduate,Organic,2022-09-23
CUST003284,25,Male,Tier 1,Ambala,Student,0,477,0,0,Postgraduate,Referral,2023-03-01
CUST003285,29,Female,Tier 3,Kamarhati,Gig Worker,14115,577,1,17,Graduate,Referral,2022-10-03
CUST003286,38,Female,Tier 2,Shimla,Salaried,146140,786,0,26,Postgraduate,Social Media,2023-06-09
CUST003287,35,Female,Tier 1,Baranagar,Gig Worker,25888,541,0,5,Graduate,Organic,2023-08-23
CUST003288,25,Male,Tier 2,Sangli-Miraj & Kupwad,Student,15187,519,0,0,Graduate,Organic,2023-11-05
CUST003289,54,Male,Tier 2,Silchar,Business Owner,87874,696,0,7,School,Social Media,2023-07-14
CUST003290,31,Male,Tier 1,Delhi,Salaried,88530,793,0,22,School,Referral,2023-06-13
CUST003291,40,Female,Tier 1,Madhyamgram,Salaried,62660,766,0,28,Graduate,DSA Agent,2023-05-15
CUST003292,23,Male,Tier 3,Navi Mumbai,Student,0,508,0,0,School,Social Media,2023-09-17
CUST003293,33,Female,Tier 3,Amaravati,Gig Worker,16710,580,0,9,School,Organic,2023-06-23
CUST003294,35,Male,Tier 2,Gurgaon,Gig Worker,13821,507,0,8,Postgraduate,Organic,2022-07-25
CUST003295,39,Male,Tier 3,Maheshtala,Business Owner,196458,633,0,8,School,Organic,2023-04-19
CUST003296,33,Male,Tier 2,Tadipatri,Salaried,127264,737,0,13,Graduate,Social Media,2023-01-12
CUST003297,39,Other,Tier 2,Durgapur,Self Employed,32565,704,0,27,Postgraduate,Organic,2022-05-30
CUST003298,38,Female,Tier 2,Khora ,Salaried,94946,746,0,18,Graduate,Social Media,2022-07-11
CUST003299,26,Male,Tier 3,Lucknow,Gig Worker,14331,536,1,8,Graduate,DSA Agent,2022-08-05
CUST003300,26,Male,Tier 3,Phagwara,Student,0,588,0,0,Graduate,Referral,2023-03-10
CUST003301,22,Female,Tier 3,Rourkela,Gig Worker,23805,641,1,3,Postgraduate,Referral,2022-08-20
CUST003302,38,Male,Tier 2,Mysore,Business Owner,60751,641,1,34,Graduate,Referral,2022-06-24
CUST003303,34,Female,Tier 2,Lucknow,Gig Worker,28361,613,1,6,Graduate,Referral,2022-08-20
CUST003304,31,Female,Tier 2,Suryapet,Salaried,93123,708,0,4,Graduate,Organic,2023-08-22
CUST003305,36,Female,Tier 2,Nanded,Salaried,42265,797,1,1,School,Referral,2022-08-13
CUST003306,35,Female,Tier 3,Arrah,Gig Worker,19473,672,0,19,Graduate,Social Media,2023-07-02
CUST003307,23,Female,Tier 3,Akola,Gig Worker,18233,638,1,19,Postgraduate,Organic,2022-06-10
CUST003308,27,Female,Tier 1,Kollam,Salaried,108153,799,0,27,School,DSA Agent,2023-06-21
CUST003309,37,Female,Tier 3,Mira-Bhayandar,Gig Worker,23724,641,0,11,Graduate,DSA Agent,2023-07-02
CUST003310,26,Female,Tier 3,Amritsar,Gig Worker,34689,621,1,11,Graduate,Social Media,2023-01-15
CUST003311,48,Male,Tier 3,Tiruppur,Self Employed,89056,639,3,21,Graduate,Referral,2022-09-04
CUST003312,39,Male,Tier 1,Jaunpur,Self Employed,99341,711,0,24,School,Referral,2023-01-08
CUST003313,37,Male,Tier 2,Madanapalle,Self Employed,37343,706,0,31,Professional,Social Media,2022-09-28
CUST003314,38,Female,Tier 2,New Delhi,Salaried,121938,837,0,24,Graduate,Organic,2023-03-12
CUST003315,43,Female,Tier 3,Surendranagar Dudhrej,Salaried,71023,739,0,2,Graduate,Social Media,2023-12-27
CUST003316,35,Male,Tier 2,Mahbubnagar,Self Employed,37536,568,0,1,Postgraduate,Referral,2023-12-27
CUST003317,22,Male,Tier 3,Kozhikode,Gig Worker,32376,602,1,19,Graduate,DSA Agent,2023-09-10
CUST003318,35,Male,Tier 1,Surendranagar Dudhrej,Salaried,81442,723,0,8,Postgraduate,Social Media,2023-07-15
CUST003319,21,Female,Tier 2,Chennai,Student,0,477,0,0,Graduate,Referral,2022-08-01
CUST003320,47,Female,Tier 2,Vellore,Self Employed,60863,553,0,20,Graduate,DSA Agent,2022-08-12
CUST003321,33,Female,Tier 2,Kharagpur,Gig Worker,17918,558,1,6,Graduate,Social Media,2022-04-05
CUST003322,29,Male,Tier 3,Erode,Salaried,75301,722,0,7,School,Referral,2023-03-22
CUST003323,46,Female,Tier 1,Siwan,Self Employed,98193,667,1,16,Graduate,Social Media,2023-06-10
CUST003324,31,Male,Tier 2,Medininagar,Gig Worker,30157,597,1,12,Postgraduate,Organic,2023-02-26
CUST003325,34,Female,Tier 3,Bahraich,Self Employed,21087,551,0,6,Graduate,Social Media,2022-10-22
CUST003326,41,Male,Tier 2,Allahabad,Self Employed,23489,566,1,26,Graduate,Organic,2023-11-27
CUST003327,22,Female,Tier 2,Sikar,Student,7509,453,0,0,Postgraduate,DSA Agent,2022-11-03
CUST003328,33,Male,Tier 3,Bharatpur,Gig Worker,25285,594,0,7,School,Social Media,2023-09-28
CUST003329,37,Male,Tier 2,Sasaram,Salaried,129237,771,0,8,Postgraduate,Social Media,2022-09-26
CUST003330,31,Other,Tier 3,Haldia,Self Employed,54099,550,1,11,Graduate,Referral,2023-08-24
CUST003331,28,Male,Tier 2,Vasai-Virar,Self Employed,28084,588,0,39,Graduate,Social Media,2023-09-17
CUST003332,35,Male,Tier 3,Firozabad,Self Employed,40636,595,0,4,Graduate,Organic,2022-04-24
CUST003333,34,Female,Tier 2,Gulbarga,Salaried,63940,755,0,3,School,DSA Agent,2022-08-14
CUST003334,31,Female,Tier 2,Haridwar,Salaried,124064,808,0,4,Graduate,Referral,2022-02-02
CUST003335,21,Male,Tier 3,Ajmer,Student,14670,593,1,0,Graduate,Organic,2022-08-12
CUST003336,32,Female,Tier 2,Karawal Nagar,Self Employed,20604,603,0,3,Graduate,Social Media,2023-07-09
CUST003337,33,Female,Tier 1,Bilaspur,Business Owner,139389,647,1,5,Graduate,Organic,2022-03-03
CUST003338,35,Male,Tier 3,Ozhukarai,Self Employed,85874,568,0,31,Graduate,Social Media,2022-09-27
CUST003339,37,Male,Tier 3,Berhampore,Gig Worker,32380,566,0,18,Graduate,Organic,2023-12-19
CUST003340,35,Male,Tier 2,Sambalpur,Self Employed,25500,556,2,4,Postgraduate,Social Media,2022-12-10
CUST003341,22,Female,Tier 1,Tiruvottiyur,Student,0,437,0,0,Graduate,Social Media,2023-05-25
CUST003342,38,Male,Tier 2,Raiganj,Gig Worker,22198,627,0,11,School,Organic,2022-07-19
CUST003343,48,Male,Tier 1,Hospet,Self Employed,56431,647,2,9,Postgraduate,DSA Agent,2023-08-04
CUST003344,41,Female,Tier 1,Tezpur,Salaried,130919,729,0,16,Graduate,Social Media,2023-01-08
CUST003345,34,Female,Tier 2,Hindupur,Gig Worker,20496,595,0,12,Postgraduate,DSA Agent,2022-06-16
CUST003346,34,Male,Tier 2,Kolhapur,Self Employed,96568,643,0,37,Graduate,Organic,2022-06-06
CUST003347,40,Female,Tier 1,Nagaon,Salaried,113863,735,1,22,Graduate,Referral,2023-10-06
CUST003348,32,Male,Tier 2,Indore,Salaried,99648,842,0,15,Graduate,DSA Agent,2023-02-23
CUST003349,41,Male,Tier 1,Uluberia,Salaried,146626,814,0,20,Professional,DSA Agent,2022-07-30
CUST003350,37,Female,Tier 1,Jalna,Salaried,75149,798,0,8,Professional,Organic,2023-12-26
CUST003351,35,Female,Tier 1,Kozhikode,Salaried,66171,740,0,4,Graduate,Social Media,2023-03-13
CUST003352,28,Male,Tier 3,Fatehpur,Gig Worker,25069,637,0,0,Postgraduate,Referral,2023-06-25
CUST003353,40,Female,Tier 3,Durg,Business Owner,88338,721,1,19,Graduate,Social Media,2022-07-30
CUST003354,24,Female,Tier 2,Warangal,Gig Worker,15570,508,1,19,Graduate,Referral,2022-04-17
CUST003355,44,Male,Tier 3,Narasaraopet,Salaried,147108,782,0,22,Graduate,DSA Agent,2022-03-26
CUST003356,42,Female,Tier 1,Yamunanagar,Salaried,84174,796,0,7,Professional,Referral,2023-04-24
CUST003357,46,Male,Tier 2,Ambattur,Self Employed,27719,746,0,37,Graduate,Referral,2023-07-30
CUST003358,26,Other,Tier 1,Rajpur Sonarpur,Gig Worker,26214,501,0,16,Postgraduate,Social Media,2023-04-01
CUST003359,19,Female,Tier 1,Siliguri,Student,0,408,0,0,Graduate,Social Media,2022-07-05
CUST003360,31,Male,Tier 1,Rampur,Self Employed,87147,687,0,11,School,Referral,2022-07-08
CUST003361,50,Male,Tier 2,Danapur,Self Employed,57380,573,1,32,Graduate,Organic,2022-02-09
CUST003362,29,Male,Tier 1,Morena,Salaried,64781,846,1,10,Postgraduate,DSA Agent,2023-06-05
CUST003363,47,Male,Tier 3,Hapur,Self Employed,56529,634,1,36,Postgraduate,Referral,2023-12-05
CUST003364,30,Male,Tier 3,Dharmavaram,Salaried,78471,728,0,25,School,Referral,2023-02-17
CUST003365,50,Male,Tier 2,Nagaon,Business Owner,126867,784,0,13,School,Referral,2022-06-25
CUST003366,33,Female,Tier 1,Burhanpur,Self Employed,75139,725,0,19,Graduate,Organic,2023-05-11
CUST003367,44,Male,Tier 3,Gulbarga,Salaried,83060,734,0,17,Graduate,DSA Agent,2022-06-30
CUST003368,38,Female,Tier 2,Akola,Salaried,140300,750,0,9,Postgraduate,Social Media,2022-02-10
CUST003369,36,Female,Tier 2,Nadiad,Salaried,136782,843,1,3,School,Social Media,2022-03-19
CUST003370,39,Male,Tier 2,Amritsar,Self Employed,40405,742,0,25,Postgraduate,DSA Agent,2022-11-18
CUST003371,28,Female,Tier 1,Kamarhati,Salaried,142487,745,0,28,Graduate,Organic,2022-09-14
CUST003372,25,Male,Tier 2,Tiruppur,Gig Worker,19191,663,0,16,Graduate,DSA Agent,2023-07-12
CUST003373,31,Male,Tier 1,Jalgaon,Salaried,45333,738,1,8,School,Social Media,2023-01-02
CUST003374,45,Female,Tier 2,Narasaraopet,Self Employed,64228,590,1,35,School,Organic,2022-03-20
CUST003375,22,Male,Tier 2,Thiruvananthapuram,Student,3483,441,0,0,Graduate,Social Media,2023-06-14
CUST003376,39,Female,Tier 2,Panchkula,Self Employed,24572,663,0,37,Professional,Referral,2023-08-22
CUST003377,45,Female,Tier 1,Jehanabad,Self Employed,44507,746,0,10,Postgraduate,Social Media,2022-04-17
CUST003378,35,Other,Tier 1,Loni,Salaried,123718,734,0,27,Professional,DSA Agent,2022-01-05
CUST003379,44,Female,Tier 2,Panihati,Salaried,118935,728,1,27,School,Social Media,2023-03-04
CUST003380,30,Female,Tier 2,Patna,Self Employed,82757,608,2,18,Graduate,Social Media,2023-12-23
CUST003381,36,Male,Tier 3,Navi Mumbai,Gig Worker,13320,678,0,8,Postgraduate,Organic,2022-05-03
CUST003382,38,Male,Tier 2,Guna,Gig Worker,24055,535,1,15,Graduate,Social Media,2022-11-13
CUST003383,26,Female,Tier 1,Gopalpur,Salaried,72566,784,0,27,School,DSA Agent,2023-05-23
CUST003384,28,Male,Tier 2,Pimpri-Chinchwad,Salaried,95156,758,1,4,School,Social Media,2023-12-28
CUST003385,31,Male,Tier 1,Tezpur,Salaried,113212,833,0,14,Graduate,Organic,2023-11-16
CUST003386,25,Male,Tier 2,Sambalpur,Student,0,431,1,0,Graduate,Social Media,2023-11-14
CUST003387,25,Female,Tier 1,South Dumdum,Salaried,88464,808,0,20,Postgraduate,DSA Agent,2023-01-05
CUST003388,33,Male,Tier 2,Ambattur,Gig Worker,22159,578,1,10,Postgraduate,DSA Agent,2023-01-06
CUST003389,39,Female,Tier 2,Belgaum,Salaried,119835,825,0,12,School,Organic,2023-05-21
CUST003390,37,Male,Tier 1,Narasaraopet,Self Employed,97863,741,1,19,School,Referral,2022-06-04
CUST003391,44,Male,Tier 2,Suryapet,Salaried,108275,779,0,7,Postgraduate,Organic,2023-08-11
CUST003392,26,Male,Tier 3,Mysore,Student,0,558,0,0,Graduate,DSA Agent,2022-08-12
CUST003393,24,Male,Tier 1,Rajkot,Student,0,497,0,0,School,Social Media,2022-09-07
CUST003394,32,Female,Tier 1,Nagaon,Salaried,130007,712,0,22,Postgraduate,DSA Agent,2022-08-10
CUST003395,51,Male,Tier 3,Ghaziabad,Business Owner,88790,620,0,24,Postgraduate,Organic,2023-05-17
CUST003396,35,Male,Tier 3,Ambattur,Business Owner,182454,683,2,15,School,Organic,2022-02-15
CUST003397,24,Female,Tier 2,Bhimavaram,Student,0,426,0,0,Graduate,DSA Agent,2023-12-07
CUST003398,23,Female,Tier 3,Madhyamgram,Student,0,510,0,0,Graduate,Referral,2023-08-21
CUST003399,29,Male,Tier 1,Jorhat,Salaried,144397,759,0,15,Graduate,Organic,2022-03-11
CUST003400,35,Male,Tier 3,Imphal,Gig Worker,27284,619,0,11,Graduate,DSA Agent,2023-05-22
CUST003401,38,Other,Tier 1,Thiruvananthapuram,Salaried,75894,725,0,13,Graduate,DSA Agent,2023-03-22
CUST003402,42,Female,Tier 1,Bhiwandi,Salaried,70033,735,0,20,Graduate,Social Media,2022-06-30
CUST003403,55,Male,Tier 2,Gwalior,Business Owner,45490,658,0,35,Graduate,Organic,2023-02-20
CUST003404,27,Male,Tier 2,Davanagere,Salaried,148258,741,0,25,Postgraduate,Social Media,2023-07-28
CUST003405,34,Male,Tier 2,Hosur,Self Employed,91023,637,0,22,Graduate,Social Media,2023-07-16
CUST003406,19,Male,Tier 2,Khora ,Student,0,507,0,0,Postgraduate,Organic,2023-10-23
CUST003407,26,Female,Tier 2,Dewas,Student,14647,553,0,0,Graduate,DSA Agent,2023-12-29
CUST003408,47,Female,Tier 3,Amaravati,Business Owner,31856,601,0,15,Graduate,Referral,2022-01-29
CUST003409,26,Male,Tier 1,Gorakhpur,Salaried,135551,799,0,29,Graduate,Organic,2023-12-11
CUST003410,40,Female,Tier 1,Jammu,Salaried,64664,836,0,15,Graduate,Organic,2023-12-17
CUST003411,25,Male,Tier 3,Mumbai,Gig Worker,30251,655,0,19,Graduate,Social Media,2022-05-16
CUST003412,38,Male,Tier 2,Vellore,Salaried,131554,765,2,26,School,DSA Agent,2022-11-21
CUST003413,40,Male,Tier 2,Kumbakonam,Salaried,81396,729,0,28,Graduate,Referral,2023-11-17
CUST003414,38,Male,Tier 2,Ozhukarai,Gig Worker,13685,528,0,4,School,DSA Agent,2023-10-13
CUST003415,30,Female,Tier 2,Kottayam,Self Employed,53930,703,0,19,Graduate,Organic,2022-05-17
CUST003416,32,Male,Tier 1,Dewas,Gig Worker,13571,669,0,8,Graduate,DSA Agent,2023-12-27
CUST003417,35,Male,Tier 1,Katihar,Salaried,54472,833,0,6,Postgraduate,Social Media,2023-12-16
CUST003418,46,Female,Tier 3,Mau,Self Employed,89061,636,0,17,Postgraduate,Social Media,2022-01-29
CUST003419,41,Female,Tier 1,Kishanganj,Salaried,112863,820,1,16,Postgraduate,Organic,2023-10-12
CUST003420,27,Female,Tier 1,Gandhidham,Salaried,78578,713,0,14,School,Social Media,2022-11-05
CUST003421,40,Female,Tier 1,South Dumdum,Self Employed,29648,576,0,17,Graduate,Referral,2023-09-05
CUST003422,31,Male,Tier 1,Chennai,Self Employed,62844,681,0,21,Postgraduate,Social Media,2023-01-20
CUST003423,37,Female,Tier 2,Danapur,Self Employed,65262,705,0,25,Graduate,Organic,2022-05-25
CUST003424,29,Female,Tier 1,Shimla,Salaried,123400,729,0,9,Postgraduate,Referral,2023-12-29
CUST003425,22,Female,Tier 1,Mangalore,Student,0,537,0,0,Postgraduate,Organic,2023-08-05
CUST003426,33,Female,Tier 2,Bhiwani,Self Employed,88510,723,0,26,Postgraduate,Organic,2023-11-09
CUST003427,27,Male,Tier 2,Bareilly,Gig Worker,33706,592,0,12,Professional,Social Media,2023-12-21
CUST003428,28,Female,Tier 2,Tiruvottiyur,Self Employed,38698,750,2,25,Postgraduate,Referral,2022-08-13
CUST003429,23,Male,Tier 1,Jammu,Student,0,543,0,0,Graduate,Social Media,2023-11-12
CUST003430,25,Male,Tier 3,Ahmednagar,Gig Worker,24460,501,0,17,Postgraduate,Organic,2022-01-30
CUST003431,34,Male,Tier 2,Aizawl,Gig Worker,18985,586,1,3,Graduate,Referral,2022-01-08
CUST003432,33,Female,Tier 3,Imphal,Business Owner,155977,712,1,6,School,Social Media,2022-08-20
CUST003433,33,Male,Tier 3,Kota,Self Employed,43649,597,0,8,School,Referral,2023-03-18
CUST003434,36,Female,Tier 2,Phagwara,Gig Worker,28330,590,1,6,Postgraduate,Organic,2023-04-14
CUST003435,35,Male,Tier 3,Aurangabad,Self Employed,75036,648,1,31,Graduate,Organic,2022-03-25
CUST003436,38,Female,Tier 3,North Dumdum,Gig Worker,13314,533,1,6,Graduate,Referral,2023-12-23
CUST003437,27,Male,Tier 2,Nellore,Salaried,100230,780,0,10,Graduate,Referral,2022-09-18
CUST003438,31,Female,Tier 3,Tirunelveli,Gig Worker,13573,563,0,18,School,Organic,2022-08-10
CUST003439,41,Female,Tier 3,Phagwara,Business Owner,73423,788,1,21,Graduate,Social Media,2022-12-19
CUST003440,38,Male,Tier 2,Anantapur,Business Owner,125287,660,0,31,Postgraduate,Social Media,2023-05-14
CUST003441,39,Male,Tier 2,Hindupur,Salaried,77096,773,0,25,Graduate,Social Media,2023-02-26
CUST003442,26,Female,Tier 2,Agartala,Gig Worker,29839,500,0,6,Graduate,Referral,2023-02-12
CUST003443,29,Female,Tier 1,Firozabad,Salaried,47709,708,0,12,School,Organic,2023-01-19
CUST003444,44,Female,Tier 2,Avadi,Business Owner,189017,641,0,33,Postgraduate,Social Media,2023-11-22
CUST003445,52,Male,Tier 2,Ulhasnagar,Business Owner,94814,769,2,34,Graduate,Social Media,2022-04-15
CUST003446,42,Female,Tier 2,Thoothukudi,Self Employed,72066,660,0,28,Graduate,Organic,2023-10-24
CUST003447,18,Male,Tier 1,Satna,Student,0,543,0,0,Graduate,Social Media,2023-01-27
CUST003448,35,Female,Tier 2,Aizawl,Self Employed,99477,631,0,4,Postgraduate,Organic,2022-12-30
CUST003449,33,Female,Tier 1,Phusro,Gig Worker,14674,647,1,18,Graduate,Referral,2022-07-31
CUST003450,27,Male,Tier 2,Erode,Salaried,137656,719,1,18,Professional,DSA Agent,2022-05-30
CUST003451,36,Female,Tier 2,Sambhal,Gig Worker,31667,523,3,5,Graduate,Referral,2023-09-21
CUST003452,49,Female,Tier 3,Alappuzha,Self Employed,29668,566,0,9,Postgraduate,DSA Agent,2022-03-29
CUST003453,33,Female,Tier 1,Kolhapur,Self Employed,27506,558,0,19,Graduate,Organic,2022-09-14
CUST003454,25,Male,Tier 2,Panipat,Gig Worker,21667,633,0,3,School,Organic,2022-05-07
CUST003455,38,Male,Tier 3,Panihati,Business Owner,184095,727,0,31,Professional,Organic,2023-07-22
CUST003456,30,Female,Tier 1,Bardhaman,Salaried,147156,850,0,29,Graduate,Referral,2022-12-23
CUST003457,29,Male,Tier 2,Dindigul,Gig Worker,18123,673,1,17,Postgraduate,Referral,2023-05-19
CUST003458,46,Male,Tier 2,Pondicherry,Self Employed,95580,608,1,35,Graduate,Organic,2022-07-19
CUST003459,41,Other,Tier 2,Eluru,Self Employed,60150,600,2,1,Graduate,Social Media,2023-07-13
CUST003460,29,Male,Tier 2,Proddatur,Self Employed,50716,592,0,16,School,Social Media,2022-05-25
CUST003461,38,Other,Tier 1,Thrissur,Salaried,108286,701,3,24,Graduate,DSA Agent,2022-01-11
CUST003462,26,Male,Tier 2,Panipat,Salaried,145762,764,0,11,Graduate,DSA Agent,2023-07-27
CUST003463,34,Male,Tier 3,Aurangabad,Self Employed,71358,705,0,11,Graduate,Organic,2022-09-19
CUST003464,38,Female,Tier 2,Nanded,Gig Worker,19165,678,1,11,Graduate,Organic,2023-09-07
CUST003465,42,Female,Tier 1,Nangloi Jat,Salaried,120637,767,0,6,School,DSA Agent,2022-08-18
CUST003466,35,Female,Tier 3,Ranchi,Self Employed,42737,676,0,30,Graduate,Organic,2023-03-18
CUST003467,27,Female,Tier 2,Morbi,Gig Worker,18100,612,0,15,School,Social Media,2023-06-08
CUST003468,37,Female,Tier 2,Parbhani,Self Employed,54329,621,1,24,Graduate,Organic,2023-08-12
CUST003469,22,Male,Tier 2,Allahabad,Student,0,556,0,0,Graduate,Referral,2022-05-31
CUST003470,30,Male,Tier 1,Pimpri-Chinchwad,Salaried,135080,758,0,25,Graduate,Organic,2022-05-17
CUST003471,29,Male,Tier 2,Bally,Salaried,104866,721,1,7,Graduate,Organic,2023-04-20
CUST003472,40,Female,Tier 3,Bahraich,Self Employed,38696,603,1,35,School,Organic,2023-10-27
CUST003473,49,Male,Tier 2,Bhubaneswar,Self Employed,65679,710,1,32,Graduate,Social Media,2023-05-12
CUST003474,48,Male,Tier 3,Guntur,Self Employed,53298,741,1,13,Professional,Social Media,2023-11-28
CUST003475,23,Male,Tier 3,Anantapur,Student,0,485,0,0,Graduate,Referral,2022-11-11
CUST003476,19,Male,Tier 3,Saharanpur,Student,0,598,0,0,Postgraduate,Organic,2023-10-05
CUST003477,35,Male,Tier 3,Giridih,Business Owner,122074,649,0,21,School,Organic,2022-11-29
CUST003478,37,Female,Tier 2,Chapra,Gig Worker,21050,571,2,17,School,Referral,2023-02-05
CUST003479,26,Male,Tier 3,Kishanganj,Gig Worker,12375,522,2,11,Postgraduate,DSA Agent,2022-09-12
CUST003480,35,Female,Tier 3,Bahraich,Gig Worker,26281,566,1,5,Graduate,Organic,2022-03-09
CUST003481,38,Female,Tier 1,Khammam,Salaried,83817,759,1,19,Postgraduate,Organic,2022-11-08
CUST003482,23,Male,Tier 2,Proddatur,Gig Worker,32868,607,1,14,Graduate,Social Media,2023-06-04
CUST003483,41,Female,Tier 1,Lucknow,Salaried,79364,770,0,24,School,Referral,2022-03-16
CUST003484,40,Male,Tier 3,Jabalpur,Business Owner,196223,737,0,22,Graduate,Referral,2022-05-24
CUST003485,38,Female,Tier 3,Karimnagar,Gig Worker,26222,563,0,12,Graduate,DSA Agent,2022-04-20
CUST003486,27,Other,Tier 3,Kakinada,Gig Worker,23510,570,1,7,Graduate,Referral,2023-01-06
CUST003487,32,Female,Tier 3,Pondicherry,Gig Worker,27269,551,2,1,Graduate,Organic,2022-09-09
CUST003488,35,Female,Tier 2,Ambattur,Salaried,128430,706,1,1,Postgraduate,Organic,2023-12-28
CUST003489,25,Male,Tier 2,Mirzapur,Salaried,46769,754,0,21,Graduate,Social Media,2022-07-12
CUST003490,23,Male,Tier 2,Davanagere,Gig Worker,31288,673,0,14,Graduate,DSA Agent,2022-01-06
CUST003491,34,Female,Tier 2,Rohtak,Salaried,91586,718,0,20,Graduate,Social Media,2022-07-22
CUST003492,47,Male,Tier 2,Kolhapur,Self Employed,35195,596,0,27,Graduate,DSA Agent,2022-10-25
CUST003493,24,Male,Tier 2,Bulandshahr,Student,19426,570,0,0,Graduate,Social Media,2022-07-02
CUST003494,21,Male,Tier 3,Tenali,Student,0,568,1,0,Graduate,DSA Agent,2022-12-13
CUST003495,28,Female,Tier 2,Nashik,Self Employed,54594,702,0,4,Graduate,Referral,2023-08-09
CUST003496,33,Male,Tier 1,Anand,Salaried,51841,788,0,15,School,DSA Agent,2022-07-27
CUST003497,22,Female,Tier 2,Pune,Student,0,451,0,0,Postgraduate,DSA Agent,2022-09-14
CUST003498,20,Male,Tier 2,Patna,Student,17592,573,0,0,Postgraduate,Social Media,2022-08-23
CUST003499,44,Male,Tier 1,Siwan,Salaried,47741,733,0,4,Postgraduate,DSA Agent,2023-03-29
CUST003500,36,Female,Tier 2,Ichalkaranji,Self Employed,33355,740,0,13,Graduate,DSA Agent,2023-07-16
CUST003501,36,Male,Tier 1,Jabalpur,Salaried,99921,744,0,12,Graduate,Referral,2023-03-21
CUST003502,22,Female,Tier 1,Buxar,Student,0,500,0,0,Professional,Organic,2022-01-09
CUST003503,36,Male,Tier 2,Proddatur,Business Owner,82503,716,0,32,Postgraduate,Organic,2022-07-23
CUST003504,25,Male,Tier 2,Katihar,Salaried,115185,738,0,8,Postgraduate,Referral,2023-05-23
CUST003505,21,Male,Tier 2,Anand,Student,18827,420,0,0,Graduate,Social Media,2022-10-07
CUST003506,37,Female,Tier 2,Chapra,Self Employed,85699,692,1,2,Graduate,Social Media,2023-06-23
CUST003507,54,Female,Tier 2,Phagwara,Business Owner,132821,664,5,39,School,Social Media,2022-07-03
CUST003508,22,Female,Tier 2,Srinagar,Gig Worker,14265,533,0,18,School,DSA Agent,2022-02-18
CUST003509,23,Male,Tier 1,Bally,Student,5661,531,1,0,Graduate,Referral,2023-06-03
CUST003510,42,Female,Tier 1,Bidhannagar,Salaried,144415,728,0,12,School,Organic,2022-04-02
CUST003511,36,Female,Tier 2,Bathinda,Salaried,71202,752,1,3,Graduate,Organic,2022-12-28
CUST003512,26,Female,Tier 1,South Dumdum,Salaried,105382,845,0,6,Postgraduate,Organic,2022-08-27
CUST003513,43,Female,Tier 2,Malda,Business Owner,62310,738,1,4,Graduate,Social Media,2022-05-05
CUST003514,19,Female,Tier 2,Jaipur,Student,6528,446,0,0,Graduate,Referral,2022-11-11
CUST003515,20,Male,Tier 3,Ramgarh,Student,2286,556,1,0,Postgraduate,Social Media,2023-06-17
CUST003516,45,Female,Tier 1,Chennai,Business Owner,179746,741,0,24,Graduate,DSA Agent,2023-01-26
CUST003517,25,Male,Tier 1,Surat,Salaried,124579,807,0,1,Graduate,Organic,2023-12-18
CUST003518,26,Female,Tier 2,Kamarhati,Gig Worker,31928,647,0,18,School,Social Media,2023-11-27
CUST003519,25,Male,Tier 1,Purnia,Salaried,90287,731,1,5,Graduate,Organic,2023-11-21
CUST003520,25,Male,Tier 3,Rampur,Salaried,90583,828,1,11,Graduate,Social Media,2023-07-01
CUST003521,36,Male,Tier 2,Bhimavaram,Salaried,48724,844,0,28,Professional,Social Media,2023-08-21
CUST003522,29,Male,Tier 2,Katihar,Gig Worker,32593,597,0,9,School,DSA Agent,2022-08-30
CUST003523,31,Male,Tier 3,Kollam,Salaried,92925,747,0,8,Postgraduate,Social Media,2023-06-21
CUST003524,28,Female,Tier 1,Gangtok,Salaried,91075,752,0,4,School,Organic,2022-04-02
CUST003525,45,Female,Tier 1,Maheshtala,Salaried,107020,833,0,24,Professional,DSA Agent,2023-05-12
CUST003526,44,Female,Tier 1,Tiruppur,Salaried,143756,723,1,30,School,Organic,2023-12-13
CUST003527,44,Female,Tier 3,Bokaro,Business Owner,103111,707,0,13,Graduate,Referral,2022-08-18
CUST003528,47,Male,Tier 2,Indore,Self Employed,49729,564,0,4,Postgraduate,Organic,2022-10-13
CUST003529,49,Female,Tier 2,Warangal,Business Owner,144080,723,3,30,Graduate,DSA Agent,2023-04-23
CUST003530,25,Male,Tier 2,Coimbatore,Gig Worker,24230,599,0,3,Graduate,Organic,2022-06-21
CUST003531,28,Female,Tier 2,Satna,Salaried,126881,729,0,19,Graduate,DSA Agent,2022-06-20
CUST003532,29,Male,Tier 1,Dhule,Self Employed,70756,698,0,20,Graduate,Social Media,2022-04-14
CUST003533,39,Male,Tier 1,Avadi,Salaried,139172,794,0,15,Postgraduate,Social Media,2023-01-07
CUST003534,25,Male,Tier 1,Khandwa,Salaried,106997,845,0,23,Graduate,Social Media,2022-04-29
CUST003535,30,Male,Tier 1,Muzaffarpur,Salaried,128187,750,0,12,Postgraduate,Social Media,2022-12-20
CUST003536,38,Male,Tier 1,Raichur,Salaried,128252,770,0,16,Professional,Social Media,2023-08-04
CUST003537,38,Male,Tier 1,Durgapur,Salaried,46973,805,1,28,Graduate,Organic,2023-04-16
CUST003538,26,Female,Tier 3,Amravati,Gig Worker,22311,609,1,17,Graduate,Organic,2022-10-18
CUST003539,47,Female,Tier 3,Indore,Self Employed,44734,675,0,7,Professional,Referral,2022-11-19
CUST003540,34,Male,Tier 1,Dhule,Salaried,56012,845,0,18,School,Organic,2023-06-30
CUST003541,31,Male,Tier 1,Dhanbad,Salaried,113521,827,0,20,Graduate,Social Media,2023-03-03
CUST003542,18,Female,Tier 1,Bahraich,Student,0,503,0,0,Graduate,Social Media,2023-12-10
CUST003543,36,Male,Tier 1,Davanagere,Salaried,57855,768,0,9,School,Social Media,2023-01-01
CUST003544,43,Female,Tier 2,Nadiad,Salaried,118147,721,0,27,Postgraduate,Referral,2023-08-12
CUST003545,24,Male,Tier 1,Tiruchirappalli,Student,0,455,0,0,Graduate,Social Media,2023-02-22
CUST003546,33,Female,Tier 2,Guna,Salaried,83072,802,2,10,School,Organic,2023-09-15
CUST003547,27,Female,Tier 1,Ujjain,Salaried,116501,805,2,17,Graduate,DSA Agent,2023-05-31
CUST003548,26,Female,Tier 1,Jamshedpur,Gig Worker,17057,609,1,16,Graduate,DSA Agent,2023-10-04
CUST003549,28,Female,Tier 2,Mahbubnagar,Salaried,75898,781,1,24,School,Social Media,2022-06-19
CUST003550,37,Male,Tier 3,Ratlam,Gig Worker,13630,621,2,3,Graduate,Organic,2023-08-15
CUST003551,26,Male,Tier 1,Jhansi,Student,0,402,0,0,School,Organic,2022-07-12
CUST003552,37,Female,Tier 1,Mysore,Salaried,136003,800,0,21,Graduate,Social Media,2023-06-13
CUST003553,32,Female,Tier 2,Morena,Gig Worker,23197,665,1,3,Postgraduate,Organic,2023-08-10
CUST003554,38,Male,Tier 3,Danapur,Gig Worker,19105,645,1,9,Graduate,Social Media,2023-04-08
CUST003555,34,Female,Tier 1,Sirsa,Salaried,61778,795,0,24,Graduate,Organic,2023-11-10
CUST003556,38,Male,Tier 3,Chennai,Self Employed,45240,625,0,30,Graduate,Referral,2023-09-04
CUST003557,38,Male,Tier 2,Bidar,Salaried,62557,753,0,19,Graduate,Social Media,2022-03-05
CUST003558,24,Female,Tier 2,Salem,Gig Worker,18012,504,1,1,School,Social Media,2023-02-13
CUST003559,30,Male,Tier 3,Karimnagar,Salaried,86715,823,1,17,School,Organic,2022-12-13
CUST003560,25,Female,Tier 3,Amritsar,Gig Worker,17189,535,1,7,Graduate,Referral,2023-02-15
CUST003561,32,Male,Tier 2,Dewas,Salaried,134231,701,0,20,Postgraduate,Referral,2023-07-01
CUST003562,19,Male,Tier 2,Guwahati,Student,0,454,0,0,Postgraduate,Organic,2022-10-09
CUST003563,43,Female,Tier 1,Chittoor,Salaried,115859,812,0,6,Postgraduate,Social Media,2022-03-02
CUST003564,30,Female,Tier 2,Panipat,Gig Worker,22545,583,0,5,Graduate,Social Media,2023-12-14
CUST003565,26,Male,Tier 3,Ranchi,Gig Worker,31797,678,0,1,Graduate,Social Media,2023-03-15
CUST003566,32,Male,Tier 2,Kulti,Self Employed,41219,649,0,18,School,Referral,2022-03-29
CUST003567,25,Male,Tier 1,Buxar,Gig Worker,25522,556,2,14,Postgraduate,Referral,2022-02-17
CUST003568,45,Male,Tier 3,Warangal,Self Employed,89086,614,0,23,Graduate,Referral,2023-10-06
CUST003569,34,Female,Tier 3,Kolhapur,Self Employed,63442,569,0,25,Postgraduate,Social Media,2023-03-02
CUST003570,24,Female,Tier 1,Agra,Student,0,468,0,0,Graduate,DSA Agent,2023-12-03
CUST003571,34,Male,Tier 2,Kavali,Salaried,56257,802,0,21,School,Referral,2023-01-28
CUST003572,37,Male,Tier 3,Durg,Gig Worker,26916,590,0,11,Graduate,DSA Agent,2022-06-07
CUST003573,20,Female,Tier 2,Tadipatri,Student,13541,402,0,0,Postgraduate,Social Media,2023-03-21
CUST003574,38,Female,Tier 2,Sangli-Miraj & Kupwad,Business Owner,57997,699,1,10,Graduate,Referral,2023-02-21
CUST003575,22,Female,Tier 2,Malegaon,Student,9888,449,1,0,School,DSA Agent,2022-04-27
CUST003576,31,Female,Tier 2,Kadapa,Gig Worker,32658,548,0,19,School,Social Media,2022-05-08
CUST003577,29,Male,Tier 1,Bokaro,Salaried,96176,759,1,16,Graduate,DSA Agent,2022-09-12
CUST003578,30,Female,Tier 3,Bhubaneswar,Gig Worker,22870,680,0,3,Graduate,Referral,2023-10-26
CUST003579,30,Other,Tier 2,Ludhiana,Self Employed,85501,680,0,25,School,Referral,2023-02-09
CUST003580,37,Female,Tier 3,Kurnool,Gig Worker,12606,587,0,5,Graduate,DSA Agent,2022-12-10
CUST003581,38,Male,Tier 3,Sambhal,Gig Worker,19343,600,0,10,School,Social Media,2022-04-01
CUST003582,23,Male,Tier 2,Bilaspur,Student,14165,460,0,0,Postgraduate,Social Media,2023-06-13
CUST003583,36,Male,Tier 1,Bhopal,Gig Worker,14026,520,0,2,Graduate,Organic,2022-06-09
CUST003584,25,Female,Tier 1,Bathinda,Student,0,559,0,0,Graduate,Social Media,2023-07-11
CUST003585,30,Male,Tier 3,Nandyal,Gig Worker,13453,667,1,8,Postgraduate,Social Media,2023-03-29
CUST003586,29,Male,Tier 1,Asansol,Salaried,101839,798,0,4,Graduate,Social Media,2023-01-15
CUST003587,27,Female,Tier 2,Ranchi,Gig Worker,20426,534,0,18,School,Organic,2022-03-12
CUST003588,43,Male,Tier 2,Khora ,Self Employed,46078,640,0,3,Postgraduate,Social Media,2023-11-30
CUST003589,29,Male,Tier 1,Sangli-Miraj & Kupwad,Salaried,51875,736,0,15,Graduate,Referral,2023-02-01
CUST003590,33,Male,Tier 2,Kanpur,Salaried,63851,763,0,19,Postgraduate,Organic,2022-12-13
CUST003591,48,Male,Tier 3,Rajahmundry,Business Owner,173877,668,1,22,Graduate,Organic,2023-09-21
CUST003592,33,Male,Tier 1,Gurgaon,Salaried,124082,791,0,11,School,Organic,2022-02-13
CUST003593,27,Female,Tier 1,Gorakhpur,Gig Worker,16461,533,2,4,Graduate,Referral,2022-12-19
CUST003594,32,Female,Tier 2,Madhyamgram,Gig Worker,14920,542,1,5,Graduate,Organic,2022-04-13
CUST003595,24,Male,Tier 2,Jorhat,Gig Worker,19598,645,1,6,Postgraduate,Social Media,2023-02-03
CUST003596,42,Male,Tier 3,Guntur,Self Employed,31432,687,1,1,Postgraduate,Referral,2022-11-19
CUST003597,39,Female,Tier 2,Bijapur,Salaried,68343,845,1,1,Graduate,Referral,2022-12-21
CUST003598,33,Male,Tier 3,Nandyal,Gig Worker,33630,544,1,9,School,DSA Agent,2023-03-15
CUST003599,36,Male,Tier 2,Warangal,Gig Worker,12771,514,0,18,Graduate,Referral,2022-02-14
CUST003600,35,Female,Tier 2,Panvel,Self Employed,54850,674,1,4,Graduate,Organic,2023-03-11
CUST003601,33,Male,Tier 2,Srikakulam,Salaried,112477,708,0,19,Graduate,Social Media,2022-12-26
CUST003602,28,Male,Tier 2,Morena,Gig Worker,17056,609,1,12,Graduate,Organic,2023-06-07
CUST003603,38,Male,Tier 1,Aurangabad,Salaried,57602,818,0,2,School,Social Media,2023-09-19
CUST003604,30,Female,Tier 2,Cuttack,Salaried,147777,739,0,3,Graduate,Social Media,2022-08-28
CUST003605,44,Male,Tier 2,Kottayam,Salaried,49923,816,2,4,Graduate,Organic,2023-07-16
CUST003606,32,Male,Tier 1,Asansol,Salaried,113572,732,0,12,Professional,Organic,2022-01-17
CUST003607,21,Male,Tier 3,Gwalior,Student,0,491,0,0,Graduate,Referral,2022-11-04
CUST003608,26,Female,Tier 1,Sambhal,Salaried,57758,760,2,4,School,Organic,2022-07-17
CUST003609,41,Male,Tier 1,Srikakulam,Business Owner,139816,792,0,32,Graduate,DSA Agent,2023-09-27
CUST003610,40,Male,Tier 3,Kulti,Business Owner,144262,772,2,11,Graduate,Social Media,2022-01-03
CUST003611,36,Female,Tier 3,Chandrapur,Gig Worker,13171,625,0,15,Postgraduate,Referral,2023-08-03
CUST003612,29,Female,Tier 2,Barasat,Salaried,131776,828,0,11,Graduate,Referral,2022-06-19
CUST003613,29,Male,Tier 3,Surendranagar Dudhrej,Gig Worker,29893,595,0,15,Postgraduate,Social Media,2023-03-26
CUST003614,47,Male,Tier 1,Mira-Bhayandar,Self Employed,72670,621,2,32,School,Referral,2022-02-26
CUST003615,30,Female,Tier 3,Bhusawal,Gig Worker,27586,640,0,16,Graduate,Referral,2022-02-05
CUST003616,41,Female,Tier 1,Ulhasnagar,Salaried,53133,729,0,5,Graduate,Social Media,2022-11-26
CUST003617,36,Male,Tier 3,Kharagpur,Gig Worker,19087,601,0,8,School,Organic,2022-09-25
CUST003618,19,Male,Tier 2,Davanagere,Student,5279,592,0,0,Postgraduate,DSA Agent,2023-06-29
CUST003619,32,Male,Tier 2,Kanpur,Self Employed,26338,570,0,14,Postgraduate,Organic,2022-02-19
CUST003620,34,Male,Tier 3,Visakhapatnam,Salaried,49270,701,1,16,Graduate,Organic,2023-02-25
CUST003621,30,Female,Tier 2,Nanded,Self Employed,21834,624,1,10,Professional,DSA Agent,2022-02-16
CUST003622,38,Male,Tier 1,North Dumdum,Salaried,86443,734,0,19,Postgraduate,Social Media,2023-12-27
CUST003623,42,Female,Tier 1,Aurangabad,Salaried,96681,811,0,25,Postgraduate,Organic,2023-11-26
CUST003624,20,Female,Tier 3,Karawal Nagar,Student,0,587,2,0,Graduate,DSA Agent,2022-02-23
CUST003625,25,Male,Tier 3,Maheshtala,Salaried,117183,814,1,1,Postgraduate,DSA Agent,2023-12-27
CUST003626,26,Male,Tier 3,Bidhannagar,Salaried,107387,815,0,21,Professional,Social Media,2023-01-02
CUST003627,28,Female,Tier 1,Malda,Salaried,55819,831,0,28,Postgraduate,DSA Agent,2022-01-25
CUST003628,25,Male,Tier 3,Bongaigaon,Student,0,403,0,0,Graduate,Organic,2022-08-11
CUST003629,32,Female,Tier 3,Kochi,Self Employed,48704,567,0,32,Graduate,DSA Agent,2022-11-14
CUST003630,36,Other,Tier 2,Kottayam,Self Employed,94866,710,0,34,Graduate,Social Media,2022-05-20
CUST003631,43,Male,Tier 3,Naihati,Self Employed,73709,596,0,2,Graduate,Social Media,2023-08-21
CUST003632,37,Male,Tier 2,Rohtak,Salaried,121756,751,0,11,Postgraduate,Social Media,2022-04-16
CUST003633,37,Male,Tier 2,Morbi,Gig Worker,27804,630,0,3,Graduate,Social Media,2023-08-18
CUST003634,24,Female,Tier 3,Jalandhar,Gig Worker,23902,568,1,1,Graduate,Social Media,2023-05-14
CUST003635,40,Female,Tier 1,Kadapa,Salaried,142587,790,0,30,School,DSA Agent,2023-07-21
CUST003636,26,Female,Tier 3,Rajkot,Gig Worker,14044,665,0,13,School,Organic,2023-05-17
CUST003637,37,Female,Tier 1,Purnia,Business Owner,191720,623,1,39,Graduate,Social Media,2022-11-23
CUST003638,29,Male,Tier 2,Tinsukia,Salaried,92707,721,0,1,School,Organic,2022-10-18
CUST003639,34,Female,Tier 2,Bareilly,Salaried,138801,804,0,10,School,Organic,2023-11-24
CUST003640,41,Female,Tier 1,Berhampore,Salaried,143508,755,1,13,Graduate,DSA Agent,2022-10-25
CUST003641,35,Female,Tier 1,Jamshedpur,Salaried,90135,734,1,19,Postgraduate,Social Media,2022-12-15
CUST003642,32,Male,Tier 3,Cuttack,Business Owner,60627,716,0,29,Graduate,Social Media,2023-11-07
CUST003643,24,Female,Tier 2,Aizawl,Gig Worker,27110,554,1,10,Professional,DSA Agent,2023-12-14
CUST003644,23,Female,Tier 2,Junagadh,Gig Worker,12098,647,1,10,Graduate,Social Media,2023-12-06
CUST003645,41,Female,Tier 3,Dibrugarh,Self Employed,51507,669,2,19,School,Organic,2022-10-21
CUST003646,29,Female,Tier 1,Sikar,Salaried,97309,719,0,8,Graduate,Organic,2022-10-19
CUST003647,23,Female,Tier 3,Ajmer,Gig Worker,22145,603,1,6,Graduate,Social Media,2022-03-04
CUST003648,25,Female,Tier 3,Pune,Gig Worker,17386,635,0,16,Professional,DSA Agent,2023-06-15
CUST003649,24,Female,Tier 2,Raichur,Gig Worker,14585,521,0,2,Graduate,Organic,2023-05-30
CUST003650,48,Female,Tier 2,Phusro,Business Owner,127489,703,2,18,School,Social Media,2023-11-11
CUST003651,45,Male,Tier 2,Katihar,Self Employed,86996,741,1,14,Graduate,Referral,2023-02-23
CUST003652,30,Male,Tier 2,Panvel,Gig Worker,14590,591,2,8,Graduate,Organic,2022-04-14
CUST003653,24,Male,Tier 2,Bettiah,Student,3141,568,1,0,Postgraduate,Organic,2023-05-23
CUST003654,39,Female,Tier 1,Dindigul,Salaried,138621,715,0,16,School,Organic,2023-10-31
CUST003655,28,Female,Tier 1,Salem,Salaried,83410,782,0,16,Postgraduate,Organic,2022-09-28
CUST003656,31,Other,Tier 2,Tadipatri,Salaried,135807,796,1,5,Postgraduate,Social Media,2022-04-03
CUST003657,34,Male,Tier 1,Saharanpur,Salaried,107480,755,1,15,Postgraduate,Social Media,2022-05-19
CUST003658,33,Male,Tier 3,Panihati,Gig Worker,27817,590,1,0,Graduate,Social Media,2023-02-22
CUST003659,34,Male,Tier 3,Dhanbad,Self Employed,43532,551,1,15,Graduate,Social Media,2022-11-02
CUST003660,32,Male,Tier 1,Sagar,Business Owner,141149,777,1,33,Postgraduate,Organic,2023-02-15
CUST003661,30,Female,Tier 2,Nagaon,Gig Worker,18048,544,0,4,Postgraduate,Referral,2022-04-09
CUST003662,33,Male,Tier 2,Fatehpur,Gig Worker,24050,544,0,15,Graduate,Referral,2023-07-20
CUST003663,28,Female,Tier 1,Pondicherry,Salaried,146641,793,0,7,Graduate,Organic,2022-06-22
CUST003664,44,Female,Tier 2,Dewas,Salaried,139337,816,0,8,Postgraduate,Organic,2023-10-11
CUST003665,37,Male,Tier 3,Aurangabad,Gig Worker,19348,645,0,11,School,Organic,2022-01-03
CUST003666,22,Female,Tier 2,Miryalaguda,Gig Worker,26175,629,2,16,Graduate,Social Media,2023-08-11
CUST003667,23,Male,Tier 1,Dhule,Student,0,544,1,0,Postgraduate,Social Media,2022-01-18
CUST003668,29,Male,Tier 1,Allahabad,Salaried,115483,727,1,25,Graduate,Organic,2022-08-20
CUST003669,29,Female,Tier 1,Kolhapur,Salaried,134341,717,1,5,Graduate,Organic,2022-12-26
CUST003670,31,Female,Tier 2,Ongole,Gig Worker,12546,625,0,16,Postgraduate,Organic,2023-06-08
CUST003671,35,Male,Tier 1,Latur,Salaried,141975,709,0,19,Graduate,Referral,2023-07-13
CUST003672,43,Male,Tier 2,Kozhikode,Salaried,98931,763,0,1,School,Organic,2023-02-27
CUST003673,42,Male,Tier 1,Katni,Self Employed,66459,726,0,38,School,Social Media,2022-11-26
CUST003674,29,Male,Tier 1,Kulti,Salaried,85040,811,0,1,Graduate,Organic,2023-02-18
CUST003675,35,Other,Tier 2,Madurai,Self Employed,91945,580,1,25,School,Referral,2022-10-22
CUST003676,45,Female,Tier 2,Bally,Salaried,45250,754,1,16,Graduate,Social Media,2023-10-02
CUST003677,32,Male,Tier 1,Rewa,Salaried,66482,759,0,14,Graduate,Social Media,2022-06-28
CUST003678,31,Female,Tier 3,Bhimavaram,Gig Worker,34352,513,1,8,School,DSA Agent,2022-07-12
CUST003679,22,Male,Tier 2,Tiruppur,Student,0,564,0,0,Postgraduate,Social Media,2022-12-24
CUST003680,25,Male,Tier 3,Ajmer,Gig Worker,17780,508,1,7,Professional,Referral,2022-09-26
CUST003681,30,Female,Tier 3,Khammam,Self Employed,72620,574,0,7,Graduate,Referral,2022-05-01
CUST003682,31,Female,Tier 2,Kochi,Salaried,114126,744,1,1,School,DSA Agent,2022-08-03
CUST003683,38,Female,Tier 2,Loni,Self Employed,74613,610,3,14,Graduate,Social Media,2022-05-27
CUST003684,32,Female,Tier 2,Khora ,Salaried,63313,722,1,26,Graduate,Organic,2023-12-30
CUST003685,47,Female,Tier 3,Ahmednagar,Self Employed,47250,715,0,28,School,Referral,2023-11-11
CUST003686,32,Male,Tier 3,Bihar Sharif,Gig Worker,24530,611,0,17,Postgraduate,Referral,2023-07-18
CUST003687,54,Female,Tier 3,Hosur,Business Owner,32305,698,0,16,Postgraduate,DSA Agent,2023-08-18
CUST003688,32,Other,Tier 3,Jamnagar,Gig Worker,32339,608,0,1,Graduate,Social Media,2022-03-29
CUST003689,37,Male,Tier 2,Mau,Salaried,108753,776,1,6,Postgraduate,Referral,2022-01-26
CUST003690,29,Female,Tier 1,Thane,Salaried,132953,820,0,17,School,Referral,2023-09-21
CUST003691,22,Female,Tier 2,Rohtak,Student,0,434,1,0,Professional,Referral,2023-05-28
CUST003692,32,Male,Tier 3,Kirari Suleman Nagar,Gig Worker,34315,540,0,0,Graduate,Social Media,2022-11-22
CUST003693,45,Female,Tier 2,Bhimavaram,Self Employed,59932,671,0,15,Professional,Organic,2023-04-23
CUST003694,42,Male,Tier 1,Morbi,Salaried,106022,830,2,13,Graduate,Organic,2023-08-19
CUST003695,33,Female,Tier 2,Kamarhati,Salaried,59414,845,0,20,Postgraduate,Referral,2023-12-29
CUST003696,26,Male,Tier 1,Hubli–Dharwad,Salaried,93532,719,0,10,Postgraduate,Referral,2023-11-18
CUST003697,55,Female,Tier 3,New Delhi,Business Owner,193339,655,1,13,Postgraduate,Referral,2023-11-22
CUST003698,42,Male,Tier 3,Bhiwani,Self Employed,84775,607,0,24,Postgraduate,Organic,2022-01-13
CUST003699,32,Male,Tier 2,Howrah,Business Owner,199088,688,2,35,School,Organic,2022-07-06
CUST003700,40,Male,Tier 1,Parbhani,Salaried,121280,759,1,7,Graduate,Organic,2022-06-10
CUST003701,37,Female,Tier 2,Chandrapur,Self Employed,57137,654,2,28,Graduate,Referral,2022-02-22
CUST003702,30,Female,Tier 2,Gurgaon,Self Employed,92535,584,0,6,Postgraduate,Social Media,2022-03-20
CUST003703,38,Female,Tier 2,Raurkela Industrial Township,Salaried,90802,771,1,10,Graduate,Social Media,2023-04-07
CUST003704,18,Female,Tier 2,Ahmedabad,Student,0,587,0,0,Graduate,Organic,2022-01-27
CUST003705,35,Male,Tier 3,Shivpuri,Business Owner,195922,633,1,11,Graduate,Organic,2022-12-13
CUST003706,23,Male,Tier 1,Bhimavaram,Student,11394,453,0,0,Postgraduate,Referral,2023-04-10
CUST003707,42,Female,Tier 2,Korba,Self Employed,83396,738,1,18,School,Referral,2023-06-06
CUST003708,41,Male,Tier 2,Shimoga,Salaried,144831,783,1,21,Postgraduate,Organic,2023-07-01
CUST003709,30,Other,Tier 1,Morbi,Salaried,114070,767,0,27,Postgraduate,Referral,2023-11-09
CUST003710,40,Female,Tier 3,Medininagar,Business Owner,33748,653,1,22,School,Social Media,2022-02-07
CUST003711,27,Male,Tier 2,Kalyan-Dombivli,Salaried,43916,846,1,24,Graduate,Referral,2022-07-10
CUST003712,50,Male,Tier 2,Gudivada,Self Employed,58701,646,0,16,Graduate,Organic,2023-07-30
CUST003713,33,Female,Tier 1,Ramgarh,Self Employed,53170,593,0,30,Graduate,Social Media,2022-02-04
CUST003714,38,Male,Tier 2,Kochi,Self Employed,73162,660,0,7,Postgraduate,Referral,2022-11-09
CUST003715,49,Male,Tier 2,Karimnagar,Business Owner,88596,601,1,23,Postgraduate,Organic,2022-12-07
CUST003716,41,Male,Tier 2,Singrauli,Salaried,134814,828,0,15,Graduate,Organic,2022-07-02
CUST003717,37,Female,Tier 1,Sri Ganganagar,Salaried,118395,754,1,11,School,Organic,2023-02-24
CUST003718,30,Female,Tier 2,Jaunpur,Salaried,51476,785,0,5,Graduate,DSA Agent,2022-06-18
CUST003719,27,Male,Tier 3,Silchar,Gig Worker,20372,664,1,2,Graduate,Social Media,2023-08-09
CUST003720,32,Male,Tier 2,Indore,Salaried,109929,836,0,13,School,Organic,2023-11-02
CUST003721,30,Male,Tier 3,Tezpur,Salaried,70473,839,0,20,Graduate,Social Media,2023-08-26
CUST003722,26,Female,Tier 1,Nagpur,Student,0,409,0,0,Graduate,Social Media,2022-02-13
CUST003723,43,Male,Tier 3,Navi Mumbai,Business Owner,181027,670,0,12,Postgraduate,Social Media,2022-04-19
CUST003724,40,Male,Tier 1,Haridwar,Salaried,148803,785,0,10,Graduate,Referral,2023-01-27
CUST003725,36,Female,Tier 2,Sirsa,Gig Worker,26575,623,0,11,Postgraduate,Organic,2022-08-13
CUST003726,31,Female,Tier 2,Secunderabad,Business Owner,188112,764,1,19,Postgraduate,Social Media,2022-07-01
CUST003727,30,Other,Tier 2,Nagercoil,Salaried,44089,769,0,7,School,Organic,2023-09-26
CUST003728,41,Female,Tier 1,Bally,Salaried,110542,816,0,16,School,DSA Agent,2023-12-13
CUST003729,45,Male,Tier 1,Nashik,Salaried,117114,769,1,6,Postgraduate,DSA Agent,2023-07-23
CUST003730,23,Male,Tier 3,Berhampore,Gig Worker,19640,631,2,5,School,Organic,2023-03-24
CUST003731,27,Male,Tier 2,Nanded,Salaried,78756,841,0,15,School,Referral,2022-09-05
CUST003732,41,Male,Tier 2,Proddatur,Business Owner,92982,781,1,19,Graduate,Referral,2023-03-25
CUST003733,24,Female,Tier 2,Rewa,Gig Worker,19113,552,1,18,Graduate,Social Media,2023-04-10
CUST003734,26,Female,Tier 3,Malegaon,Gig Worker,23440,622,0,2,Professional,Referral,2023-08-24
CUST003735,36,Female,Tier 1,Hubli–Dharwad,Salaried,132112,783,1,27,Postgraduate,Social Media,2023-06-07
CUST003736,32,Male,Tier 2,Nagercoil,Gig Worker,32548,540,0,17,Graduate,Referral,2023-09-28
CUST003737,38,Female,Tier 2,Ratlam,Self Employed,38039,748,0,36,School,Referral,2022-09-07
CUST003738,46,Female,Tier 2,Salem,Self Employed,78519,713,0,5,Graduate,Social Media,2022-07-04
CUST003739,50,Male,Tier 2,Machilipatnam,Self Employed,51487,654,0,34,School,Social Media,2022-08-23
CUST003740,33,Female,Tier 2,Mehsana,Gig Worker,34705,573,2,2,Graduate,Organic,2023-11-12
CUST003741,45,Male,Tier 2,Eluru,Business Owner,194332,637,0,24,Postgraduate,Social Media,2022-04-22
CUST003742,25,Male,Tier 2,Bilaspur,Student,0,472,1,0,Graduate,Social Media,2023-05-28
CUST003743,30,Female,Tier 2,Etawah,Self Employed,98877,565,0,29,Postgraduate,Organic,2023-02-09
CUST003744,30,Female,Tier 1,Bahraich,Salaried,132617,799,1,24,Graduate,Social Media,2022-06-21
CUST003745,45,Male,Tier 1,Kozhikode,Salaried,79469,747,1,6,Graduate,Social Media,2022-11-18
CUST003746,31,Male,Tier 1,North Dumdum,Salaried,58752,740,0,29,Postgraduate,DSA Agent,2022-08-22
CUST003747,40,Other,Tier 3,Gorakhpur,Self Employed,26893,738,0,26,Graduate,Organic,2022-08-02
CUST003748,24,Female,Tier 2,Amaravati,Gig Worker,21160,555,1,5,Graduate,Social Media,2022-02-17
CUST003749,30,Female,Tier 3,Guna,Gig Worker,34202,558,0,3,Graduate,Social Media,2023-03-09
CUST003750,18,Male,Tier 1,Karaikudi,Student,6059,506,0,0,Graduate,DSA Agent,2023-04-05
CUST003751,23,Male,Tier 3,Sikar,Student,15681,467,0,0,Postgraduate,Organic,2023-11-15
CUST003752,32,Male,Tier 2,Davanagere,Business Owner,171002,732,1,39,Graduate,Organic,2023-07-26
CUST003753,35,Male,Tier 1,Mysore,Salaried,102823,791,2,21,School,Social Media,2023-12-10
CUST003754,49,Male,Tier 3,Firozabad,Self Employed,57172,696,1,2,Graduate,Organic,2022-05-17
CUST003755,33,Male,Tier 1,Mau,Salaried,125327,738,1,9,Postgraduate,Referral,2023-05-02
CUST003756,40,Female,Tier 2,Sikar,Salaried,139488,797,0,26,Graduate,DSA Agent,2023-06-12
CUST003757,29,Male,Tier 1,Kharagpur,Salaried,147341,747,0,18,School,Organic,2022-11-28
CUST003758,39,Female,Tier 2,Durg,Salaried,74722,732,0,14,School,Organic,2023-03-08
CUST003759,24,Male,Tier 3,North Dumdum,Gig Worker,31915,501,2,1,Postgraduate,Social Media,2023-01-20
CUST003760,20,Male,Tier 1,Mango,Student,0,495,0,0,School,Referral,2022-02-06
CUST003761,45,Male,Tier 2,Sambalpur,Salaried,146233,769,0,19,Graduate,Social Media,2022-09-25
CUST003762,35,Female,Tier 2,Panipat,Self Employed,48813,668,0,3,Graduate,Referral,2023-05-15
CUST003763,23,Male,Tier 3,Shimla,Gig Worker,17800,523,2,10,Graduate,Social Media,2023-06-06
CUST003764,28,Other,Tier 1,Muzaffarnagar,Salaried,42049,729,0,7,School,Social Media,2022-10-24
CUST003765,27,Female,Tier 2,Kamarhati,Gig Worker,19753,575,0,19,Graduate,Organic,2023-09-03
CUST003766,29,Female,Tier 2,Thrissur,Salaried,147752,718,0,22,Postgraduate,Organic,2023-02-12
CUST003767,27,Male,Tier 2,Ahmedabad,Gig Worker,24498,594,2,0,Graduate,Referral,2022-09-05
CUST003768,38,Female,Tier 1,Latur,Gig Worker,34943,631,1,3,School,Organic,2023-06-25
CUST003769,31,Female,Tier 2,Pudukkottai,Salaried,100064,841,0,16,Postgraduate,Social Media,2022-11-20
CUST003770,27,Male,Tier 2,Bahraich,Salaried,111916,832,0,18,Graduate,Social Media,2022-11-14
CUST003771,29,Female,Tier 2,Miryalaguda,Gig Worker,20036,665,0,13,Graduate,Organic,2022-04-26
CUST003772,50,Female,Tier 1,Haridwar,Business Owner,170783,636,0,28,Postgraduate,Referral,2022-08-21
CUST003773,28,Female,Tier 1,Kadapa,Salaried,78300,824,0,8,Graduate,Social Media,2022-10-20
CUST003774,48,Female,Tier 2,Ramgarh,Self Employed,66876,708,0,38,Postgraduate,Social Media,2022-05-23
CUST003775,38,Female,Tier 2,Bhilwara,Self Employed,67780,736,0,15,Graduate,Organic,2023-08-09
CUST003776,45,Female,Tier 2,Firozabad,Business Owner,186089,695,0,27,Postgraduate,Organic,2023-02-22
CUST003777,23,Male,Tier 2,Uluberia,Student,0,432,0,0,Graduate,Organic,2023-01-03
CUST003778,22,Female,Tier 3,Noida,Gig Worker,26843,612,0,3,Graduate,Social Media,2022-07-07
CUST003779,38,Female,Tier 1,Panvel,Self Employed,87561,656,1,39,Graduate,Referral,2023-10-22
CUST003780,26,Female,Tier 3,Solapur,Student,0,445,0,0,Graduate,DSA Agent,2022-06-25
CUST003781,29,Other,Tier 3,Pondicherry,Gig Worker,34432,647,0,4,Graduate,Social Media,2022-08-22
CUST003782,39,Male,Tier 2,Siwan,Salaried,124866,813,0,18,School,Referral,2023-10-29
CUST003783,26,Male,Tier 1,Jalandhar,Salaried,80986,703,0,3,Graduate,Organic,2023-07-04
CUST003784,23,Male,Tier 3,Jorhat,Student,19261,479,0,0,School,DSA Agent,2022-04-23
CUST003785,25,Male,Tier 2,Vasai-Virar,Student,0,468,0,0,Graduate,Referral,2023-09-18
CUST003786,29,Male,Tier 1,Karnal,Salaried,80542,848,0,14,Postgraduate,Referral,2022-12-26
CUST003787,36,Female,Tier 2,Kirari Suleman Nagar,Gig Worker,23496,661,1,3,Postgraduate,Social Media,2023-12-12
CUST003788,34,Male,Tier 2,Ramgarh,Gig Worker,26497,652,1,0,Professional,Organic,2022-02-14
CUST003789,31,Female,Tier 2,Jaunpur,Salaried,62203,820,1,22,Graduate,DSA Agent,2023-03-13
CUST003790,39,Female,Tier 2,Mehsana,Business Owner,110812,799,1,34,Postgraduate,Referral,2022-11-17
CUST003791,41,Male,Tier 1,Amritsar,Salaried,95050,704,1,12,School,Organic,2022-11-20
CUST003792,32,Male,Tier 2,Lucknow,Salaried,94236,728,0,14,School,Social Media,2023-03-09
CUST003793,29,Female,Tier 2,Karaikudi,Gig Worker,24656,507,0,15,School,Social Media,2023-02-16
CUST003794,40,Female,Tier 2,Sri Ganganagar,Self Employed,87727,605,0,13,Graduate,Social Media,2022-04-15
CUST003795,33,Female,Tier 2,Siliguri,Salaried,144537,819,0,5,School,Social Media,2022-10-29
CUST003796,30,Female,Tier 2,Raichur,Self Employed,23265,620,0,30,Graduate,Social Media,2022-07-08
CUST003797,34,Other,Tier 2,Bally,Gig Worker,34635,594,1,0,Graduate,Referral,2022-07-18
CUST003798,34,Female,Tier 2,Bhopal,Salaried,73623,774,0,10,Graduate,Referral,2022-06-07
CUST003799,35,Female,Tier 1,Chinsurah,Salaried,103709,760,0,16,Postgraduate,DSA Agent,2022-09-14
CUST003800,35,Female,Tier 3,Tenali,Gig Worker,32780,564,2,12,Graduate,Organic,2023-05-18
CUST003801,25,Female,Tier 3,Bidhannagar,Salaried,93861,809,0,3,Graduate,Organic,2022-03-03
CUST003802,49,Male,Tier 3,Siwan,Business Owner,141099,722,0,8,Graduate,Social Media,2023-12-18
CUST003803,23,Other,Tier 1,Bathinda,Student,0,544,0,0,School,Referral,2022-12-16
CUST003804,34,Male,Tier 3,Jehanabad,Business Owner,39528,797,1,26,Postgraduate,Social Media,2023-10-20
CUST003805,39,Female,Tier 2,Asansol,Salaried,106224,753,1,4,Graduate,DSA Agent,2022-10-16
CUST003806,42,Male,Tier 2,Chennai,Business Owner,180827,632,2,11,Postgraduate,Referral,2022-03-13
CUST003807,36,Male,Tier 3,Secunderabad,Gig Worker,21174,634,1,0,School,Social Media,2023-02-21
CUST003808,32,Male,Tier 1,Madurai,Salaried,49841,783,1,15,Graduate,Referral,2023-07-17
CUST003809,43,Male,Tier 1,Bettiah,Salaried,118766,828,1,13,School,Social Media,2023-10-07
CUST003810,36,Male,Tier 2,Nanded,Salaried,41066,740,0,15,Graduate,Organic,2022-05-28
CUST003811,33,Female,Tier 2,Kulti,Self Employed,65109,682,0,18,Graduate,Organic,2022-02-10
CUST003812,27,Male,Tier 3,Bokaro,Gig Worker,23473,570,0,13,Graduate,Organic,2022-07-28
CUST003813,30,Male,Tier 2,Shimla,Salaried,129243,821,1,20,Graduate,DSA Agent,2022-10-20
CUST003814,37,Male,Tier 2,Bathinda,Self Employed,95686,631,0,33,Postgraduate,Social Media,2023-06-08
CUST003815,34,Female,Tier 2,Bareilly,Salaried,128223,813,1,18,Graduate,DSA Agent,2023-04-15
CUST003816,22,Male,Tier 2,Chapra,Gig Worker,22754,615,1,16,Postgraduate,Referral,2023-04-14
CUST003817,28,Male,Tier 2,Vellore,Gig Worker,32267,551,1,15,Postgraduate,Social Media,2022-01-31
CUST003818,23,Female,Tier 1,Bhalswa Jahangir Pur,Student,0,453,0,0,Postgraduate,DSA Agent,2023-11-10
CUST003819,24,Female,Tier 2,Tiruvottiyur,Student,0,545,0,0,Postgraduate,Organic,2022-02-26
CUST003820,22,Male,Tier 2,Jalandhar,Gig Worker,29179,679,0,15,Graduate,Organic,2022-05-27
CUST003821,36,Male,Tier 1,Raichur,Gig Worker,17892,544,0,4,Graduate,Referral,2023-09-17
CUST003822,27,Male,Tier 3,Chinsurah,Gig Worker,18079,561,1,4,Postgraduate,DSA Agent,2023-08-15
CUST003823,21,Other,Tier 2,Panchkula,Student,0,530,0,0,School,Social Media,2023-04-02
CUST003824,29,Male,Tier 2,Udaipur,Salaried,103291,765,0,25,School,Organic,2023-07-17
CUST003825,31,Female,Tier 1,Rewa,Salaried,120258,739,0,16,Graduate,Referral,2023-06-06
CUST003826,31,Male,Tier 1,Ambattur,Salaried,134848,750,0,4,School,Social Media,2023-03-11
CUST003827,26,Female,Tier 3,Jodhpur,Gig Worker,21859,674,0,6,School,Social Media,2022-06-18
CUST003828,33,Male,Tier 3,Bidhannagar,Gig Worker,12440,538,1,3,Graduate,Organic,2023-01-08
CUST003829,25,Male,Tier 2,Loni,Student,0,491,0,0,School,Referral,2022-06-12
CUST003830,33,Male,Tier 1,Jaipur,Salaried,126296,738,0,17,Professional,Social Media,2023-11-07
CUST003831,24,Male,Tier 1,Proddatur,Gig Worker,13393,550,1,17,School,Organic,2023-12-06
CUST003832,21,Male,Tier 1,Dindigul,Student,4389,480,0,0,School,Organic,2022-09-16
CUST003833,24,Female,Tier 3,Gulbarga,Student,0,524,0,0,Graduate,Social Media,2022-08-24
CUST003834,35,Other,Tier 3,Dehri,Gig Worker,15847,536,2,16,School,Organic,2023-12-08
CUST003835,27,Male,Tier 1,Kolkata,Gig Worker,31574,673,3,3,Graduate,DSA Agent,2022-01-12
CUST003836,39,Female,Tier 2,Yamunanagar,Salaried,145648,792,0,23,Postgraduate,Organic,2022-06-14
CUST003837,41,Other,Tier 2,Bhopal,Business Owner,68651,748,0,17,Graduate,Referral,2023-12-29
CUST003838,30,Female,Tier 1,Coimbatore,Salaried,104994,844,1,2,Graduate,Social Media,2022-05-28
CUST003839,30,Male,Tier 3,Maheshtala,Business Owner,54399,725,1,29,Graduate,DSA Agent,2023-07-30
CUST003840,46,Female,Tier 2,South Dumdum,Self Employed,99859,593,3,16,Postgraduate,Organic,2022-04-02
CUST003841,25,Male,Tier 2,Hapur,Gig Worker,19742,523,0,0,Graduate,Referral,2023-08-04
CUST003842,40,Female,Tier 1,Bhatpara,Salaried,68539,700,0,9,Postgraduate,DSA Agent,2023-08-09
CUST003843,36,Male,Tier 2,Chapra,Gig Worker,15739,645,1,0,Postgraduate,DSA Agent,2023-01-07
CUST003844,38,Male,Tier 2,Gandhidham,Gig Worker,21441,587,0,18,Graduate,Organic,2023-12-12
CUST003845,31,Male,Tier 1,Guna,Salaried,68982,778,0,25,Graduate,Organic,2022-07-08
CUST003846,39,Male,Tier 1,Raiganj,Self Employed,71855,634,0,27,School,Organic,2023-06-25
CUST003847,49,Female,Tier 2,Agra,Business Owner,34866,748,1,7,School,Social Media,2023-04-15
CUST003848,26,Male,Tier 3,Bijapur,Gig Worker,13373,538,0,19,Postgraduate,Referral,2023-07-01
CUST003849,41,Female,Tier 3,Moradabad,Self Employed,49994,570,0,10,Graduate,Organic,2022-06-08
CUST003850,39,Male,Tier 2,Bokaro,Salaried,104514,742,1,20,Graduate,Referral,2022-11-05
CUST003851,27,Male,Tier 3,Salem,Gig Worker,20908,508,1,13,School,Organic,2023-12-12
CUST003852,26,Female,Tier 2,Nellore,Salaried,68718,727,0,11,School,Referral,2022-07-05
CUST003853,38,Other,Tier 3,Pudukkottai,Self Employed,67388,733,0,12,Postgraduate,Referral,2023-03-05
CUST003854,40,Male,Tier 2,Malda,Business Owner,150827,718,0,36,Graduate,Social Media,2022-09-07
CUST003855,48,Male,Tier 3,Sultan Pur Majra,Self Employed,57363,551,0,28,Graduate,Social Media,2023-08-26
CUST003856,32,Female,Tier 1,Begusarai,Salaried,129150,759,0,7,Postgraduate,Referral,2022-08-08
CUST003857,31,Male,Tier 2,Sonipat,Gig Worker,21575,615,0,10,Graduate,Referral,2022-10-23
CUST003858,30,Female,Tier 2,Ambarnath,Gig Worker,27065,677,2,15,Graduate,DSA Agent,2022-12-29
CUST003859,25,Female,Tier 2,Mathura,Gig Worker,28265,550,1,4,Graduate,Social Media,2023-02-19
CUST003860,18,Male,Tier 1,Maheshtala,Student,0,539,0,0,School,DSA Agent,2023-05-19
CUST003861,26,Male,Tier 2,Kalyan-Dombivli,Student,0,451,0,0,Professional,Organic,2022-10-07
CUST003862,37,Male,Tier 2,Allahabad,Self Employed,43509,598,2,26,Graduate,Organic,2022-08-28
CUST003863,30,Male,Tier 2,Gudivada,Gig Worker,13194,580,0,9,Professional,DSA Agent,2022-07-23
CUST003864,36,Female,Tier 3,Saharsa,Salaried,40515,842,0,2,Graduate,Social Media,2022-10-07
CUST003865,35,Female,Tier 1,Pondicherry,Salaried,107207,715,1,20,Postgraduate,Organic,2023-02-03
CUST003866,29,Female,Tier 2,Bongaigaon,Gig Worker,12693,568,2,13,School,Social Media,2023-11-17
CUST003867,24,Female,Tier 3,Ichalkaranji,Gig Worker,26796,553,2,8,Professional,Social Media,2023-01-22
CUST003868,30,Male,Tier 1,Bhavnagar,Self Employed,92847,619,0,20,Graduate,Social Media,2022-12-28
CUST003869,40,Female,Tier 1,Davanagere,Self Employed,91272,680,0,21,School,Organic,2022-03-18
CUST003870,30,Male,Tier 1,Purnia,Salaried,52565,841,0,23,Graduate,Organic,2023-09-16
CUST003871,22,Female,Tier 2,Raebareli,Gig Worker,25700,614,1,9,Postgraduate,Referral,2023-07-16
CUST003872,44,Male,Tier 1,Gwalior,Salaried,149669,736,0,4,Graduate,DSA Agent,2022-12-31
CUST003873,37,Female,Tier 1,Nagpur,Salaried,83441,723,0,28,Graduate,Organic,2023-08-15
CUST003874,26,Female,Tier 3,Vasai-Virar,Student,0,535,0,0,Postgraduate,Social Media,2023-10-15
CUST003875,40,Male,Tier 1,Kishanganj,Salaried,83629,705,1,8,Graduate,DSA Agent,2022-09-06
CUST003876,26,Male,Tier 3,Phagwara,Gig Worker,21522,501,0,17,Graduate,Organic,2023-12-12
CUST003877,32,Female,Tier 2,Farrukhabad,Salaried,47931,843,0,19,Graduate,Referral,2022-06-07
CUST003878,24,Male,Tier 2,Tumkur,Student,0,497,0,0,Postgraduate,Organic,2022-10-15
CUST003879,24,Female,Tier 2,Dehri,Gig Worker,26527,584,0,4,Graduate,Referral,2022-09-01
CUST003880,41,Female,Tier 2,Maheshtala,Salaried,133369,747,0,11,Postgraduate,Referral,2022-11-18
CUST003881,25,Female,Tier 2,Aizawl,Gig Worker,31601,515,0,8,Graduate,DSA Agent,2022-02-05
CUST003882,45,Male,Tier 2,Satara,Self Employed,77690,580,1,28,Postgraduate,Social Media,2023-03-13
CUST003883,55,Female,Tier 2,Deoghar,Business Owner,194216,723,0,39,Postgraduate,Organic,2023-11-03
CUST003884,37,Male,Tier 2,Nashik,Salaried,98107,756,0,15,Graduate,Social Media,2022-06-21
CUST003885,25,Male,Tier 2,Kharagpur,Student,0,457,1,0,Postgraduate,DSA Agent,2023-07-30
CUST003886,48,Female,Tier 3,Nagercoil,Business Owner,73310,742,1,31,Graduate,Organic,2022-04-24
CUST003887,44,Female,Tier 1,Raebareli,Business Owner,62769,678,3,9,Postgraduate,Organic,2022-01-13
CUST003888,40,Male,Tier 2,Danapur,Self Employed,24786,623,0,29,Graduate,DSA Agent,2022-07-22
CUST003889,41,Male,Tier 3,Varanasi,Self Employed,56210,656,1,13,Postgraduate,Referral,2023-03-06
CUST003890,36,Female,Tier 2,Navi Mumbai,Gig Worker,28337,558,2,15,Postgraduate,Social Media,2023-12-28
CUST003891,41,Female,Tier 3,Gaya,Self Employed,69334,609,0,3,School,Social Media,2023-03-30
CUST003892,37,Female,Tier 3,Imphal,Gig Worker,19761,658,0,3,Graduate,Organic,2023-03-26
CUST003893,34,Male,Tier 3,Kurnool,Self Employed,25043,580,1,8,School,DSA Agent,2023-07-14
CUST003894,29,Female,Tier 2,Tiruppur,Gig Worker,25011,638,0,7,Graduate,Social Media,2022-11-21
CUST003895,39,Female,Tier 3,Ranchi,Self Employed,63379,577,0,18,Graduate,Social Media,2022-08-18
CUST003896,19,Female,Tier 1,Tiruppur,Student,0,530,0,0,Postgraduate,Social Media,2022-04-29
CUST003897,28,Female,Tier 2,Ramagundam,Salaried,77728,749,0,8,Graduate,Organic,2022-06-02
CUST003898,24,Male,Tier 3,New Delhi,Student,7240,408,0,0,Graduate,Organic,2022-09-14
CUST003899,35,Other,Tier 1,Belgaum,Gig Worker,12992,566,0,16,Postgraduate,Social Media,2022-06-28
CUST003900,18,Male,Tier 1,Ambattur,Student,0,497,0,0,Graduate,Referral,2022-10-23
CUST003901,26,Male,Tier 3,Rewa,Gig Worker,33978,582,0,0,Graduate,Referral,2023-03-19
CUST003902,22,Female,Tier 1,Bhatpara,Gig Worker,30174,653,1,14,Postgraduate,Social Media,2023-10-10
CUST003903,47,Female,Tier 2,Khora ,Business Owner,35197,605,1,12,Postgraduate,Social Media,2022-07-10
CUST003904,44,Female,Tier 2,Rampur,Salaried,145999,747,0,17,School,Social Media,2023-01-23
CUST003905,20,Female,Tier 2,Aurangabad,Student,0,508,0,0,School,DSA Agent,2023-03-04
CUST003906,26,Male,Tier 3,Kurnool,Gig Worker,23677,528,0,9,School,Social Media,2023-05-24
CUST003907,24,Female,Tier 1,Alappuzha,Gig Worker,12305,588,2,2,Graduate,Organic,2023-06-16
CUST003908,34,Male,Tier 1,Vijayanagaram,Salaried,100194,764,0,15,School,Social Media,2022-09-20
CUST003909,38,Female,Tier 3,Burhanpur,Gig Worker,17498,610,1,17,Graduate,DSA Agent,2022-07-19
CUST003910,44,Male,Tier 2,Jhansi,Salaried,45053,836,0,9,School,DSA Agent,2023-08-16
CUST003911,40,Female,Tier 2,Nizamabad,Salaried,77093,719,1,29,Graduate,Social Media,2023-10-01
CUST003912,41,Male,Tier 3,Tenali,Salaried,69563,763,1,30,Graduate,Organic,2023-01-15
CUST003913,32,Female,Tier 1,Sultan Pur Majra,Salaried,45408,786,0,4,Graduate,Referral,2023-07-17
CUST003914,45,Female,Tier 3,Rajahmundry,Business Owner,76977,755,1,26,Graduate,Referral,2023-05-14
CUST003915,36,Male,Tier 2,Raipur,Business Owner,157944,665,1,37,Postgraduate,Social Media,2023-07-29
CUST003916,28,Female,Tier 2,Kozhikode,Gig Worker,20480,595,0,19,Graduate,Organic,2023-01-17
CUST003917,31,Female,Tier 2,Jabalpur,Self Employed,26268,730,0,25,Graduate,Social Media,2022-12-24
CUST003918,35,Female,Tier 1,Jorhat,Salaried,149386,813,0,2,Graduate,Social Media,2022-05-11
CUST003919,43,Female,Tier 3,Rourkela,Self Employed,59688,656,0,22,Graduate,Organic,2023-07-24
CUST003920,23,Male,Tier 3,Sikar,Student,4156,480,0,0,Graduate,Social Media,2023-09-10
CUST003921,39,Male,Tier 2,Jorhat,Business Owner,183094,658,1,33,Postgraduate,DSA Agent,2022-10-01
CUST003922,38,Male,Tier 2,Anantapuram,Gig Worker,29360,599,1,7,Postgraduate,Social Media,2022-05-12
CUST003923,46,Male,Tier 3,Moradabad,Self Employed,62616,597,0,37,Graduate,Social Media,2022-04-19
CUST003924,29,Male,Tier 2,Tenali,Salaried,49016,712,1,13,Graduate,Social Media,2023-07-14
CUST003925,54,Female,Tier 3,Chandigarh,Business Owner,35483,790,3,21,School,Organic,2023-03-01
CUST003926,45,Male,Tier 2,Kollam,Salaried,141967,737,0,17,Postgraduate,Organic,2023-01-15
CUST003927,37,Male,Tier 2,Kadapa,Self Employed,60299,682,1,20,Graduate,Social Media,2022-05-23
CUST003928,43,Male,Tier 1,Nandyal,Self Employed,39178,563,0,26,Graduate,Social Media,2023-12-14
CUST003929,32,Female,Tier 1,Moradabad,Self Employed,59661,591,0,24,School,Referral,2023-11-22
CUST003930,40,Female,Tier 1,Berhampur,Salaried,80550,749,0,29,Postgraduate,Social Media,2023-02-26
CUST003931,45,Male,Tier 1,Munger,Business Owner,126417,639,1,31,School,Organic,2023-05-14
CUST003932,32,Female,Tier 2,Gwalior,Salaried,143364,728,1,22,Graduate,Social Media,2022-02-15
CUST003933,43,Male,Tier 2,New Delhi,Self Employed,49149,654,1,17,School,Organic,2023-02-11
CUST003934,45,Other,Tier 1,Tadepalligudem,Salaried,126617,832,0,13,Postgraduate,Organic,2022-01-27
CUST003935,40,Female,Tier 3,Bahraich,Salaried,53251,716,0,8,School,Referral,2023-10-14
CUST003936,34,Male,Tier 1,Mango,Gig Worker,13016,579,0,1,Postgraduate,DSA Agent,2023-10-20
CUST003937,35,Female,Tier 2,Ambala,Gig Worker,14425,635,1,2,Graduate,Social Media,2022-02-27
CUST003938,28,Female,Tier 1,Bhagalpur,Salaried,135823,773,1,27,Graduate,DSA Agent,2023-09-28
CUST003939,30,Male,Tier 1,Varanasi,Salaried,58608,719,0,13,Graduate,Social Media,2023-06-04
CUST003940,33,Female,Tier 3,Jamnagar,Gig Worker,23272,607,3,0,Postgraduate,Organic,2022-02-07
CUST003941,28,Male,Tier 2,Chandrapur,Self Employed,43516,571,0,23,Graduate,Social Media,2023-08-17
CUST003942,22,Male,Tier 1,Etawah,Student,0,549,0,0,Graduate,Referral,2022-01-05
CUST003943,45,Male,Tier 1,Kollam,Salaried,139753,751,1,17,Graduate,Referral,2022-11-17
CUST003944,32,Male,Tier 3,Katni,Gig Worker,19837,640,1,7,Graduate,DSA Agent,2022-04-17
CUST003945,32,Male,Tier 1,Jamnagar,Salaried,100630,733,0,12,Graduate,Referral,2023-10-17
CUST003946,33,Female,Tier 1,Dibrugarh,Salaried,70422,727,0,19,Graduate,Referral,2023-05-05
CUST003947,32,Male,Tier 3,Kamarhati,Self Employed,69513,693,1,7,Postgraduate,Social Media,2022-06-29
CUST003948,40,Male,Tier 2,Jammu,Self Employed,54832,621,1,4,School,Organic,2022-02-22
CUST003949,37,Female,Tier 2,Bahraich,Salaried,49856,804,0,14,Graduate,Organic,2023-07-04
CUST003950,41,Female,Tier 2,Gandhidham,Salaried,148487,835,0,22,School,Referral,2022-04-28
CUST003951,33,Other,Tier 1,Sambalpur,Salaried,122816,768,1,1,School,Referral,2022-01-08
CUST003952,22,Female,Tier 3,Proddatur,Student,17105,473,0,0,School,DSA Agent,2022-06-19
CUST003953,46,Other,Tier 3,Asansol,Business Owner,97218,650,2,18,Postgraduate,Organic,2023-01-28
CUST003954,37,Female,Tier 2,Howrah,Salaried,126593,707,0,4,Professional,Social Media,2022-12-21
CUST003955,33,Other,Tier 1,Amritsar,Salaried,145310,735,0,8,Graduate,Referral,2022-10-17
CUST003956,26,Female,Tier 3,Kadapa,Student,13792,477,0,0,Graduate,Social Media,2022-02-16
CUST003957,36,Male,Tier 2,Tadipatri,Business Owner,48776,642,0,18,Postgraduate,Social Media,2023-04-25
CUST003958,22,Male,Tier 2,Pondicherry,Gig Worker,15411,597,2,16,Graduate,Social Media,2023-05-11
CUST003959,30,Female,Tier 1,Agra,Salaried,148261,735,0,14,School,Social Media,2023-06-02
CUST003960,34,Male,Tier 1,Vasai-Virar,Salaried,96693,778,0,9,Postgraduate,Organic,2023-12-27
CUST003961,24,Male,Tier 2,Chennai,Gig Worker,23455,651,1,4,School,DSA Agent,2023-04-24
CUST003962,33,Female,Tier 1,Delhi,Gig Worker,29280,658,1,11,Professional,DSA Agent,2023-12-10
CUST003963,29,Female,Tier 1,Munger,Salaried,86094,724,2,3,Graduate,Referral,2023-01-11
CUST003964,30,Male,Tier 3,Rajahmundry,Gig Worker,21331,563,1,15,Postgraduate,Referral,2023-05-28
CUST003965,31,Female,Tier 2,Phusro,Salaried,105356,773,0,16,Professional,Referral,2023-01-14
CUST003966,40,Female,Tier 2,Jaipur,Self Employed,90781,663,1,36,Graduate,Organic,2022-01-13
CUST003967,35,Other,Tier 1,Aurangabad,Salaried,91227,780,0,2,Professional,Social Media,2022-01-06
CUST003968,33,Female,Tier 2,Ichalkaranji,Salaried,105911,737,0,29,School,Social Media,2023-02-18
CUST003969,23,Female,Tier 2,Hospet,Gig Worker,26861,531,0,11,School,Organic,2023-03-05
CUST003970,35,Female,Tier 1,Pallavaram,Gig Worker,21077,615,0,19,Graduate,Organic,2022-11-16
CUST003971,40,Male,Tier 1,Hapur,Business Owner,65257,701,2,5,School,Organic,2022-01-10
CUST003972,26,Female,Tier 3,Nangloi Jat,Gig Worker,17010,644,0,3,Graduate,Social Media,2022-01-13
CUST003973,34,Female,Tier 2,Malda,Salaried,71674,839,0,17,Postgraduate,Organic,2023-02-16
CUST003974,30,Female,Tier 1,Rajahmundry,Self Employed,90612,689,0,7,Postgraduate,Organic,2023-07-15
CUST003975,35,Female,Tier 2,Baranagar,Salaried,137422,755,0,9,Graduate,Social Media,2022-08-02
CUST003976,46,Male,Tier 2,Munger,Business Owner,119886,614,2,3,Graduate,Organic,2023-02-21
CUST003977,24,Female,Tier 2,Nanded,Gig Worker,26516,605,1,15,School,Social Media,2022-08-11
CUST003978,33,Male,Tier 1,Jaipur,Gig Worker,20163,540,0,5,Graduate,Organic,2022-01-14
CUST003979,27,Male,Tier 3,Dewas,Salaried,48327,735,1,1,Postgraduate,Referral,2023-01-26
CUST003980,33,Male,Tier 2,Kalyan-Dombivli,Gig Worker,18588,589,0,17,Graduate,Social Media,2023-09-24
CUST003981,23,Male,Tier 2,Bulandshahr,Student,0,523,0,0,Graduate,Referral,2023-06-27
CUST003982,20,Female,Tier 2,Rewa,Student,0,502,1,0,Graduate,Referral,2023-06-08
CUST003983,32,Male,Tier 3,Nagercoil,Salaried,134719,744,2,15,Graduate,DSA Agent,2022-12-01
CUST003984,41,Male,Tier 2,Machilipatnam,Salaried,122192,843,0,28,Graduate,Organic,2023-09-19
CUST003985,19,Female,Tier 3,Erode,Student,0,504,0,0,Postgraduate,Referral,2023-12-08
CUST003986,34,Male,Tier 3,Bidhannagar,Business Owner,131368,679,0,17,School,Social Media,2022-05-20
CUST003987,31,Male,Tier 1,Munger,Salaried,120170,769,1,19,Graduate,Organic,2022-03-25
CUST003988,28,Male,Tier 3,Bharatpur,Gig Worker,21305,501,0,3,School,Referral,2023-12-15
CUST003989,36,Male,Tier 1,Anantapur,Salaried,100820,708,0,12,Postgraduate,Organic,2022-03-16
CUST003990,26,Male,Tier 2,Guntur,Student,0,564,0,0,Graduate,DSA Agent,2023-02-12
CUST003991,40,Male,Tier 2,Sambalpur,Salaried,106034,755,0,9,Graduate,Social Media,2022-04-26
CUST003992,39,Female,Tier 2,Jhansi,Salaried,101593,745,0,21,School,Organic,2022-07-07
CUST003993,44,Male,Tier 2,Tadipatri,Self Employed,28538,739,1,30,Graduate,Referral,2022-05-30
CUST003994,45,Male,Tier 3,Madhyamgram,Salaried,145768,838,0,4,Graduate,Organic,2023-04-27
CUST003995,22,Female,Tier 1,Dindigul,Gig Worker,15906,611,0,0,Graduate,Social Media,2023-02-13
CUST003996,24,Male,Tier 3,Kakinada,Gig Worker,34146,508,0,12,Graduate,Organic,2022-07-16
CUST003997,37,Female,Tier 1,Ajmer,Salaried,76958,720,1,23,Professional,DSA Agent,2023-09-26
CUST003998,32,Female,Tier 2,Moradabad,Gig Worker,29863,603,1,18,Graduate,Organic,2022-10-03
CUST003999,34,Male,Tier 1,Dewas,Gig Worker,32287,662,2,6,Professional,Referral,2022-07-27
CUST004000,42,Female,Tier 1,Faridabad,Salaried,148647,795,1,2,School,Referral,2023-09-10
CUST004001,31,Male,Tier 3,Bellary,Gig Worker,22785,534,0,18,Graduate,Referral,2022-11-05
CUST004002,21,Male,Tier 3,Suryapet,Student,0,571,0,0,Graduate,Organic,2022-03-03
CUST004003,46,Female,Tier 2,Yamunanagar,Self Employed,62723,567,1,6,Graduate,Referral,2022-10-17
CUST004004,42,Female,Tier 1,Bokaro,Salaried,99816,796,0,21,Graduate,Social Media,2022-11-12
CUST004005,29,Female,Tier 2,Nagpur,Salaried,144641,842,0,15,Graduate,Social Media,2022-12-23
CUST004006,38,Female,Tier 1,Kharagpur,Salaried,53484,783,0,1,Graduate,Social Media,2023-03-15
CUST004007,25,Male,Tier 2,Darbhanga,Gig Worker,22626,644,0,16,School,Social Media,2022-07-08
CUST004008,26,Female,Tier 2,Rewa,Gig Worker,26099,503,2,10,Graduate,Organic,2023-06-26
CUST004009,32,Female,Tier 3,Saharanpur,Self Employed,78643,657,1,15,Postgraduate,Social Media,2022-06-25
CUST004010,35,Other,Tier 1,Ratlam,Salaried,57616,710,1,18,Professional,Social Media,2022-08-21
CUST004011,27,Female,Tier 1,Sambalpur,Salaried,79767,808,0,24,Postgraduate,Referral,2023-06-16
CUST004012,32,Female,Tier 2,Morbi,Gig Worker,23229,615,0,4,School,Organic,2023-10-06
CUST004013,32,Male,Tier 2,Phagwara,Self Employed,60362,622,1,13,Graduate,Referral,2023-10-21
CUST004014,41,Female,Tier 1,Jalandhar,Salaried,121698,723,0,1,School,DSA Agent,2022-03-04
CUST004015,42,Male,Tier 3,Guwahati,Self Employed,92061,723,0,32,Postgraduate,Referral,2023-05-23
CUST004016,36,Male,Tier 1,Bangalore,Salaried,54725,781,0,7,School,Social Media,2023-10-29
CUST004017,22,Female,Tier 2,Bathinda,Student,0,458,0,0,Professional,Organic,2023-05-20
CUST004018,26,Male,Tier 1,Satara,Student,10929,464,0,0,Graduate,DSA Agent,2023-08-13
CUST004019,27,Other,Tier 2,Panihati,Salaried,145003,706,1,22,School,Organic,2022-01-25
CUST004020,26,Male,Tier 1,Kakinada,Salaried,131679,796,1,4,Graduate,Social Media,2022-03-14
CUST004021,30,Female,Tier 1,Amritsar,Gig Worker,23076,581,0,8,School,Social Media,2022-11-11
CUST004022,28,Male,Tier 2,Satna,Salaried,51646,809,2,4,Graduate,Organic,2022-10-22
CUST004023,37,Male,Tier 2,Fatehpur,Self Employed,55524,572,0,34,Graduate,Referral,2022-10-20
CUST004024,22,Male,Tier 1,Akola,Student,0,424,0,0,School,Organic,2023-03-06
CUST004025,39,Female,Tier 2,Avadi,Self Employed,96150,655,0,13,Postgraduate,Social Media,2023-01-05
CUST004026,24,Male,Tier 1,Kishanganj,Student,0,508,1,0,Graduate,Organic,2022-02-13
CUST004027,34,Female,Tier 3,Saharanpur,Gig Worker,22788,600,0,0,Graduate,Social Media,2023-05-10
CUST004028,42,Male,Tier 3,Vijayanagaram,Salaried,111656,741,0,30,Graduate,DSA Agent,2022-01-08
CUST004029,38,Male,Tier 3,Katihar,Self Employed,35208,746,0,29,Postgraduate,DSA Agent,2023-06-30
CUST004030,38,Male,Tier 2,Kozhikode,Gig Worker,28443,615,0,13,Professional,Social Media,2022-05-14
CUST004031,28,Male,Tier 3,Parbhani,Self Employed,85821,578,0,29,Postgraduate,Organic,2022-03-06
CUST004032,44,Female,Tier 3,Raipur,Salaried,46745,809,0,26,Postgraduate,Social Media,2023-01-24
CUST004033,45,Female,Tier 2,Raiganj,Salaried,79975,708,0,25,Graduate,Referral,2023-10-19
CUST004034,30,Male,Tier 1,Thane,Business Owner,110076,758,1,15,Graduate,Organic,2022-12-04
CUST004035,38,Female,Tier 2,Eluru,Salaried,111485,773,2,25,Graduate,Organic,2023-05-16
CUST004036,32,Female,Tier 2,Nadiad,Business Owner,144886,745,1,27,Professional,Organic,2023-09-02
CUST004037,45,Male,Tier 3,Tirunelveli,Business Owner,162116,764,0,24,School,Organic,2022-09-15
CUST004038,50,Male,Tier 1,Dharmavaram,Self Employed,77801,601,1,17,Graduate,Organic,2023-03-16
CUST004039,48,Female,Tier 3,Gandhidham,Self Employed,61822,593,1,24,Graduate,Organic,2023-10-29
CUST004040,36,Male,Tier 3,Sultan Pur Majra,Gig Worker,22345,570,0,17,Graduate,Organic,2022-03-16
CUST004041,19,Male,Tier 1,Pallavaram,Student,17705,507,0,0,Graduate,DSA Agent,2023-11-27
CUST004042,32,Male,Tier 1,Sonipat,Salaried,127788,728,0,2,Postgraduate,Organic,2023-02-15
CUST004043,34,Female,Tier 3,Uluberia,Gig Worker,12237,508,1,15,Graduate,Referral,2023-12-15
CUST004044,30,Male,Tier 1,Belgaum,Self Employed,31923,670,1,2,Postgraduate,DSA Agent,2022-02-03
CUST004045,32,Male,Tier 3,Dewas,Gig Worker,16917,518,0,17,Postgraduate,Social Media,2022-06-28
CUST004046,22,Male,Tier 3,Jalgaon,Gig Worker,19381,519,1,10,Graduate,Social Media,2022-06-14
CUST004047,26,Male,Tier 3,Thiruvananthapuram,Salaried,132812,705,0,25,Graduate,Organic,2023-12-02
CUST004048,29,Male,Tier 3,Jalna,Gig Worker,33930,627,0,13,Graduate,Organic,2023-11-06
CUST004049,19,Female,Tier 1,Raichur,Student,0,505,0,0,Postgraduate,Social Media,2023-06-22
CUST004050,43,Male,Tier 1,Pune,Salaried,66861,802,0,19,School,Referral,2023-11-21
CUST004051,53,Female,Tier 3,Gulbarga,Business Owner,192690,676,0,30,Graduate,Referral,2023-03-17
CUST004052,31,Male,Tier 2,Nizamabad,Self Employed,44720,642,1,37,Graduate,Organic,2023-01-05
CUST004053,21,Female,Tier 2,Anand,Student,0,550,0,0,School,Social Media,2022-07-30
CUST004054,26,Female,Tier 2,Saharsa,Gig Worker,13213,533,1,5,Graduate,Social Media,2022-02-06
CUST004055,46,Male,Tier 1,Unnao,Self Employed,96869,732,0,2,Graduate,Referral,2023-12-19
CUST004056,34,Female,Tier 1,Rourkela,Salaried,118506,810,0,29,Postgraduate,Organic,2022-02-27
CUST004057,25,Female,Tier 1,Mathura,Student,0,600,1,0,Graduate,Referral,2023-06-16
CUST004058,29,Female,Tier 1,Firozabad,Salaried,140185,768,0,25,Graduate,Social Media,2023-12-20
CUST004059,19,Male,Tier 3,Bhiwani,Student,0,506,0,0,Graduate,DSA Agent,2022-08-06
CUST004060,44,Other,Tier 2,Thane,Business Owner,100323,687,2,10,School,Organic,2023-11-30
CUST004061,35,Female,Tier 1,Berhampore,Salaried,90103,728,1,12,School,Organic,2023-02-26
CUST004062,33,Other,Tier 1,Thoothukudi,Salaried,44521,836,0,17,Professional,Referral,2023-03-14
CUST004063,47,Female,Tier 2,Bikaner,Self Employed,48965,591,0,14,Professional,Organic,2023-05-27
CUST004064,40,Male,Tier 2,Chapra,Salaried,143596,732,0,20,Postgraduate,Social Media,2022-01-26
CUST004065,24,Female,Tier 3,Barasat,Student,0,566,0,0,Postgraduate,DSA Agent,2022-05-20
CUST004066,29,Female,Tier 2,Kollam,Salaried,117990,812,1,21,School,Organic,2023-12-23
CUST004067,39,Other,Tier 2,Nadiad,Salaried,44553,819,0,20,Graduate,Social Media,2023-10-23
CUST004068,33,Male,Tier 1,Vadodara,Business Owner,140850,735,1,33,Graduate,Social Media,2022-09-02
CUST004069,30,Female,Tier 2,Gandhinagar,Self Employed,73472,634,0,26,School,Social Media,2022-01-13
CUST004070,18,Male,Tier 2,Ambarnath,Student,3531,484,0,0,School,Social Media,2022-06-10
CUST004071,38,Female,Tier 1,Vellore,Salaried,136232,817,1,29,Graduate,Organic,2023-04-01
CUST004072,45,Male,Tier 2,Mira-Bhayandar,Self Employed,76211,575,0,27,Professional,Referral,2022-04-22
CUST004073,37,Male,Tier 2,Bhilwara,Gig Worker,14837,674,0,4,Postgraduate,Referral,2023-08-08
CUST004074,30,Female,Tier 2,Unnao,Self Employed,45795,650,2,36,Graduate,Organic,2023-09-30
CUST004075,34,Male,Tier 2,Shimoga,Self Employed,31249,675,1,1,Postgraduate,Referral,2023-07-08
CUST004076,25,Female,Tier 2,Hospet,Gig Worker,34067,557,0,16,Graduate,Social Media,2023-09-30
CUST004077,23,Female,Tier 3,Imphal,Gig Worker,26916,622,1,4,Postgraduate,Organic,2022-11-06
CUST004078,33,Male,Tier 2,Lucknow,Salaried,111275,734,0,28,Graduate,Referral,2023-12-23
CUST004079,49,Male,Tier 2,Aligarh,Self Employed,84143,637,0,31,School,Social Media,2022-03-01
CUST004080,44,Female,Tier 1,Aurangabad,Salaried,89198,806,0,13,Professional,Organic,2022-08-21
CUST004081,48,Male,Tier 3,Dindigul,Self Employed,43531,673,1,36,Graduate,Organic,2022-05-07
CUST004082,29,Female,Tier 1,Jamnagar,Salaried,115398,754,0,30,School,Referral,2023-03-15
CUST004083,28,Other,Tier 2,Chandigarh,Self Employed,78487,578,1,3,Professional,DSA Agent,2022-07-06
CUST004084,46,Male,Tier 2,Bangalore,Self Employed,85025,704,0,36,Graduate,Organic,2023-03-17
CUST004085,39,Male,Tier 2,Mau,Salaried,142009,844,1,2,Graduate,Social Media,2023-10-11
CUST004086,33,Male,Tier 3,Bhatpara,Salaried,129864,724,0,20,Postgraduate,Social Media,2023-10-22
CUST004087,28,Female,Tier 1,Bathinda,Salaried,124080,790,0,11,Postgraduate,Social Media,2022-10-30
CUST004088,45,Male,Tier 3,Pudukkottai,Self Employed,76471,713,0,18,Graduate,Organic,2023-06-10
CUST004089,26,Male,Tier 2,Pimpri-Chinchwad,Student,4854,524,0,0,School,Social Media,2023-11-28
CUST004090,45,Female,Tier 2,Kollam,Salaried,82990,818,0,5,Graduate,Referral,2023-02-24
CUST004091,29,Female,Tier 2,Gaya,Self Employed,32191,719,1,32,Postgraduate,Social Media,2022-09-15
CUST004092,45,Male,Tier 2,Mysore,Salaried,88512,791,0,27,Graduate,Organic,2022-10-26
CUST004093,34,Male,Tier 3,Bhiwani,Gig Worker,31022,594,0,1,Graduate,Referral,2023-08-10
CUST004094,41,Other,Tier 2,Bhagalpur,Business Owner,78779,625,2,25,Postgraduate,Social Media,2023-07-29
CUST004095,28,Female,Tier 2,Vijayawada,Salaried,98571,725,0,14,Postgraduate,Organic,2022-04-19
CUST004096,37,Female,Tier 2,Pondicherry,Gig Worker,31504,542,0,18,Graduate,Social Media,2023-09-06
CUST004097,44,Female,Tier 1,Fatehpur,Salaried,79266,830,0,25,School,Organic,2023-06-20
CUST004098,45,Other,Tier 1,Shimla,Salaried,91678,835,0,7,School,Referral,2023-07-17
CUST004099,31,Female,Tier 1,Nandyal,Salaried,107026,829,0,5,Postgraduate,Organic,2022-03-02
CUST004100,39,Female,Tier 1,Guntakal,Salaried,68689,843,0,12,Postgraduate,Social Media,2023-01-24
CUST004101,39,Female,Tier 2,Mango,Self Employed,75978,699,0,4,Graduate,Referral,2023-08-03
CUST004102,29,Female,Tier 3,Guna,Gig Worker,23226,650,1,9,Graduate,Organic,2022-09-26
CUST004103,24,Male,Tier 2,Vijayawada,Gig Worker,22787,621,1,16,Graduate,Organic,2022-02-11
CUST004104,41,Male,Tier 1,Davanagere,Salaried,107445,801,0,30,School,Referral,2022-03-17
CUST004105,42,Female,Tier 3,Asansol,Salaried,72866,732,0,27,Postgraduate,Social Media,2022-12-06
CUST004106,44,Male,Tier 2,Amravati,Self Employed,35130,598,0,9,Graduate,Referral,2022-06-30
CUST004107,30,Female,Tier 2,Maheshtala,Business Owner,118478,752,1,17,Graduate,Referral,2023-10-14
CUST004108,31,Male,Tier 1,Pondicherry,Salaried,55992,844,0,9,Graduate,Social Media,2022-03-01
CUST004109,23,Female,Tier 1,Ujjain,Student,4340,417,0,0,Postgraduate,Social Media,2022-09-22
CUST004110,38,Male,Tier 2,Guntakal,Gig Worker,20599,531,0,6,School,Social Media,2023-04-16
CUST004111,30,Female,Tier 1,Ghaziabad,Gig Worker,27329,621,1,18,Graduate,Social Media,2023-08-21
CUST004112,38,Female,Tier 2,Guna,Gig Worker,14915,676,1,19,Professional,Organic,2023-04-22
CUST004113,43,Male,Tier 3,Bellary,Salaried,97479,778,0,26,Postgraduate,DSA Agent,2023-04-08
CUST004114,34,Female,Tier 1,Chandrapur,Salaried,134627,723,0,17,Graduate,Social Media,2022-11-05
CUST004115,48,Male,Tier 1,New Delhi,Self Employed,75028,623,0,23,Graduate,Organic,2023-08-24
CUST004116,37,Male,Tier 3,Chandrapur,Salaried,128480,730,0,6,Graduate,Referral,2022-09-11
CUST004117,46,Male,Tier 3,Nanded,Business Owner,172882,771,0,33,Graduate,Referral,2022-01-24
CUST004118,22,Male,Tier 3,Ghaziabad,Gig Worker,30054,633,2,8,Graduate,Referral,2023-05-08
CUST004119,26,Other,Tier 2,Kumbakonam,Salaried,98242,799,0,11,Postgraduate,Organic,2022-08-01
CUST004120,48,Male,Tier 2,Allahabad,Self Employed,95404,733,0,19,Postgraduate,Organic,2023-09-01
CUST004121,44,Female,Tier 1,Vijayawada,Salaried,58711,830,1,1,Graduate,Referral,2022-12-16
CUST004122,25,Male,Tier 1,Ahmedabad,Gig Worker,33334,654,1,11,Professional,Organic,2023-01-17
CUST004123,30,Female,Tier 3,Imphal,Self Employed,28493,631,0,16,Graduate,Referral,2022-06-27
CUST004124,53,Male,Tier 3,Medininagar,Business Owner,35460,770,0,28,Graduate,Referral,2022-10-04
CUST004125,39,Female,Tier 2,Jehanabad,Self Employed,37821,593,1,9,Graduate,Social Media,2023-03-06
CUST004126,39,Female,Tier 2,Imphal,Self Employed,64901,615,0,22,Postgraduate,Social Media,2022-10-19
CUST004127,33,Female,Tier 2,Secunderabad,Self Employed,55740,639,0,12,Graduate,Social Media,2022-12-02
CUST004128,44,Male,Tier 2,Uluberia,Business Owner,44162,647,0,28,Graduate,Social Media,2022-05-25
CUST004129,35,Female,Tier 2,Dewas,Salaried,103390,791,0,25,Graduate,Organic,2023-06-12
CUST004130,29,Male,Tier 1,Satara,Salaried,82687,755,0,7,School,DSA Agent,2023-04-01
CUST004131,30,Male,Tier 1,Ambattur,Salaried,102424,720,0,15,Graduate,Referral,2023-05-29
CUST004132,27,Male,Tier 1,Kalyan-Dombivli,Salaried,46032,789,0,9,Graduate,Organic,2022-10-23
CUST004133,37,Male,Tier 2,Alappuzha,Self Employed,83493,559,0,17,School,Organic,2022-03-08
CUST004134,49,Male,Tier 3,Surendranagar Dudhrej,Self Employed,42639,629,0,5,School,Social Media,2023-08-23
CUST004135,36,Female,Tier 2,Sambhal,Gig Worker,12090,632,1,4,Graduate,Social Media,2023-04-26
CUST004136,25,Male,Tier 1,Madhyamgram,Salaried,64838,844,0,10,School,DSA Agent,2022-08-18
CUST004137,33,Male,Tier 3,Jamnagar,Self Employed,52983,638,1,37,School,Organic,2023-09-12
CUST004138,27,Male,Tier 2,Kharagpur,Salaried,75135,782,0,25,School,Social Media,2022-07-11
CUST004139,41,Female,Tier 2,Nagpur,Self Employed,35432,658,0,8,Postgraduate,Organic,2023-07-08
CUST004140,33,Female,Tier 3,Ratlam,Gig Worker,24634,586,1,9,Postgraduate,Organic,2022-02-27
CUST004141,27,Male,Tier 2,Jalgaon,Salaried,66950,701,0,16,Postgraduate,Social Media,2022-03-05
CUST004142,28,Female,Tier 1,Ambarnath,Salaried,123023,788,0,13,Postgraduate,Organic,2022-07-28
CUST004143,31,Female,Tier 3,Raebareli,Salaried,102195,836,2,2,Graduate,Referral,2022-04-30
CUST004144,18,Male,Tier 2,Saharanpur,Student,7889,422,1,0,Graduate,Social Media,2022-10-23
CUST004145,53,Female,Tier 1,Bellary,Business Owner,40710,614,0,36,Postgraduate,Organic,2023-07-07
CUST004146,29,Female,Tier 3,Pune,Self Employed,25411,564,1,32,Postgraduate,Referral,2023-09-01
CUST004147,39,Female,Tier 3,Chittoor,Salaried,101096,799,0,25,Postgraduate,Referral,2023-05-08
CUST004148,38,Male,Tier 3,Gopalpur,Gig Worker,32941,525,1,18,Graduate,Social Media,2022-04-30
CUST004149,38,Male,Tier 3,Davanagere,Self Employed,32142,660,0,18,Graduate,Organic,2023-07-29
CUST004150,42,Male,Tier 2,Mehsana,Self Employed,95193,697,0,34,Graduate,Referral,2022-10-30
CUST004151,35,Female,Tier 1,Kozhikode,Salaried,73956,826,0,1,Graduate,Social Media,2022-09-03
CUST004152,42,Female,Tier 1,Jamalpur,Salaried,75379,743,0,22,School,Social Media,2022-10-08
CUST004153,35,Male,Tier 3,Ambattur,Self Employed,65659,698,0,20,Graduate,Organic,2022-03-24
CUST004154,33,Male,Tier 2,Morbi,Gig Worker,14452,541,1,0,School,Organic,2022-03-13
CUST004155,36,Female,Tier 1,Bhiwani,Salaried,113329,777,1,25,Graduate,Organic,2022-01-05
CUST004156,28,Female,Tier 2,Kozhikode,Salaried,135328,801,0,26,Graduate,Organic,2022-08-28
CUST004157,37,Female,Tier 2,Allahabad,Gig Worker,30366,678,0,8,Graduate,Social Media,2022-12-12
CUST004158,23,Female,Tier 2,Aligarh,Student,0,473,0,0,Professional,Social Media,2022-10-07
CUST004159,49,Female,Tier 3,North Dumdum,Business Owner,57562,612,1,2,Postgraduate,Referral,2023-08-15
CUST004160,34,Male,Tier 1,Narasaraopet,Gig Worker,19550,644,0,9,School,Social Media,2022-07-29
CUST004161,32,Male,Tier 3,Ajmer,Gig Worker,30070,570,0,17,Postgraduate,Organic,2022-03-21
CUST004162,35,Male,Tier 1,Kadapa,Salaried,91461,808,0,21,Graduate,Referral,2022-04-13
CUST004163,36,Female,Tier 3,Thrissur,Gig Worker,28466,501,0,10,Postgraduate,Organic,2022-03-09
CUST004164,37,Male,Tier 3,Pallavaram,Gig Worker,26275,503,1,10,Postgraduate,Social Media,2022-05-26
CUST004165,49,Female,Tier 3,Aizawl,Self Employed,51757,648,1,14,Graduate,Social Media,2022-12-01
CUST004166,27,Male,Tier 1,Sonipat,Gig Worker,28700,501,1,9,Postgraduate,Social Media,2022-12-15
CUST004167,30,Male,Tier 1,Tadipatri,Salaried,133620,775,1,17,Postgraduate,Organic,2023-03-09
CUST004168,43,Female,Tier 2,Pudukkottai,Salaried,92631,746,0,8,Graduate,Social Media,2023-03-07
CUST004169,42,Male,Tier 2,Khora ,Salaried,90299,707,0,19,School,Organic,2023-02-03
CUST004170,39,Male,Tier 1,Bettiah,Salaried,73882,847,1,20,Graduate,Organic,2022-11-13
CUST004171,27,Female,Tier 2,Mau,Salaried,109320,763,0,30,School,Social Media,2022-03-22
CUST004172,49,Male,Tier 3,Warangal,Business Owner,53721,755,2,32,Graduate,Organic,2022-01-21
CUST004173,32,Female,Tier 2,Buxar,Gig Worker,16211,511,2,12,Graduate,Organic,2022-03-11
CUST004174,36,Female,Tier 2,Rajkot,Gig Worker,32662,568,1,4,Graduate,Social Media,2022-10-02
CUST004175,22,Female,Tier 3,Amroha,Student,0,564,0,0,Graduate,Organic,2023-03-07
CUST004176,39,Female,Tier 2,Erode,Business Owner,157276,755,1,8,Graduate,Referral,2022-03-14
CUST004177,26,Male,Tier 2,Bhagalpur,Gig Worker,23896,624,1,19,Postgraduate,Social Media,2023-04-09
CUST004178,22,Female,Tier 1,Muzaffarpur,Student,0,447,0,0,Graduate,Referral,2023-04-10
CUST004179,41,Male,Tier 2,Fatehpur,Salaried,78193,781,0,24,Professional,DSA Agent,2023-09-02
CUST004180,25,Male,Tier 1,Miryalaguda,Salaried,41320,727,0,7,School,Social Media,2022-09-09
CUST004181,24,Male,Tier 2,Gangtok,Gig Worker,26534,646,0,0,Postgraduate,Referral,2023-11-02
CUST004182,40,Male,Tier 2,Jammu,Self Employed,48682,737,0,23,Graduate,Referral,2022-10-27
CUST004183,46,Female,Tier 2,Pondicherry,Self Employed,48443,739,0,17,Postgraduate,Organic,2022-01-10
CUST004184,26,Male,Tier 2,Guntakal,Salaried,70964,836,1,19,Graduate,DSA Agent,2022-08-15
CUST004185,43,Female,Tier 1,Kulti,Salaried,59789,744,0,1,Graduate,DSA Agent,2022-11-18
CUST004186,37,Male,Tier 3,Phusro,Self Employed,93150,689,1,3,Graduate,Organic,2022-10-29
CUST004187,33,Male,Tier 1,Surat,Salaried,127877,798,0,7,Graduate,Social Media,2023-08-29
CUST004188,23,Other,Tier 3,Sasaram,Gig Worker,26256,543,0,14,School,Organic,2022-03-07
CUST004189,36,Male,Tier 2,Yamunanagar,Self Employed,68683,633,0,23,Graduate,DSA Agent,2023-07-18
CUST004190,45,Female,Tier 3,Pondicherry,Self Employed,76559,621,0,33,School,Organic,2023-12-01
CUST004191,34,Male,Tier 2,Dehri,Self Employed,99965,680,0,24,Postgraduate,Social Media,2023-03-11
CUST004192,22,Male,Tier 3,Surendranagar Dudhrej,Student,0,577,0,0,Graduate,DSA Agent,2023-12-05
CUST004193,22,Female,Tier 2,Jabalpur,Gig Worker,18164,559,1,9,Graduate,Social Media,2022-07-08
CUST004194,30,Female,Tier 2,Pali,Self Employed,27886,659,0,26,Postgraduate,DSA Agent,2023-03-21
CUST004195,39,Male,Tier 2,Bally,Self Employed,36496,595,1,6,School,Social Media,2023-02-09
CUST004196,32,Male,Tier 1,Bharatpur,Salaried,129591,753,2,17,Graduate,DSA Agent,2022-05-12
CUST004197,36,Male,Tier 1,Bhalswa Jahangir Pur,Salaried,78007,735,0,2,Graduate,DSA Agent,2023-06-17
CUST004198,39,Female,Tier 1,Rajahmundry,Salaried,59365,785,0,1,Graduate,Organic,2022-10-23
CUST004199,36,Female,Tier 1,Khammam,Gig Worker,15964,543,0,3,Graduate,Social Media,2022-05-12
CUST004200,42,Female,Tier 2,Udupi,Self Employed,69967,608,0,19,Graduate,DSA Agent,2022-04-18
CUST004201,21,Male,Tier 3,Kishanganj,Student,0,471,0,0,Graduate,Referral,2022-07-28
CUST004202,31,Female,Tier 1,Darbhanga,Salaried,139084,838,0,21,School,Organic,2022-08-22
CUST004203,45,Female,Tier 2,Shivpuri,Salaried,83161,793,0,22,Graduate,DSA Agent,2022-07-28
CUST004204,40,Female,Tier 2,Mahbubnagar,Business Owner,130849,689,0,28,Professional,Organic,2023-01-19
CUST004205,40,Female,Tier 2,Maheshtala,Salaried,120294,706,0,20,Postgraduate,DSA Agent,2022-04-24
CUST004206,23,Female,Tier 3,Sagar,Gig Worker,22764,511,1,11,School,Organic,2022-02-19
CUST004207,27,Male,Tier 2,Jammu,Gig Worker,15389,658,0,12,Graduate,DSA Agent,2022-05-10
CUST004208,33,Female,Tier 3,Kulti,Gig Worker,26615,591,2,3,Graduate,Organic,2022-12-04
CUST004209,31,Female,Tier 1,Bhusawal,Salaried,57721,822,1,13,School,Organic,2022-08-03
CUST004210,44,Male,Tier 1,Bihar Sharif,Salaried,75779,799,0,13,Graduate,Social Media,2022-11-24
CUST004211,45,Male,Tier 2,Kurnool,Salaried,143611,805,0,5,Professional,Organic,2022-08-21
CUST004212,37,Female,Tier 2,Sagar,Gig Worker,12178,513,0,10,Graduate,Social Media,2023-01-12
CUST004213,35,Male,Tier 2,Bhopal,Gig Worker,34561,547,0,16,Postgraduate,Organic,2023-08-31
CUST004214,36,Female,Tier 1,Vijayawada,Salaried,76754,804,0,3,School,Social Media,2022-03-01
CUST004215,49,Male,Tier 2,Kirari Suleman Nagar,Self Employed,34188,658,1,33,School,Social Media,2022-10-08
CUST004216,24,Male,Tier 2,Amroha,Student,0,437,0,0,Graduate,Organic,2022-07-15
CUST004217,41,Male,Tier 1,Miryalaguda,Salaried,140196,746,0,30,Graduate,Organic,2022-07-11
CUST004218,25,Male,Tier 1,Hindupur,Gig Worker,33605,554,1,1,Postgraduate,Referral,2023-07-14
CUST004219,48,Male,Tier 3,Satara,Self Employed,32232,688,0,36,School,Organic,2023-05-01
CUST004220,35,Female,Tier 1,Panipat,Salaried,68005,798,0,13,Graduate,Social Media,2023-01-21
CUST004221,28,Female,Tier 2,Bally,Salaried,100211,839,0,12,Graduate,Organic,2023-04-07
CUST004222,40,Other,Tier 2,Medininagar,Self Employed,80733,669,0,28,Graduate,Social Media,2023-04-24
CUST004223,26,Male,Tier 1,Anantapuram,Student,0,531,0,0,School,Referral,2022-06-01
CUST004224,21,Female,Tier 2,Dharmavaram,Student,0,489,1,0,Graduate,DSA Agent,2022-12-22
CUST004225,29,Female,Tier 3,North Dumdum,Gig Worker,22119,660,0,3,Graduate,Organic,2022-03-25
CUST004226,33,Female,Tier 1,Amravati,Self Employed,52815,685,0,9,Graduate,Organic,2022-04-16
CUST004227,33,Female,Tier 3,Khammam,Gig Worker,26306,559,0,16,School,Organic,2022-08-25
CUST004228,35,Male,Tier 2,Arrah,Self Employed,32137,604,0,13,Graduate,DSA Agent,2022-01-06
CUST004229,35,Male,Tier 2,Satna,Gig Worker,29950,600,1,6,Graduate,DSA Agent,2022-11-04
CUST004230,43,Male,Tier 2,Jamalpur,Salaried,131573,769,0,19,Graduate,Organic,2022-09-16
CUST004231,41,Male,Tier 2,Raebareli,Self Employed,87478,708,0,12,Graduate,Social Media,2023-10-16
CUST004232,34,Female,Tier 1,Tenali,Gig Worker,23093,614,0,11,Graduate,Referral,2023-04-27
CUST004233,26,Male,Tier 3,Khammam,Gig Worker,12259,519,0,12,Postgraduate,Social Media,2022-10-23
CUST004234,47,Female,Tier 2,Ichalkaranji,Business Owner,46221,630,0,29,Graduate,DSA Agent,2023-09-17
CUST004235,26,Female,Tier 2,Buxar,Salaried,90594,748,0,12,School,Referral,2023-11-01
CUST004236,26,Other,Tier 1,Sasaram,Salaried,107506,817,0,17,Graduate,Social Media,2022-09-13
CUST004237,41,Female,Tier 2,Mira-Bhayandar,Salaried,44227,780,0,10,School,DSA Agent,2022-12-08
CUST004238,30,Male,Tier 3,Rajkot,Self Employed,30323,591,0,38,Graduate,Referral,2022-09-17
CUST004239,43,Female,Tier 3,Kolhapur,Self Employed,74313,734,0,33,Graduate,Referral,2022-12-01
CUST004240,33,Male,Tier 1,Kota,Salaried,86770,836,0,20,Graduate,DSA Agent,2023-09-26
CUST004241,45,Female,Tier 2,Noida,Self Employed,30174,661,1,6,Graduate,Social Media,2023-10-02
CUST004242,33,Female,Tier 2,Karimnagar,Gig Worker,23374,504,0,7,Graduate,Organic,2023-10-30
CUST004243,44,Female,Tier 1,Sonipat,Self Employed,23874,609,0,25,Graduate,DSA Agent,2023-05-21
CUST004244,31,Male,Tier 3,Haridwar,Gig Worker,21584,633,0,3,Professional,DSA Agent,2023-04-07
CUST004245,34,Female,Tier 3,Coimbatore,Gig Worker,33760,516,0,4,Postgraduate,DSA Agent,2022-04-16
CUST004246,31,Male,Tier 3,Rewa,Business Owner,54433,733,2,9,Graduate,Social Media,2022-08-22
CUST004247,25,Male,Tier 1,Loni,Salaried,94502,755,0,9,Postgraduate,Organic,2022-09-07
CUST004248,34,Female,Tier 2,Tenali,Salaried,116989,820,0,1,Graduate,Organic,2023-04-14
CUST004249,30,Male,Tier 3,Motihari,Gig Worker,21353,680,1,17,Professional,Social Media,2023-06-25
CUST004250,35,Other,Tier 1,Dhule,Business Owner,120854,726,2,29,School,Referral,2022-06-06
CUST004251,32,Male,Tier 3,Kozhikode,Gig Worker,27786,511,1,7,Graduate,Social Media,2023-01-08
CUST004252,39,Female,Tier 2,Bhilwara,Salaried,90657,820,0,5,Graduate,Social Media,2022-09-02
CUST004253,45,Male,Tier 1,Mathura,Salaried,59519,717,1,6,Graduate,DSA Agent,2022-05-18
CUST004254,26,Female,Tier 2,Proddatur,Gig Worker,26595,506,1,8,Graduate,Social Media,2022-11-06
CUST004255,39,Female,Tier 1,Faridabad,Salaried,46777,726,1,12,Graduate,Social Media,2022-09-05
CUST004256,45,Female,Tier 2,Nangloi Jat,Self Employed,25142,575,0,34,Postgraduate,Referral,2022-08-15
CUST004257,45,Male,Tier 3,Kalyan-Dombivli,Business Owner,98101,792,0,5,School,Referral,2023-07-25
CUST004258,34,Female,Tier 2,Muzaffarpur,Gig Worker,29959,673,0,19,Postgraduate,Social Media,2023-06-24
CUST004259,31,Male,Tier 2,Durgapur,Gig Worker,24601,615,1,2,Graduate,Social Media,2023-05-07
CUST004260,36,Male,Tier 1,North Dumdum,Gig Worker,12568,662,2,19,Graduate,Social Media,2023-01-17
CUST004261,45,Male,Tier 2,Tenali,Salaried,51851,802,1,26,Graduate,Social Media,2023-03-24
CUST004262,19,Female,Tier 2,Sasaram,Student,0,575,0,0,Graduate,Organic,2023-08-31
CUST004263,33,Male,Tier 3,Kumbakonam,Gig Worker,21321,595,0,7,School,Social Media,2022-07-08
CUST004264,25,Female,Tier 1,Vijayanagaram,Gig Worker,26988,627,0,9,Graduate,Organic,2022-09-11
CUST004265,37,Female,Tier 2,Thane,Self Employed,24889,700,0,12,School,DSA Agent,2022-10-20
CUST004266,26,Male,Tier 3,Giridih,Gig Worker,27923,622,0,11,School,Social Media,2022-08-06
CUST004267,44,Female,Tier 3,Dhule,Self Employed,69425,591,1,20,Graduate,Referral,2023-09-27
CUST004268,26,Male,Tier 2,Ballia,Salaried,128272,758,0,4,Graduate,Organic,2023-09-03
CUST004269,19,Female,Tier 2,Chennai,Student,15526,566,0,0,Graduate,Social Media,2022-11-02
CUST004270,53,Male,Tier 1,Jodhpur,Business Owner,89664,730,2,33,Graduate,Organic,2022-10-11
CUST004271,43,Female,Tier 1,Danapur,Self Employed,29183,651,0,20,Graduate,Social Media,2022-03-30
CUST004272,36,Male,Tier 3,Sikar,Business Owner,133219,607,2,35,Graduate,Referral,2023-12-25
CUST004273,38,Male,Tier 2,Saharanpur,Salaried,108282,840,0,19,School,DSA Agent,2023-03-14
CUST004274,29,Male,Tier 3,Ichalkaranji,Gig Worker,19997,528,0,6,Graduate,DSA Agent,2022-06-05
CUST004275,48,Male,Tier 2,Miryalaguda,Self Employed,30722,611,0,37,Graduate,Organic,2023-04-05
CUST004276,26,Male,Tier 2,Sasaram,Gig Worker,12764,516,1,16,Graduate,Social Media,2023-02-28
CUST004277,22,Male,Tier 1,Kozhikode,Gig Worker,28184,656,0,1,Graduate,Referral,2022-05-20
CUST004278,28,Female,Tier 1,Narasaraopet,Salaried,105412,739,0,15,Graduate,Organic,2023-06-14
CUST004279,42,Female,Tier 2,Thanjavur,Salaried,54348,842,0,4,Graduate,Organic,2023-08-20
CUST004280,31,Female,Tier 1,Khammam,Gig Worker,31827,617,0,11,Graduate,DSA Agent,2023-03-04
CUST004281,33,Female,Tier 2,Singrauli,Salaried,124452,783,0,26,Graduate,Social Media,2022-01-21
CUST004282,29,Female,Tier 2,Baranagar,Self Employed,49510,722,1,31,Postgraduate,Social Media,2023-07-19
CUST004283,26,Female,Tier 2,Bhopal,Salaried,121710,743,0,18,School,Organic,2022-12-25
CUST004284,26,Female,Tier 1,Madanapalle,Salaried,87613,793,0,4,Graduate,Social Media,2023-07-05
CUST004285,30,Male,Tier 2,Kurnool,Gig Worker,34488,640,2,16,Graduate,DSA Agent,2022-06-12
CUST004286,22,Female,Tier 2,Gorakhpur,Gig Worker,23793,563,0,8,School,Organic,2022-12-07
CUST004287,19,Male,Tier 2,Munger,Student,0,528,0,0,Graduate,Social Media,2023-09-12
CUST004288,24,Female,Tier 2,Tiruppur,Gig Worker,19214,578,0,0,Graduate,Social Media,2022-08-15
CUST004289,42,Female,Tier 1,Jehanabad,Salaried,51584,838,1,11,Postgraduate,Organic,2023-10-08
CUST004290,24,Male,Tier 1,Kakinada,Student,0,437,0,0,School,Referral,2023-06-23
CUST004291,34,Female,Tier 2,Karimnagar,Gig Worker,23880,644,0,13,Postgraduate,Referral,2022-02-23
CUST004292,41,Male,Tier 1,Meerut,Salaried,46839,722,1,12,Graduate,DSA Agent,2023-09-29
CUST004293,27,Male,Tier 3,Tezpur,Gig Worker,29476,581,0,0,Graduate,Social Media,2023-10-21
CUST004294,52,Male,Tier 2,Bellary,Business Owner,182043,682,0,39,Graduate,Social Media,2023-09-11
CUST004295,27,Female,Tier 2,Tirupati,Gig Worker,12467,530,4,12,School,Social Media,2023-09-10
CUST004296,33,Female,Tier 1,Thrissur,Salaried,63409,793,0,27,School,Social Media,2022-11-14
CUST004297,32,Female,Tier 1,Thoothukudi,Salaried,112829,817,0,28,Postgraduate,Organic,2023-06-07
CUST004298,26,Male,Tier 2,Panchkula,Salaried,128974,755,0,24,School,Organic,2023-01-23
CUST004299,26,Female,Tier 2,Khammam,Gig Worker,13158,608,2,5,Graduate,Organic,2022-04-19
CUST004300,38,Female,Tier 3,Katni,Gig Worker,19906,511,0,19,Postgraduate,DSA Agent,2023-05-07
CUST004301,26,Male,Tier 1,Pallavaram,Salaried,85380,754,0,27,School,Organic,2022-08-24
CUST004302,48,Female,Tier 2,Kishanganj,Business Owner,124523,788,0,7,Graduate,Social Media,2022-07-07
CUST004303,47,Male,Tier 3,Kulti,Self Employed,82784,633,0,24,Graduate,Organic,2022-07-16
CUST004304,24,Male,Tier 2,Tadepalligudem,Gig Worker,26126,675,0,9,Graduate,Social Media,2023-05-27
CUST004305,21,Male,Tier 1,Mumbai,Student,0,438,1,0,School,Social Media,2022-04-30
CUST004306,29,Female,Tier 2,Udupi,Salaried,128261,776,0,12,Graduate,Organic,2023-07-10
CUST004307,26,Male,Tier 2,Hyderabad,Gig Worker,18553,600,0,14,School,DSA Agent,2022-11-25
CUST004308,31,Male,Tier 3,Mumbai,Self Employed,41444,676,2,14,School,Social Media,2023-09-05
CUST004309,21,Male,Tier 1,Raiganj,Student,0,408,0,0,Graduate,Organic,2022-10-20
CUST004310,38,Male,Tier 3,Tezpur,Self Employed,97518,727,0,16,Graduate,Referral,2022-02-27
CUST004311,36,Male,Tier 1,Jalandhar,Salaried,124449,833,0,12,School,Organic,2022-12-15
CUST004312,41,Male,Tier 1,Arrah,Business Owner,103687,648,0,20,Postgraduate,DSA Agent,2023-04-10
CUST004313,40,Female,Tier 1,Jhansi,Salaried,81540,819,0,7,Graduate,Social Media,2023-01-08
CUST004314,18,Male,Tier 1,Serampore,Student,0,453,0,0,Postgraduate,Organic,2023-03-29
CUST004315,47,Female,Tier 2,Parbhani,Business Owner,109176,764,1,34,School,Organic,2022-11-08
CUST004316,38,Female,Tier 2,Lucknow,Salaried,57544,717,1,6,Graduate,Organic,2023-02-20
CUST004317,34,Male,Tier 3,Visakhapatnam,Self Employed,88722,747,0,3,Postgraduate,Organic,2023-01-29
CUST004318,44,Male,Tier 1,Barasat,Salaried,92369,719,0,29,Graduate,Organic,2023-12-19
CUST004319,24,Female,Tier 3,Firozabad,Gig Worker,18252,577,0,16,Postgraduate,Social Media,2023-12-16
CUST004320,34,Male,Tier 3,Kurnool,Gig Worker,33218,548,0,12,School,Referral,2023-11-07
CUST004321,36,Male,Tier 3,Ludhiana,Gig Worker,23635,509,0,11,School,Social Media,2023-06-22
CUST004322,39,Male,Tier 2,Akola,Business Owner,156041,748,0,2,School,Social Media,2022-11-21
CUST004323,44,Female,Tier 3,Gorakhpur,Self Employed,76837,660,0,18,Graduate,Organic,2023-02-27
CUST004324,38,Female,Tier 2,Noida,Gig Worker,18026,568,0,7,Professional,Organic,2022-01-29
CUST004325,21,Other,Tier 1,Adoni,Student,0,531,0,0,Graduate,DSA Agent,2023-09-07
CUST004326,36,Female,Tier 3,Gopalpur,Business Owner,195074,682,0,20,Postgraduate,Social Media,2022-10-07
CUST004327,26,Male,Tier 1,Phusro,Salaried,136550,758,0,8,Postgraduate,Referral,2023-06-29
CUST004328,33,Male,Tier 2,Rajkot,Business Owner,168523,674,1,29,Postgraduate,DSA Agent,2023-11-27
CUST004329,32,Male,Tier 1,Thrissur,Salaried,86679,752,0,27,Graduate,Organic,2023-09-23
CUST004330,23,Male,Tier 1,Sikar,Student,15934,511,0,0,Graduate,Organic,2023-02-22
CUST004331,28,Male,Tier 2,Ludhiana,Salaried,81006,736,0,15,School,Social Media,2023-04-07
CUST004332,44,Male,Tier 3,Mehsana,Salaried,97642,760,0,6,Graduate,Organic,2023-05-11
CUST004333,36,Male,Tier 2,Kirari Suleman Nagar,Gig Worker,31871,568,0,0,Postgraduate,Organic,2023-12-12
CUST004334,46,Male,Tier 3,Akola,Self Employed,76262,693,0,29,Graduate,DSA Agent,2022-03-08
CUST004335,26,Male,Tier 1,Gangtok,Gig Worker,18419,521,0,9,School,Organic,2022-03-26
CUST004336,33,Other,Tier 2,Rajkot,Salaried,40863,836,1,23,Postgraduate,Organic,2023-08-21
CUST004337,35,Female,Tier 3,Ichalkaranji,Gig Worker,29592,658,1,10,School,Social Media,2022-07-12
CUST004338,46,Other,Tier 1,Panihati,Business Owner,90713,673,1,38,School,Referral,2023-05-26
CUST004339,32,Male,Tier 2,Nagpur,Gig Worker,17776,675,1,1,Graduate,Organic,2023-06-01
CUST004340,44,Male,Tier 2,Maheshtala,Salaried,126666,826,1,25,School,Social Media,2022-10-03
CUST004341,35,Male,Tier 2,Sultan Pur Majra,Gig Worker,16257,594,0,4,Postgraduate,Organic,2022-05-10
CUST004342,43,Male,Tier 1,Varanasi,Salaried,63109,845,1,8,Postgraduate,Referral,2023-05-18
CUST004343,19,Male,Tier 1,Karaikudi,Student,0,488,1,0,School,Social Media,2023-04-21
CUST004344,21,Female,Tier 3,Ahmednagar,Student,0,592,0,0,Graduate,Social Media,2022-02-04
CUST004345,28,Other,Tier 3,Baranagar,Gig Worker,16119,582,1,5,Graduate,Referral,2023-03-14
CUST004346,24,Male,Tier 3,Hubli–Dharwad,Gig Worker,32734,620,0,12,Graduate,DSA Agent,2023-05-17
CUST004347,33,Male,Tier 3,Sirsa,Self Employed,50514,568,0,10,Graduate,Organic,2023-06-11
CUST004348,31,Male,Tier 3,Tinsukia,Gig Worker,25231,668,0,16,Graduate,Referral,2023-05-18
CUST004349,24,Male,Tier 3,Dindigul,Student,0,492,0,0,Graduate,Social Media,2022-11-07
CUST004350,37,Male,Tier 3,Suryapet,Self Employed,96471,625,2,14,Graduate,Social Media,2023-08-08
CUST004351,48,Male,Tier 2,Pondicherry,Self Employed,28238,707,0,12,Professional,DSA Agent,2022-09-15
CUST004352,32,Male,Tier 2,Vellore,Gig Worker,29435,676,1,14,Graduate,Social Media,2023-09-11
CUST004353,27,Male,Tier 2,Amaravati,Gig Worker,20245,582,0,0,Postgraduate,DSA Agent,2022-12-01
CUST004354,46,Male,Tier 2,Serampore,Business Owner,167438,696,0,37,Postgraduate,Social Media,2022-03-24
CUST004355,26,Male,Tier 3,Sri Ganganagar,Gig Worker,29987,555,0,1,Graduate,Organic,2022-01-09
CUST004356,31,Male,Tier 2,Siliguri,Self Employed,26910,707,0,13,Graduate,DSA Agent,2022-03-18
CUST004357,26,Other,Tier 2,Hosur,Salaried,114783,786,0,29,Postgraduate,Organic,2022-07-20
CUST004358,28,Male,Tier 2,Karimnagar,Self Employed,51832,703,0,18,Graduate,Social Media,2022-06-22
CUST004359,34,Female,Tier 2,Chandigarh,Gig Worker,12417,532,1,12,School,Organic,2023-02-01
CUST004360,40,Female,Tier 3,Durgapur,Salaried,43425,708,1,8,Graduate,Organic,2023-08-04
CUST004361,35,Female,Tier 2,Secunderabad,Salaried,85794,768,0,24,School,Organic,2023-02-07
CUST004362,34,Female,Tier 2,Hospet,Self Employed,35717,623,0,11,Graduate,DSA Agent,2023-03-10
CUST004363,48,Female,Tier 3,Kalyan-Dombivli,Self Employed,32433,677,0,20,Graduate,Social Media,2023-03-27
CUST004364,33,Female,Tier 2,Guna,Gig Worker,16985,502,0,11,Graduate,Organic,2023-06-19
CUST004365,32,Male,Tier 2,Khora ,Salaried,103103,819,1,8,Graduate,Social Media,2023-03-23
CUST004366,43,Male,Tier 3,Panvel,Self Employed,44931,581,0,6,School,Referral,2022-06-21
CUST004367,36,Other,Tier 2,Chapra,Salaried,51201,715,1,21,Postgraduate,Social Media,2022-12-13
CUST004368,26,Female,Tier 2,Tiruppur,Gig Worker,16359,632,0,8,Graduate,Organic,2022-10-18
CUST004369,27,Other,Tier 1,Jodhpur,Salaried,87930,708,0,20,Postgraduate,DSA Agent,2022-10-31
CUST004370,37,Female,Tier 2,Gorakhpur,Salaried,58221,822,1,18,School,Social Media,2022-12-26
CUST004371,26,Female,Tier 2,Saharsa,Salaried,142675,811,0,28,Postgraduate,Organic,2023-08-23
CUST004372,30,Female,Tier 3,Ramgarh,Gig Worker,17267,650,0,17,Graduate,Referral,2023-06-12
CUST004373,37,Female,Tier 2,Rohtak,Salaried,97928,742,0,30,School,Social Media,2023-04-03
CUST004374,25,Female,Tier 2,Ambattur,Gig Worker,34759,600,0,2,Graduate,Organic,2023-06-21
CUST004375,36,Female,Tier 3,Unnao,Gig Worker,21260,599,0,0,School,Referral,2023-01-24
CUST004376,24,Female,Tier 2,Anantapur,Gig Worker,23336,649,1,4,Graduate,Social Media,2022-04-28
CUST004377,28,Female,Tier 2,Motihari,Gig Worker,33040,608,0,10,Graduate,DSA Agent,2022-09-25
CUST004378,26,Female,Tier 2,Nagaon,Student,0,562,0,0,Graduate,Organic,2022-01-20
CUST004379,32,Male,Tier 2,Muzaffarnagar,Salaried,92437,834,0,7,Graduate,Social Media,2023-01-10
CUST004380,35,Male,Tier 3,Vellore,Gig Worker,20249,671,0,9,Graduate,Social Media,2022-03-23
CUST004381,39,Female,Tier 2,Kamarhati,Salaried,67272,705,0,19,Graduate,Organic,2022-08-18
CUST004382,45,Female,Tier 2,Bhatpara,Salaried,116947,763,0,20,Postgraduate,Social Media,2022-11-20
CUST004383,35,Male,Tier 2,Mumbai,Gig Worker,23398,617,0,7,Postgraduate,Referral,2023-12-17
CUST004384,30,Male,Tier 3,Shimla,Gig Worker,15939,565,0,0,School,Social Media,2022-03-08
CUST004385,19,Female,Tier 2,Madurai,Student,12079,487,0,0,Graduate,Organic,2022-04-01
CUST004386,24,Female,Tier 2,New Delhi,Gig Worker,24837,509,2,6,School,DSA Agent,2023-10-08
CUST004387,33,Female,Tier 2,Avadi,Business Owner,79927,744,1,14,Graduate,Referral,2023-07-22
CUST004388,33,Female,Tier 1,Hosur,Salaried,111297,826,0,20,Graduate,Social Media,2022-04-21
CUST004389,35,Male,Tier 1,Jhansi,Salaried,68382,715,0,13,Postgraduate,Organic,2022-09-28
CUST004390,45,Male,Tier 3,Pune,Salaried,63665,764,0,26,Graduate,Organic,2022-08-31
CUST004391,27,Male,Tier 2,Sagar,Salaried,40037,847,0,25,Postgraduate,Organic,2022-09-24
CUST004392,30,Female,Tier 2,Dhule,Gig Worker,25138,590,1,9,Graduate,DSA Agent,2022-12-20
CUST004393,44,Male,Tier 2,Madurai,Self Employed,57121,630,1,7,Postgraduate,Organic,2023-09-02
CUST004394,31,Female,Tier 3,Nizamabad,Salaried,120922,700,0,22,Graduate,Referral,2022-06-10
CUST004395,50,Female,Tier 2,Kochi,Business Owner,89471,659,0,37,Graduate,Social Media,2023-02-09
CUST004396,25,Female,Tier 3,Secunderabad,Student,0,468,0,0,Postgraduate,Organic,2023-01-11
CUST004397,38,Female,Tier 2,Hyderabad,Salaried,128938,797,0,25,Graduate,Referral,2022-09-28
CUST004398,39,Male,Tier 2,Tiruvottiyur,Salaried,146901,726,1,1,School,Social Media,2023-01-05
CUST004399,33,Female,Tier 1,Dindigul,Salaried,49742,808,0,25,Graduate,Social Media,2022-03-17
CUST004400,44,Male,Tier 1,Avadi,Salaried,63980,711,0,4,School,Organic,2022-12-07
CUST004401,35,Male,Tier 2,Udupi,Salaried,119077,795,1,26,Postgraduate,DSA Agent,2023-07-15
CUST004402,25,Male,Tier 3,Srikakulam,Gig Worker,19041,545,2,10,Postgraduate,Social Media,2023-06-26
CUST004403,31,Male,Tier 1,Pallavaram,Salaried,71932,842,0,9,Postgraduate,Social Media,2022-12-18
CUST004404,38,Female,Tier 3,Panchkula,Gig Worker,14397,678,3,1,School,Social Media,2022-09-05
CUST004405,34,Female,Tier 2,Etawah,Business Owner,194317,663,0,23,School,Referral,2022-02-22
CUST004406,32,Male,Tier 2,Rohtak,Self Employed,96698,596,0,27,Postgraduate,Referral,2022-08-22
CUST004407,30,Male,Tier 2,Yamunanagar,Business Owner,138494,720,0,39,Graduate,Social Media,2022-02-04
CUST004408,36,Female,Tier 2,Bhusawal,Salaried,73123,710,0,5,Postgraduate,Social Media,2023-09-22
CUST004409,27,Female,Tier 3,Pallavaram,Gig Worker,19940,519,1,12,Postgraduate,Organic,2023-07-07
CUST004410,37,Male,Tier 2,Nadiad,Gig Worker,12388,665,0,16,Postgraduate,Social Media,2022-03-31
CUST004411,43,Female,Tier 2,Morbi,Salaried,70363,820,1,28,Graduate,Social Media,2022-01-18
CUST004412,42,Female,Tier 1,Fatehpur,Salaried,42204,767,1,18,Graduate,Referral,2023-10-22
CUST004413,49,Female,Tier 3,Tinsukia,Self Employed,97498,611,0,17,Postgraduate,DSA Agent,2022-09-24
CUST004414,50,Male,Tier 2,Gwalior,Self Employed,86450,706,2,22,Graduate,Organic,2023-05-19
CUST004415,34,Female,Tier 2,Bareilly,Gig Worker,24039,509,1,2,Graduate,Social Media,2022-03-26
CUST004416,28,Female,Tier 3,Nadiad,Gig Worker,13222,595,0,16,Graduate,Social Media,2023-06-10
CUST004417,24,Female,Tier 2,New Delhi,Gig Worker,31378,654,0,17,Graduate,Referral,2023-09-14
CUST004418,37,Female,Tier 2,Visakhapatnam,Salaried,119899,718,0,11,Postgraduate,Referral,2022-05-08
CUST004419,35,Other,Tier 1,Tirupati,Salaried,81614,735,0,26,School,Referral,2023-12-24
CUST004420,25,Male,Tier 1,Thrissur,Salaried,54306,741,1,27,School,Organic,2023-07-30
CUST004421,30,Female,Tier 1,Bareilly,Salaried,54509,729,0,27,Graduate,Referral,2022-07-09
CUST004422,48,Female,Tier 2,Warangal,Business Owner,66052,687,1,23,Graduate,Social Media,2023-02-05
CUST004423,27,Female,Tier 3,Guna,Gig Worker,17613,596,0,4,Postgraduate,DSA Agent,2022-05-16
CUST004424,37,Male,Tier 2,Coimbatore,Self Employed,93337,635,0,33,Graduate,DSA Agent,2023-03-05
CUST004425,45,Male,Tier 2,Madhyamgram,Salaried,115709,711,1,30,Postgraduate,Social Media,2022-05-05
CUST004426,24,Female,Tier 2,Buxar,Gig Worker,28764,510,2,10,Graduate,DSA Agent,2022-09-15
CUST004427,26,Female,Tier 1,Jorhat,Salaried,105039,783,0,10,Postgraduate,Organic,2023-03-11
CUST004428,37,Male,Tier 1,Nizamabad,Salaried,60936,799,0,26,Graduate,DSA Agent,2022-11-28
CUST004429,37,Female,Tier 1,Hazaribagh,Salaried,99988,738,0,5,Postgraduate,DSA Agent,2022-12-25
CUST004430,34,Male,Tier 3,Akola,Self Employed,46104,580,2,15,School,DSA Agent,2022-06-30
CUST004431,40,Other,Tier 1,Durg,Self Employed,95729,564,0,24,Graduate,Referral,2023-09-12
CUST004432,33,Female,Tier 3,Thane,Gig Worker,20434,647,1,4,Postgraduate,Organic,2022-11-11
CUST004433,26,Male,Tier 3,Ghaziabad,Gig Worker,18246,590,3,1,School,DSA Agent,2023-05-05
CUST004434,51,Female,Tier 1,Purnia,Business Owner,194608,762,0,27,Graduate,Social Media,2022-05-24
CUST004435,43,Female,Tier 1,Bhatpara,Salaried,125104,720,1,16,Postgraduate,Social Media,2022-05-25
CUST004436,33,Male,Tier 2,Davanagere,Salaried,82310,809,0,8,Graduate,Organic,2023-05-13
CUST004437,43,Female,Tier 1,Shivpuri,Salaried,95555,839,0,3,School,Social Media,2023-05-26
CUST004438,34,Male,Tier 2,Kolkata,Self Employed,49083,586,2,9,Graduate,Organic,2022-12-02
CUST004439,55,Female,Tier 1,Belgaum,Business Owner,198829,681,0,15,Graduate,Social Media,2022-11-04
CUST004440,25,Male,Tier 2,Varanasi,Salaried,72281,759,0,20,Graduate,Organic,2022-01-23
CUST004441,23,Male,Tier 2,South Dumdum,Student,0,568,0,0,Graduate,Social Media,2023-07-27
CUST004442,25,Male,Tier 1,Mau,Student,5372,471,1,0,Graduate,Organic,2023-04-22
CUST004443,32,Male,Tier 1,Berhampur,Salaried,146537,719,0,16,School,DSA Agent,2023-11-17
CUST004444,38,Female,Tier 1,Bhiwandi,Gig Worker,12606,592,2,16,School,Referral,2022-06-03
CUST004445,31,Male,Tier 3,Dehradun,Gig Worker,24184,525,1,4,Postgraduate,DSA Agent,2022-12-16
CUST004446,52,Male,Tier 1,Mira-Bhayandar,Business Owner,149097,695,0,28,Graduate,Organic,2023-04-05
CUST004447,38,Female,Tier 2,Bahraich,Salaried,94472,746,0,7,School,Referral,2022-11-30
CUST004448,42,Female,Tier 2,Ambarnath,Self Employed,41511,551,0,18,School,Organic,2022-10-30
CUST004449,40,Female,Tier 1,Jaipur,Salaried,128545,741,0,6,School,Referral,2022-01-04
CUST004450,44,Female,Tier 1,Tinsukia,Self Employed,87632,733,0,6,School,DSA Agent,2023-07-02
CUST004451,28,Female,Tier 2,Gurgaon,Gig Worker,30249,529,1,18,School,Organic,2022-06-16
CUST004452,25,Male,Tier 2,Visakhapatnam,Gig Worker,33811,661,0,11,Postgraduate,DSA Agent,2022-06-09
CUST004453,19,Male,Tier 3,Junagadh,Student,0,446,0,0,Graduate,Social Media,2022-08-05
CUST004454,18,Other,Tier 2,Jabalpur,Student,0,493,0,0,Graduate,Social Media,2023-08-08
CUST004455,24,Male,Tier 2,Chandigarh,Student,0,463,0,0,Graduate,Referral,2023-07-01
CUST004456,28,Male,Tier 3,Secunderabad,Salaried,71501,767,0,14,Graduate,DSA Agent,2023-09-21
CUST004457,50,Male,Tier 2,Rewa,Self Employed,50412,694,2,28,Graduate,Referral,2023-09-11
CUST004458,42,Male,Tier 1,Durgapur,Salaried,130551,764,0,23,Graduate,Social Media,2022-02-18
CUST004459,31,Female,Tier 2,Nagpur,Gig Worker,33858,606,1,15,Graduate,Organic,2023-03-25
CUST004460,28,Female,Tier 2,Chandigarh,Gig Worker,16237,573,1,15,Graduate,Organic,2022-03-21
CUST004461,32,Other,Tier 2,Thiruvananthapuram,Gig Worker,29307,585,0,19,Graduate,Organic,2023-09-13
CUST004462,29,Female,Tier 2,Bongaigaon,Gig Worker,27262,519,0,19,Postgraduate,Organic,2023-11-09
CUST004463,40,Male,Tier 3,Proddatur,Business Owner,157298,643,0,35,Graduate,Social Media,2023-02-22
CUST004464,38,Male,Tier 2,Morena,Salaried,144029,753,0,18,Graduate,DSA Agent,2022-05-26
CUST004465,30,Other,Tier 2,Udaipur,Self Employed,94397,560,0,6,Graduate,DSA Agent,2022-10-12
CUST004466,29,Male,Tier 2,Bhiwandi,Gig Worker,28516,605,0,2,Graduate,Referral,2022-09-11
CUST004467,33,Male,Tier 2,Ahmednagar,Salaried,69677,743,1,22,Graduate,Organic,2022-06-03
CUST004468,39,Female,Tier 2,Siliguri,Salaried,64841,816,0,14,School,Referral,2022-12-22
CUST004469,30,Female,Tier 2,Guntur,Business Owner,195814,777,1,33,Graduate,Organic,2022-03-30
CUST004470,26,Male,Tier 3,Hyderabad,Student,17913,484,1,0,Graduate,Referral,2022-07-23
CUST004471,37,Female,Tier 2,Allahabad,Business Owner,177864,722,0,32,Professional,Organic,2023-06-05
CUST004472,33,Other,Tier 3,Gorakhpur,Business Owner,128521,746,2,31,Graduate,Organic,2023-11-02
CUST004473,27,Male,Tier 2,Bhimavaram,Salaried,93408,769,0,7,Postgraduate,Social Media,2023-01-16
CUST004474,26,Female,Tier 1,Avadi,Gig Worker,18242,586,1,15,Postgraduate,Referral,2023-02-14
CUST004475,32,Male,Tier 2,Imphal,Self Employed,77566,729,0,11,Professional,Organic,2023-05-12
CUST004476,26,Female,Tier 2,Nangloi Jat,Gig Worker,20279,552,1,14,Graduate,Social Media,2022-09-01
CUST004477,28,Female,Tier 2,Maheshtala,Gig Worker,28057,556,1,19,Graduate,DSA Agent,2023-04-09
CUST004478,25,Other,Tier 3,Morena,Gig Worker,25625,572,1,11,Graduate,Referral,2022-10-29
CUST004479,23,Male,Tier 3,Kakinada,Gig Worker,30545,529,0,18,School,Referral,2023-04-20
CUST004480,23,Male,Tier 3,Malegaon,Gig Worker,26650,619,1,14,Postgraduate,Referral,2022-11-01
CUST004481,28,Male,Tier 1,Begusarai,Salaried,79593,787,0,19,Graduate,Social Media,2023-04-01
CUST004482,37,Female,Tier 2,Ulhasnagar,Gig Worker,33304,552,2,5,School,Organic,2022-03-30
CUST004483,33,Male,Tier 1,Sasaram,Gig Worker,31280,615,1,11,School,Referral,2022-09-28
CUST004484,36,Male,Tier 3,Jabalpur,Gig Worker,31333,572,0,17,Graduate,Referral,2022-10-01
CUST004485,42,Male,Tier 2,Anand,Salaried,78986,789,1,28,School,DSA Agent,2023-10-19
CUST004486,37,Male,Tier 1,Buxar,Self Employed,43825,696,1,28,Graduate,Referral,2022-12-22
CUST004487,38,Male,Tier 1,Shahjahanpur,Salaried,85667,721,1,6,Graduate,Social Media,2023-04-25
CUST004488,31,Female,Tier 3,Mirzapur,Gig Worker,23144,642,0,4,Postgraduate,Social Media,2022-05-15
CUST004489,32,Male,Tier 3,Firozabad,Self Employed,84248,571,0,15,School,Referral,2023-09-25
CUST004490,27,Male,Tier 2,Allahabad,Gig Worker,29170,661,1,17,Postgraduate,Social Media,2023-06-08
CUST004491,39,Female,Tier 2,Kalyan-Dombivli,Salaried,146106,755,0,8,Postgraduate,Social Media,2023-07-03
CUST004492,34,Female,Tier 2,Tenali,Self Employed,77513,583,0,29,Graduate,DSA Agent,2023-09-14
CUST004493,34,Male,Tier 3,Nellore,Gig Worker,17155,617,0,8,Professional,DSA Agent,2022-08-20
CUST004494,34,Male,Tier 2,Katni,Self Employed,44130,556,0,23,School,Referral,2023-12-15
CUST004495,49,Female,Tier 2,Medininagar,Self Employed,84783,618,0,13,Graduate,Referral,2023-04-23
CUST004496,50,Male,Tier 2,Warangal,Self Employed,85082,551,0,16,Postgraduate,Organic,2023-04-04
CUST004497,27,Female,Tier 2,Srikakulam,Gig Worker,15781,553,0,18,Graduate,Social Media,2022-03-07
CUST004498,32,Male,Tier 3,Sangli-Miraj & Kupwad,Salaried,104132,775,0,30,Graduate,Social Media,2023-06-07
CUST004499,34,Male,Tier 3,Khora ,Salaried,131239,741,1,25,School,Organic,2022-04-15
CUST004500,23,Male,Tier 2,Mehsana,Gig Worker,16535,537,1,14,Graduate,DSA Agent,2022-09-01
CUST004501,35,Female,Tier 3,Bhiwani,Gig Worker,28764,559,0,1,Postgraduate,Organic,2022-04-02
CUST004502,27,Female,Tier 2,Erode,Gig Worker,23424,611,2,6,Postgraduate,DSA Agent,2022-07-05
CUST004503,36,Male,Tier 1,Kishanganj,Salaried,103391,833,0,29,School,Social Media,2022-08-26
CUST004504,45,Female,Tier 1,Ulhasnagar,Salaried,67214,847,1,28,Postgraduate,Referral,2022-04-01
CUST004505,35,Male,Tier 2,Uluberia,Gig Worker,12405,587,0,16,Postgraduate,Social Media,2022-05-23
CUST004506,33,Male,Tier 1,Singrauli,Salaried,48252,781,2,14,Graduate,Organic,2022-10-17
CUST004507,41,Female,Tier 2,Madhyamgram,Self Employed,30911,559,0,9,Graduate,DSA Agent,2023-06-23
CUST004508,32,Male,Tier 1,Avadi,Salaried,119428,706,0,30,Postgraduate,Referral,2022-04-20
CUST004509,34,Female,Tier 2,Aizawl,Gig Worker,30264,516,0,13,Graduate,Referral,2023-02-01
CUST004510,54,Female,Tier 2,Sasaram,Business Owner,173701,627,1,24,Graduate,Organic,2022-10-29
CUST004511,41,Female,Tier 1,Kharagpur,Salaried,63339,763,0,5,Graduate,Social Media,2022-11-21
CUST004512,29,Female,Tier 2,Nandyal,Gig Worker,25286,634,1,16,School,Social Media,2023-04-09
CUST004513,33,Male,Tier 1,Mysore,Salaried,131814,832,0,15,Graduate,Social Media,2022-04-18
CUST004514,50,Male,Tier 2,Tiruvottiyur,Self Employed,29241,716,0,13,Postgraduate,Social Media,2023-03-23
CUST004515,26,Male,Tier 2,Chandrapur,Gig Worker,27510,539,0,4,Graduate,Organic,2022-10-26
CUST004516,34,Male,Tier 1,Gopalpur,Gig Worker,25651,673,0,10,Graduate,Social Media,2022-11-25
CUST004517,27,Female,Tier 3,Hindupur,Gig Worker,20358,602,0,14,Postgraduate,Organic,2022-05-25
CUST004518,26,Male,Tier 2,Satara,Student,0,581,0,0,School,Organic,2023-01-14
CUST004519,37,Female,Tier 3,Mathura,Salaried,42461,703,1,7,Postgraduate,Organic,2023-05-09
CUST004520,38,Male,Tier 2,Karnal,Salaried,74524,789,0,4,Graduate,Social Media,2023-02-22
CUST004521,19,Female,Tier 3,Nellore,Student,17274,541,0,0,Postgraduate,Referral,2023-06-23
CUST004522,32,Female,Tier 3,Kadapa,Gig Worker,19271,611,1,16,Graduate,Referral,2023-12-15
CUST004523,21,Female,Tier 2,Alwar,Student,0,431,0,0,Postgraduate,Organic,2023-05-17
CUST004524,37,Male,Tier 2,Khora ,Gig Worker,17916,562,1,5,Postgraduate,Social Media,2023-12-24
CUST004525,18,Female,Tier 2,Maheshtala,Student,0,558,1,0,Graduate,Organic,2022-05-15
CUST004526,26,Male,Tier 2,Sagar,Gig Worker,32563,586,0,11,Postgraduate,Organic,2023-03-08
CUST004527,42,Male,Tier 3,Mirzapur,Self Employed,23535,556,0,14,School,Social Media,2022-05-10
CUST004528,51,Male,Tier 2,Kurnool,Business Owner,62547,628,0,5,Postgraduate,Social Media,2023-01-16
CUST004529,33,Female,Tier 1,Amaravati,Gig Worker,12936,649,0,14,School,DSA Agent,2022-08-13
CUST004530,29,Male,Tier 2,Kochi,Salaried,46097,820,2,12,Professional,Referral,2022-04-19
CUST004531,33,Female,Tier 1,Shahjahanpur,Salaried,133727,848,1,6,Graduate,DSA Agent,2022-05-26
CUST004532,40,Other,Tier 2,Khora ,Salaried,99370,792,0,21,Postgraduate,Organic,2022-09-02
CUST004533,43,Male,Tier 3,South Dumdum,Salaried,97439,758,0,4,Graduate,Referral,2023-10-16
CUST004534,31,Female,Tier 2,Dindigul,Salaried,112242,790,0,1,Graduate,Social Media,2022-12-17
CUST004535,38,Female,Tier 3,Katni,Gig Worker,33094,641,1,4,Graduate,Organic,2023-04-27
CUST004536,23,Male,Tier 2,Gopalpur,Gig Worker,17624,591,0,2,School,Organic,2022-02-11
CUST004537,31,Female,Tier 2,Siwan,Gig Worker,17394,604,0,1,Graduate,Organic,2023-11-04
CUST004538,32,Male,Tier 3,Ulhasnagar,Self Employed,51871,716,1,10,Postgraduate,DSA Agent,2022-10-06
CUST004539,36,Female,Tier 1,Medininagar,Salaried,42198,758,0,26,Graduate,Organic,2022-01-08
CUST004540,26,Male,Tier 1,Nizamabad,Salaried,76499,743,1,18,School,DSA Agent,2023-01-12
CUST004541,42,Male,Tier 3,Gandhinagar,Salaried,63786,700,1,1,Postgraduate,Referral,2022-04-17
CUST004542,36,Female,Tier 2,Delhi,Gig Worker,23462,599,1,13,Postgraduate,Social Media,2022-06-01
CUST004543,42,Male,Tier 1,Maheshtala,Salaried,52451,749,0,24,Graduate,DSA Agent,2023-09-26
CUST004544,40,Male,Tier 2,Shimla,Salaried,112121,745,0,6,Graduate,Organic,2022-10-26
CUST004545,38,Male,Tier 2,Jamalpur,Gig Worker,22518,511,1,11,Graduate,Social Media,2023-03-13
CUST004546,24,Male,Tier 2,Sasaram,Student,0,500,0,0,School,Organic,2023-01-28
CUST004547,35,Female,Tier 1,Davanagere,Salaried,54199,736,0,9,Professional,Organic,2023-05-23
CUST004548,32,Female,Tier 2,Faridabad,Self Employed,62879,635,0,32,Graduate,Social Media,2023-01-20
CUST004549,31,Female,Tier 1,Unnao,Self Employed,61945,588,0,4,Postgraduate,Referral,2022-11-14
CUST004550,47,Female,Tier 2,Fatehpur,Self Employed,39056,568,0,28,Postgraduate,Social Media,2023-06-16
CUST004551,44,Male,Tier 1,Munger,Business Owner,123356,729,1,3,Graduate,Social Media,2023-01-17
CUST004552,26,Male,Tier 1,Jamshedpur,Salaried,65071,822,1,4,School,Referral,2022-11-19
CUST004553,38,Female,Tier 2,Bokaro,Salaried,81787,728,1,29,Graduate,Social Media,2023-07-06
CUST004554,19,Female,Tier 3,Mirzapur,Student,0,473,0,0,Graduate,Social Media,2023-10-15
CUST004555,34,Male,Tier 3,Kalyan-Dombivli,Gig Worker,26608,606,1,19,Graduate,DSA Agent,2022-12-11
CUST004556,34,Male,Tier 3,Alwar,Gig Worker,12458,677,2,14,Postgraduate,Referral,2023-01-15
CUST004557,48,Female,Tier 1,Motihari,Self Employed,24933,705,1,22,Graduate,Social Media,2022-05-10
CUST004558,36,Female,Tier 3,Warangal,Self Employed,46737,722,0,26,Graduate,Referral,2022-03-06
CUST004559,46,Female,Tier 3,Bhusawal,Business Owner,170733,692,1,9,Graduate,Referral,2023-03-16
CUST004560,47,Male,Tier 3,Thane,Business Owner,107907,706,0,6,School,Organic,2022-01-24
CUST004561,39,Female,Tier 2,Hyderabad,Self Employed,93519,563,1,26,Postgraduate,Organic,2023-09-11
CUST004562,28,Male,Tier 1,Naihati,Salaried,53469,711,0,4,Graduate,Organic,2023-08-15
CUST004563,21,Male,Tier 1,Anantapuram,Student,0,588,0,0,Professional,Referral,2022-06-21
CUST004564,31,Female,Tier 1,New Delhi,Salaried,105044,725,0,27,Graduate,Referral,2022-08-15
CUST004565,26,Male,Tier 1,Muzaffarnagar,Salaried,139366,714,0,1,School,Organic,2022-01-26
CUST004566,19,Male,Tier 2,Suryapet,Student,0,489,0,0,School,Organic,2022-08-02
CUST004567,45,Other,Tier 3,Patiala,Salaried,137727,780,0,18,Postgraduate,DSA Agent,2022-06-24
CUST004568,38,Female,Tier 1,Lucknow,Salaried,42691,780,1,1,Graduate,Social Media,2023-02-22
CUST004569,31,Female,Tier 2,Muzaffarnagar,Salaried,117288,764,0,8,Graduate,Social Media,2022-08-13
CUST004570,18,Male,Tier 3,Yamunanagar,Student,0,439,0,0,Postgraduate,Social Media,2022-05-11
CUST004571,37,Male,Tier 3,Hosur,Gig Worker,26356,582,1,15,Postgraduate,DSA Agent,2023-08-30
CUST004572,43,Female,Tier 3,Nanded,Self Employed,81988,749,0,1,Postgraduate,Organic,2022-12-22
CUST004573,33,Female,Tier 1,Aurangabad,Salaried,64527,812,0,7,Postgraduate,Social Media,2023-03-16
CUST004574,49,Female,Tier 3,Shivpuri,Self Employed,82363,734,1,23,School,Organic,2023-07-31
CUST004575,35,Male,Tier 2,Bareilly,Self Employed,34508,614,0,4,School,Social Media,2023-08-24
CUST004576,32,Male,Tier 2,Vellore,Salaried,102634,804,0,19,Graduate,Social Media,2023-08-18
CUST004577,24,Other,Tier 2,New Delhi,Gig Worker,33632,646,0,18,Postgraduate,Organic,2023-01-20
CUST004578,33,Female,Tier 3,Phagwara,Salaried,59740,846,1,11,Postgraduate,Social Media,2023-03-03
CUST004579,32,Male,Tier 3,Malegaon,Business Owner,129072,660,1,16,School,Referral,2023-02-01
CUST004580,36,Male,Tier 2,Parbhani,Self Employed,46475,550,0,21,School,Referral,2022-03-29
CUST004581,47,Female,Tier 3,Delhi,Business Owner,74560,723,1,14,Graduate,Referral,2023-03-21
CUST004582,31,Male,Tier 1,Aizawl,Salaried,71856,825,0,10,Graduate,Social Media,2022-03-30
CUST004583,39,Male,Tier 2,Adoni,Self Employed,42665,596,1,9,School,DSA Agent,2022-07-28
CUST004584,47,Male,Tier 1,Amroha,Self Employed,23195,617,0,4,School,Referral,2023-08-26
CUST004585,34,Female,Tier 3,Ahmednagar,Self Employed,97770,678,0,21,School,Referral,2023-02-26
CUST004586,55,Male,Tier 3,Jodhpur,Business Owner,198840,624,0,19,School,Social Media,2023-10-02
CUST004587,25,Other,Tier 3,Raiganj,Gig Worker,19577,555,0,16,Graduate,Referral,2022-10-12
CUST004588,43,Male,Tier 1,Jalgaon,Salaried,75516,708,0,10,Postgraduate,Organic,2023-02-26
CUST004589,48,Female,Tier 2,Srikakulam,Self Employed,40575,634,0,36,School,DSA Agent,2023-10-01
CUST004590,31,Male,Tier 1,Lucknow,Self Employed,49266,749,1,35,Graduate,Social Media,2023-08-11
CUST004591,28,Female,Tier 2,Tiruppur,Gig Worker,13342,635,0,11,School,DSA Agent,2022-02-02
CUST004592,41,Other,Tier 1,Junagadh,Salaried,88221,762,0,29,Graduate,Social Media,2023-08-14
CUST004593,24,Female,Tier 2,Pondicherry,Gig Worker,23005,503,2,10,Graduate,Organic,2023-07-13
CUST004594,37,Female,Tier 2,Panchkula,Salaried,108408,794,0,6,Postgraduate,Social Media,2022-12-09
CUST004595,30,Female,Tier 2,Mango,Gig Worker,25423,518,0,19,Graduate,Referral,2023-03-01
CUST004596,50,Female,Tier 3,Serampore,Self Employed,61113,659,0,18,Graduate,Organic,2022-06-19
CUST004597,30,Female,Tier 2,Solapur,Self Employed,72217,564,1,36,Graduate,Organic,2022-11-27
CUST004598,35,Other,Tier 1,Gulbarga,Salaried,139292,714,1,25,Postgraduate,Organic,2022-03-21
CUST004599,29,Male,Tier 2,Dhule,Gig Worker,22198,673,0,10,Postgraduate,Organic,2023-07-26
CUST004600,42,Other,Tier 1,Satara,Salaried,74230,729,0,29,Graduate,Social Media,2023-10-07
CUST004601,41,Male,Tier 1,Machilipatnam,Salaried,85543,716,1,26,Graduate,DSA Agent,2023-05-23
CUST004602,28,Male,Tier 1,Kulti,Self Employed,83423,644,2,31,School,Social Media,2023-08-07
CUST004603,36,Male,Tier 3,Ahmednagar,Business Owner,59565,712,1,29,Graduate,Referral,2022-07-12
CUST004604,35,Male,Tier 2,Ghaziabad,Gig Worker,26282,556,1,0,Postgraduate,Social Media,2022-08-20
CUST004605,34,Female,Tier 2,Nagpur,Self Employed,71231,721,0,33,Graduate,DSA Agent,2023-11-11
CUST004606,24,Female,Tier 2,Amritsar,Student,0,508,0,0,School,Organic,2022-01-26
CUST004607,23,Female,Tier 1,Lucknow,Student,10484,446,0,0,Graduate,Social Media,2022-12-16
CUST004608,40,Female,Tier 1,Aurangabad,Salaried,80143,827,0,8,Graduate,Social Media,2022-07-24
CUST004609,46,Female,Tier 2,Karimnagar,Business Owner,136639,655,0,11,Graduate,Organic,2022-09-28
CUST004610,26,Female,Tier 3,Jaipur,Gig Worker,34763,595,1,15,Postgraduate,Organic,2023-11-01
CUST004611,34,Male,Tier 1,Junagadh,Salaried,61996,757,1,15,School,Social Media,2023-09-27
CUST004612,28,Female,Tier 2,Khandwa,Salaried,81094,751,2,19,Postgraduate,Referral,2022-03-09
CUST004613,24,Female,Tier 2,Junagadh,Gig Worker,24693,534,1,2,School,DSA Agent,2022-12-08
CUST004614,28,Female,Tier 2,Karnal,Salaried,61135,801,2,17,Graduate,Referral,2023-11-04
CUST004615,35,Female,Tier 1,Agartala,Salaried,124434,756,0,12,Graduate,Organic,2022-04-02
CUST004616,45,Female,Tier 2,Bhilwara,Salaried,122517,765,0,14,Postgraduate,Organic,2023-08-26
CUST004617,19,Male,Tier 1,Sangli-Miraj & Kupwad,Student,0,472,0,0,Graduate,Social Media,2023-09-23
CUST004618,21,Male,Tier 2,Muzaffarnagar,Student,0,562,0,0,School,Social Media,2022-07-04
CUST004619,32,Female,Tier 2,Vadodara,Salaried,48614,724,0,12,Postgraduate,Social Media,2022-06-13
CUST004620,20,Female,Tier 3,Bharatpur,Student,16490,510,0,0,Graduate,Social Media,2023-09-22
CUST004621,20,Female,Tier 2,Berhampur,Student,0,533,0,0,Professional,Social Media,2023-07-27
CUST004622,36,Male,Tier 2,Kozhikode,Self Employed,29767,579,0,14,Postgraduate,DSA Agent,2023-04-02
CUST004623,33,Male,Tier 2,Tadepalligudem,Salaried,65886,778,0,30,Graduate,Referral,2023-06-20
CUST004624,29,Female,Tier 2,Chandrapur,Self Employed,51342,636,1,17,Postgraduate,Referral,2022-09-30
CUST004625,54,Male,Tier 2,Loni,Business Owner,144301,741,2,27,Graduate,Organic,2023-10-31
CUST004626,34,Female,Tier 2,Bidhannagar,Self Employed,89063,557,1,30,School,Social Media,2023-07-07
CUST004627,40,Male,Tier 2,Durg,Salaried,147641,825,0,15,Graduate,Referral,2023-04-20
CUST004628,31,Male,Tier 2,Junagadh,Gig Worker,33900,675,0,8,School,Social Media,2023-05-07
CUST004629,37,Female,Tier 1,Gaya,Self Employed,28798,671,1,7,Graduate,Social Media,2022-11-29
CUST004630,32,Male,Tier 3,Alappuzha,Gig Worker,27730,660,1,0,Graduate,DSA Agent,2022-05-09
CUST004631,34,Female,Tier 2,Rourkela,Salaried,118901,797,0,17,School,Organic,2023-04-24
CUST004632,33,Female,Tier 2,Ahmednagar,Salaried,120672,832,0,19,School,Organic,2022-04-19
CUST004633,20,Male,Tier 2,Udupi,Student,0,464,1,0,Graduate,Social Media,2023-09-02
CUST004634,21,Female,Tier 1,Chapra,Student,0,563,0,0,Graduate,Social Media,2022-06-10
CUST004635,27,Female,Tier 2,Tumkur,Salaried,125104,793,0,18,Graduate,Social Media,2023-09-24
CUST004636,47,Male,Tier 3,Bhusawal,Business Owner,181608,772,0,3,Professional,Social Media,2022-06-10
CUST004637,26,Male,Tier 1,Noida,Salaried,141844,817,0,20,Graduate,Organic,2023-09-18
CUST004638,29,Male,Tier 2,Thiruvananthapuram,Self Employed,34891,618,0,30,Graduate,Organic,2022-02-16
CUST004639,40,Female,Tier 2,Jabalpur,Self Employed,89882,574,1,4,Graduate,Social Media,2023-03-19
CUST004640,18,Female,Tier 2,Agartala,Student,0,493,0,0,Postgraduate,Organic,2022-09-30
CUST004641,49,Female,Tier 3,Deoghar,Business Owner,112057,747,1,4,Professional,Referral,2023-02-18
CUST004642,33,Female,Tier 1,Surendranagar Dudhrej,Salaried,137131,734,0,7,Graduate,Referral,2022-08-07
CUST004643,18,Female,Tier 2,Mangalore,Student,0,463,0,0,Graduate,Social Media,2023-04-09
CUST004644,37,Female,Tier 1,Deoghar,Salaried,138204,823,1,2,School,Social Media,2023-02-23
CUST004645,30,Female,Tier 3,Sambalpur,Self Employed,47525,630,0,2,Postgraduate,DSA Agent,2022-05-11
CUST004646,40,Male,Tier 1,Anantapur,Self Employed,22829,695,1,6,School,Referral,2022-09-09
CUST004647,37,Female,Tier 2,Darbhanga,Self Employed,90924,622,0,32,Graduate,Organic,2023-07-01
CUST004648,30,Female,Tier 2,Orai,Salaried,75597,708,0,9,Postgraduate,Organic,2022-08-16
CUST004649,24,Female,Tier 2,Singrauli,Student,4295,553,0,0,School,Organic,2022-08-13
CUST004650,28,Female,Tier 1,Rourkela,Salaried,117378,729,0,29,Graduate,DSA Agent,2023-03-21
CUST004651,38,Male,Tier 2,Nandyal,Salaried,85932,738,0,21,Graduate,Social Media,2022-07-27
CUST004652,39,Female,Tier 3,Mira-Bhayandar,Self Employed,47653,732,0,6,Graduate,Organic,2023-10-29
CUST004653,38,Male,Tier 2,Narasaraopet,Gig Worker,25051,661,0,13,Postgraduate,Social Media,2023-02-04
CUST004654,22,Female,Tier 3,Chapra,Student,0,554,0,0,Graduate,DSA Agent,2023-12-01
CUST004655,29,Male,Tier 3,Surendranagar Dudhrej,Gig Worker,31106,643,0,19,Postgraduate,Organic,2023-06-12
CUST004656,35,Female,Tier 1,Malda,Salaried,130061,809,1,8,Postgraduate,Social Media,2023-09-26
CUST004657,20,Female,Tier 3,Bhubaneswar,Student,16098,541,0,0,Professional,Organic,2022-03-15
CUST004658,30,Female,Tier 3,Nanded,Gig Worker,31148,678,1,15,Postgraduate,Referral,2022-04-16
CUST004659,26,Male,Tier 2,Jabalpur,Salaried,50532,702,0,28,Postgraduate,Organic,2023-08-06
CUST004660,30,Other,Tier 3,Bhavnagar,Self Employed,34886,702,0,25,Graduate,DSA Agent,2023-09-03
CUST004661,29,Female,Tier 2,Tumkur,Gig Worker,26010,658,0,16,School,DSA Agent,2022-11-16
CUST004662,47,Female,Tier 3,Dehri,Self Employed,22028,737,1,34,Graduate,Social Media,2023-12-15
CUST004663,23,Male,Tier 2,Tenali,Gig Worker,28214,507,0,12,Graduate,DSA Agent,2022-02-16
CUST004664,26,Female,Tier 1,Loni,Student,0,531,0,0,School,Social Media,2022-08-04
CUST004665,22,Male,Tier 2,Saharsa,Student,0,579,0,0,School,Organic,2023-11-05
CUST004666,33,Female,Tier 1,Medininagar,Self Employed,44566,600,1,34,Graduate,Social Media,2023-05-25
CUST004667,27,Male,Tier 1,Chandrapur,Salaried,97737,753,1,2,School,Referral,2022-04-09
CUST004668,20,Female,Tier 1,Rourkela,Student,14959,567,0,0,Graduate,Social Media,2023-06-29
CUST004669,30,Female,Tier 2,Cuttack,Self Employed,48691,667,2,2,School,Organic,2023-11-04
CUST004670,29,Male,Tier 2,Tiruppur,Self Employed,89967,559,0,22,School,Organic,2022-04-14
CUST004671,25,Female,Tier 3,Ghaziabad,Gig Worker,21208,523,3,14,Graduate,Social Media,2022-07-13
CUST004672,26,Female,Tier 1,Bihar Sharif,Student,5268,543,0,0,Graduate,Referral,2022-04-24
CUST004673,50,Male,Tier 3,Mahbubnagar,Self Employed,67423,678,0,20,School,DSA Agent,2023-07-07
CUST004674,29,Female,Tier 2,Eluru,Salaried,67121,799,0,3,Graduate,Referral,2022-09-08
CUST004675,37,Male,Tier 3,Dewas,Gig Worker,16157,570,1,1,Graduate,Social Media,2023-10-06
CUST004676,18,Male,Tier 1,Nagpur,Student,0,400,0,0,Graduate,Social Media,2022-07-12
CUST004677,31,Male,Tier 2,Morbi,Salaried,67398,780,0,24,School,DSA Agent,2023-08-15
CUST004678,37,Female,Tier 2,Pune,Business Owner,119080,623,0,36,Graduate,DSA Agent,2023-10-18
CUST004679,49,Male,Tier 1,Raebareli,Self Employed,79330,593,1,4,Postgraduate,Referral,2023-06-10
CUST004680,41,Female,Tier 1,Hospet,Self Employed,55916,573,0,7,School,Social Media,2022-11-02
CUST004681,35,Female,Tier 1,Barasat,Salaried,105370,845,0,30,Graduate,DSA Agent,2023-01-16
CUST004682,36,Male,Tier 1,Sambalpur,Salaried,62856,802,1,7,Graduate,Social Media,2022-04-21
CUST004683,40,Female,Tier 2,Pune,Business Owner,51548,688,1,27,Graduate,Referral,2023-03-25
CUST004684,35,Male,Tier 2,Bahraich,Salaried,110483,845,1,20,Postgraduate,Organic,2023-05-07
CUST004685,42,Female,Tier 2,Morbi,Self Employed,32448,588,3,23,Graduate,Referral,2022-07-28
CUST004686,30,Male,Tier 1,Kirari Suleman Nagar,Gig Worker,25899,664,1,6,Graduate,DSA Agent,2023-05-03
CUST004687,43,Male,Tier 1,Serampore,Salaried,40888,844,0,30,School,Social Media,2022-11-18
CUST004688,37,Female,Tier 2,Madhyamgram,Salaried,83251,754,0,25,Graduate,Social Media,2022-10-19
CUST004689,30,Female,Tier 2,Vijayanagaram,Gig Worker,13104,534,0,13,Graduate,DSA Agent,2022-12-18
CUST004690,32,Male,Tier 3,Sambalpur,Business Owner,145557,720,0,32,School,Organic,2022-02-28
CUST004691,26,Female,Tier 2,Salem,Gig Worker,14810,612,1,1,School,Social Media,2023-05-08
CUST004692,24,Male,Tier 3,Dindigul,Gig Worker,25044,643,0,15,Graduate,Social Media,2023-09-10
CUST004693,28,Female,Tier 2,Etawah,Salaried,114257,741,0,8,Postgraduate,Referral,2023-11-15
CUST004694,35,Female,Tier 2,Kharagpur,Gig Worker,12561,676,2,2,Postgraduate,Referral,2023-08-21
CUST004695,36,Male,Tier 3,Solapur,Gig Worker,12083,671,0,5,Postgraduate,Social Media,2022-03-14
CUST004696,26,Male,Tier 2,Raichur,Student,0,560,0,0,Graduate,Organic,2022-11-09
CUST004697,27,Male,Tier 3,Thane,Gig Worker,26018,596,2,9,Postgraduate,Social Media,2023-02-05
CUST004698,37,Male,Tier 3,Jabalpur,Gig Worker,33717,509,0,12,School,Organic,2023-08-06
CUST004699,38,Male,Tier 2,Bathinda,Salaried,143618,747,1,11,Postgraduate,Organic,2022-08-05
CUST004700,54,Female,Tier 2,Tirupati,Business Owner,159862,645,0,35,Postgraduate,Organic,2023-06-24
CUST004701,36,Other,Tier 2,Hyderabad,Salaried,106907,710,0,19,Graduate,Social Media,2023-12-29
CUST004702,26,Male,Tier 2,Ulhasnagar,Salaried,111827,832,0,30,Graduate,Social Media,2023-11-13
CUST004703,45,Female,Tier 1,Allahabad,Self Employed,35050,671,2,34,School,Referral,2022-10-14
CUST004704,31,Female,Tier 3,Danapur,Gig Worker,30999,623,0,10,Postgraduate,Organic,2022-12-20
CUST004705,35,Female,Tier 2,Saharsa,Gig Worker,14296,545,1,15,Graduate,DSA Agent,2023-01-15
CUST004706,33,Female,Tier 1,Nagpur,Gig Worker,12864,663,1,0,Postgraduate,DSA Agent,2022-09-12
CUST004707,46,Female,Tier 2,Sambhal,Self Employed,39327,697,1,27,Graduate,DSA Agent,2023-03-29
CUST004708,32,Male,Tier 2,Pudukkottai,Salaried,147576,728,0,14,School,Social Media,2022-01-02
CUST004709,22,Male,Tier 2,Sri Ganganagar,Student,0,542,0,0,Graduate,Social Media,2023-11-06
CUST004710,49,Male,Tier 3,Anantapuram,Self Employed,57554,580,0,11,Postgraduate,Social Media,2023-08-25
CUST004711,30,Male,Tier 2,Faridabad,Gig Worker,18799,663,0,6,School,Referral,2023-10-21
CUST004712,33,Male,Tier 2,Bahraich,Gig Worker,22551,669,0,14,Graduate,Organic,2023-07-24
CUST004713,43,Female,Tier 3,Bhiwani,Salaried,118727,770,0,5,Postgraduate,Referral,2022-03-14
CUST004714,37,Male,Tier 3,Motihari,Self Employed,41391,558,0,11,Graduate,Social Media,2023-07-22
CUST004715,34,Female,Tier 2,Jamnagar,Gig Worker,34317,570,1,11,Graduate,Referral,2022-12-23
CUST004716,37,Male,Tier 1,Bathinda,Salaried,135236,705,0,11,Graduate,Referral,2023-05-09
CUST004717,34,Female,Tier 3,Shimoga,Gig Worker,29973,627,0,2,Postgraduate,Organic,2023-05-31
CUST004718,36,Female,Tier 1,Ajmer,Business Owner,65864,739,0,2,Graduate,DSA Agent,2023-06-26
CUST004719,38,Male,Tier 2,Tiruchirappalli,Gig Worker,26718,661,0,12,School,Organic,2022-10-06
CUST004720,44,Male,Tier 3,Bally,Business Owner,72637,701,0,11,Postgraduate,DSA Agent,2023-10-23
CUST004721,45,Female,Tier 1,Muzaffarnagar,Salaried,147070,840,0,13,Graduate,Social Media,2022-02-19
CUST004722,45,Male,Tier 1,Varanasi,Salaried,147702,761,0,7,Graduate,Social Media,2023-09-11
CUST004723,25,Male,Tier 2,Ahmedabad,Salaried,140168,840,0,16,Postgraduate,Organic,2023-02-20
CUST004724,23,Male,Tier 3,Jammu,Gig Worker,34941,666,0,0,Graduate,Referral,2022-11-05
CUST004725,29,Female,Tier 1,Jehanabad,Salaried,104325,839,0,2,Graduate,Social Media,2022-06-19
CUST004726,35,Female,Tier 3,Erode,Salaried,57232,794,1,30,Postgraduate,DSA Agent,2022-11-30
CUST004727,39,Female,Tier 1,Purnia,Business Owner,42140,680,0,8,School,DSA Agent,2023-10-03
CUST004728,23,Female,Tier 2,Bhagalpur,Student,15787,484,0,0,Postgraduate,Organic,2022-06-14
CUST004729,47,Female,Tier 2,Amritsar,Self Employed,97080,555,1,8,School,Social Media,2023-01-20
CUST004730,35,Female,Tier 1,Agra,Salaried,121056,707,0,6,School,Social Media,2022-07-28
CUST004731,37,Other,Tier 2,Karawal Nagar,Salaried,55521,786,1,14,Postgraduate,Referral,2022-09-08
CUST004732,26,Male,Tier 1,Muzaffarnagar,Salaried,149423,723,1,2,School,Organic,2023-10-06
CUST004733,44,Male,Tier 3,Dehradun,Self Employed,20617,649,0,28,Professional,Referral,2022-08-09
CUST004734,41,Female,Tier 2,Raipur,Business Owner,172924,669,1,30,School,DSA Agent,2022-09-20
CUST004735,30,Female,Tier 2,Jaunpur,Gig Worker,32513,583,0,14,Postgraduate,Social Media,2023-03-02
CUST004736,43,Male,Tier 1,Tadepalligudem,Salaried,98711,796,0,28,Professional,DSA Agent,2023-03-25
CUST004737,29,Male,Tier 2,Nandyal,Gig Worker,25231,531,0,11,Graduate,Social Media,2022-04-12
CUST004738,40,Female,Tier 1,Gangtok,Salaried,143399,701,0,27,School,Social Media,2023-03-16
CUST004739,28,Female,Tier 2,Khammam,Gig Worker,33686,558,1,0,School,Referral,2023-10-25
CUST004740,44,Male,Tier 1,Giridih,Self Employed,28402,563,0,4,Postgraduate,Social Media,2023-01-12
CUST004741,46,Female,Tier 2,Hindupur,Self Employed,44122,564,0,31,School,Organic,2023-09-05
CUST004742,29,Female,Tier 1,Kamarhati,Salaried,112906,811,0,13,Graduate,Social Media,2022-09-24
CUST004743,38,Female,Tier 1,Raebareli,Salaried,76552,746,0,25,Graduate,Referral,2023-11-26
CUST004744,41,Male,Tier 3,Darbhanga,Business Owner,185902,684,0,32,Postgraduate,Social Media,2023-06-15
CUST004745,43,Male,Tier 3,Danapur,Salaried,138111,781,0,2,Graduate,Referral,2023-08-16
CUST004746,29,Male,Tier 1,Panchkula,Salaried,116004,783,0,16,Graduate,Social Media,2022-02-07
CUST004747,45,Male,Tier 2,Faridabad,Salaried,111612,831,0,26,Postgraduate,DSA Agent,2022-02-05
CUST004748,33,Female,Tier 1,Bardhaman,Salaried,148714,719,0,29,Professional,DSA Agent,2022-03-19
CUST004749,26,Male,Tier 3,Siliguri,Gig Worker,13596,650,1,11,Postgraduate,Organic,2023-05-02
CUST004750,19,Other,Tier 3,Muzaffarnagar,Student,9466,412,0,0,Graduate,Social Media,2023-09-01
CUST004751,36,Male,Tier 1,Madhyamgram,Salaried,129930,700,0,9,Postgraduate,Organic,2023-10-12
CUST004752,24,Male,Tier 3,Navi Mumbai,Gig Worker,25319,579,0,3,School,Organic,2022-12-23
CUST004753,31,Female,Tier 2,Haridwar,Self Employed,39366,724,1,8,Postgraduate,DSA Agent,2022-01-13
CUST004754,34,Female,Tier 2,Gurgaon,Gig Worker,28863,526,0,2,Graduate,DSA Agent,2022-04-07
CUST004755,25,Male,Tier 1,Dewas,Student,9400,556,0,0,Graduate,Organic,2023-12-23
CUST004756,20,Female,Tier 2,Latur,Student,0,507,1,0,Graduate,Organic,2023-10-29
CUST004757,40,Female,Tier 2,Ongole,Salaried,75028,790,0,11,Graduate,Social Media,2022-05-03
CUST004758,38,Female,Tier 1,Satara,Self Employed,41419,674,0,34,Graduate,Organic,2022-12-09
CUST004759,27,Female,Tier 2,Junagadh,Gig Worker,27446,517,1,12,Graduate,Organic,2022-12-21
CUST004760,48,Male,Tier 2,Bhiwani,Business Owner,109485,648,0,39,Graduate,Referral,2022-01-01
CUST004761,32,Female,Tier 3,Vijayanagaram,Gig Worker,27497,584,0,5,Graduate,Social Media,2022-11-29
CUST004762,48,Female,Tier 3,Ludhiana,Business Owner,99387,651,1,34,Professional,Social Media,2022-06-07
CUST004763,44,Male,Tier 1,Uluberia,Self Employed,66366,631,1,23,Professional,Organic,2023-06-19
CUST004764,43,Male,Tier 1,Aizawl,Salaried,126414,737,0,28,School,Social Media,2023-12-08
CUST004765,25,Female,Tier 2,Morbi,Gig Worker,15051,526,2,14,Graduate,Referral,2022-04-13
CUST004766,44,Male,Tier 3,Tenali,Business Owner,79172,613,0,7,Graduate,Organic,2023-11-17
CUST004767,18,Male,Tier 2,Machilipatnam,Student,0,466,1,0,Graduate,Referral,2023-05-20
CUST004768,39,Other,Tier 2,Noida,Salaried,51787,839,1,11,Postgraduate,Referral,2022-08-23
CUST004769,37,Male,Tier 2,Latur,Self Employed,28692,561,0,19,Graduate,Social Media,2022-05-04
CUST004770,41,Male,Tier 2,Naihati,Salaried,52148,712,1,19,Graduate,Social Media,2023-11-11
CUST004771,39,Female,Tier 1,Khora ,Salaried,140227,712,0,20,Postgraduate,Organic,2023-12-26
CUST004772,24,Female,Tier 2,Guntakal,Gig Worker,14091,575,1,15,Graduate,DSA Agent,2023-11-12
CUST004773,27,Male,Tier 2,Gwalior,Salaried,102187,820,0,20,School,DSA Agent,2022-08-01
CUST004774,24,Female,Tier 1,Gwalior,Student,14913,519,0,0,Graduate,Social Media,2022-03-14
CUST004775,41,Female,Tier 1,Bangalore,Salaried,62433,794,2,27,Postgraduate,Referral,2023-05-24
CUST004776,20,Female,Tier 3,Panvel,Student,3151,450,0,0,Graduate,Referral,2022-10-07
CUST004777,37,Male,Tier 2,Kumbakonam,Salaried,100585,840,0,2,Graduate,Referral,2022-07-14
CUST004778,33,Male,Tier 2,Saharanpur,Salaried,81012,702,0,10,Postgraduate,Referral,2022-03-06
CUST004779,37,Male,Tier 2,Delhi,Salaried,55970,736,0,20,Graduate,Social Media,2022-10-16
CUST004780,40,Female,Tier 1,Belgaum,Salaried,92729,744,0,5,Postgraduate,Referral,2023-06-01
CUST004781,43,Female,Tier 1,Guntur,Salaried,133149,760,1,3,Postgraduate,DSA Agent,2023-12-04
CUST004782,38,Female,Tier 2,Ambarnath,Salaried,139128,769,1,16,School,Social Media,2023-05-20
CUST004783,25,Female,Tier 2,Aurangabad,Gig Worker,29823,630,0,18,Graduate,Organic,2022-05-09
CUST004784,32,Female,Tier 3,Thane,Salaried,110749,808,1,20,Graduate,Referral,2022-02-10
CUST004785,24,Male,Tier 2,Tirupati,Gig Worker,21808,541,1,8,Graduate,Referral,2022-11-04
CUST004786,34,Female,Tier 2,Salem,Gig Worker,30605,516,1,16,School,Organic,2023-05-01
CUST004787,21,Female,Tier 2,Ballia,Student,0,568,0,0,Postgraduate,Social Media,2022-08-26
CUST004788,50,Female,Tier 3,Thane,Business Owner,108599,675,2,8,School,Organic,2023-07-18
CUST004789,36,Male,Tier 1,Nellore,Gig Worker,23387,673,1,13,Graduate,Social Media,2023-06-28
CUST004790,43,Female,Tier 3,Katni,Salaried,138021,829,0,6,School,Social Media,2023-08-10
CUST004791,27,Male,Tier 1,Moradabad,Salaried,105822,790,0,17,Graduate,Organic,2022-07-01
CUST004792,50,Male,Tier 3,Guntakal,Business Owner,52679,664,2,30,School,Organic,2022-11-30
CUST004793,45,Female,Tier 2,Tadepalligudem,Salaried,120557,732,1,26,Graduate,Social Media,2023-05-25
CUST004794,42,Female,Tier 3,Pudukkottai,Salaried,128121,814,0,26,Graduate,DSA Agent,2022-03-12
CUST004795,40,Male,Tier 1,Durgapur,Salaried,62769,774,0,29,Graduate,Social Media,2023-07-01
CUST004796,38,Female,Tier 2,Surendranagar Dudhrej,Salaried,117506,756,0,6,Graduate,Organic,2022-03-15
CUST004797,40,Male,Tier 1,Sangli-Miraj & Kupwad,Salaried,65342,707,2,27,Postgraduate,Referral,2022-01-01
CUST004798,49,Male,Tier 3,Mehsana,Self Employed,77865,571,1,12,Postgraduate,Organic,2022-06-15
CUST004799,41,Male,Tier 1,Anantapuram,Salaried,87213,706,0,21,Professional,Referral,2023-01-06
CUST004800,44,Female,Tier 3,Singrauli,Self Employed,97886,573,1,30,School,Organic,2022-03-02
CUST004801,44,Other,Tier 1,Ujjain,Salaried,103575,768,0,22,Graduate,DSA Agent,2022-04-14
CUST004802,35,Female,Tier 2,Bidhannagar,Salaried,124059,844,1,15,Graduate,Social Media,2023-04-07
CUST004803,55,Female,Tier 2,Danapur,Business Owner,149486,734,1,30,Postgraduate,Referral,2022-06-25
CUST004804,37,Male,Tier 2,Durg,Salaried,111242,740,0,22,Graduate,Social Media,2023-02-08
CUST004805,22,Male,Tier 3,Gurgaon,Student,10156,511,0,0,School,Referral,2023-06-13
CUST004806,33,Female,Tier 3,Tirupati,Gig Worker,33976,557,1,12,School,Referral,2022-12-12
CUST004807,35,Male,Tier 2,Bhagalpur,Salaried,98935,722,0,13,Graduate,Organic,2022-01-08
CUST004808,34,Female,Tier 2,Surendranagar Dudhrej,Business Owner,144715,714,0,5,Graduate,Organic,2022-01-07
CUST004809,28,Female,Tier 1,Bhatpara,Salaried,144178,837,0,17,Graduate,Social Media,2023-06-25
CUST004810,18,Other,Tier 2,Vijayawada,Student,0,567,0,0,Graduate,Organic,2022-09-24
CUST004811,38,Male,Tier 1,Dharmavaram,Salaried,112804,795,0,10,Graduate,Organic,2023-09-27
CUST004812,26,Female,Tier 1,Siliguri,Student,0,497,1,0,Professional,Social Media,2022-04-04
CUST004813,29,Female,Tier 2,Sultan Pur Majra,Salaried,82337,807,0,13,Graduate,Organic,2023-10-31
CUST004814,36,Male,Tier 1,Jalgaon,Gig Worker,21099,592,0,1,School,Social Media,2022-11-25
CUST004815,39,Female,Tier 2,Ichalkaranji,Self Employed,41065,621,0,21,Postgraduate,Social Media,2023-06-24
CUST004816,42,Male,Tier 3,Imphal,Business Owner,57132,702,0,20,Postgraduate,Organic,2022-04-13
CUST004817,54,Male,Tier 2,Ongole,Business Owner,58453,697,2,27,Graduate,Social Media,2023-01-07
CUST004818,24,Male,Tier 1,Alappuzha,Student,3412,563,0,0,Graduate,Social Media,2022-02-25
CUST004819,19,Male,Tier 3,Suryapet,Student,0,589,0,0,Graduate,Referral,2022-06-27
CUST004820,28,Female,Tier 2,Bhagalpur,Salaried,48677,718,1,14,School,DSA Agent,2022-10-25
CUST004821,25,Male,Tier 2,Visakhapatnam,Salaried,51798,785,0,4,Graduate,Social Media,2022-03-11
CUST004822,38,Male,Tier 1,Sangli-Miraj & Kupwad,Salaried,74964,781,0,6,Graduate,Referral,2023-07-22
CUST004823,32,Male,Tier 3,Nellore,Gig Worker,30328,538,0,10,Graduate,Organic,2023-09-19
CUST004824,32,Male,Tier 2,Amritsar,Gig Worker,20417,531,0,16,Graduate,Referral,2022-03-21
CUST004825,34,Male,Tier 2,Patna,Gig Worker,16582,598,0,5,Graduate,Referral,2022-03-22
CUST004826,31,Male,Tier 2,Pali,Salaried,50973,740,0,10,Graduate,Organic,2022-09-01
CUST004827,37,Female,Tier 1,Mehsana,Self Employed,71783,716,0,33,Graduate,Social Media,2022-10-13
CUST004828,34,Female,Tier 3,Sikar,Salaried,141487,749,1,11,Professional,Referral,2023-11-16
CUST004829,26,Female,Tier 2,Hospet,Salaried,128772,700,0,3,Graduate,Referral,2022-08-21
CUST004830,33,Female,Tier 1,Khammam,Gig Worker,20380,624,1,15,Postgraduate,Organic,2022-04-17
CUST004831,37,Male,Tier 1,Satna,Self Employed,43178,649,0,38,Graduate,Organic,2022-10-25
CUST004832,33,Female,Tier 2,Chennai,Self Employed,61367,611,0,19,School,Referral,2023-08-24
CUST004833,44,Female,Tier 2,Chandrapur,Self Employed,78151,651,0,17,Postgraduate,Social Media,2023-09-24
CUST004834,34,Male,Tier 2,Tiruchirappalli,Salaried,139339,842,0,7,Graduate,Social Media,2023-08-08
CUST004835,27,Female,Tier 3,Thanjavur,Gig Worker,30525,605,1,18,Postgraduate,DSA Agent,2023-11-11
CUST004836,27,Male,Tier 3,Kalyan-Dombivli,Salaried,60539,803,0,9,Postgraduate,Organic,2022-04-14
CUST004837,24,Male,Tier 2,Mathura,Gig Worker,32094,600,1,6,Postgraduate,Organic,2023-05-14
CUST004838,37,Female,Tier 2,Alwar,Gig Worker,15179,672,1,8,Graduate,Organic,2023-06-10
CUST004839,45,Male,Tier 2,Bokaro,Salaried,68734,818,1,14,Graduate,Referral,2022-04-21
CUST004840,32,Male,Tier 2,Agra,Salaried,88798,737,1,20,Postgraduate,Organic,2022-02-23
CUST004841,38,Male,Tier 2,Karimnagar,Business Owner,56042,600,2,38,Graduate,Social Media,2023-02-17
CUST004842,51,Male,Tier 3,Srikakulam,Business Owner,156212,655,0,16,Graduate,DSA Agent,2023-03-14
CUST004843,30,Male,Tier 2,Naihati,Gig Worker,23257,548,1,13,Graduate,Referral,2022-01-07
CUST004844,34,Female,Tier 2,Vasai-Virar,Salaried,127939,761,0,16,Graduate,Organic,2023-04-20
CUST004845,32,Female,Tier 1,Orai,Salaried,48533,766,1,17,Postgraduate,DSA Agent,2023-05-20
CUST004846,35,Female,Tier 3,Rajpur Sonarpur,Gig Worker,14886,556,2,7,Graduate,DSA Agent,2022-05-08
CUST004847,52,Male,Tier 3,Thoothukudi,Business Owner,121257,703,0,32,School,DSA Agent,2022-12-08
CUST004848,38,Other,Tier 2,Bettiah,Salaried,89737,797,1,15,Postgraduate,DSA Agent,2022-09-30
CUST004849,46,Female,Tier 1,Dehri,Self Employed,88633,593,0,5,Graduate,Organic,2023-07-16
CUST004850,42,Male,Tier 2,Raebareli,Salaried,147019,804,0,20,Postgraduate,Social Media,2022-06-15
CUST004851,39,Female,Tier 3,Malda,Business Owner,155720,791,1,25,Graduate,Social Media,2023-05-03
CUST004852,24,Female,Tier 1,Siwan,Gig Worker,14386,569,2,7,Postgraduate,Organic,2023-08-05
CUST004853,29,Female,Tier 2,Varanasi,Self Employed,47569,613,1,11,Graduate,Social Media,2022-04-28
CUST004854,33,Male,Tier 1,Thoothukudi,Salaried,95325,707,0,5,Graduate,DSA Agent,2023-12-16
CUST004855,31,Male,Tier 2,Vellore,Self Employed,79118,740,0,11,School,DSA Agent,2022-11-16
CUST004856,33,Female,Tier 2,Bhalswa Jahangir Pur,Salaried,144824,820,0,2,Graduate,Organic,2023-04-24
CUST004857,28,Female,Tier 2,Madhyamgram,Salaried,135046,831,1,5,Postgraduate,Organic,2023-06-18
CUST004858,37,Female,Tier 3,Satna,Business Owner,82305,769,2,35,Graduate,DSA Agent,2022-12-10
CUST004859,38,Female,Tier 3,Hospet,Business Owner,129524,694,0,12,Graduate,Social Media,2023-10-30
CUST004860,18,Female,Tier 1,Dewas,Student,4122,403,0,0,Graduate,Referral,2022-06-18
CUST004861,45,Male,Tier 2,Berhampur,Self Employed,38462,667,1,17,Postgraduate,Social Media,2022-03-09
CUST004862,19,Female,Tier 3,Tenali,Student,0,549,0,0,Graduate,Organic,2023-11-28
CUST004863,27,Male,Tier 1,Kolkata,Salaried,127399,811,0,25,Postgraduate,Social Media,2022-03-20
CUST004864,38,Female,Tier 2,Thane,Salaried,138262,762,0,4,Graduate,Social Media,2022-04-19
CUST004865,38,Female,Tier 1,Hospet,Salaried,68537,702,0,17,Postgraduate,DSA Agent,2023-08-08
CUST004866,48,Male,Tier 3,Sikar,Self Employed,47622,631,0,28,School,Organic,2022-04-06
CUST004867,24,Female,Tier 2,Chinsurah,Gig Worker,25977,534,0,15,Graduate,DSA Agent,2023-04-03
CUST004868,45,Male,Tier 2,Aurangabad,Salaried,94445,723,0,2,Graduate,DSA Agent,2023-07-22
CUST004869,28,Male,Tier 2,Jorhat,Gig Worker,27859,544,0,15,School,Social Media,2022-10-26
CUST004870,20,Male,Tier 2,Pune,Student,0,584,0,0,Graduate,Social Media,2022-10-01
CUST004871,24,Male,Tier 3,Ghaziabad,Gig Worker,12633,662,1,12,School,Referral,2022-11-30
CUST004872,40,Male,Tier 1,Mehsana,Salaried,69850,799,2,7,School,Social Media,2022-09-02
CUST004873,29,Male,Tier 3,Deoghar,Salaried,49416,847,0,26,Graduate,Social Media,2023-09-07
CUST004874,44,Female,Tier 2,Bhiwandi,Salaried,40685,768,0,3,Graduate,Social Media,2022-04-19
CUST004875,39,Female,Tier 2,Pali,Salaried,149198,716,0,12,Postgraduate,Organic,2022-07-12
CUST004876,31,Female,Tier 3,Belgaum,Self Employed,43267,738,0,15,Graduate,Social Media,2022-08-04
CUST004877,33,Male,Tier 2,Kanpur,Self Employed,31889,571,0,9,School,Organic,2023-05-16
CUST004878,41,Female,Tier 1,Vijayawada,Self Employed,67106,729,0,31,Professional,Organic,2022-03-07
CUST004879,22,Female,Tier 2,Sambalpur,Gig Worker,21582,506,0,3,Postgraduate,Organic,2022-07-12
CUST004880,20,Male,Tier 1,Jaipur,Student,0,526,0,0,Graduate,Organic,2023-03-06
CUST004881,45,Female,Tier 3,Bikaner,Salaried,144711,741,0,17,Graduate,Social Media,2023-04-12
CUST004882,33,Male,Tier 3,Gulbarga,Gig Worker,34972,583,0,4,School,DSA Agent,2023-04-12
CUST004883,25,Female,Tier 2,Bardhaman,Student,4996,559,0,0,Professional,DSA Agent,2023-07-15
CUST004884,33,Male,Tier 1,Nanded,Salaried,67584,820,1,11,Graduate,Organic,2023-04-17
CUST004885,31,Male,Tier 2,Kurnool,Salaried,139599,848,2,1,Graduate,Organic,2022-08-10
CUST004886,22,Female,Tier 1,Mirzapur,Student,0,517,0,0,Postgraduate,Social Media,2023-08-29
CUST004887,37,Male,Tier 1,Tumkur,Salaried,148714,704,0,4,School,Organic,2023-06-21
CUST004888,34,Male,Tier 3,Hosur,Self Employed,71399,656,0,27,Graduate,Social Media,2022-01-21
CUST004889,32,Female,Tier 2,Solapur,Salaried,98173,821,0,13,Postgraduate,Referral,2023-10-21
CUST004890,39,Female,Tier 2,Bhilai,Self Employed,74063,726,0,18,Graduate,Social Media,2023-10-20
CUST004891,36,Female,Tier 2,Mathura,Salaried,80098,727,0,1,School,Social Media,2023-05-27
CUST004892,28,Male,Tier 3,Gopalpur,Salaried,99801,705,0,18,Graduate,Social Media,2023-11-12
CUST004893,29,Male,Tier 2,Raipur,Self Employed,50765,639,0,21,Postgraduate,Organic,2022-08-23
CUST004894,40,Female,Tier 2,Naihati,Salaried,102815,824,0,9,Postgraduate,Organic,2022-06-09
CUST004895,27,Male,Tier 3,Orai,Gig Worker,28722,565,1,2,School,Organic,2023-02-07
CUST004896,30,Male,Tier 1,Sasaram,Salaried,102769,794,0,10,Professional,Referral,2023-04-17
CUST004897,29,Female,Tier 1,Ongole,Salaried,122016,736,0,4,Graduate,Organic,2023-01-31
CUST004898,25,Male,Tier 2,Gwalior,Salaried,116215,762,0,19,Graduate,DSA Agent,2022-05-27
CUST004899,38,Male,Tier 2,Tiruchirappalli,Salaried,68263,782,1,8,Graduate,Social Media,2023-08-04
CUST004900,35,Male,Tier 3,Belgaum,Business Owner,61487,681,0,15,Graduate,Social Media,2022-11-01
CUST004901,33,Male,Tier 1,Maheshtala,Salaried,53147,821,0,28,Graduate,Social Media,2022-08-18
CUST004902,28,Male,Tier 3,Surat,Gig Worker,24934,632,1,7,Graduate,Social Media,2023-05-17
CUST004903,42,Male,Tier 1,Rajkot,Salaried,102820,824,0,5,School,DSA Agent,2022-02-12
CUST004904,30,Male,Tier 2,Ulhasnagar,Salaried,64100,702,1,11,Graduate,Social Media,2023-09-01
CUST004905,53,Female,Tier 2,Nanded,Business Owner,114613,698,0,25,Graduate,DSA Agent,2023-11-29
CUST004906,39,Female,Tier 1,Nangloi Jat,Salaried,71457,846,0,13,Graduate,Social Media,2023-09-09
CUST004907,47,Male,Tier 1,Ludhiana,Business Owner,198178,684,0,33,Graduate,Organic,2022-07-05
CUST004908,40,Female,Tier 2,Pali,Salaried,87883,796,0,1,Graduate,Organic,2023-01-20
CUST004909,45,Male,Tier 2,Vasai-Virar,Self Employed,24995,577,1,12,Graduate,Social Media,2022-10-27
CUST004910,23,Male,Tier 2,Rajpur Sonarpur,Gig Worker,15037,606,0,14,Graduate,Referral,2022-03-29
CUST004911,26,Male,Tier 1,Jhansi,Student,17539,439,1,0,Graduate,Organic,2022-07-07
CUST004912,36,Female,Tier 2,Dharmavaram,Gig Worker,26307,591,1,1,Postgraduate,Social Media,2023-01-24
CUST004913,36,Female,Tier 3,Ambattur,Gig Worker,18579,597,1,18,Postgraduate,Organic,2023-05-11
CUST004914,32,Female,Tier 2,Proddatur,Salaried,135835,786,0,29,Graduate,Referral,2023-04-07
CUST004915,43,Male,Tier 2,Munger,Salaried,58841,738,0,29,Graduate,Referral,2022-02-25
CUST004916,39,Male,Tier 3,Arrah,Business Owner,64511,620,0,36,Graduate,DSA Agent,2023-02-15
CUST004917,29,Female,Tier 1,Kalyan-Dombivli,Salaried,80635,789,0,9,Graduate,Social Media,2023-11-22
CUST004918,31,Male,Tier 2,Bidhannagar,Gig Worker,20875,531,0,6,Graduate,DSA Agent,2022-01-10
CUST004919,40,Female,Tier 2,Delhi,Self Employed,22476,732,1,29,Graduate,DSA Agent,2022-10-08
CUST004920,38,Female,Tier 1,Pune,Salaried,63713,812,1,25,Graduate,Social Media,2023-12-27
CUST004921,53,Female,Tier 1,Sonipat,Business Owner,167687,608,0,21,Postgraduate,DSA Agent,2022-09-03
CUST004922,40,Female,Tier 2,Chennai,Self Employed,85751,598,1,26,School,Social Media,2022-04-13
CUST004923,38,Female,Tier 2,Madhyamgram,Gig Worker,21016,592,1,7,School,Referral,2022-10-28
CUST004924,20,Female,Tier 3,Guntur,Student,0,401,0,0,Professional,Social Media,2023-10-31
CUST004925,31,Female,Tier 2,Hindupur,Salaried,46975,771,1,21,Graduate,Organic,2023-10-14
CUST004926,28,Male,Tier 3,Guntakal,Salaried,143013,755,0,12,Graduate,Referral,2023-03-18
CUST004927,36,Female,Tier 2,Bhalswa Jahangir Pur,Gig Worker,28492,623,1,3,School,DSA Agent,2022-11-23
CUST004928,45,Male,Tier 1,Begusarai,Salaried,65684,751,0,30,Graduate,Referral,2022-10-11
CUST004929,32,Male,Tier 2,Jamshedpur,Self Employed,20643,733,0,11,Postgraduate,DSA Agent,2023-03-01
CUST004930,44,Male,Tier 3,Ratlam,Business Owner,87020,750,0,35,Graduate,DSA Agent,2023-06-15
CUST004931,27,Male,Tier 3,Bijapur,Gig Worker,34524,587,0,6,School,Social Media,2022-05-15
CUST004932,25,Female,Tier 1,Durg,Salaried,117385,823,0,11,Graduate,Social Media,2023-08-16
CUST004933,42,Female,Tier 3,Aligarh,Business Owner,76802,779,0,6,School,Organic,2023-01-01
CUST004934,30,Male,Tier 2,Dewas,Gig Worker,13279,641,0,19,Graduate,Social Media,2023-08-22
CUST004935,32,Male,Tier 2,Rampur,Gig Worker,32579,524,0,8,Graduate,Referral,2022-02-26
CUST004936,36,Female,Tier 3,Jamnagar,Gig Worker,24612,590,1,1,School,Social Media,2022-01-13
CUST004937,40,Female,Tier 3,Mau,Business Owner,60292,642,1,9,School,DSA Agent,2023-04-02
CUST004938,24,Female,Tier 2,Aurangabad,Gig Worker,13067,510,1,18,Graduate,Organic,2022-02-22
CUST004939,34,Male,Tier 2,Aurangabad,Self Employed,65254,670,2,27,Graduate,Social Media,2022-01-11
CUST004940,23,Female,Tier 2,Aizawl,Student,0,494,1,0,School,Social Media,2022-07-23
CUST004941,28,Female,Tier 1,Vellore,Salaried,93204,793,0,10,Postgraduate,Organic,2022-06-17
CUST004942,22,Male,Tier 3,Indore,Gig Worker,27721,571,0,12,Postgraduate,Referral,2022-01-31
CUST004943,21,Male,Tier 2,Khammam,Student,0,591,0,0,Graduate,Referral,2023-12-18
CUST004944,38,Male,Tier 2,Tiruchirappalli,Gig Worker,31948,610,1,15,Graduate,DSA Agent,2022-02-16
CUST004945,39,Male,Tier 3,Loni,Self Employed,81803,709,1,27,Graduate,DSA Agent,2023-09-06
CUST004946,31,Other,Tier 3,Mirzapur,Business Owner,181101,602,1,18,School,Referral,2022-11-06
CUST004947,41,Male,Tier 2,Bareilly,Self Employed,33406,580,1,29,Graduate,Referral,2023-01-29
CUST004948,28,Male,Tier 1,Thoothukudi,Self Employed,85183,707,0,27,Graduate,Organic,2022-08-11
CUST004949,25,Male,Tier 1,Amravati,Student,1956,537,0,0,Graduate,Social Media,2023-05-04
CUST004950,18,Male,Tier 1,Gangtok,Student,0,491,0,0,Graduate,Organic,2023-07-08
CUST004951,32,Female,Tier 3,Ballia,Gig Worker,28913,679,2,10,Graduate,Referral,2023-01-25
CUST004952,38,Male,Tier 2,Ahmednagar,Salaried,117058,836,0,15,Graduate,Social Media,2023-08-19
CUST004953,32,Female,Tier 2,Bally,Gig Worker,16172,585,2,6,Postgraduate,Social Media,2022-11-19
CUST004954,37,Male,Tier 1,Jamalpur,Self Employed,77811,741,2,21,Postgraduate,Social Media,2022-11-26
CUST004955,28,Female,Tier 3,Jamalpur,Gig Worker,13743,508,1,5,Postgraduate,Referral,2023-06-30
CUST004956,36,Female,Tier 2,Suryapet,Self Employed,43828,632,0,23,Graduate,Social Media,2022-11-09
CUST004957,22,Female,Tier 3,Salem,Gig Worker,29780,553,1,10,Professional,Social Media,2022-03-06
CUST004958,37,Female,Tier 2,Thane,Self Employed,42407,700,1,23,School,Organic,2023-05-13
CUST004959,40,Female,Tier 2,Bidar,Salaried,81035,829,0,27,Graduate,Organic,2023-02-21
CUST004960,34,Male,Tier 2,Thoothukudi,Self Employed,42844,675,0,36,Graduate,Referral,2023-02-22
CUST004961,33,Female,Tier 3,Faridabad,Gig Worker,32645,581,0,14,Professional,Organic,2023-04-24
CUST004962,31,Female,Tier 1,Coimbatore,Salaried,76585,724,0,4,Graduate,Social Media,2022-04-29
CUST004963,34,Female,Tier 1,Giridih,Salaried,69303,796,1,20,Graduate,Referral,2022-08-04
CUST004964,43,Male,Tier 2,Aligarh,Self Employed,49000,614,1,27,Graduate,Social Media,2022-03-06
CUST004965,25,Male,Tier 3,Kalyan-Dombivli,Gig Worker,15307,549,0,9,Graduate,Referral,2022-08-29
CUST004966,34,Female,Tier 2,Karimnagar,Salaried,58152,788,0,3,Graduate,Referral,2022-03-03
CUST004967,37,Male,Tier 3,Hosur,Business Owner,33687,709,0,25,Graduate,DSA Agent,2023-02-02
CUST004968,39,Male,Tier 1,Bilaspur,Self Employed,70063,587,2,4,Graduate,Organic,2023-12-17
CUST004969,47,Male,Tier 1,Gudivada,Business Owner,184570,652,1,11,Graduate,Referral,2022-06-07
CUST004970,29,Female,Tier 2,Jodhpur,Gig Worker,15996,672,1,8,Graduate,Social Media,2023-09-20
CUST004971,36,Other,Tier 3,Gulbarga,Gig Worker,20904,551,0,18,Graduate,Social Media,2022-05-01
CUST004972,21,Female,Tier 2,Jehanabad,Student,6842,506,0,0,Postgraduate,Social Media,2023-02-21
CUST004973,32,Male,Tier 3,Pune,Gig Worker,26558,654,1,14,Graduate,DSA Agent,2022-09-11
CUST004974,39,Male,Tier 3,Bellary,Self Employed,81090,734,0,12,Graduate,Organic,2022-10-31
CUST004975,28,Male,Tier 1,Gulbarga,Salaried,90373,754,1,5,Graduate,Referral,2023-04-01
CUST004976,29,Female,Tier 3,Vellore,Gig Worker,21748,603,3,13,Postgraduate,Organic,2023-05-08
CUST004977,36,Female,Tier 2,Nagaon,Salaried,76271,810,0,24,Graduate,Social Media,2023-08-16
CUST004978,30,Male,Tier 2,Gangtok,Salaried,75247,701,0,22,School,Organic,2023-10-11
CUST004979,37,Female,Tier 2,Kumbakonam,Salaried,115499,827,0,27,Postgraduate,Social Media,2023-05-20
CUST004980,45,Female,Tier 2,Allahabad,Salaried,84323,780,0,17,School,Social Media,2023-06-13
CUST004981,32,Male,Tier 2,Rajpur Sonarpur,Business Owner,183878,786,0,38,Graduate,Referral,2023-05-15
CUST004982,25,Male,Tier 2,Nellore,Salaried,76972,804,2,8,Graduate,Organic,2022-02-21
CUST004983,46,Other,Tier 3,Hapur,Self Employed,44039,685,0,20,Postgraduate,Organic,2022-08-29
CUST004984,24,Male,Tier 2,Machilipatnam,Student,0,597,0,0,School,Social Media,2023-06-27
CUST004985,33,Female,Tier 3,Adoni,Gig Worker,18281,667,0,3,Postgraduate,Referral,2022-12-06
CUST004986,32,Male,Tier 3,Agartala,Salaried,59440,718,0,14,Graduate,Social Media,2023-07-21
CUST004987,40,Female,Tier 1,Tadepalligudem,Self Employed,35718,678,1,21,School,Referral,2023-10-20
CUST004988,48,Female,Tier 2,Bidar,Self Employed,75253,626,1,23,Graduate,Referral,2022-07-05
CUST004989,45,Female,Tier 3,Mahbubnagar,Self Employed,75156,620,2,2,School,DSA Agent,2022-02-14
CUST004990,30,Female,Tier 1,Mumbai,Self Employed,72774,671,1,20,Graduate,Referral,2022-07-09
CUST004991,52,Female,Tier 2,Machilipatnam,Business Owner,108650,719,0,14,Postgraduate,Social Media,2022-03-08
CUST004992,24,Female,Tier 2,Nizamabad,Gig Worker,20757,672,0,17,Graduate,Organic,2023-12-20
CUST004993,40,Male,Tier 1,Gangtok,Salaried,80616,791,0,1,School,Referral,2022-12-04
CUST004994,34,Male,Tier 3,Amaravati,Self Employed,41575,690,1,38,School,DSA Agent,2022-04-01
CUST004995,29,Female,Tier 1,Kulti,Salaried,144186,701,1,10,School,Social Media,2022-12-19
CUST004996,26,Female,Tier 3,Thane,Student,9927,443,0,0,Graduate,Organic,2023-04-21
CUST004997,31,Male,Tier 2,Kulti,Salaried,145070,727,0,19,School,Social Media,2023-04-18
CUST004998,27,Male,Tier 1,Madurai,Salaried,76476,712,0,8,Graduate,Social Media,2022-02-12
CUST004999,18,Female,Tier 2,Guntur,Student,1157,504,0,0,School,Organic,2022-08-29
CUST005000,25,Male,Tier 3,Bally,Gig Worker,23023,609,1,9,School,Social Media,2023-06-02
CUST005001,33,Female,Tier 1,Ramgarh,Gig Worker,12051,548,0,15,Postgraduate,Referral,2023-07-31
CUST005002,29,Female,Tier 3,Bhagalpur,Gig Worker,20976,540,0,7,School,Social Media,2023-05-27
CUST005003,25,Female,Tier 3,Kanpur,Student,0,545,0,0,Graduate,DSA Agent,2023-07-30
CUST005004,45,Male,Tier 3,Aligarh,Salaried,69050,819,1,11,Graduate,Organic,2022-05-17
CUST005005,19,Male,Tier 1,Tiruppur,Student,0,451,0,0,Graduate,Organic,2022-04-03
CUST005006,26,Male,Tier 1,Asansol,Salaried,112419,837,0,22,Postgraduate,Referral,2022-01-10
CUST005007,28,Male,Tier 2,Amravati,Self Employed,41694,708,0,32,Graduate,Organic,2023-07-04
CUST005008,21,Female,Tier 1,Anantapur,Student,0,434,0,0,Postgraduate,Organic,2022-04-17
CUST005009,26,Female,Tier 3,Burhanpur,Salaried,71164,784,0,2,Graduate,Social Media,2023-06-29
CUST005010,31,Male,Tier 2,Raiganj,Gig Worker,18050,522,0,5,Graduate,DSA Agent,2022-01-09
CUST005011,44,Male,Tier 2,Ulhasnagar,Salaried,86892,735,0,17,Professional,Social Media,2022-05-08
CUST005012,30,Male,Tier 2,Pali,Self Employed,61928,613,2,35,Postgraduate,DSA Agent,2023-01-21
CUST005013,22,Other,Tier 2,Maheshtala,Gig Worker,20012,504,1,18,Graduate,DSA Agent,2022-09-27
CUST005014,48,Male,Tier 1,Unnao,Self Employed,68517,634,0,22,Graduate,Organic,2023-02-11
CUST005015,34,Female,Tier 2,Panipat,Salaried,69565,802,1,16,Postgraduate,Organic,2023-02-06
CUST005016,44,Female,Tier 1,Dhanbad,Salaried,126385,834,0,25,Graduate,Organic,2023-09-01
CUST005017,33,Female,Tier 3,Delhi,Salaried,73695,707,1,9,Graduate,DSA Agent,2023-10-01
CUST005018,42,Female,Tier 1,Madhyamgram,Salaried,118530,838,0,16,Graduate,Social Media,2023-07-14
CUST005019,34,Male,Tier 3,Ghaziabad,Gig Worker,33162,635,0,13,School,DSA Agent,2022-07-21
CUST005020,21,Female,Tier 1,Berhampore,Student,0,538,0,0,Professional,Organic,2022-05-10
CUST005021,41,Male,Tier 3,Kurnool,Self Employed,61457,622,1,25,Postgraduate,Social Media,2022-10-16
CUST005022,28,Female,Tier 3,Bhubaneswar,Gig Worker,19049,580,0,19,Postgraduate,Organic,2022-04-09
CUST005023,54,Male,Tier 2,Ajmer,Business Owner,112399,627,0,31,Graduate,DSA Agent,2023-08-06
CUST005024,31,Female,Tier 2,Parbhani,Self Employed,25262,680,0,17,School,Organic,2023-08-30
CUST005025,32,Male,Tier 2,Purnia,Business Owner,45623,736,0,27,Postgraduate,DSA Agent,2023-11-10
CUST005026,24,Female,Tier 3,Bhalswa Jahangir Pur,Gig Worker,19563,518,0,1,Graduate,Social Media,2022-07-28
CUST005027,30,Male,Tier 1,Dharmavaram,Salaried,89556,709,0,26,Graduate,DSA Agent,2023-07-24
CUST005028,44,Female,Tier 1,Karnal,Salaried,52491,706,0,9,School,Referral,2023-11-20
CUST005029,46,Female,Tier 3,Rajahmundry,Self Employed,78878,559,0,16,Postgraduate,Social Media,2022-04-02
CUST005030,30,Male,Tier 3,Kollam,Salaried,107772,843,0,2,School,Organic,2023-08-23
CUST005031,34,Female,Tier 1,Morena,Salaried,64903,710,0,17,Graduate,Organic,2023-11-30
CUST005032,37,Female,Tier 3,Gopalpur,Gig Worker,25802,574,0,15,School,Organic,2022-01-23
CUST005033,33,Male,Tier 3,Nangloi Jat,Gig Worker,13055,561,3,14,Postgraduate,Social Media,2022-09-18
CUST005034,49,Female,Tier 3,Bahraich,Self Employed,52885,573,0,28,Graduate,Social Media,2023-09-19
CUST005035,33,Female,Tier 2,Pune,Salaried,51227,737,1,17,Graduate,Organic,2022-11-30
CUST005036,26,Female,Tier 3,Shivpuri,Gig Worker,32640,608,0,0,School,Referral,2022-07-31
CUST005037,33,Male,Tier 2,Muzaffarnagar,Self Employed,49704,581,0,26,Graduate,Organic,2023-02-11
CUST005038,50,Male,Tier 3,Bhubaneswar,Business Owner,57817,775,0,7,Graduate,DSA Agent,2022-02-19
CUST005039,47,Female,Tier 2,Uluberia,Self Employed,64829,700,2,39,Graduate,DSA Agent,2022-07-24
CUST005040,54,Male,Tier 2,Navi Mumbai,Business Owner,105342,636,0,33,Graduate,DSA Agent,2023-07-08
CUST005041,36,Female,Tier 1,Hazaribagh,Self Employed,90346,655,1,29,Graduate,Social Media,2023-03-24
CUST005042,29,Male,Tier 2,Sambhal,Gig Worker,23578,509,0,0,Graduate,Organic,2023-05-03
CUST005043,33,Male,Tier 2,Rajkot,Salaried,50966,845,0,23,Graduate,Social Media,2022-03-01
CUST005044,38,Female,Tier 1,New Delhi,Self Employed,35221,666,0,39,Graduate,Referral,2023-01-21
CUST005045,49,Female,Tier 3,Nizamabad,Self Employed,75072,734,0,39,Postgraduate,Organic,2022-12-20
CUST005046,42,Female,Tier 1,Miryalaguda,Self Employed,81018,670,0,23,Graduate,Referral,2023-02-01
CUST005047,33,Male,Tier 3,Mehsana,Gig Worker,23903,652,1,12,Graduate,Organic,2022-10-07
CUST005048,24,Male,Tier 3,Jalgaon,Gig Worker,33111,660,2,7,Graduate,Referral,2022-02-13
CUST005049,27,Male,Tier 2,Khammam,Salaried,102990,736,0,19,School,Organic,2023-01-24
CUST005050,37,Female,Tier 3,Tezpur,Gig Worker,15506,619,0,2,Professional,DSA Agent,2023-10-30
CUST005051,36,Female,Tier 2,Mumbai,Salaried,60571,735,0,21,Graduate,Social Media,2023-03-17
CUST005052,25,Female,Tier 3,Jammu,Student,0,474,0,0,Graduate,Social Media,2022-05-10
CUST005053,35,Male,Tier 2,Moradabad,Salaried,136950,778,0,9,School,Referral,2022-10-13
CUST005054,38,Female,Tier 2,Khandwa,Salaried,142940,757,0,26,Postgraduate,Social Media,2022-05-03
CUST005055,31,Male,Tier 3,Darbhanga,Gig Worker,13679,602,1,4,Postgraduate,Referral,2022-07-18
CUST005056,36,Female,Tier 2,Rewa,Self Employed,34191,675,0,30,Graduate,Social Media,2023-08-24
CUST005057,38,Male,Tier 2,Jalandhar,Gig Worker,17817,608,1,1,Graduate,Referral,2022-03-21
CUST005058,43,Female,Tier 2,Chittoor,Salaried,100313,808,0,12,Graduate,DSA Agent,2023-11-26
CUST005059,31,Male,Tier 2,Sambalpur,Gig Worker,24592,590,2,15,School,Referral,2023-03-22
CUST005060,34,Male,Tier 1,Ranchi,Salaried,129085,743,1,17,Graduate,Social Media,2023-06-08
CUST005061,36,Male,Tier 2,Raurkela Industrial Township,Business Owner,194355,696,0,35,Graduate,Social Media,2023-07-16
CUST005062,47,Male,Tier 2,New Delhi,Business Owner,97281,736,1,38,Graduate,DSA Agent,2022-03-31
CUST005063,24,Male,Tier 3,Kumbakonam,Gig Worker,24561,539,2,1,Graduate,Social Media,2022-06-27
CUST005064,43,Male,Tier 1,Chinsurah,Salaried,132585,752,0,8,Postgraduate,Referral,2023-07-30
CUST005065,38,Male,Tier 2,Solapur,Self Employed,87234,734,0,12,Graduate,Organic,2023-01-31
CUST005066,29,Female,Tier 1,Buxar,Salaried,74262,849,0,26,Graduate,DSA Agent,2022-01-02
CUST005067,23,Male,Tier 2,Ahmednagar,Gig Worker,29302,594,1,6,School,Social Media,2022-02-04
CUST005068,33,Female,Tier 1,Varanasi,Salaried,94418,752,0,30,Graduate,Organic,2023-10-29
CUST005069,50,Male,Tier 2,Bhind,Business Owner,42712,719,1,23,School,Organic,2023-11-02
CUST005070,25,Female,Tier 1,Deoghar,Salaried,71260,752,0,18,School,Organic,2022-01-10
CUST005071,35,Female,Tier 3,Kota,Gig Worker,16104,536,0,7,School,DSA Agent,2022-07-09
CUST005072,37,Male,Tier 3,Bhavnagar,Self Employed,45907,595,1,17,Graduate,Social Media,2022-02-05
CUST005073,30,Female,Tier 2,Kakinada,Gig Worker,29147,504,1,5,Graduate,DSA Agent,2023-01-02
CUST005074,39,Male,Tier 2,Uluberia,Salaried,57407,811,0,15,School,Social Media,2022-10-10
CUST005075,50,Female,Tier 2,Vadodara,Business Owner,133042,758,0,8,Postgraduate,DSA Agent,2022-10-25
CUST005076,38,Female,Tier 3,Hyderabad,Gig Worker,33083,621,2,2,Postgraduate,Referral,2023-12-16
CUST005077,29,Male,Tier 2,Jamshedpur,Self Employed,91047,733,0,38,Graduate,Organic,2022-04-27
CUST005078,28,Male,Tier 3,Giridih,Salaried,87634,786,1,4,School,Social Media,2022-05-20
CUST005079,25,Male,Tier 3,Bhagalpur,Gig Worker,14743,606,1,17,Graduate,DSA Agent,2023-12-25
CUST005080,36,Male,Tier 3,Mau,Gig Worker,31769,663,2,11,Postgraduate,Social Media,2023-10-29
CUST005081,31,Female,Tier 1,Pudukkottai,Salaried,101216,773,0,14,Graduate,Organic,2022-01-28
CUST005082,30,Male,Tier 2,Tiruchirappalli,Salaried,51416,716,0,19,Professional,Social Media,2023-03-06
CUST005083,19,Male,Tier 3,Khora ,Student,9369,573,0,0,Professional,DSA Agent,2023-09-16
CUST005084,39,Male,Tier 2,Varanasi,Salaried,81582,831,0,4,School,DSA Agent,2023-12-11
CUST005085,30,Male,Tier 1,Bally,Salaried,96314,781,1,8,Graduate,Organic,2023-07-09
CUST005086,34,Male,Tier 2,Chennai,Gig Worker,31545,586,1,0,Graduate,Social Media,2023-07-30
CUST005087,49,Female,Tier 3,Thrissur,Self Employed,84111,648,0,30,School,Organic,2023-05-25
CUST005088,31,Male,Tier 2,Bathinda,Salaried,79283,770,0,6,Postgraduate,DSA Agent,2022-11-22
CUST005089,30,Female,Tier 2,Hubli–Dharwad,Gig Worker,33607,645,0,2,Postgraduate,Social Media,2022-06-24
CUST005090,44,Male,Tier 3,Ramgarh,Salaried,110780,813,1,4,School,DSA Agent,2022-09-07
CUST005091,27,Male,Tier 1,Mumbai,Salaried,51202,745,1,10,School,Social Media,2022-07-12
CUST005092,45,Female,Tier 2,Karnal,Salaried,91793,743,0,29,School,DSA Agent,2022-11-20
CUST005093,24,Male,Tier 1,Bidhannagar,Student,4762,408,0,0,Graduate,DSA Agent,2023-12-13
CUST005094,37,Male,Tier 1,Indore,Salaried,62864,787,0,5,Graduate,Organic,2023-07-14
CUST005095,26,Female,Tier 1,Aurangabad,Salaried,53376,726,0,8,Graduate,Organic,2022-09-06
CUST005096,25,Female,Tier 3,Panipat,Gig Worker,22036,632,1,17,Graduate,Organic,2022-07-30
CUST005097,20,Male,Tier 1,Malegaon,Student,0,431,0,0,Graduate,Social Media,2023-10-04
CUST005098,27,Female,Tier 2,Muzaffarpur,Salaried,121728,784,0,13,Graduate,Organic,2022-03-02
CUST005099,29,Female,Tier 3,Mangalore,Gig Worker,17383,557,1,6,Postgraduate,DSA Agent,2023-03-20
CUST005100,37,Male,Tier 2,Bhagalpur,Salaried,54798,775,2,18,Graduate,Organic,2022-10-17
CUST005101,36,Male,Tier 1,Mira-Bhayandar,Gig Worker,30834,517,1,11,Graduate,Organic,2022-04-03
CUST005102,35,Male,Tier 2,Jaunpur,Gig Worker,12434,671,0,10,Graduate,Organic,2023-01-25
CUST005103,24,Male,Tier 2,Hospet,Gig Worker,21738,669,1,18,School,Social Media,2023-06-07
CUST005104,33,Female,Tier 2,Tadipatri,Salaried,94949,750,0,15,Graduate,Organic,2023-12-02
CUST005105,43,Female,Tier 1,Patna,Salaried,73106,736,0,12,School,Referral,2022-02-10
CUST005106,42,Female,Tier 3,Kurnool,Salaried,110875,804,0,18,Postgraduate,Organic,2022-05-20
CUST005107,38,Male,Tier 3,Dewas,Gig Worker,30884,524,1,19,Graduate,DSA Agent,2022-06-23
CUST005108,29,Male,Tier 1,Jamnagar,Salaried,82505,824,0,6,Graduate,Organic,2023-09-17
CUST005109,41,Female,Tier 3,Kozhikode,Self Employed,77469,662,0,6,School,Organic,2023-02-05
CUST005110,38,Male,Tier 2,Burhanpur,Business Owner,61826,743,0,33,Graduate,Social Media,2022-02-05
CUST005111,47,Female,Tier 3,Tirunelveli,Business Owner,98665,684,1,39,Graduate,Organic,2022-11-08
CUST005112,26,Female,Tier 2,Visakhapatnam,Student,0,466,0,0,School,DSA Agent,2022-02-23
CUST005113,31,Female,Tier 3,Bidar,Self Employed,59353,552,0,27,Graduate,Social Media,2023-11-13
CUST005114,29,Male,Tier 1,Guwahati,Self Employed,27579,724,0,1,Graduate,Social Media,2022-12-28
CUST005115,34,Male,Tier 2,Rajpur Sonarpur,Salaried,118858,724,1,4,Professional,Referral,2023-11-04
CUST005116,32,Female,Tier 2,Jamnagar,Self Employed,64169,713,0,16,Postgraduate,Referral,2022-08-08
CUST005117,29,Female,Tier 3,Moradabad,Gig Worker,25357,640,1,3,Graduate,Organic,2023-08-24
CUST005118,35,Female,Tier 3,Berhampur,Gig Worker,29197,635,0,0,Graduate,Referral,2023-10-19
CUST005119,41,Male,Tier 1,Shimoga,Self Employed,78109,738,0,20,Professional,Referral,2022-08-30
CUST005120,38,Female,Tier 1,Bidhannagar,Salaried,68698,847,0,6,Graduate,Organic,2022-09-12
CUST005121,45,Female,Tier 2,Hindupur,Salaried,121423,766,0,22,School,Referral,2022-03-09
CUST005122,30,Male,Tier 2,Sultan Pur Majra,Business Owner,58535,784,0,9,Graduate,DSA Agent,2023-03-06
CUST005123,41,Female,Tier 2,Malegaon,Salaried,71157,839,2,16,Postgraduate,Organic,2022-12-21
CUST005124,34,Female,Tier 2,Alwar,Gig Worker,13612,607,0,9,School,Organic,2022-01-07
CUST005125,33,Male,Tier 1,Bhilwara,Business Owner,113036,755,0,14,School,DSA Agent,2022-10-14
CUST005126,42,Male,Tier 2,Jaipur,Self Employed,61168,612,1,23,Graduate,Organic,2022-06-05
CUST005127,36,Female,Tier 2,Machilipatnam,Gig Worker,33438,676,1,13,School,Referral,2022-08-15
CUST005128,27,Male,Tier 3,Gandhinagar,Salaried,115558,779,0,26,Graduate,Social Media,2023-03-14
CUST005129,31,Female,Tier 1,Mysore,Salaried,67747,722,0,25,School,DSA Agent,2023-09-02
CUST005130,22,Male,Tier 3,Cuttack,Student,0,587,0,0,Graduate,DSA Agent,2022-08-25
CUST005131,32,Male,Tier 3,Berhampur,Gig Worker,25330,518,0,13,Graduate,Social Media,2023-07-29
CUST005132,36,Other,Tier 2,Karaikudi,Gig Worker,22635,512,1,17,Graduate,DSA Agent,2023-04-29
CUST005133,33,Female,Tier 2,Tenali,Salaried,135564,722,0,29,Graduate,Organic,2022-07-08
CUST005134,29,Male,Tier 2,Meerut,Salaried,89020,757,0,3,School,Social Media,2022-12-27
CUST005135,33,Female,Tier 2,Siwan,Business Owner,117262,667,0,7,School,Referral,2022-10-14
CUST005136,33,Male,Tier 2,Cuttack,Gig Worker,20918,507,0,17,Graduate,Social Media,2023-04-05
CUST005137,46,Male,Tier 3,Dhanbad,Self Employed,95244,732,0,3,Graduate,Referral,2023-01-19
CUST005138,28,Male,Tier 2,New Delhi,Salaried,101041,779,0,11,Postgraduate,Social Media,2023-08-24
CUST005139,33,Male,Tier 1,Sonipat,Self Employed,43696,714,1,6,Graduate,Organic,2023-08-26
CUST005140,46,Female,Tier 3,Rampur,Business Owner,147617,706,1,13,Postgraduate,Referral,2022-06-01
CUST005141,30,Female,Tier 2,Thoothukudi,Gig Worker,21936,548,0,1,School,Organic,2023-07-23
CUST005142,27,Other,Tier 2,Mangalore,Salaried,40069,745,0,23,Professional,Organic,2023-12-01
CUST005143,36,Female,Tier 2,Purnia,Gig Worker,29300,526,2,3,School,Organic,2023-03-01
CUST005144,42,Male,Tier 1,Tiruppur,Self Employed,26672,706,0,38,Graduate,Referral,2023-08-14
CUST005145,22,Female,Tier 2,Muzaffarnagar,Gig Worker,31553,557,0,16,Postgraduate,Organic,2023-09-11
CUST005146,25,Other,Tier 3,Kadapa,Student,9404,403,0,0,Graduate,Social Media,2022-07-10
CUST005147,41,Female,Tier 2,Mango,Self Employed,56912,658,0,26,Postgraduate,Organic,2022-04-27
CUST005148,22,Female,Tier 1,Bhusawal,Student,3866,578,0,0,Graduate,Referral,2022-01-05
CUST005149,35,Female,Tier 2,Pondicherry,Self Employed,77679,621,1,3,Postgraduate,Referral,2023-12-26
CUST005150,37,Male,Tier 1,Dehradun,Salaried,110766,790,2,26,Postgraduate,Social Media,2022-11-15
CUST005151,33,Female,Tier 1,Naihati,Salaried,74072,725,0,24,Graduate,Social Media,2022-01-19
CUST005152,31,Female,Tier 1,Patna,Salaried,117091,720,0,30,School,Social Media,2022-06-30
CUST005153,55,Female,Tier 3,Indore,Business Owner,64363,705,3,20,Graduate,Social Media,2023-02-25
CUST005154,47,Male,Tier 2,Ludhiana,Self Employed,38026,746,0,2,School,Organic,2022-09-27
CUST005155,39,Female,Tier 1,North Dumdum,Self Employed,70220,606,1,2,Graduate,Referral,2023-05-09
CUST005156,32,Female,Tier 2,Bhimavaram,Salaried,42564,718,0,19,Graduate,Referral,2023-10-15
CUST005157,34,Male,Tier 2,Gwalior,Salaried,88786,805,1,17,Graduate,Referral,2023-06-23
CUST005158,31,Female,Tier 2,Ongole,Self Employed,92551,574,2,25,Graduate,Organic,2023-11-13
CUST005159,33,Male,Tier 1,Bahraich,Gig Worker,28155,611,1,12,Postgraduate,Social Media,2022-01-08
CUST005160,25,Male,Tier 1,Howrah,Salaried,129011,734,0,15,Graduate,Social Media,2022-09-18
CUST005161,48,Male,Tier 2,Jalgaon,Self Employed,50183,636,0,13,Graduate,DSA Agent,2022-01-02
CUST005162,44,Female,Tier 3,Satara,Salaried,69993,842,0,28,Graduate,Referral,2023-08-13
CUST005163,45,Male,Tier 1,Raipur,Salaried,58208,701,0,1,Graduate,Social Media,2023-05-26
CUST005164,27,Female,Tier 2,Jalna,Gig Worker,32026,654,1,15,Postgraduate,DSA Agent,2022-10-20
CUST005165,45,Male,Tier 1,Kozhikode,Salaried,96746,803,0,4,Graduate,Organic,2023-10-22
CUST005166,52,Male,Tier 3,Bongaigaon,Business Owner,195992,690,0,37,Graduate,Social Media,2023-07-28
CUST005167,25,Male,Tier 1,Ghaziabad,Salaried,58825,814,1,22,Postgraduate,Social Media,2023-07-19
CUST005168,43,Male,Tier 2,Tumkur,Salaried,134395,783,1,17,Postgraduate,Social Media,2022-08-27
CUST005169,26,Female,Tier 2,Nagaon,Salaried,140577,811,0,16,Graduate,Social Media,2022-03-22
CUST005170,33,Female,Tier 2,Saharanpur,Self Employed,62189,665,1,1,Postgraduate,Referral,2022-06-09
CUST005171,22,Male,Tier 2,Tumkur,Gig Worker,21432,542,1,4,Postgraduate,Referral,2023-02-16
CUST005172,34,Male,Tier 3,Satara,Gig Worker,27653,562,0,6,Graduate,Referral,2022-07-04
CUST005173,36,Female,Tier 1,Nandyal,Salaried,113642,750,0,26,Graduate,Referral,2022-11-23
CUST005174,37,Male,Tier 2,Guna,Salaried,87257,796,0,14,Postgraduate,Referral,2023-01-18
CUST005175,27,Female,Tier 2,Bhind,Gig Worker,33131,528,0,8,Graduate,Organic,2022-02-16
CUST005176,18,Female,Tier 2,Varanasi,Student,0,438,0,0,Postgraduate,Referral,2022-04-21
CUST005177,26,Male,Tier 3,Delhi,Student,0,592,0,0,Graduate,Referral,2023-07-07
CUST005178,38,Male,Tier 1,Sambalpur,Salaried,71863,707,0,7,Graduate,Referral,2022-08-06
CUST005179,38,Female,Tier 2,Hapur,Gig Worker,13618,643,0,10,Postgraduate,Organic,2022-03-14
CUST005180,31,Male,Tier 3,Hubli–Dharwad,Business Owner,39909,668,0,13,Postgraduate,Organic,2022-02-04
CUST005181,34,Male,Tier 1,Hazaribagh,Gig Worker,27963,589,1,3,Postgraduate,Referral,2023-12-17
CUST005182,24,Male,Tier 1,Bettiah,Student,19857,438,0,0,Graduate,Social Media,2022-06-29
CUST005183,29,Female,Tier 1,Machilipatnam,Salaried,64213,729,2,30,Postgraduate,DSA Agent,2023-11-28
CUST005184,44,Female,Tier 2,Phusro,Business Owner,183497,733,0,5,Graduate,Organic,2023-10-19
CUST005185,38,Male,Tier 2,Noida,Self Employed,64967,730,1,27,Postgraduate,Organic,2023-02-08
CUST005186,42,Female,Tier 2,Jalgaon,Business Owner,186699,644,2,20,School,Organic,2022-11-17
CUST005187,50,Male,Tier 2,Sasaram,Self Employed,84496,747,0,4,Graduate,Organic,2023-06-29
CUST005188,30,Female,Tier 2,Pondicherry,Gig Worker,30932,630,1,16,Graduate,DSA Agent,2023-11-27
CUST005189,38,Male,Tier 1,Dhanbad,Business Owner,53096,752,1,29,Graduate,Social Media,2022-10-17
CUST005190,27,Female,Tier 1,Tirupati,Salaried,69324,820,0,15,Postgraduate,Social Media,2022-12-23
CUST005191,41,Other,Tier 1,Gangtok,Salaried,91906,773,0,17,School,Social Media,2023-08-04
CUST005192,49,Male,Tier 3,Kalyan-Dombivli,Self Employed,87799,738,0,10,Graduate,Referral,2022-03-07
CUST005193,34,Male,Tier 3,Nandyal,Self Employed,53850,725,0,38,Postgraduate,Social Media,2023-03-28
CUST005194,36,Male,Tier 3,Vellore,Business Owner,142169,650,0,29,Graduate,Referral,2022-03-16
CUST005195,25,Male,Tier 2,New Delhi,Salaried,112769,757,0,4,Postgraduate,Social Media,2023-01-28
CUST005196,31,Male,Tier 2,Madanapalle,Self Employed,65442,581,1,34,School,Organic,2022-04-14
CUST005197,42,Female,Tier 2,Tadipatri,Self Employed,92425,683,0,1,School,Social Media,2023-05-10
CUST005198,38,Female,Tier 2,Pune,Salaried,127998,780,1,4,School,Social Media,2023-09-29
CUST005199,29,Male,Tier 3,Cuttack,Gig Worker,22401,536,4,1,School,Organic,2022-11-03
CUST005200,30,Female,Tier 1,Ghaziabad,Salaried,56235,797,1,27,Professional,Organic,2022-02-28
CUST005201,41,Female,Tier 1,Nashik,Salaried,95440,755,0,5,School,Referral,2023-04-05
CUST005202,41,Female,Tier 2,Katni,Business Owner,30822,646,0,17,School,Social Media,2023-03-18
CUST005203,28,Male,Tier 1,Dehri,Self Employed,27062,653,0,21,School,Organic,2022-02-18
CUST005204,36,Male,Tier 3,Miryalaguda,Self Employed,42627,559,1,20,Graduate,Social Media,2022-12-04
CUST005205,41,Female,Tier 3,Bhilwara,Business Owner,146572,654,2,2,Graduate,Social Media,2023-05-30
CUST005206,36,Male,Tier 3,Belgaum,Gig Worker,20334,597,0,1,Postgraduate,Referral,2022-04-12
CUST005207,21,Female,Tier 2,Panchkula,Student,8855,570,0,0,Graduate,Social Media,2022-07-03
CUST005208,23,Female,Tier 3,Hazaribagh,Gig Worker,14947,535,0,18,School,Organic,2022-08-15
CUST005209,24,Male,Tier 2,Burhanpur,Student,0,450,0,0,Graduate,Organic,2022-07-22
CUST005210,28,Male,Tier 1,Dehri,Salaried,71489,716,0,23,Postgraduate,Organic,2023-10-23
CUST005211,43,Female,Tier 2,Silchar,Business Owner,169788,795,0,8,Postgraduate,Organic,2022-09-02
CUST005212,30,Female,Tier 1,Latur,Salaried,74531,761,0,9,Postgraduate,Social Media,2023-12-21
CUST005213,25,Female,Tier 2,Amritsar,Salaried,135932,770,0,16,Graduate,Social Media,2023-09-15
CUST005214,50,Male,Tier 3,Silchar,Self Employed,33442,706,0,21,Graduate,DSA Agent,2022-11-02
CUST005215,23,Female,Tier 2,Tirunelveli,Gig Worker,21080,510,0,5,School,Organic,2023-06-29
CUST005216,47,Female,Tier 2,Vellore,Self Employed,46316,674,0,9,Graduate,Social Media,2023-10-09
CUST005217,32,Female,Tier 2,Kozhikode,Gig Worker,28410,659,0,13,Graduate,Social Media,2023-07-26
CUST005218,35,Male,Tier 3,Latur,Self Employed,96000,643,1,25,School,Organic,2022-09-11
CUST005219,33,Male,Tier 1,Bikaner,Salaried,53436,747,0,19,Postgraduate,DSA Agent,2022-09-05
CUST005220,28,Male,Tier 2,Dehri,Salaried,45176,730,0,25,Graduate,Referral,2022-12-18
CUST005221,33,Female,Tier 1,Kakinada,Salaried,149229,780,0,15,Postgraduate,Organic,2022-07-31
CUST005222,22,Female,Tier 2,Tirupati,Gig Worker,17606,641,0,8,Graduate,Organic,2022-07-01
CUST005223,33,Other,Tier 1,Gwalior,Salaried,134329,829,1,12,Postgraduate,Organic,2022-02-28
CUST005224,28,Female,Tier 3,Thane,Gig Worker,32165,650,0,10,Postgraduate,Social Media,2022-06-07
CUST005225,38,Male,Tier 3,Jalna,Gig Worker,21872,663,0,18,School,Organic,2022-04-16
CUST005226,37,Male,Tier 3,Sangli-Miraj & Kupwad,Salaried,60331,718,0,1,School,Organic,2023-08-29
CUST005227,37,Male,Tier 1,Dindigul,Gig Worker,19941,580,0,11,Postgraduate,Social Media,2023-08-22
CUST005228,22,Male,Tier 1,Kalyan-Dombivli,Student,0,573,0,0,Graduate,Social Media,2023-03-31
CUST005229,41,Female,Tier 1,Sambhal,Salaried,90550,754,0,24,Graduate,Social Media,2022-03-26
CUST005230,28,Female,Tier 2,Arrah,Gig Worker,14434,667,0,19,School,Organic,2022-05-01
CUST005231,39,Male,Tier 1,Tinsukia,Self Employed,90371,626,1,36,Postgraduate,Referral,2022-03-24
CUST005232,28,Female,Tier 2,Durg,Gig Worker,18222,507,0,1,School,DSA Agent,2022-05-08
CUST005233,34,Female,Tier 2,Lucknow,Self Employed,23528,749,1,14,Postgraduate,DSA Agent,2022-12-16
CUST005234,23,Male,Tier 2,Nandyal,Gig Worker,25731,632,1,14,Graduate,Organic,2022-12-28
CUST005235,26,Male,Tier 3,Aizawl,Gig Worker,31210,573,1,3,Graduate,Social Media,2022-09-01
CUST005236,45,Male,Tier 1,Parbhani,Salaried,108800,809,2,22,Graduate,DSA Agent,2022-11-12
CUST005237,45,Male,Tier 3,Anand,Self Employed,23467,637,0,18,School,Organic,2022-04-04
CUST005238,28,Female,Tier 2,Kamarhati,Self Employed,32771,729,1,15,Graduate,Social Media,2023-02-21
CUST005239,27,Male,Tier 1,Arrah,Salaried,126086,801,0,13,Postgraduate,Referral,2022-10-06
CUST005240,35,Male,Tier 2,Miryalaguda,Gig Worker,15856,529,2,4,School,Organic,2023-08-22
CUST005241,52,Other,Tier 2,Bally,Business Owner,61466,797,0,27,School,Organic,2022-06-11
CUST005242,29,Female,Tier 3,Guntur,Gig Worker,24936,545,0,11,Postgraduate,Organic,2022-12-18
CUST005243,33,Male,Tier 2,Phagwara,Gig Worker,26834,605,0,1,Graduate,Social Media,2022-08-28
CUST005244,44,Female,Tier 2,Mau,Business Owner,104436,792,0,27,Postgraduate,Organic,2022-12-26
CUST005245,36,Male,Tier 1,Ramagundam,Self Employed,56825,564,2,2,School,Social Media,2022-07-25
CUST005246,28,Male,Tier 2,Jalna,Gig Worker,16905,580,0,4,Graduate,Organic,2023-10-25
CUST005247,34,Female,Tier 3,Kurnool,Self Employed,59083,638,0,7,Postgraduate,Referral,2022-04-04
CUST005248,26,Male,Tier 3,Dhule,Student,0,431,0,0,School,Social Media,2022-03-12
CUST005249,27,Female,Tier 2,Jammu,Gig Worker,19486,519,1,15,School,Organic,2022-05-03
CUST005250,34,Male,Tier 3,Dharmavaram,Gig Worker,27716,573,0,7,Graduate,Social Media,2023-09-20
CUST005251,33,Male,Tier 2,Bhilai,Gig Worker,26026,657,2,0,Postgraduate,Social Media,2023-06-17
CUST005252,30,Female,Tier 3,Korba,Business Owner,132889,732,1,6,Graduate,Organic,2022-08-25
CUST005253,41,Male,Tier 1,Kota,Self Employed,43924,605,0,26,Postgraduate,Social Media,2023-10-04
CUST005254,30,Female,Tier 1,Bareilly,Salaried,91803,831,1,3,School,DSA Agent,2023-07-02
CUST005255,19,Female,Tier 3,Hajipur,Student,19993,409,0,0,School,Organic,2023-06-26
CUST005256,38,Female,Tier 2,Amravati,Gig Worker,30273,515,0,4,Graduate,Referral,2023-04-14
CUST005257,44,Female,Tier 1,Medininagar,Salaried,64853,821,0,12,Postgraduate,Referral,2022-02-01
CUST005258,37,Male,Tier 3,New Delhi,Gig Worker,13023,679,0,0,Graduate,Social Media,2022-06-17
CUST005259,22,Female,Tier 2,Davanagere,Gig Worker,12385,513,1,4,Graduate,DSA Agent,2023-10-12
CUST005260,21,Female,Tier 2,Thrissur,Student,0,432,0,0,Graduate,Referral,2023-10-28
CUST005261,39,Female,Tier 1,Machilipatnam,Salaried,40393,829,0,30,Postgraduate,Organic,2022-09-12
CUST005262,23,Female,Tier 1,Kamarhati,Student,0,498,0,0,Graduate,Social Media,2022-04-26
CUST005263,28,Female,Tier 2,Vellore,Gig Worker,26973,621,0,15,Graduate,Organic,2022-03-12
CUST005264,38,Male,Tier 2,Solapur,Salaried,110099,735,0,15,Graduate,Organic,2023-07-07
CUST005265,38,Female,Tier 1,Pudukkottai,Business Owner,36511,651,2,5,Postgraduate,Organic,2022-07-12
CUST005266,24,Male,Tier 2,Khammam,Gig Worker,22109,611,0,0,Postgraduate,Referral,2022-10-04
CUST005267,37,Male,Tier 2,Bareilly,Salaried,64457,758,0,6,Graduate,Organic,2022-11-04
CUST005268,27,Female,Tier 3,Orai,Gig Worker,21554,675,0,3,Graduate,DSA Agent,2023-02-03
CUST005269,22,Male,Tier 3,Suryapet,Student,14224,472,0,0,Postgraduate,Organic,2022-02-08
CUST005270,33,Male,Tier 2,Hyderabad,Salaried,118588,704,0,21,Professional,Social Media,2023-06-10
CUST005271,39,Male,Tier 1,Dhule,Salaried,134591,790,0,16,School,Social Media,2022-08-21
CUST005272,38,Female,Tier 2,Ludhiana,Salaried,62021,727,0,10,Graduate,Social Media,2022-07-22
CUST005273,28,Male,Tier 1,Thanjavur,Salaried,89298,707,0,18,School,Organic,2023-09-29
CUST005274,28,Female,Tier 3,Gorakhpur,Self Employed,31948,587,0,2,Graduate,Organic,2022-05-16
CUST005275,24,Male,Tier 1,Kavali,Gig Worker,20078,558,0,10,Graduate,Social Media,2022-01-25
CUST005276,35,Female,Tier 1,Sambalpur,Salaried,51484,847,1,18,Professional,Referral,2022-11-11
CUST005277,26,Male,Tier 1,Thoothukudi,Salaried,137859,718,0,25,Postgraduate,Referral,2023-10-26
CUST005278,40,Female,Tier 1,Mehsana,Salaried,62810,815,0,21,Graduate,Social Media,2022-12-18
CUST005279,55,Male,Tier 3,Anantapuram,Business Owner,190749,715,0,15,School,DSA Agent,2023-03-08
CUST005280,43,Other,Tier 1,Vijayanagaram,Salaried,69591,786,1,4,Graduate,Referral,2023-08-05
CUST005281,45,Female,Tier 1,Udupi,Business Owner,148042,764,2,28,Graduate,DSA Agent,2023-03-04
CUST005282,24,Female,Tier 3,Katni,Gig Worker,15511,627,0,13,Graduate,Organic,2022-07-14
CUST005283,40,Female,Tier 1,Phagwara,Salaried,48522,803,1,20,Graduate,Organic,2022-03-15
CUST005284,18,Male,Tier 1,Guntur,Student,12013,453,0,0,Graduate,Referral,2022-12-25
CUST005285,29,Female,Tier 2,Solapur,Gig Worker,30247,657,1,3,Graduate,Organic,2022-03-21
CUST005286,40,Female,Tier 1,Mahbubnagar,Self Employed,68530,591,2,35,School,Social Media,2023-09-17
CUST005287,38,Female,Tier 2,Amravati,Business Owner,195024,702,1,35,Graduate,Social Media,2023-09-09
CUST005288,31,Female,Tier 1,Moradabad,Salaried,61788,765,1,29,School,Social Media,2022-04-19
CUST005289,35,Female,Tier 1,Kamarhati,Salaried,98609,771,0,1,School,Organic,2022-04-05
CUST005290,47,Other,Tier 2,Sikar,Self Employed,89111,667,0,7,Postgraduate,DSA Agent,2022-01-10
CUST005291,36,Male,Tier 1,Tiruvottiyur,Salaried,69821,708,0,23,School,Social Media,2022-02-17
CUST005292,28,Female,Tier 1,Dharmavaram,Salaried,137581,757,1,24,School,Referral,2023-10-07
CUST005293,40,Female,Tier 1,Vellore,Salaried,56015,814,0,15,Postgraduate,Referral,2023-08-30
CUST005294,40,Female,Tier 1,Tirunelveli,Salaried,144774,734,0,29,Professional,Organic,2022-06-22
CUST005295,42,Male,Tier 2,Thrissur,Self Employed,93583,583,0,35,Graduate,Social Media,2022-04-12
CUST005296,31,Female,Tier 1,Srinagar,Salaried,88064,764,0,1,Postgraduate,Organic,2022-06-03
CUST005297,35,Female,Tier 1,Bidhannagar,Gig Worker,22509,637,0,2,School,Organic,2023-10-02
CUST005298,32,Male,Tier 2,Thanjavur,Self Employed,60241,668,0,36,Graduate,Referral,2022-11-08
CUST005299,30,Female,Tier 3,Gurgaon,Gig Worker,29523,663,1,14,Graduate,Referral,2022-10-17
CUST005300,37,Male,Tier 1,Tiruchirappalli,Salaried,47177,750,0,20,Graduate,Organic,2023-06-18
CUST005301,32,Other,Tier 3,Vadodara,Self Employed,33689,616,1,15,Postgraduate,Referral,2023-05-05
CUST005302,29,Male,Tier 1,Bikaner,Salaried,64308,746,0,27,School,Organic,2023-12-30
CUST005303,41,Male,Tier 3,Kalyan-Dombivli,Self Employed,86024,628,1,14,Graduate,Referral,2023-05-16
CUST005304,26,Male,Tier 1,Jaipur,Student,0,478,0,0,Graduate,Referral,2022-03-07
CUST005305,26,Female,Tier 3,Patiala,Gig Worker,28109,508,0,2,Postgraduate,Referral,2023-03-29
CUST005306,36,Male,Tier 3,Tenali,Gig Worker,26501,632,0,3,School,Social Media,2023-04-01
CUST005307,38,Female,Tier 2,Raebareli,Gig Worker,30077,561,2,6,Graduate,Organic,2022-07-21
CUST005308,31,Female,Tier 2,Kadapa,Gig Worker,13124,525,2,10,Graduate,Organic,2023-12-14
CUST005309,26,Female,Tier 2,Bhiwandi,Student,0,543,0,0,Graduate,Organic,2023-09-24
CUST005310,20,Male,Tier 2,Purnia,Student,0,443,1,0,Graduate,DSA Agent,2022-02-28
CUST005311,25,Other,Tier 2,Kalyan-Dombivli,Salaried,125899,723,1,30,Professional,Organic,2022-01-17
CUST005312,41,Female,Tier 2,Pimpri-Chinchwad,Self Employed,33261,743,1,21,School,Organic,2022-02-20
CUST005313,45,Male,Tier 1,Karimnagar,Business Owner,37311,767,1,27,Postgraduate,DSA Agent,2022-06-03
CUST005314,31,Male,Tier 1,Sikar,Business Owner,82835,601,2,23,Graduate,Organic,2023-12-02
CUST005315,29,Male,Tier 3,Indore,Gig Worker,17658,537,0,11,Graduate,Referral,2023-05-17
CUST005316,27,Female,Tier 2,Jamnagar,Gig Worker,34149,652,2,15,Professional,Referral,2022-12-11
CUST005317,29,Male,Tier 1,Srinagar,Salaried,94418,816,0,16,Graduate,Referral,2023-09-21
CUST005318,39,Male,Tier 1,Rajpur Sonarpur,Business Owner,120777,651,1,38,Postgraduate,DSA Agent,2022-04-11
CUST005319,38,Female,Tier 1,Akola,Salaried,80089,746,0,24,School,Social Media,2022-03-13
CUST005320,38,Female,Tier 1,Rohtak,Gig Worker,33219,638,1,1,Graduate,Organic,2023-12-04
CUST005321,35,Female,Tier 1,Raurkela Industrial Township,Salaried,144692,781,0,23,Graduate,Organic,2023-10-21
CUST005322,26,Female,Tier 1,Chinsurah,Salaried,108461,774,0,7,Graduate,Organic,2023-10-07
CUST005323,25,Male,Tier 2,Junagadh,Gig Worker,20329,584,2,8,School,Social Media,2023-09-21
CUST005324,54,Female,Tier 2,Shivpuri,Business Owner,147616,623,2,13,Graduate,DSA Agent,2022-09-15
CUST005325,42,Male,Tier 1,Khandwa,Salaried,73690,782,0,8,Graduate,Social Media,2022-04-06
CUST005326,36,Female,Tier 2,Bhagalpur,Gig Worker,26054,599,0,17,Postgraduate,Social Media,2022-02-03
CUST005327,39,Female,Tier 3,Ramagundam,Salaried,43264,832,0,10,Graduate,DSA Agent,2022-12-25
CUST005328,38,Male,Tier 2,Bhiwandi,Salaried,127563,829,0,14,Graduate,Social Media,2022-02-09
CUST005329,31,Other,Tier 2,Avadi,Gig Worker,32322,566,1,13,Graduate,DSA Agent,2022-05-11
CUST005330,34,Female,Tier 3,Dehri,Gig Worker,34588,666,0,0,Graduate,DSA Agent,2023-12-19
CUST005331,37,Male,Tier 1,Jammu,Salaried,133054,801,1,23,Graduate,DSA Agent,2023-03-22
CUST005332,26,Female,Tier 2,Bihar Sharif,Salaried,148343,826,0,20,School,Referral,2022-12-03
CUST005333,43,Female,Tier 1,Morena,Salaried,143919,827,0,12,Professional,Social Media,2023-10-01
CUST005334,32,Female,Tier 1,Vellore,Salaried,140832,833,0,1,Postgraduate,Organic,2023-07-17
CUST005335,47,Female,Tier 2,Rajpur Sonarpur,Business Owner,38691,751,0,30,Professional,DSA Agent,2022-11-03
CUST005336,42,Female,Tier 3,Dindigul,Business Owner,117576,756,1,25,Graduate,Social Media,2023-01-21
CUST005337,41,Male,Tier 2,Meerut,Salaried,54419,721,0,7,Postgraduate,DSA Agent,2022-01-23
CUST005338,22,Male,Tier 3,Uluberia,Gig Worker,16473,617,0,17,Graduate,DSA Agent,2022-10-25
CUST005339,31,Male,Tier 2,Surat,Business Owner,140262,708,0,27,Graduate,Social Media,2023-06-15
CUST005340,39,Male,Tier 1,Guna,Salaried,58039,717,0,24,Professional,DSA Agent,2022-11-28
CUST005341,21,Female,Tier 1,Buxar,Student,0,423,0,0,School,Social Media,2022-05-15
CUST005342,42,Male,Tier 1,Ramagundam,Business Owner,182551,716,0,39,Graduate,Referral,2022-10-02
CUST005343,44,Male,Tier 1,Chapra,Salaried,127872,725,0,10,Graduate,Social Media,2022-06-16
CUST005344,45,Male,Tier 2,Pune,Salaried,122855,713,0,1,Graduate,DSA Agent,2023-12-07
CUST005345,53,Female,Tier 3,Rohtak,Business Owner,199600,693,0,38,Graduate,Social Media,2022-05-26
CUST005346,30,Female,Tier 3,Sambhal,Gig Worker,30074,676,0,16,Postgraduate,Organic,2022-08-02
CUST005347,38,Male,Tier 2,Chapra,Salaried,90932,799,1,21,Graduate,DSA Agent,2022-08-06
CUST005348,27,Female,Tier 3,Sagar,Salaried,87265,848,2,12,Graduate,Referral,2022-12-13
CUST005349,26,Male,Tier 3,Hubli–Dharwad,Gig Worker,25326,552,0,9,Postgraduate,Organic,2023-11-18
CUST005350,41,Female,Tier 2,Ulhasnagar,Self Employed,94617,684,0,11,School,Social Media,2022-04-26
CUST005351,32,Male,Tier 3,Adoni,Self Employed,39193,674,0,30,School,Referral,2022-01-27
CUST005352,32,Female,Tier 3,Jehanabad,Business Owner,188135,701,2,24,Postgraduate,Social Media,2023-04-22
CUST005353,41,Female,Tier 2,Siliguri,Salaried,144123,831,0,4,Postgraduate,DSA Agent,2023-04-26
CUST005354,32,Female,Tier 2,Buxar,Gig Worker,27157,579,1,2,Graduate,DSA Agent,2023-04-25
CUST005355,25,Male,Tier 2,Durg,Gig Worker,25298,567,1,8,School,DSA Agent,2022-07-10
CUST005356,37,Female,Tier 2,Orai,Gig Worker,12094,515,0,6,Graduate,Social Media,2023-05-18
CUST005357,27,Female,Tier 2,Jehanabad,Salaried,101765,714,1,11,Postgraduate,Social Media,2022-08-18
CUST005358,44,Female,Tier 2,Akola,Business Owner,127067,763,0,3,Graduate,Social Media,2023-01-23
CUST005359,21,Male,Tier 2,Moradabad,Student,16655,462,0,0,School,Social Media,2022-11-17
CUST005360,29,Male,Tier 3,Rajahmundry,Gig Worker,13443,659,2,12,School,Organic,2023-11-17
CUST005361,38,Female,Tier 3,Ajmer,Self Employed,43374,724,2,17,Postgraduate,Referral,2023-03-04
CUST005362,37,Male,Tier 1,Sambhal,Salaried,49445,716,0,29,Graduate,DSA Agent,2023-01-08
CUST005363,23,Male,Tier 2,Vellore,Gig Worker,17647,678,1,16,Professional,Social Media,2022-02-17
CUST005364,46,Male,Tier 3,Proddatur,Self Employed,91469,572,0,32,School,Organic,2022-03-10
CUST005365,38,Female,Tier 2,Bhatpara,Gig Worker,19653,656,0,1,School,Social Media,2022-08-06
CUST005366,32,Male,Tier 3,Kochi,Business Owner,104027,797,0,34,Graduate,Organic,2022-10-25
CUST005367,32,Female,Tier 2,Erode,Self Employed,24171,680,0,30,Graduate,DSA Agent,2022-04-17
CUST005368,31,Male,Tier 2,Mango,Gig Worker,14794,554,1,6,Professional,Organic,2022-11-22
CUST005369,31,Male,Tier 2,Thrissur,Self Employed,95591,612,1,21,Graduate,Organic,2022-06-04
CUST005370,42,Male,Tier 1,Kishanganj,Salaried,139523,787,0,9,Graduate,Social Media,2023-05-15
CUST005371,34,Male,Tier 2,Saharsa,Gig Worker,21290,596,0,16,Graduate,Organic,2023-11-19
CUST005372,25,Female,Tier 2,Anantapur,Salaried,116901,793,0,23,School,Social Media,2023-09-12
CUST005373,36,Female,Tier 2,Latur,Gig Worker,28533,669,4,13,Postgraduate,DSA Agent,2023-02-13
CUST005374,42,Female,Tier 3,Kishanganj,Self Employed,71353,638,0,1,Postgraduate,Organic,2022-07-13
CUST005375,30,Male,Tier 2,Anantapuram,Gig Worker,28192,524,0,1,Postgraduate,DSA Agent,2023-05-05
CUST005376,48,Female,Tier 3,Hapur,Self Employed,42411,557,3,14,Graduate,Social Media,2023-09-16
CUST005377,29,Female,Tier 3,Kochi,Gig Worker,12522,631,0,5,Professional,Organic,2023-02-27
CUST005378,31,Female,Tier 3,Buxar,Salaried,114143,704,0,22,Postgraduate,Social Media,2023-09-10
CUST005379,25,Female,Tier 1,Mau,Student,0,410,0,0,Graduate,Organic,2022-01-16
CUST005380,29,Male,Tier 1,Jamalpur,Salaried,49955,741,0,7,School,Social Media,2022-10-25
CUST005381,26,Female,Tier 3,Machilipatnam,Salaried,149114,816,0,25,Graduate,Organic,2023-08-31
CUST005382,27,Male,Tier 1,Tinsukia,Gig Worker,24034,523,0,11,Postgraduate,Social Media,2023-07-09
CUST005383,41,Male,Tier 1,Raebareli,Salaried,96791,769,0,15,Postgraduate,Referral,2022-10-06
CUST005384,45,Female,Tier 1,Tiruchirappalli,Salaried,65542,756,0,21,Graduate,Referral,2023-01-08
CUST005385,34,Female,Tier 2,Chapra,Self Employed,45597,552,1,14,Graduate,Organic,2023-02-27
CUST005386,25,Female,Tier 3,Hapur,Gig Worker,23032,503,1,8,Graduate,Organic,2023-08-30
CUST005387,24,Male,Tier 1,Srinagar,Gig Worker,24545,522,0,11,Graduate,Referral,2023-01-12
CUST005388,52,Male,Tier 3,Kanpur,Business Owner,197798,614,0,25,Graduate,Referral,2022-09-25
CUST005389,25,Male,Tier 3,Purnia,Gig Worker,22520,585,2,19,Postgraduate,Organic,2023-12-10
CUST005390,23,Female,Tier 3,Ulhasnagar,Student,0,456,1,0,School,Referral,2023-03-16
CUST005391,34,Male,Tier 1,Dehri,Salaried,42969,841,0,15,School,Referral,2023-01-26
CUST005392,34,Female,Tier 2,Aurangabad,Gig Worker,22697,593,1,2,School,Referral,2022-09-07
CUST005393,19,Male,Tier 3,Jamshedpur,Student,0,465,0,0,Graduate,Social Media,2022-10-29
CUST005394,32,Female,Tier 3,Nellore,Gig Worker,22442,569,0,5,Postgraduate,Referral,2022-07-30
CUST005395,32,Female,Tier 2,Silchar,Self Employed,77272,702,0,23,Graduate,Social Media,2022-05-20
CUST005396,29,Male,Tier 2,New Delhi,Gig Worker,22863,637,0,16,Graduate,Social Media,2022-01-21
CUST005397,28,Male,Tier 1,Danapur,Salaried,85697,780,0,9,School,Referral,2022-09-05
CUST005398,35,Female,Tier 3,Thane,Gig Worker,22636,573,0,17,School,Referral,2023-04-09
CUST005399,35,Female,Tier 3,Dehradun,Gig Worker,27857,577,1,18,Postgraduate,Social Media,2022-06-20
CUST005400,21,Female,Tier 3,Rajahmundry,Student,0,591,0,0,School,Social Media,2022-01-23
CUST005401,33,Female,Tier 2,Chennai,Salaried,69589,809,2,8,Postgraduate,Social Media,2023-11-27
CUST005402,39,Male,Tier 2,Ghaziabad,Business Owner,62992,687,1,35,Postgraduate,Organic,2023-09-22
CUST005403,35,Female,Tier 2,Pali,Business Owner,110024,685,0,6,Postgraduate,Organic,2023-08-28
CUST005404,45,Male,Tier 1,Pimpri-Chinchwad,Salaried,145268,804,0,15,Graduate,Organic,2022-08-07
CUST005405,35,Female,Tier 3,Munger,Salaried,40832,783,1,7,School,Organic,2022-02-15
CUST005406,18,Male,Tier 2,Aurangabad,Student,0,600,0,0,Graduate,Organic,2023-09-21
CUST005407,52,Female,Tier 1,Nellore,Business Owner,144650,789,1,7,School,Social Media,2023-01-02
CUST005408,37,Male,Tier 2,Indore,Gig Worker,27204,545,0,0,Graduate,DSA Agent,2023-02-16
CUST005409,36,Male,Tier 2,Amritsar,Salaried,135272,772,0,15,Graduate,Organic,2022-10-05
CUST005410,35,Male,Tier 2,Dehri,Gig Worker,13396,506,0,1,Postgraduate,Organic,2023-08-19
CUST005411,42,Female,Tier 2,Pudukkottai,Self Employed,25586,554,0,23,Graduate,Social Media,2023-03-30
CUST005412,36,Female,Tier 1,Jodhpur,Salaried,144451,780,1,23,Graduate,Social Media,2022-06-30
CUST005413,41,Female,Tier 3,Medininagar,Self Employed,45473,637,0,10,Graduate,DSA Agent,2022-05-04
CUST005414,42,Male,Tier 2,Pondicherry,Salaried,67818,795,0,1,Professional,Referral,2022-03-19
CUST005415,28,Female,Tier 1,Malda,Salaried,128740,758,0,23,Postgraduate,Organic,2022-07-12
CUST005416,22,Female,Tier 2,Belgaum,Gig Worker,29576,550,1,2,Graduate,Referral,2023-05-26
CUST005417,23,Male,Tier 2,Ballia,Gig Worker,27296,608,0,11,Postgraduate,Organic,2022-07-07
CUST005418,33,Male,Tier 2,Bulandshahr,Salaried,123962,710,1,12,Postgraduate,Referral,2022-07-27
CUST005419,22,Female,Tier 2,Dhanbad,Gig Worker,21520,582,2,17,Postgraduate,Organic,2023-02-19
CUST005420,32,Male,Tier 1,Muzaffarnagar,Salaried,104060,782,0,13,Postgraduate,Organic,2023-09-27
CUST005421,43,Male,Tier 1,Gopalpur,Salaried,60664,829,0,6,Postgraduate,Organic,2023-09-07
CUST005422,37,Female,Tier 2,Shimla,Salaried,93796,819,1,25,Graduate,Social Media,2023-12-14
CUST005423,51,Male,Tier 1,Mango,Business Owner,109852,681,0,2,Professional,Social Media,2023-07-27
CUST005424,32,Female,Tier 3,Katni,Gig Worker,16192,584,1,13,Graduate,Organic,2022-02-13
CUST005425,27,Female,Tier 2,Howrah,Gig Worker,15578,676,0,4,School,DSA Agent,2023-08-17
CUST005426,36,Female,Tier 3,Kolhapur,Gig Worker,12699,596,1,12,Graduate,Social Media,2022-06-20
CUST005427,43,Female,Tier 3,Bulandshahr,Business Owner,169740,746,0,27,Graduate,Social Media,2023-03-24
CUST005428,26,Male,Tier 3,Kavali,Salaried,128054,836,1,14,Graduate,Social Media,2023-10-20
CUST005429,30,Female,Tier 3,Hapur,Self Employed,55409,727,0,6,School,DSA Agent,2023-09-12
CUST005430,32,Male,Tier 3,Miryalaguda,Self Employed,48357,711,1,34,Graduate,Social Media,2022-10-29
CUST005431,39,Female,Tier 2,Pallavaram,Self Employed,76841,679,1,19,Graduate,DSA Agent,2022-10-03
CUST005432,43,Other,Tier 2,Yamunanagar,Salaried,109513,758,0,25,Professional,Referral,2023-12-28
CUST005433,47,Female,Tier 2,Nanded,Self Employed,80811,612,0,15,Graduate,Organic,2023-10-14
CUST005434,38,Female,Tier 2,Firozabad,Salaried,84022,804,0,24,Postgraduate,DSA Agent,2023-10-19
CUST005435,33,Male,Tier 3,Sikar,Gig Worker,31589,537,0,15,Graduate,Organic,2022-05-15
CUST005436,41,Male,Tier 3,Jabalpur,Self Employed,80956,551,0,11,Graduate,Organic,2022-05-17
CUST005437,29,Female,Tier 2,Davanagere,Salaried,51705,787,0,2,School,Organic,2022-07-03
CUST005438,20,Male,Tier 1,Malda,Student,0,424,0,0,Graduate,Organic,2023-04-06
CUST005439,34,Female,Tier 1,Hubli–Dharwad,Salaried,54880,807,0,30,Postgraduate,Social Media,2022-09-05
CUST005440,21,Male,Tier 3,Satara,Student,4078,435,0,0,School,Social Media,2023-09-19
CUST005441,26,Female,Tier 3,Tirunelveli,Gig Worker,22510,569,0,3,School,Social Media,2023-07-28
CUST005442,41,Male,Tier 2,Hapur,Salaried,56580,701,1,11,Postgraduate,Social Media,2023-06-26
CUST005443,44,Female,Tier 1,Moradabad,Salaried,121021,748,1,20,Graduate,Social Media,2022-10-06
CUST005444,38,Female,Tier 2,Tinsukia,Business Owner,74347,726,0,29,Graduate,DSA Agent,2023-12-11
CUST005445,40,Male,Tier 1,Madhyamgram,Salaried,137232,835,0,8,Postgraduate,Social Media,2023-04-05
CUST005446,41,Male,Tier 1,Kurnool,Salaried,118827,714,1,27,Graduate,Social Media,2022-01-22
CUST005447,25,Male,Tier 1,Kota,Salaried,64671,756,1,15,Postgraduate,Social Media,2023-07-01
CUST005448,32,Male,Tier 2,Madanapalle,Self Employed,47764,641,0,32,Graduate,Social Media,2023-06-29
CUST005449,33,Male,Tier 2,Mumbai,Gig Worker,19421,562,0,18,School,DSA Agent,2022-10-01
CUST005450,45,Male,Tier 1,Gorakhpur,Salaried,106184,793,0,9,Postgraduate,Organic,2023-03-17
CUST005451,39,Female,Tier 1,Bhusawal,Salaried,58171,724,0,10,Graduate,Organic,2023-03-14
CUST005452,41,Male,Tier 1,Anand,Salaried,107367,756,0,14,Graduate,Social Media,2022-04-21
CUST005453,35,Other,Tier 2,Mira-Bhayandar,Salaried,126186,815,0,16,Professional,DSA Agent,2023-03-14
CUST005454,35,Female,Tier 2,Shimla,Gig Worker,32854,603,0,11,Postgraduate,DSA Agent,2022-05-27
CUST005455,31,Male,Tier 2,Gandhinagar,Self Employed,68750,684,0,19,School,Organic,2023-10-12
CUST005456,29,Male,Tier 2,Jhansi,Salaried,55446,771,1,22,Postgraduate,Organic,2023-09-22
CUST005457,35,Female,Tier 2,Sultan Pur Majra,Gig Worker,25357,504,2,11,Postgraduate,DSA Agent,2023-11-16
CUST005458,26,Male,Tier 2,Bongaigaon,Gig Worker,12073,511,1,15,Graduate,Organic,2023-01-18
CUST005459,47,Female,Tier 2,Aizawl,Business Owner,186649,663,0,28,Graduate,Social Media,2023-02-26
CUST005460,37,Female,Tier 3,Guntakal,Business Owner,105623,796,0,5,Graduate,Organic,2022-08-29
CUST005461,25,Male,Tier 3,Gulbarga,Student,0,596,0,0,Graduate,Social Media,2022-05-17
CUST005462,28,Female,Tier 2,Nashik,Salaried,130776,709,0,30,Graduate,DSA Agent,2023-01-16
CUST005463,45,Male,Tier 1,Tenali,Salaried,114780,742,0,24,Graduate,Social Media,2022-01-30
CUST005464,33,Male,Tier 2,Sasaram,Salaried,85166,812,0,5,Professional,DSA Agent,2022-03-12
CUST005465,40,Female,Tier 1,Bareilly,Salaried,92647,806,2,23,School,Social Media,2022-02-13
CUST005466,24,Female,Tier 2,Bally,Gig Worker,12325,589,0,5,Professional,Referral,2022-06-30
CUST005467,48,Female,Tier 2,Meerut,Self Employed,28595,674,0,35,Postgraduate,Organic,2023-04-13
CUST005468,20,Female,Tier 1,Bidhannagar,Student,15658,579,0,0,Postgraduate,Social Media,2022-06-19
CUST005469,22,Female,Tier 2,Chandrapur,Student,0,582,0,0,Graduate,Referral,2022-01-16
CUST005470,27,Female,Tier 3,Sikar,Gig Worker,12663,653,0,16,School,Referral,2023-02-13
CUST005471,43,Male,Tier 3,Deoghar,Self Employed,80451,671,0,9,Graduate,Organic,2023-01-07
CUST005472,36,Female,Tier 2,Ajmer,Salaried,76836,803,0,18,Postgraduate,DSA Agent,2022-01-01
CUST005473,42,Female,Tier 1,Panchkula,Salaried,64913,802,0,8,Graduate,Social Media,2022-09-15
CUST005474,34,Male,Tier 1,Gaya,Self Employed,75922,560,1,35,School,Organic,2023-12-14
CUST005475,27,Female,Tier 2,Kanpur,Salaried,59321,741,0,6,School,Referral,2023-04-23
CUST005476,30,Male,Tier 3,Tiruchirappalli,Gig Worker,23593,597,0,0,School,Social Media,2022-06-06
CUST005477,39,Female,Tier 1,Giridih,Salaried,53495,819,1,29,Graduate,Social Media,2023-09-19
CUST005478,30,Female,Tier 2,Kota,Self Employed,30236,661,1,6,Professional,Referral,2022-04-12
CUST005479,49,Female,Tier 2,Bhilwara,Self Employed,61287,630,0,24,Postgraduate,Organic,2022-09-22
CUST005480,42,Male,Tier 2,Tirunelveli,Salaried,57850,769,0,29,School,Social Media,2023-07-11
CUST005481,18,Female,Tier 2,Pallavaram,Student,2236,522,0,0,Postgraduate,DSA Agent,2022-05-18
CUST005482,36,Male,Tier 2,Muzaffarpur,Salaried,65125,702,1,3,Graduate,Social Media,2023-12-15
CUST005483,28,Female,Tier 2,Ahmednagar,Gig Worker,16294,641,1,16,Graduate,Social Media,2023-09-16
CUST005484,31,Female,Tier 2,Raipur,Self Employed,83468,739,0,3,Graduate,Organic,2023-10-18
CUST005485,47,Female,Tier 2,Tinsukia,Self Employed,88376,684,0,13,Graduate,Organic,2023-11-06
CUST005486,35,Female,Tier 3,Alappuzha,Business Owner,131930,645,0,26,Postgraduate,Social Media,2022-09-09
CUST005487,37,Female,Tier 2,Sonipat,Salaried,104850,802,0,22,Professional,Referral,2022-02-16
CUST005488,49,Male,Tier 2,Chapra,Self Employed,68353,746,1,27,School,DSA Agent,2022-01-18
CUST005489,33,Male,Tier 3,Lucknow,Self Employed,22926,613,1,21,School,DSA Agent,2022-04-25
CUST005490,44,Female,Tier 2,Giridih,Business Owner,159548,797,2,27,School,Social Media,2023-04-01
CUST005491,25,Female,Tier 1,Sambhal,Salaried,101348,801,0,30,Graduate,Referral,2023-07-02
CUST005492,30,Male,Tier 2,Malda,Self Employed,26346,702,1,38,Professional,Social Media,2023-12-14
CUST005493,23,Female,Tier 2,Ghaziabad,Gig Worker,30582,543,0,16,Professional,Social Media,2022-04-21
CUST005494,28,Male,Tier 1,Mehsana,Salaried,93197,802,0,29,Graduate,DSA Agent,2023-08-25
CUST005495,31,Male,Tier 2,Machilipatnam,Gig Worker,26011,637,1,11,Graduate,Referral,2022-03-28
CUST005496,32,Female,Tier 3,Kanpur,Salaried,47736,820,0,10,Graduate,DSA Agent,2023-10-20
CUST005497,33,Male,Tier 3,Delhi,Gig Worker,16521,565,1,5,School,Referral,2023-02-13
CUST005498,21,Male,Tier 2,Panvel,Student,0,522,0,0,Graduate,Referral,2023-10-31
CUST005499,23,Male,Tier 3,Guwahati,Gig Worker,27024,649,1,4,School,Social Media,2022-10-11
CUST005500,28,Female,Tier 2,Bokaro,Self Employed,48488,727,1,31,School,Organic,2022-02-26
CUST005501,34,Other,Tier 2,Karnal,Gig Worker,20522,540,1,3,Postgraduate,Social Media,2022-10-18
CUST005502,43,Female,Tier 1,Kozhikode,Salaried,63004,791,0,30,School,Social Media,2023-07-02
CUST005503,45,Male,Tier 3,Singrauli,Salaried,89750,732,1,30,Postgraduate,Social Media,2023-05-30
CUST005504,29,Female,Tier 2,Kanpur,Gig Worker,34150,587,1,7,Postgraduate,Organic,2022-11-04
CUST005505,45,Female,Tier 1,Panvel,Salaried,130146,710,0,2,School,Organic,2023-04-01
CUST005506,29,Female,Tier 3,Vasai-Virar,Salaried,112836,815,0,8,Graduate,Organic,2022-03-20
CUST005507,28,Female,Tier 2,Machilipatnam,Gig Worker,17933,520,2,12,Graduate,Referral,2022-09-19
CUST005508,35,Male,Tier 3,Srinagar,Salaried,103001,808,0,8,School,DSA Agent,2022-08-23
CUST005509,41,Male,Tier 2,Srinagar,Salaried,112177,739,1,16,Postgraduate,DSA Agent,2022-09-08
CUST005510,24,Male,Tier 2,Khammam,Gig Worker,23071,642,1,9,Postgraduate,Referral,2022-04-16
CUST005511,41,Male,Tier 1,Sirsa,Salaried,53266,848,0,10,Graduate,DSA Agent,2022-05-03
CUST005512,43,Female,Tier 3,Proddatur,Business Owner,182039,699,0,3,Postgraduate,Organic,2023-07-23
CUST005513,19,Female,Tier 2,Noida,Student,0,422,0,0,Graduate,Organic,2022-12-06
CUST005514,30,Female,Tier 3,Narasaraopet,Self Employed,53395,618,0,13,Graduate,Organic,2023-09-08
CUST005515,26,Male,Tier 1,Bongaigaon,Salaried,85452,795,0,23,Graduate,Social Media,2023-05-12
CUST005516,35,Male,Tier 2,Kozhikode,Self Employed,79777,576,2,3,Postgraduate,DSA Agent,2023-01-14
CUST005517,21,Male,Tier 3,Agra,Student,6189,413,0,0,Postgraduate,DSA Agent,2023-05-20
CUST005518,43,Male,Tier 2,Visakhapatnam,Self Employed,36466,648,1,18,Postgraduate,Referral,2022-09-04
CUST005519,25,Male,Tier 3,Hosur,Salaried,100341,839,0,8,Postgraduate,Referral,2022-05-16
CUST005520,49,Female,Tier 2,Khora ,Self Employed,25515,616,1,25,Graduate,Social Media,2023-07-04
CUST005521,22,Male,Tier 1,Guna,Student,6420,551,0,0,Graduate,Organic,2023-03-13
CUST005522,29,Other,Tier 2,Bikaner,Gig Worker,24033,609,2,9,Graduate,Social Media,2023-06-23
CUST005523,34,Male,Tier 3,Medininagar,Self Employed,59044,629,0,37,School,Social Media,2023-11-22
CUST005524,22,Female,Tier 3,Phagwara,Gig Worker,34491,563,1,11,Graduate,Organic,2023-12-23
CUST005525,36,Female,Tier 2,Guwahati,Gig Worker,31860,595,1,13,Graduate,Social Media,2023-04-22
CUST005526,28,Male,Tier 2,Sri Ganganagar,Salaried,125832,777,0,17,Professional,Social Media,2023-09-04
CUST005527,45,Female,Tier 3,Bongaigaon,Self Employed,47064,655,0,37,School,Referral,2022-10-05
CUST005528,33,Female,Tier 1,Vadodara,Salaried,49628,812,0,18,Graduate,Referral,2022-06-23
CUST005529,22,Female,Tier 3,Mysore,Gig Worker,31968,523,0,9,Postgraduate,Social Media,2023-06-01
CUST005530,26,Female,Tier 1,Mangalore,Salaried,105047,755,0,5,Postgraduate,DSA Agent,2023-04-03
CUST005531,33,Male,Tier 2,Tinsukia,Gig Worker,24003,637,0,16,School,Referral,2023-09-25
CUST005532,27,Female,Tier 2,Sultan Pur Majra,Salaried,86242,831,1,12,School,Social Media,2022-05-17
CUST005533,36,Female,Tier 2,Morena,Self Employed,58026,552,0,36,Graduate,Social Media,2022-10-21
CUST005534,30,Male,Tier 1,Panvel,Self Employed,53611,561,0,32,Postgraduate,Social Media,2022-08-27
CUST005535,30,Male,Tier 2,Indore,Salaried,82095,846,0,15,Postgraduate,Social Media,2023-07-25
CUST005536,37,Female,Tier 2,Panipat,Salaried,111933,706,0,24,Graduate,Social Media,2023-06-19
CUST005537,39,Male,Tier 2,Solapur,Salaried,97110,749,0,19,Graduate,Social Media,2022-08-17
CUST005538,20,Female,Tier 2,Surendranagar Dudhrej,Student,0,542,0,0,Graduate,Social Media,2022-04-09
CUST005539,32,Female,Tier 3,Phagwara,Gig Worker,22410,595,1,2,Graduate,Organic,2022-05-19
CUST005540,37,Female,Tier 3,Yamunanagar,Gig Worker,34264,551,0,18,Graduate,Referral,2023-07-21
CUST005541,35,Male,Tier 3,Ramgarh,Salaried,45935,788,0,27,Graduate,Organic,2022-01-02
CUST005542,45,Male,Tier 3,Dibrugarh,Self Employed,71113,657,0,35,Graduate,Social Media,2023-06-30
CUST005543,23,Male,Tier 3,Jamnagar,Student,0,435,0,0,School,Organic,2023-03-21
CUST005544,19,Female,Tier 2,Imphal,Student,0,508,0,0,Postgraduate,Social Media,2022-11-01
CUST005545,43,Female,Tier 2,Kumbakonam,Self Employed,40151,667,1,26,Professional,Social Media,2023-10-23
CUST005546,34,Female,Tier 1,Katihar,Salaried,71592,836,0,13,Graduate,Referral,2023-08-22
CUST005547,27,Female,Tier 1,Loni,Salaried,64982,787,0,29,Graduate,Social Media,2023-03-17
CUST005548,44,Male,Tier 1,Silchar,Salaried,59053,761,0,16,Graduate,Social Media,2022-01-26
CUST005549,33,Male,Tier 3,Patiala,Salaried,47790,768,0,24,Graduate,Social Media,2022-05-22
CUST005550,34,Female,Tier 1,Faridabad,Salaried,115427,735,0,24,Graduate,Organic,2023-04-13
CUST005551,45,Female,Tier 1,Ludhiana,Salaried,71452,828,0,26,Graduate,Referral,2022-09-05
CUST005552,25,Male,Tier 2,Pali,Gig Worker,20609,550,1,3,Graduate,Social Media,2023-12-17
CUST005553,44,Male,Tier 3,Udupi,Business Owner,35186,649,1,36,School,Referral,2023-09-21
CUST005554,48,Male,Tier 3,Sirsa,Self Employed,77868,571,1,5,Professional,Social Media,2023-04-20
CUST005555,22,Male,Tier 3,Ludhiana,Student,0,441,0,0,Graduate,Referral,2022-06-21
CUST005556,28,Female,Tier 2,Rourkela,Self Employed,88678,734,0,10,Postgraduate,DSA Agent,2023-05-12
CUST005557,36,Female,Tier 1,Hosur,Salaried,98252,843,0,2,Postgraduate,Organic,2023-03-16
CUST005558,48,Female,Tier 2,Tiruvottiyur,Self Employed,83006,604,0,28,Graduate,Social Media,2022-03-22
CUST005559,32,Female,Tier 1,Agartala,Salaried,130848,831,0,23,Postgraduate,Social Media,2023-12-29
CUST005560,47,Female,Tier 2,South Dumdum,Self Employed,44287,655,0,2,Graduate,Social Media,2023-01-21
CUST005561,45,Female,Tier 2,Jaunpur,Salaried,100698,778,0,21,Professional,Organic,2022-04-20
CUST005562,49,Male,Tier 3,Thiruvananthapuram,Business Owner,39953,712,1,12,Postgraduate,Organic,2022-09-15
CUST005563,45,Female,Tier 2,Nagercoil,Salaried,147584,758,0,12,School,Organic,2023-08-02
CUST005564,45,Male,Tier 2,Gaya,Salaried,113841,812,0,17,Professional,Organic,2022-03-02
CUST005565,35,Male,Tier 1,Guntur,Business Owner,110128,759,1,30,Graduate,DSA Agent,2022-07-04
CUST005566,41,Male,Tier 1,Katni,Salaried,44747,835,2,18,Graduate,Referral,2022-09-27
CUST005567,43,Female,Tier 1,Jammu,Self Employed,80384,651,1,23,Postgraduate,DSA Agent,2022-09-06
CUST005568,39,Male,Tier 2,Mau,Self Employed,74023,591,0,17,Graduate,Referral,2022-05-11
CUST005569,21,Male,Tier 1,Dehradun,Student,0,538,0,0,Professional,Social Media,2023-05-10
CUST005570,51,Male,Tier 2,Vijayawada,Business Owner,174259,756,3,6,School,DSA Agent,2023-11-19
CUST005571,41,Female,Tier 2,Gaya,Business Owner,193983,649,0,12,Graduate,Referral,2022-03-10
CUST005572,29,Female,Tier 3,Karawal Nagar,Salaried,106607,733,0,21,Postgraduate,Referral,2023-10-01
CUST005573,22,Female,Tier 3,Tiruvottiyur,Student,0,578,0,0,Graduate,Social Media,2023-07-05
CUST005574,33,Male,Tier 1,Rourkela,Self Employed,46903,699,2,10,Postgraduate,Referral,2023-06-05
CUST005575,48,Male,Tier 2,Sambhal,Self Employed,25878,597,1,14,School,DSA Agent,2023-05-12
CUST005576,32,Female,Tier 1,Korba,Salaried,64034,818,0,22,Postgraduate,DSA Agent,2023-07-21
CUST005577,36,Male,Tier 2,Bettiah,Self Employed,83651,578,0,4,School,Organic,2023-11-20
CUST005578,39,Female,Tier 1,Kota,Business Owner,64492,720,2,9,Postgraduate,Organic,2022-09-18
CUST005579,48,Female,Tier 2,Dibrugarh,Business Owner,183155,668,0,37,School,Organic,2022-12-13
CUST005580,23,Female,Tier 3,Karaikudi,Gig Worker,33447,546,0,3,Graduate,Referral,2022-01-09
CUST005581,42,Female,Tier 2,Uluberia,Salaried,94683,711,0,28,Graduate,Organic,2022-07-25
CUST005582,24,Male,Tier 2,Indore,Gig Worker,34966,537,1,19,Postgraduate,Referral,2022-06-12
CUST005583,26,Male,Tier 1,Kadapa,Student,0,572,0,0,Postgraduate,Organic,2022-07-13
CUST005584,48,Female,Tier 2,Kharagpur,Self Employed,62325,626,3,37,Graduate,Social Media,2023-06-23
CUST005585,25,Male,Tier 2,Pune,Gig Worker,24253,622,1,1,Graduate,Organic,2022-02-22
CUST005586,35,Male,Tier 1,Morbi,Salaried,111591,775,0,4,Graduate,Organic,2022-09-30
CUST005587,33,Male,Tier 2,Bhilwara,Gig Worker,13558,564,1,2,Postgraduate,Organic,2022-07-19
CUST005588,22,Male,Tier 2,Chennai,Gig Worker,14187,500,1,10,School,Referral,2023-09-04
CUST005589,37,Male,Tier 3,Farrukhabad,Business Owner,81756,698,0,9,Postgraduate,DSA Agent,2022-03-25
CUST005590,40,Male,Tier 2,Anand,Self Employed,96716,616,0,25,Postgraduate,Organic,2023-07-14
CUST005591,34,Female,Tier 1,Gorakhpur,Salaried,138237,791,0,2,School,Social Media,2022-01-01
CUST005592,24,Female,Tier 1,Khora ,Gig Worker,20846,635,0,7,Graduate,Organic,2022-02-07
CUST005593,39,Female,Tier 1,Dehradun,Salaried,125011,776,0,26,Postgraduate,Referral,2022-10-27
CUST005594,34,Female,Tier 1,Davanagere,Business Owner,110074,758,0,35,Postgraduate,Referral,2022-12-07
CUST005595,25,Male,Tier 3,Amaravati,Gig Worker,22584,550,1,0,Graduate,Referral,2023-07-24
CUST005596,27,Male,Tier 2,Agartala,Gig Worker,26624,544,0,5,Graduate,Organic,2022-11-22
CUST005597,38,Male,Tier 1,Chandigarh,Gig Worker,26593,605,1,18,Graduate,Social Media,2022-05-10
CUST005598,39,Female,Tier 3,Bhagalpur,Self Employed,36677,741,0,37,School,Organic,2023-11-19
CUST005599,40,Female,Tier 3,Aizawl,Self Employed,64870,580,0,30,Graduate,Organic,2022-11-18
CUST005600,45,Male,Tier 2,Anantapur,Self Employed,44574,647,0,27,Postgraduate,Organic,2023-01-18
CUST005601,30,Male,Tier 2,Malda,Salaried,101316,741,2,30,Postgraduate,DSA Agent,2023-11-16
CUST005602,43,Other,Tier 2,Khammam,Salaried,81673,743,0,2,Graduate,DSA Agent,2022-10-22
CUST005603,41,Female,Tier 1,Panihati,Salaried,149118,794,0,28,Graduate,Organic,2022-09-30
CUST005604,46,Female,Tier 2,Thrissur,Self Employed,42529,673,0,23,Postgraduate,Social Media,2023-03-01
CUST005605,34,Male,Tier 1,Ambarnath,Salaried,68386,790,0,26,Graduate,DSA Agent,2022-10-19
CUST005606,29,Male,Tier 3,Gurgaon,Gig Worker,34156,667,0,19,School,Organic,2022-03-20
CUST005607,23,Female,Tier 3,Loni,Student,0,510,1,0,Postgraduate,Referral,2023-10-06
CUST005608,24,Female,Tier 1,Patiala,Student,8943,412,1,0,Graduate,Organic,2023-01-08
CUST005609,37,Female,Tier 3,Sultan Pur Majra,Gig Worker,30013,662,1,18,Graduate,Social Media,2023-09-05
CUST005610,27,Female,Tier 2,Ranchi,Gig Worker,24718,633,1,17,Graduate,Organic,2023-11-03
CUST005611,29,Female,Tier 2,Udupi,Salaried,89364,755,0,26,School,Social Media,2023-03-25
CUST005612,46,Female,Tier 1,Jalgaon,Self Employed,60681,743,0,32,Graduate,Referral,2023-05-21
CUST005613,25,Male,Tier 2,Anantapuram,Student,0,566,0,0,Graduate,Organic,2023-08-12
CUST005614,40,Male,Tier 1,Vadodara,Salaried,140072,731,0,18,School,Social Media,2023-06-18
CUST005615,29,Female,Tier 2,Belgaum,Gig Worker,17905,563,1,0,Graduate,Organic,2022-06-25
CUST005616,26,Male,Tier 2,Yamunanagar,Student,0,565,1,0,Graduate,Referral,2022-05-07
CUST005617,22,Female,Tier 2,Gudivada,Student,0,488,0,0,Graduate,Social Media,2022-12-17
CUST005618,36,Female,Tier 1,Kishanganj,Salaried,40483,736,0,1,Graduate,Organic,2022-02-27
CUST005619,25,Other,Tier 2,Mahbubnagar,Gig Worker,28699,656,1,11,Graduate,Organic,2023-09-13
CUST005620,45,Male,Tier 1,Morena,Salaried,49805,818,0,7,Graduate,Social Media,2023-10-19
CUST005621,29,Male,Tier 2,Darbhanga,Salaried,106344,703,1,2,Professional,Organic,2022-01-26
CUST005622,39,Female,Tier 2,Bikaner,Business Owner,70369,740,2,8,Graduate,DSA Agent,2022-08-18
CUST005623,25,Female,Tier 1,Kottayam,Student,0,541,0,0,Postgraduate,DSA Agent,2022-01-16
CUST005624,46,Female,Tier 1,Rewa,Self Employed,69350,632,0,33,Professional,Organic,2022-09-05
CUST005625,45,Male,Tier 1,Durgapur,Salaried,57714,821,0,17,Graduate,DSA Agent,2022-07-22
CUST005626,19,Male,Tier 3,Proddatur,Student,0,414,0,0,Graduate,Social Media,2022-03-23
CUST005627,30,Female,Tier 2,Erode,Gig Worker,29728,519,1,8,School,DSA Agent,2022-02-27
CUST005628,25,Female,Tier 3,Anantapur,Salaried,45269,761,0,29,Graduate,Social Media,2022-09-23
CUST005629,29,Female,Tier 3,Hospet,Gig Worker,18154,660,1,5,Professional,DSA Agent,2022-05-13
CUST005630,26,Male,Tier 1,Parbhani,Salaried,60936,712,0,16,Postgraduate,Social Media,2023-11-21
CUST005631,33,Male,Tier 2,Rourkela,Self Employed,78147,697,2,1,Graduate,DSA Agent,2022-10-19
CUST005632,22,Male,Tier 2,Kumbakonam,Gig Worker,16722,545,0,17,Graduate,DSA Agent,2022-05-05
CUST005633,29,Other,Tier 1,Sasaram,Salaried,136360,728,1,9,Graduate,Social Media,2023-07-23
CUST005634,43,Female,Tier 1,Parbhani,Salaried,126903,780,0,28,Graduate,Social Media,2022-02-28
CUST005635,39,Male,Tier 2,Giridih,Salaried,76404,741,0,28,Graduate,Social Media,2023-03-01
CUST005636,25,Male,Tier 1,Bharatpur,Salaried,49670,776,0,2,Postgraduate,Referral,2023-11-29
CUST005637,25,Female,Tier 2,Srikakulam,Gig Worker,17113,680,0,7,Graduate,Social Media,2022-03-14
CUST005638,26,Male,Tier 2,Mangalore,Student,0,491,0,0,Postgraduate,Social Media,2022-09-20
CUST005639,35,Female,Tier 2,Avadi,Salaried,146310,816,0,30,Graduate,DSA Agent,2023-04-07
CUST005640,42,Female,Tier 1,Gwalior,Salaried,119916,701,0,2,Graduate,DSA Agent,2023-04-22
CUST005641,31,Male,Tier 3,Thoothukudi,Gig Worker,14606,501,0,19,Postgraduate,Social Media,2023-11-25
CUST005642,19,Male,Tier 2,Bhavnagar,Student,2316,485,0,0,Graduate,Organic,2023-01-10
CUST005643,27,Female,Tier 1,Thane,Salaried,145022,707,0,23,Graduate,Referral,2023-07-02
CUST005644,33,Male,Tier 2,Bhatpara,Salaried,144682,789,1,8,School,Organic,2022-01-25
CUST005645,29,Male,Tier 3,Serampore,Gig Worker,12639,603,2,19,Graduate,Organic,2022-12-02
CUST005646,28,Female,Tier 2,Dharmavaram,Salaried,129538,845,0,27,Graduate,Social Media,2023-05-23
CUST005647,37,Female,Tier 1,Srinagar,Salaried,121386,732,0,30,Graduate,Organic,2022-05-09
CUST005648,43,Female,Tier 2,Mira-Bhayandar,Self Employed,83163,599,0,2,Postgraduate,Social Media,2023-04-17
CUST005649,34,Male,Tier 3,Anantapur,Self Employed,53303,618,0,8,School,Organic,2023-11-23
CUST005650,24,Male,Tier 2,Coimbatore,Gig Worker,25410,565,0,5,Graduate,Referral,2022-12-04
CUST005651,34,Male,Tier 2,Kolkata,Self Employed,82254,713,0,2,Postgraduate,Social Media,2022-05-03
CUST005652,50,Male,Tier 1,Mau,Self Employed,20025,697,0,29,Postgraduate,Organic,2022-02-11
CUST005653,33,Female,Tier 2,Visakhapatnam,Salaried,149523,764,0,25,Graduate,Organic,2022-03-20
CUST005654,33,Male,Tier 3,Khandwa,Gig Worker,28980,551,0,13,School,Organic,2022-09-15
CUST005655,27,Female,Tier 2,Salem,Salaried,101938,726,1,9,Postgraduate,Organic,2022-06-09
CUST005656,40,Male,Tier 1,Avadi,Salaried,53163,739,0,28,Postgraduate,Organic,2022-05-28
CUST005657,46,Male,Tier 3,Saharsa,Self Employed,60422,633,0,24,Graduate,Social Media,2022-11-14
CUST005658,22,Other,Tier 1,Kharagpur,Student,0,505,0,0,Graduate,Social Media,2023-06-26
CUST005659,40,Male,Tier 3,Asansol,Business Owner,148530,791,0,30,Postgraduate,Referral,2023-03-07
CUST005660,43,Male,Tier 1,Korba,Self Employed,57528,701,1,6,Graduate,Social Media,2023-07-15
CUST005661,32,Male,Tier 1,Sultan Pur Majra,Salaried,112892,822,0,21,Graduate,Social Media,2023-12-20
CUST005662,31,Male,Tier 1,Jalna,Salaried,94892,795,0,12,Postgraduate,Organic,2023-07-21
CUST005663,23,Female,Tier 3,Jalgaon,Student,0,535,0,0,School,Social Media,2023-02-24
CUST005664,30,Male,Tier 3,Bikaner,Gig Worker,20920,620,1,7,School,Referral,2022-07-26
CUST005665,44,Female,Tier 1,Kottayam,Self Employed,41514,613,1,8,School,Social Media,2023-05-29
CUST005666,49,Female,Tier 2,Arrah,Self Employed,85590,625,1,3,Graduate,Social Media,2022-08-07
CUST005667,46,Female,Tier 3,Bhagalpur,Self Employed,95240,565,1,5,Graduate,Social Media,2022-08-19
CUST005668,21,Male,Tier 2,Hajipur,Student,5834,558,0,0,Graduate,Organic,2022-07-04
CUST005669,41,Female,Tier 1,Malegaon,Salaried,74588,825,0,23,Graduate,Organic,2022-03-16
CUST005670,43,Male,Tier 2,Guntur,Self Employed,56018,629,0,33,Graduate,Organic,2022-02-08
CUST005671,25,Female,Tier 3,Rajkot,Student,1993,562,0,0,Graduate,Organic,2022-11-02
CUST005672,40,Female,Tier 2,Kollam,Salaried,136910,795,0,2,Professional,Organic,2023-03-21
CUST005673,43,Male,Tier 2,Chennai,Self Employed,79922,563,3,34,Graduate,Referral,2023-03-03
CUST005674,45,Female,Tier 1,Tiruchirappalli,Salaried,99162,836,0,8,Graduate,Organic,2023-10-15
CUST005675,49,Female,Tier 2,Burhanpur,Business Owner,185035,765,0,16,Graduate,Referral,2023-01-17
CUST005676,42,Female,Tier 1,Mysore,Salaried,93752,731,0,8,Graduate,Referral,2022-04-30
CUST005677,24,Male,Tier 2,Vijayanagaram,Gig Worker,26938,501,0,8,Graduate,Organic,2022-02-12
CUST005678,40,Female,Tier 1,Unnao,Salaried,120295,835,0,4,Postgraduate,Referral,2022-10-08
CUST005679,46,Female,Tier 3,Kurnool,Self Employed,76440,684,0,1,Graduate,Social Media,2022-01-03
CUST005680,39,Male,Tier 3,Hapur,Salaried,130329,782,0,9,Postgraduate,Organic,2022-11-29
CUST005681,26,Female,Tier 2,Katihar,Salaried,138219,764,1,22,Postgraduate,Social Media,2022-03-10
CUST005682,25,Male,Tier 3,Chittoor,Gig Worker,24790,627,0,0,School,Referral,2022-08-17
CUST005683,43,Male,Tier 3,Kadapa,Business Owner,42151,612,1,10,Postgraduate,DSA Agent,2023-10-02
CUST005684,44,Female,Tier 1,Sirsa,Salaried,51303,735,0,18,Postgraduate,Social Media,2023-05-30
CUST005685,28,Female,Tier 1,Bokaro,Salaried,41909,806,1,21,School,Social Media,2023-05-01
CUST005686,42,Female,Tier 2,Nangloi Jat,Self Employed,92075,642,1,1,Postgraduate,Social Media,2023-04-12
CUST005687,27,Female,Tier 2,Pondicherry,Gig Worker,15059,549,1,9,School,Social Media,2023-01-09
CUST005688,43,Male,Tier 3,Mirzapur,Business Owner,197828,664,2,32,Graduate,Organic,2022-06-05
CUST005689,29,Male,Tier 1,Karawal Nagar,Salaried,140795,829,0,2,Graduate,Social Media,2022-03-17
CUST005690,30,Female,Tier 3,Nadiad,Self Employed,58247,633,1,37,Graduate,Social Media,2022-01-20
CUST005691,31,Male,Tier 2,Aurangabad,Salaried,104300,791,0,8,Postgraduate,Referral,2022-06-10
CUST005692,39,Female,Tier 1,Anantapur,Salaried,148782,770,1,10,Postgraduate,Organic,2022-05-13
CUST005693,42,Female,Tier 2,Tadipatri,Self Employed,52439,693,2,27,Postgraduate,Organic,2023-05-11
CUST005694,30,Male,Tier 3,Sasaram,Gig Worker,22838,632,0,6,Postgraduate,DSA Agent,2022-08-15
CUST005695,43,Male,Tier 3,Eluru,Self Employed,99518,584,0,34,Graduate,Organic,2022-03-05
CUST005696,41,Female,Tier 3,Kota,Salaried,44573,828,0,9,Postgraduate,DSA Agent,2023-01-03
CUST005697,23,Female,Tier 3,Meerut,Gig Worker,19375,625,1,7,Graduate,Organic,2023-10-18
CUST005698,23,Female,Tier 2,Gandhidham,Gig Worker,15594,551,0,9,Graduate,Social Media,2022-03-31
CUST005699,31,Female,Tier 3,Nandyal,Business Owner,127056,791,1,15,Postgraduate,Social Media,2022-08-28
CUST005700,34,Female,Tier 1,Rajkot,Salaried,45633,819,0,11,Graduate,Social Media,2023-09-02
CUST005701,44,Male,Tier 2,Thrissur,Salaried,137955,734,0,10,Graduate,Referral,2022-11-05
CUST005702,24,Male,Tier 3,Mango,Gig Worker,14912,508,1,12,Graduate,Referral,2023-01-01
CUST005703,24,Male,Tier 3,Buxar,Gig Worker,17612,636,0,7,School,DSA Agent,2023-01-15
CUST005704,33,Male,Tier 2,Bhopal,Salaried,70887,827,0,27,Graduate,Referral,2023-11-27
CUST005705,55,Male,Tier 2,South Dumdum,Business Owner,87403,622,1,28,Graduate,Social Media,2023-05-29
CUST005706,40,Male,Tier 2,Bhatpara,Salaried,119914,761,0,26,Postgraduate,Organic,2022-07-25
CUST005707,20,Male,Tier 2,Bulandshahr,Student,6980,596,0,0,Graduate,Social Media,2022-03-12
CUST005708,27,Male,Tier 1,Salem,Salaried,144310,773,0,11,Professional,Social Media,2023-05-14
CUST005709,47,Female,Tier 3,Khammam,Self Employed,25826,730,1,27,Postgraduate,Social Media,2023-02-27
CUST005710,46,Female,Tier 3,Avadi,Business Owner,30738,780,3,12,Graduate,Social Media,2022-10-29
CUST005711,33,Male,Tier 2,Begusarai,Salaried,99877,770,0,12,Graduate,Organic,2022-05-24
CUST005712,44,Female,Tier 3,Patiala,Business Owner,145164,654,0,10,School,DSA Agent,2022-10-16
CUST005713,27,Male,Tier 3,Anantapur,Gig Worker,21156,638,0,3,Postgraduate,Organic,2023-11-19
CUST005714,52,Female,Tier 3,Sambalpur,Business Owner,75472,644,0,21,Postgraduate,Organic,2022-10-24
CUST005715,32,Male,Tier 2,Imphal,Self Employed,75521,698,0,7,Postgraduate,Social Media,2022-10-14
CUST005716,32,Female,Tier 1,Shimoga,Salaried,115171,774,0,24,Graduate,DSA Agent,2022-05-25
CUST005717,31,Male,Tier 1,Bhilai,Salaried,43369,797,0,27,Graduate,Organic,2022-12-13
CUST005718,41,Female,Tier 2,Madhyamgram,Salaried,68489,849,0,12,Postgraduate,Referral,2022-02-04
CUST005719,29,Male,Tier 3,Muzaffarnagar,Salaried,135489,835,0,18,Graduate,Organic,2022-07-24
CUST005720,31,Female,Tier 2,Singrauli,Salaried,120984,838,1,24,Graduate,Organic,2022-12-08
CUST005721,37,Male,Tier 1,Shahjahanpur,Salaried,115662,805,0,14,School,DSA Agent,2022-12-28
CUST005722,22,Male,Tier 3,Aurangabad,Gig Worker,12971,603,0,13,Graduate,DSA Agent,2022-07-24
CUST005723,46,Female,Tier 2,Bhilwara,Self Employed,80917,606,1,26,Graduate,Organic,2022-06-25
CUST005724,42,Male,Tier 2,Gangtok,Salaried,42326,782,1,27,Graduate,DSA Agent,2023-10-13
CUST005725,38,Female,Tier 1,Phagwara,Salaried,131212,703,0,23,Professional,Social Media,2022-07-28
CUST005726,37,Male,Tier 3,Bokaro,Self Employed,57625,656,0,30,School,Organic,2023-03-15
CUST005727,42,Male,Tier 1,Mahbubnagar,Salaried,94429,704,1,13,School,Referral,2022-02-17
CUST005728,27,Female,Tier 2,Delhi,Salaried,140043,724,0,20,Graduate,Referral,2022-04-28
CUST005729,41,Male,Tier 1,Aurangabad,Salaried,83188,826,0,5,Professional,Social Media,2023-08-08
CUST005730,55,Male,Tier 3,Gandhidham,Business Owner,61181,733,0,20,Graduate,DSA Agent,2023-06-25
CUST005731,22,Female,Tier 1,Nanded,Student,0,458,0,0,Graduate,Social Media,2023-06-03
CUST005732,36,Female,Tier 1,Bathinda,Gig Worker,29964,662,0,7,Graduate,Organic,2022-03-17
CUST005733,40,Female,Tier 2,Kavali,Self Employed,57600,594,3,33,Graduate,Referral,2022-03-08
CUST005734,32,Male,Tier 3,Hajipur,Gig Worker,32687,636,0,19,School,Referral,2023-06-03
CUST005735,42,Female,Tier 2,Gorakhpur,Self Employed,81418,637,0,26,School,Social Media,2022-09-25
CUST005736,39,Male,Tier 3,Pallavaram,Self Employed,81950,718,1,19,Graduate,DSA Agent,2023-09-20
CUST005737,44,Male,Tier 2,Durgapur,Self Employed,88714,636,2,2,Postgraduate,Social Media,2023-02-25
CUST005738,43,Female,Tier 3,Bikaner,Salaried,80856,806,1,30,Graduate,Referral,2022-11-18
CUST005739,31,Male,Tier 1,Bhopal,Salaried,84012,796,0,27,Graduate,DSA Agent,2023-08-11
CUST005740,31,Male,Tier 3,Guntur,Gig Worker,20869,507,0,18,Graduate,Organic,2023-04-04
CUST005741,19,Male,Tier 2,Sikar,Student,0,416,2,0,School,Social Media,2022-06-26
CUST005742,25,Female,Tier 3,Motihari,Gig Worker,15973,568,1,9,Graduate,Organic,2023-03-06
CUST005743,20,Female,Tier 3,Malegaon,Student,5431,409,0,0,Postgraduate,Social Media,2022-02-17
CUST005744,32,Female,Tier 2,Varanasi,Business Owner,43079,786,0,22,Postgraduate,Social Media,2023-10-16
CUST005745,45,Male,Tier 1,Begusarai,Salaried,107942,778,0,5,Graduate,Referral,2022-10-28
CUST005746,42,Female,Tier 1,Medininagar,Self Employed,92690,571,0,8,Postgraduate,Social Media,2023-09-28
CUST005747,31,Female,Tier 2,Kadapa,Self Employed,33598,602,1,24,Graduate,Social Media,2023-02-10
CUST005748,32,Male,Tier 2,Karnal,Business Owner,80750,682,0,26,Postgraduate,Referral,2022-11-22
CUST005749,32,Male,Tier 3,Serampore,Business Owner,66310,760,0,20,Graduate,DSA Agent,2023-02-20
CUST005750,42,Male,Tier 2,Udaipur,Self Employed,56193,714,0,3,Postgraduate,Social Media,2023-06-18
CUST005751,28,Male,Tier 2,Deoghar,Salaried,98474,828,0,22,Postgraduate,Organic,2023-11-05
CUST005752,44,Female,Tier 1,Ghaziabad,Self Employed,45693,727,0,32,Graduate,Social Media,2023-12-29
CUST005753,39,Male,Tier 2,Panihati,Salaried,55998,709,1,12,Graduate,DSA Agent,2023-01-04
CUST005754,38,Male,Tier 2,Alwar,Self Employed,84915,603,0,15,Graduate,Organic,2023-03-21
CUST005755,55,Female,Tier 3,Noida,Business Owner,55117,670,0,39,School,Social Media,2023-11-16
CUST005756,35,Female,Tier 3,Jodhpur,Gig Worker,26330,593,0,7,Graduate,Social Media,2022-07-03
CUST005757,50,Female,Tier 3,Bhubaneswar,Self Employed,92006,746,0,32,Postgraduate,DSA Agent,2023-01-05
CUST005758,23,Male,Tier 1,Jabalpur,Gig Worker,34717,654,0,6,Postgraduate,Social Media,2022-08-21
CUST005759,34,Male,Tier 2,Ujjain,Gig Worker,26112,565,2,8,School,Social Media,2022-03-03
CUST005760,32,Male,Tier 1,Aurangabad,Salaried,56668,767,0,19,Graduate,Organic,2022-11-03
CUST005761,50,Male,Tier 1,Lucknow,Self Employed,69227,735,3,22,Graduate,Social Media,2023-12-03
CUST005762,32,Male,Tier 3,Gangtok,Business Owner,119265,775,1,15,School,Social Media,2023-10-26
CUST005763,47,Female,Tier 1,Dharmavaram,Business Owner,76268,765,1,8,Graduate,Organic,2023-07-09
CUST005764,40,Male,Tier 1,Nagpur,Salaried,67532,792,0,6,Postgraduate,Social Media,2022-01-27
CUST005765,25,Male,Tier 2,Avadi,Student,10653,582,1,0,Graduate,Referral,2023-01-25
CUST005766,42,Male,Tier 1,Morena,Self Employed,24458,663,1,26,Graduate,Organic,2023-03-20
CUST005767,25,Female,Tier 2,Sasaram,Salaried,60924,828,0,18,Professional,Organic,2023-12-01
CUST005768,40,Female,Tier 1,Howrah,Salaried,79403,700,1,19,Graduate,Organic,2023-02-06
CUST005769,26,Female,Tier 1,Kolkata,Salaried,137089,798,1,30,Graduate,Referral,2023-09-14
CUST005770,35,Male,Tier 2,Nandyal,Business Owner,162966,624,0,20,Graduate,Referral,2023-03-20
CUST005771,47,Male,Tier 3,Bhagalpur,Self Employed,22061,681,0,33,School,DSA Agent,2023-06-11
CUST005772,48,Male,Tier 2,Tiruchirappalli,Self Employed,71997,704,1,13,Graduate,DSA Agent,2023-04-27
CUST005773,26,Male,Tier 2,Ulhasnagar,Salaried,128038,772,0,23,Postgraduate,Social Media,2022-04-25
CUST005774,34,Female,Tier 1,Nashik,Self Employed,56263,715,1,39,Postgraduate,Social Media,2022-04-04
CUST005775,32,Other,Tier 1,Saharanpur,Salaried,105535,748,0,27,Postgraduate,DSA Agent,2023-08-12
CUST005776,37,Female,Tier 3,Dhule,Gig Worker,33158,554,0,10,School,Organic,2022-12-15
CUST005777,40,Female,Tier 3,Kochi,Self Employed,70946,685,0,15,Graduate,Organic,2022-05-15
CUST005778,36,Female,Tier 3,Alappuzha,Salaried,122248,715,1,26,Postgraduate,Social Media,2022-05-10
CUST005779,22,Male,Tier 3,Kolhapur,Student,0,459,0,0,Postgraduate,Organic,2022-06-14
CUST005780,35,Other,Tier 2,Raipur,Salaried,65355,820,0,30,Graduate,Social Media,2023-09-20
CUST005781,49,Male,Tier 2,Bhiwandi,Self Employed,77509,702,0,24,Graduate,Social Media,2022-05-30
CUST005782,33,Female,Tier 3,Eluru,Gig Worker,27496,583,1,15,School,Social Media,2022-04-09
CUST005783,26,Male,Tier 2,Vasai-Virar,Gig Worker,25859,604,0,19,Graduate,Referral,2022-02-03
CUST005784,30,Male,Tier 3,Bokaro,Salaried,129009,711,1,7,Professional,Social Media,2022-11-25
CUST005785,43,Female,Tier 1,Jamshedpur,Salaried,74263,766,0,18,Graduate,Referral,2022-03-02
CUST005786,43,Male,Tier 2,Amroha,Business Owner,88084,717,0,23,Professional,Social Media,2023-06-15
CUST005787,42,Male,Tier 3,Tiruvottiyur,Salaried,145090,795,1,24,School,Social Media,2022-12-05
CUST005788,20,Male,Tier 1,Kulti,Student,0,504,0,0,Professional,Referral,2022-06-06
CUST005789,55,Male,Tier 3,Kakinada,Business Owner,190815,642,0,13,Graduate,Organic,2023-10-01
CUST005790,29,Female,Tier 1,Durg,Salaried,95529,755,1,21,School,Referral,2023-05-03
CUST005791,39,Female,Tier 1,Chinsurah,Salaried,137999,783,0,10,School,DSA Agent,2022-04-25
CUST005792,40,Male,Tier 2,Naihati,Self Employed,35855,560,2,38,Graduate,Organic,2023-10-10
CUST005793,32,Male,Tier 3,Jorhat,Business Owner,54531,661,2,24,Graduate,Social Media,2023-04-08
CUST005794,30,Female,Tier 2,Mangalore,Business Owner,50264,708,0,9,School,Social Media,2022-07-20
CUST005795,24,Male,Tier 2,Barasat,Gig Worker,34383,675,2,7,Postgraduate,Referral,2022-09-06
CUST005796,47,Male,Tier 2,Jalgaon,Self Employed,21311,636,0,32,Graduate,Organic,2023-12-09
CUST005797,32,Male,Tier 1,Belgaum,Salaried,117828,818,0,16,Graduate,Social Media,2023-07-19
CUST005798,39,Female,Tier 3,Mysore,Business Owner,68833,694,2,32,Graduate,DSA Agent,2023-12-12
CUST005799,42,Male,Tier 1,Lucknow,Business Owner,183442,625,1,3,Graduate,Social Media,2023-09-20
CUST005800,30,Male,Tier 1,Loni,Salaried,78717,794,1,28,School,Social Media,2022-02-22
CUST005801,36,Female,Tier 1,Naihati,Salaried,117304,790,0,20,School,Social Media,2022-03-09
CUST005802,43,Male,Tier 2,Gangtok,Salaried,149185,800,0,27,Graduate,DSA Agent,2022-10-29
CUST005803,36,Female,Tier 1,Guntur,Salaried,63761,823,0,11,Graduate,Social Media,2023-03-09
CUST005804,22,Male,Tier 2,Kavali,Student,14827,482,1,0,School,DSA Agent,2022-11-05
CUST005805,23,Male,Tier 3,Gandhinagar,Gig Worker,28024,578,0,18,Graduate,Referral,2023-03-05
CUST005806,36,Male,Tier 1,Pune,Salaried,130166,764,1,29,Postgraduate,Referral,2022-09-11
CUST005807,33,Male,Tier 2,Ambarnath,Salaried,70427,736,0,10,Professional,Organic,2023-10-28
CUST005808,38,Female,Tier 2,Nadiad,Business Owner,51329,653,0,10,Graduate,Social Media,2022-08-03
CUST005809,47,Female,Tier 1,Mumbai,Self Employed,22867,741,1,38,Graduate,Organic,2023-02-08
CUST005810,38,Male,Tier 3,Jehanabad,Gig Worker,15287,665,0,17,Graduate,Social Media,2022-12-22
CUST005811,34,Male,Tier 1,Warangal,Salaried,44165,796,0,25,Graduate,Referral,2023-12-14
CUST005812,51,Male,Tier 2,Pune,Business Owner,193979,606,0,25,School,Social Media,2023-11-10
CUST005813,26,Female,Tier 3,Berhampur,Student,8955,464,0,0,Graduate,Organic,2022-01-10
CUST005814,41,Female,Tier 2,Kochi,Salaried,68835,769,0,10,Graduate,Social Media,2023-09-03
CUST005815,42,Male,Tier 2,Bally,Salaried,113618,789,1,2,Postgraduate,Social Media,2023-06-29
CUST005816,40,Female,Tier 3,Khandwa,Salaried,77664,812,0,13,Graduate,Referral,2023-04-29
CUST005817,28,Female,Tier 1,Jamalpur,Salaried,104087,797,0,5,Graduate,Referral,2023-04-02
CUST005818,32,Female,Tier 3,Panvel,Gig Worker,19197,659,1,0,Graduate,DSA Agent,2023-02-10
CUST005819,51,Male,Tier 3,Munger,Business Owner,43675,679,0,22,Postgraduate,DSA Agent,2023-08-31
CUST005820,22,Male,Tier 1,Bikaner,Gig Worker,13141,537,1,2,School,Organic,2022-11-22
CUST005821,20,Male,Tier 1,Indore,Student,0,508,0,0,Professional,Referral,2022-03-29
CUST005822,29,Female,Tier 3,Aurangabad,Gig Worker,20209,622,2,15,School,Social Media,2022-11-18
CUST005823,29,Female,Tier 3,Indore,Self Employed,45246,647,1,7,Professional,Social Media,2022-04-27
CUST005824,37,Female,Tier 2,Ongole,Self Employed,91541,617,0,17,School,Social Media,2022-04-26
CUST005825,42,Male,Tier 3,Bhusawal,Salaried,127866,702,0,14,Graduate,Referral,2023-03-17
CUST005826,32,Male,Tier 3,Mirzapur,Gig Worker,33838,577,0,3,Graduate,Social Media,2023-04-02
CUST005827,45,Male,Tier 2,Nangloi Jat,Self Employed,22427,582,0,11,Professional,Referral,2023-03-29
CUST005828,27,Female,Tier 2,Proddatur,Salaried,139836,787,0,15,Postgraduate,Social Media,2023-08-13
CUST005829,29,Male,Tier 3,Alwar,Gig Worker,26847,654,3,3,Postgraduate,Organic,2022-03-19
CUST005830,38,Male,Tier 3,Rourkela,Gig Worker,26695,615,2,9,Graduate,Social Media,2023-12-20
CUST005831,55,Female,Tier 3,Mango,Business Owner,117466,766,1,17,School,Referral,2022-03-24
CUST005832,27,Male,Tier 2,Chinsurah,Gig Worker,28691,518,0,1,Graduate,Social Media,2023-03-14
CUST005833,24,Male,Tier 1,Gudivada,Student,14938,522,0,0,Graduate,Organic,2023-08-29
CUST005834,28,Male,Tier 3,Haridwar,Gig Worker,23940,652,1,9,Graduate,Social Media,2022-03-20
CUST005835,47,Female,Tier 3,Bikaner,Self Employed,86473,652,0,15,Graduate,Social Media,2023-09-03
CUST005836,34,Female,Tier 3,Ichalkaranji,Gig Worker,30908,647,0,14,Graduate,DSA Agent,2022-08-11
CUST005837,25,Female,Tier 3,Tiruvottiyur,Student,0,549,0,0,Graduate,Referral,2023-11-05
CUST005838,28,Female,Tier 2,Bhilwara,Gig Worker,24283,516,1,0,Graduate,Social Media,2023-02-21
CUST005839,32,Female,Tier 1,Chennai,Self Employed,91181,553,0,10,Graduate,DSA Agent,2023-11-15
CUST005840,47,Female,Tier 1,Baranagar,Self Employed,59127,593,0,18,Graduate,Social Media,2022-09-25
CUST005841,32,Female,Tier 3,Kulti,Gig Worker,19349,628,1,15,School,Social Media,2023-11-13
CUST005842,40,Female,Tier 3,Amravati,Salaried,108632,773,0,4,School,Social Media,2022-11-16
CUST005843,38,Male,Tier 1,Tadepalligudem,Salaried,117302,820,0,28,School,Social Media,2022-07-25
CUST005844,33,Male,Tier 2,Machilipatnam,Salaried,81811,761,0,1,School,Social Media,2022-10-25
CUST005845,22,Male,Tier 2,Phusro,Student,0,409,0,0,Graduate,Social Media,2023-05-24
CUST005846,30,Female,Tier 2,Arrah,Salaried,84320,736,0,24,School,DSA Agent,2023-01-13
CUST005847,28,Female,Tier 1,Aizawl,Salaried,99244,829,0,28,Graduate,Organic,2023-03-21
CUST005848,46,Female,Tier 1,Uluberia,Self Employed,89669,570,0,23,Graduate,Social Media,2023-04-18
CUST005849,26,Male,Tier 2,Gudivada,Salaried,67891,742,0,22,School,Organic,2023-01-03
CUST005850,31,Male,Tier 3,Serampore,Gig Worker,12197,563,0,4,School,Social Media,2022-01-30
CUST005851,34,Male,Tier 2,Khandwa,Salaried,97447,850,0,10,Postgraduate,Organic,2022-05-14
CUST005852,54,Female,Tier 2,Shahjahanpur,Business Owner,176794,761,0,28,Postgraduate,Organic,2022-08-02
CUST005853,20,Male,Tier 2,Nangloi Jat,Student,0,596,0,0,Graduate,Referral,2022-11-09
CUST005854,23,Female,Tier 2,Durgapur,Student,0,462,0,0,School,Referral,2022-04-22
CUST005855,29,Male,Tier 3,Surendranagar Dudhrej,Gig Worker,32161,527,0,14,Graduate,Organic,2023-04-26
CUST005856,29,Male,Tier 1,Delhi,Self Employed,66678,687,1,26,Graduate,Social Media,2023-04-18
CUST005857,35,Female,Tier 2,Varanasi,Salaried,124394,742,0,20,Graduate,DSA Agent,2023-06-13
CUST005858,31,Male,Tier 1,Kochi,Salaried,68548,846,0,27,School,DSA Agent,2023-06-23
CUST005859,29,Male,Tier 2,Agra,Salaried,91580,815,0,17,Graduate,Referral,2022-11-09
CUST005860,31,Female,Tier 2,Indore,Gig Worker,27303,552,0,1,Graduate,Organic,2022-01-31
CUST005861,32,Male,Tier 2,Begusarai,Gig Worker,34452,644,0,9,Graduate,Social Media,2022-11-04
CUST005862,38,Other,Tier 2,Salem,Gig Worker,15927,575,0,0,Graduate,Referral,2023-11-22
CUST005863,28,Female,Tier 1,Silchar,Salaried,133593,766,2,1,Professional,Social Media,2023-11-14
CUST005864,32,Male,Tier 2,Mysore,Gig Worker,16691,580,2,10,Postgraduate,Social Media,2022-09-15
CUST005865,31,Female,Tier 2,Nanded,Self Employed,97929,722,1,25,Graduate,Social Media,2023-06-21
CUST005866,37,Male,Tier 2,Hazaribagh,Gig Worker,12095,553,0,9,Postgraduate,Organic,2022-07-04
CUST005867,43,Female,Tier 2,Tinsukia,Self Employed,83479,669,1,29,Graduate,Organic,2022-02-08
CUST005868,30,Female,Tier 2,Hazaribagh,Salaried,74003,835,0,28,School,Referral,2023-08-03
CUST005869,20,Female,Tier 3,Ambarnath,Student,0,582,0,0,Graduate,DSA Agent,2023-01-05
CUST005870,26,Male,Tier 2,Aligarh,Gig Worker,30971,530,0,9,Graduate,DSA Agent,2023-12-17
CUST005871,26,Male,Tier 1,Guntakal,Salaried,135641,718,0,6,Postgraduate,Social Media,2022-07-28
CUST005872,26,Male,Tier 1,Moradabad,Salaried,102572,823,1,17,Graduate,DSA Agent,2023-11-28
CUST005873,48,Female,Tier 2,Ghaziabad,Self Employed,44273,687,1,20,School,Referral,2022-10-17
CUST005874,26,Female,Tier 3,Guwahati,Student,0,467,0,0,Postgraduate,Social Media,2022-01-16
CUST005875,31,Male,Tier 2,Danapur,Gig Worker,31257,557,1,8,Postgraduate,Organic,2022-09-20
CUST005876,40,Female,Tier 1,Alappuzha,Salaried,144733,785,0,29,Professional,Referral,2023-09-27
CUST005877,19,Male,Tier 2,Kota,Student,0,581,0,0,School,Referral,2023-09-09
CUST005878,43,Male,Tier 1,Meerut,Self Employed,88231,709,0,6,School,DSA Agent,2022-08-24
CUST005879,26,Male,Tier 3,Berhampur,Gig Worker,28341,539,1,18,Professional,Organic,2022-08-30
CUST005880,30,Male,Tier 2,Vijayawada,Gig Worker,34723,634,0,1,Postgraduate,Social Media,2022-08-06
CUST005881,37,Male,Tier 2,Tumkur,Salaried,67701,841,0,9,Postgraduate,Organic,2023-10-17
CUST005882,44,Female,Tier 1,Bettiah,Self Employed,25269,746,0,18,School,Organic,2023-01-17
CUST005883,24,Male,Tier 2,Pallavaram,Gig Worker,16495,627,1,5,Graduate,Social Media,2023-10-29
CUST005884,31,Male,Tier 2,Kollam,Business Owner,42618,770,0,35,Postgraduate,Organic,2023-06-25
CUST005885,24,Female,Tier 2,Akola,Gig Worker,19224,648,0,7,Graduate,Referral,2023-06-16
CUST005886,31,Male,Tier 1,Thiruvananthapuram,Gig Worker,34427,607,1,3,Graduate,Organic,2022-03-18
CUST005887,28,Female,Tier 3,Pune,Gig Worker,15947,663,0,10,School,Social Media,2023-11-06
CUST005888,39,Male,Tier 3,South Dumdum,Business Owner,142562,713,1,22,School,Referral,2022-06-27
CUST005889,20,Female,Tier 1,Katihar,Student,0,426,1,0,Postgraduate,Organic,2022-04-15
CUST005890,23,Female,Tier 2,Amroha,Gig Worker,13940,543,1,6,Postgraduate,Social Media,2022-08-22
CUST005891,42,Male,Tier 3,Haldia,Self Employed,49452,585,1,23,Graduate,DSA Agent,2023-08-01
CUST005892,29,Female,Tier 3,Mehsana,Gig Worker,29558,635,0,13,Postgraduate,Social Media,2022-12-11
CUST005893,33,Female,Tier 3,Kurnool,Gig Worker,31921,667,1,4,Graduate,Organic,2023-08-25
CUST005894,45,Female,Tier 3,Kishanganj,Salaried,116755,716,2,4,Graduate,DSA Agent,2023-10-04
CUST005895,30,Male,Tier 2,Thoothukudi,Gig Worker,27184,598,0,8,Postgraduate,Organic,2022-09-07
CUST005896,31,Male,Tier 1,Kollam,Salaried,89706,751,0,21,Postgraduate,Social Media,2022-07-29
CUST005897,54,Female,Tier 2,Sangli-Miraj & Kupwad,Business Owner,128937,771,0,20,Graduate,Referral,2023-07-21
CUST005898,29,Female,Tier 1,Rohtak,Salaried,97562,833,0,17,Postgraduate,Organic,2022-11-20
CUST005899,41,Male,Tier 3,Singrauli,Business Owner,34209,673,3,32,Postgraduate,Organic,2023-04-15
CUST005900,32,Male,Tier 2,Jalgaon,Gig Worker,22319,526,0,15,Postgraduate,Social Media,2023-05-17
CUST005901,40,Male,Tier 2,Nagercoil,Self Employed,74636,681,1,27,Graduate,Social Media,2022-03-11
CUST005902,38,Male,Tier 2,Loni,Gig Worker,30489,517,1,11,School,Referral,2022-05-26
CUST005903,41,Male,Tier 1,Durgapur,Salaried,111370,809,0,6,Graduate,Social Media,2022-12-10
CUST005904,34,Male,Tier 2,Surat,Gig Worker,25296,627,0,9,School,Referral,2022-06-14
CUST005905,37,Male,Tier 2,Howrah,Salaried,135021,701,1,18,School,Social Media,2023-12-11
CUST005906,28,Male,Tier 2,Sambhal,Self Employed,89892,569,0,3,Professional,Social Media,2023-10-02
CUST005907,22,Female,Tier 2,Khandwa,Gig Worker,14373,587,0,14,School,Social Media,2022-11-13
CUST005908,49,Male,Tier 2,Bijapur,Self Employed,73861,662,0,16,Postgraduate,Organic,2023-07-30
CUST005909,39,Male,Tier 1,Giridih,Salaried,130061,744,1,10,Postgraduate,Organic,2023-01-12
CUST005910,27,Male,Tier 1,Jabalpur,Salaried,78366,786,0,9,Graduate,Social Media,2023-08-13
CUST005911,22,Female,Tier 3,Dhanbad,Gig Worker,25575,623,0,12,School,Social Media,2023-02-06
CUST005912,48,Female,Tier 3,Giridih,Business Owner,106117,706,0,26,Postgraduate,Referral,2023-11-05
CUST005913,32,Female,Tier 2,Bhind,Self Employed,39809,586,0,11,Professional,Referral,2022-10-18
CUST005914,29,Male,Tier 2,Nizamabad,Gig Worker,14680,671,0,2,Postgraduate,Referral,2023-09-30
CUST005915,34,Female,Tier 2,Jaipur,Gig Worker,31632,586,2,7,Graduate,Organic,2022-02-13
CUST005916,28,Male,Tier 2,Bhimavaram,Salaried,116357,703,0,21,Graduate,Organic,2023-02-05
CUST005917,32,Male,Tier 2,Tinsukia,Business Owner,155061,610,0,19,School,Referral,2023-09-07
CUST005918,47,Female,Tier 1,Phusro,Self Employed,56126,708,1,34,Postgraduate,Organic,2022-05-04
CUST005919,39,Female,Tier 1,Chapra,Salaried,54192,826,1,2,Graduate,Organic,2022-02-20
CUST005920,27,Female,Tier 1,Satna,Gig Worker,33977,543,0,0,Graduate,Referral,2022-08-30
CUST005921,42,Female,Tier 1,Amritsar,Salaried,143771,805,0,6,School,Referral,2023-07-06
CUST005922,48,Female,Tier 2,Malegaon,Business Owner,175191,605,0,12,Graduate,Organic,2023-01-29
CUST005923,27,Male,Tier 1,Rohtak,Salaried,70586,704,0,13,Postgraduate,Social Media,2022-11-10
CUST005924,28,Male,Tier 3,Giridih,Self Employed,64509,592,1,38,Professional,Organic,2022-04-16
CUST005925,31,Male,Tier 2,Khora ,Salaried,88324,768,0,16,Graduate,Organic,2023-08-30
CUST005926,39,Female,Tier 3,Tenali,Self Employed,85767,660,0,9,Graduate,Social Media,2023-10-24
CUST005927,50,Male,Tier 2,Rajahmundry,Self Employed,41639,627,1,39,Postgraduate,Referral,2023-02-12
CUST005928,42,Female,Tier 2,Davanagere,Self Employed,28278,550,0,31,Postgraduate,Social Media,2023-11-14
CUST005929,31,Male,Tier 2,Gudivada,Self Employed,92425,619,1,16,School,Organic,2023-03-18
CUST005930,24,Male,Tier 1,Jamshedpur,Student,0,456,0,0,Postgraduate,Organic,2022-01-23
CUST005931,32,Male,Tier 3,Eluru,Salaried,61932,847,0,16,Graduate,DSA Agent,2022-05-15
CUST005932,35,Male,Tier 2,Kota,Salaried,71117,808,0,27,Postgraduate,Social Media,2022-05-30
CUST005933,33,Female,Tier 1,Eluru,Salaried,101536,708,0,13,Graduate,Referral,2023-11-11
CUST005934,30,Male,Tier 2,Jalgaon,Business Owner,148385,655,1,19,Graduate,Organic,2023-10-09
CUST005935,24,Male,Tier 3,Shivpuri,Gig Worker,23852,627,2,14,School,DSA Agent,2022-06-05
CUST005936,46,Male,Tier 2,Dhanbad,Self Employed,72799,566,0,29,Postgraduate,Organic,2023-10-13
CUST005937,43,Male,Tier 2,Nangloi Jat,Self Employed,38792,660,2,22,Graduate,Organic,2022-02-14
CUST005938,44,Male,Tier 2,Kulti,Salaried,147565,769,0,11,School,Social Media,2022-07-13
CUST005939,36,Male,Tier 1,Akola,Salaried,83846,719,0,4,Graduate,Social Media,2022-01-26
CUST005940,29,Female,Tier 2,Junagadh,Salaried,57693,730,0,2,School,Organic,2022-12-21
CUST005941,37,Male,Tier 2,Bhagalpur,Gig Worker,21960,513,0,5,Graduate,Referral,2022-02-09
CUST005942,25,Male,Tier 2,Ballia,Salaried,128755,822,0,19,School,Organic,2023-12-15
CUST005943,38,Female,Tier 3,Phagwara,Salaried,100116,732,1,20,Graduate,Organic,2022-10-07
CUST005944,25,Male,Tier 3,Kanpur,Student,0,491,0,0,Postgraduate,Social Media,2023-07-02
CUST005945,55,Male,Tier 2,Bilaspur,Business Owner,117495,651,1,13,Graduate,Organic,2022-06-04
CUST005946,27,Female,Tier 1,Chinsurah,Salaried,96707,790,0,15,Graduate,Organic,2022-08-01
CUST005947,39,Male,Tier 2,Indore,Salaried,40661,735,1,30,Graduate,Social Media,2022-10-14
CUST005948,34,Female,Tier 2,Bhind,Salaried,114815,713,1,2,Graduate,Social Media,2023-10-02
CUST005949,50,Female,Tier 2,Kottayam,Self Employed,24370,627,2,7,Postgraduate,Referral,2022-12-27
CUST005950,22,Female,Tier 2,Panvel,Student,0,443,1,0,School,Organic,2023-01-28
CUST005951,34,Female,Tier 1,Aligarh,Salaried,108887,801,1,12,Postgraduate,Social Media,2022-11-05
CUST005952,27,Male,Tier 2,Bulandshahr,Salaried,118881,816,0,27,Postgraduate,DSA Agent,2023-05-09
CUST005953,45,Male,Tier 1,Kozhikode,Self Employed,64661,645,1,21,Graduate,Social Media,2023-12-18
CUST005954,44,Male,Tier 1,Rampur,Self Employed,24342,554,1,28,Postgraduate,Referral,2022-04-07
CUST005955,30,Male,Tier 3,Bongaigaon,Salaried,124194,783,0,28,School,Organic,2023-06-14
CUST005956,38,Female,Tier 2,Noida,Self Employed,60395,661,1,5,Graduate,Social Media,2022-01-24
CUST005957,29,Female,Tier 3,Srikakulam,Salaried,94714,850,0,30,School,Referral,2022-07-07
CUST005958,31,Female,Tier 2,Siliguri,Gig Worker,25487,541,1,6,Professional,DSA Agent,2022-10-17
CUST005959,47,Female,Tier 3,Gwalior,Self Employed,30046,668,0,36,Postgraduate,DSA Agent,2023-01-15
CUST005960,22,Male,Tier 3,Lucknow,Student,0,546,0,0,Graduate,Social Media,2023-04-07
CUST005961,28,Female,Tier 3,Danapur,Gig Worker,30633,535,2,17,School,Organic,2022-12-13
CUST005962,44,Female,Tier 3,Madurai,Business Owner,41813,704,1,3,School,Referral,2022-05-18
CUST005963,24,Female,Tier 2,Bhilwara,Gig Worker,20906,553,0,18,Graduate,Social Media,2023-11-08
CUST005964,40,Male,Tier 3,Deoghar,Self Employed,33163,578,1,3,Graduate,Social Media,2023-01-04
CUST005965,35,Female,Tier 2,Nanded,Gig Worker,20972,614,0,14,Graduate,Organic,2023-04-01
CUST005966,22,Male,Tier 2,Bidhannagar,Student,0,437,0,0,Professional,Social Media,2023-03-05
CUST005967,52,Female,Tier 1,Nagaon,Business Owner,94181,638,2,33,Postgraduate,Organic,2022-09-29
CUST005968,43,Female,Tier 2,Aurangabad,Salaried,50655,716,1,20,School,Social Media,2022-09-25
CUST005969,55,Male,Tier 3,Guna,Business Owner,51338,605,1,9,School,Referral,2022-05-08
CUST005970,21,Female,Tier 1,Bahraich,Student,18344,559,0,0,School,Social Media,2023-10-13
CUST005971,49,Female,Tier 1,Panvel,Self Employed,31429,551,1,17,Postgraduate,Social Media,2023-11-26
CUST005972,38,Male,Tier 1,Ghaziabad,Salaried,44555,714,0,23,Graduate,Referral,2022-07-20
CUST005973,26,Female,Tier 2,Rampur,Student,13538,520,1,0,School,Social Media,2023-08-05
CUST005974,23,Female,Tier 1,Gurgaon,Student,0,555,0,0,Postgraduate,Referral,2023-10-08
CUST005975,41,Female,Tier 2,Imphal,Salaried,111163,811,0,19,Graduate,Organic,2023-06-20
CUST005976,42,Female,Tier 2,Tiruchirappalli,Business Owner,47259,619,1,31,Postgraduate,Organic,2022-03-12
CUST005977,36,Male,Tier 2,Maheshtala,Salaried,103885,830,1,3,Professional,Social Media,2022-08-10
CUST005978,33,Female,Tier 1,Phusro,Salaried,143419,743,0,12,Professional,Organic,2022-01-22
CUST005979,37,Male,Tier 2,Dewas,Gig Worker,30600,654,0,4,Graduate,Organic,2022-10-28
CUST005980,25,Male,Tier 3,Mysore,Gig Worker,19358,538,1,9,School,Social Media,2022-02-08
CUST005981,36,Female,Tier 1,Sangli-Miraj & Kupwad,Self Employed,49550,578,0,28,Professional,Organic,2022-05-07
CUST005982,27,Female,Tier 1,Gudivada,Salaried,112150,714,0,17,Postgraduate,DSA Agent,2023-10-26
CUST005983,36,Female,Tier 3,Dehradun,Business Owner,142700,619,1,37,Postgraduate,Organic,2023-03-21
CUST005984,42,Female,Tier 1,Karaikudi,Salaried,129510,847,0,22,Professional,DSA Agent,2023-08-29
CUST005985,28,Female,Tier 1,Madhyamgram,Salaried,126463,841,0,4,Graduate,Referral,2022-06-16
CUST005986,38,Male,Tier 2,Adoni,Salaried,108086,813,0,27,Graduate,Social Media,2023-10-28
CUST005987,34,Other,Tier 2,Dhanbad,Gig Worker,20071,517,1,1,Graduate,Social Media,2022-06-21
CUST005988,31,Male,Tier 1,Varanasi,Business Owner,170344,723,0,10,Professional,Social Media,2023-05-18
CUST005989,44,Female,Tier 2,Berhampur,Self Employed,74074,744,3,9,Graduate,Referral,2022-06-24
CUST005990,25,Female,Tier 3,Rampur,Student,19310,550,0,0,Graduate,Social Media,2023-06-11
CUST005991,30,Female,Tier 1,Amaravati,Salaried,107784,805,2,18,Graduate,Social Media,2022-06-10
CUST005992,22,Male,Tier 2,Gorakhpur,Gig Worker,25131,676,1,18,Graduate,Referral,2022-07-29
CUST005993,26,Other,Tier 3,Purnia,Gig Worker,31321,674,0,10,Graduate,Social Media,2023-05-22
CUST005994,33,Female,Tier 2,Shimla,Gig Worker,23418,631,0,5,School,Referral,2022-11-15
CUST005995,39,Female,Tier 1,Belgaum,Salaried,63681,703,1,17,Postgraduate,Social Media,2023-02-03
CUST005996,44,Male,Tier 3,Anantapuram,Self Employed,90599,718,0,28,Postgraduate,Social Media,2022-01-16
CUST005997,32,Female,Tier 3,Thoothukudi,Gig Worker,16529,613,0,9,Postgraduate,Social Media,2023-11-03
CUST005998,32,Female,Tier 3,Raichur,Self Employed,55008,625,1,35,Graduate,DSA Agent,2023-08-30
CUST005999,30,Female,Tier 2,Jaunpur,Gig Worker,20870,656,3,2,Graduate,Social Media,2023-08-20
CUST006000,41,Female,Tier 1,South Dumdum,Salaried,58750,726,0,6,Postgraduate,Organic,2023-06-14
CUST006001,49,Male,Tier 3,Ranchi,Self Employed,75144,607,2,9,Graduate,Social Media,2022-01-07
CUST006002,29,Male,Tier 1,Ichalkaranji,Salaried,137984,791,0,24,Postgraduate,Social Media,2023-01-04
CUST006003,25,Male,Tier 3,Yamunanagar,Student,0,479,0,0,Graduate,Referral,2023-12-09
CUST006004,35,Male,Tier 2,Bilaspur,Self Employed,97471,555,0,30,Graduate,DSA Agent,2022-04-13
CUST006005,30,Other,Tier 1,Indore,Salaried,108626,829,0,10,Professional,Organic,2023-05-18
CUST006006,51,Male,Tier 3,Bidhannagar,Business Owner,91850,707,0,9,Graduate,DSA Agent,2022-05-15
CUST006007,28,Male,Tier 2,Saharanpur,Gig Worker,20480,670,0,18,Postgraduate,Organic,2023-04-12
CUST006008,45,Male,Tier 1,Raiganj,Salaried,144737,777,0,4,Graduate,Organic,2023-09-15
CUST006009,30,Female,Tier 2,Jamnagar,Self Employed,95777,637,0,31,Graduate,Referral,2022-01-07
CUST006010,29,Male,Tier 1,Kota,Salaried,128131,778,0,19,School,Organic,2022-06-23
CUST006011,22,Male,Tier 1,Ajmer,Student,14803,502,0,0,Postgraduate,Referral,2022-07-16
CUST006012,26,Male,Tier 2,Raurkela Industrial Township,Student,13700,431,1,0,Graduate,Referral,2023-04-18
CUST006013,49,Male,Tier 3,Vellore,Business Owner,51007,609,0,3,Graduate,Referral,2023-09-18
CUST006014,35,Other,Tier 3,Hosur,Gig Worker,21761,584,0,0,Postgraduate,Social Media,2022-08-26
CUST006015,24,Male,Tier 3,Mumbai,Gig Worker,28954,598,1,9,Graduate,DSA Agent,2023-07-08
CUST006016,33,Female,Tier 1,Shimoga,Self Employed,89825,670,0,24,Graduate,Social Media,2023-07-05
CUST006017,43,Other,Tier 2,Katihar,Salaried,125536,790,0,13,School,Social Media,2023-05-15
CUST006018,37,Female,Tier 2,Srikakulam,Gig Worker,27388,604,0,13,Graduate,DSA Agent,2022-08-02
CUST006019,28,Other,Tier 3,Junagadh,Gig Worker,22338,515,0,7,Graduate,Organic,2022-11-26
CUST006020,38,Other,Tier 1,Rampur,Salaried,125962,705,0,28,Postgraduate,Social Media,2023-11-27
CUST006021,22,Female,Tier 3,Nangloi Jat,Gig Worker,13534,503,1,18,Graduate,Social Media,2022-10-20
CUST006022,19,Female,Tier 3,Hajipur,Student,0,588,0,0,School,Social Media,2023-10-24
CUST006023,25,Male,Tier 2,Madanapalle,Student,0,458,1,0,Graduate,Organic,2022-09-28
CUST006024,28,Male,Tier 2,Khandwa,Salaried,97203,705,0,19,Graduate,Social Media,2022-12-23
CUST006025,29,Female,Tier 1,Rajkot,Salaried,96270,803,0,26,Professional,Referral,2022-07-15
CUST006026,35,Female,Tier 1,Dewas,Salaried,47581,825,1,11,Graduate,Social Media,2022-06-19
CUST006027,20,Female,Tier 2,Kakinada,Student,6886,414,0,0,Graduate,Referral,2022-12-29
CUST006028,26,Female,Tier 1,Dharmavaram,Salaried,106453,755,1,27,Graduate,Referral,2022-08-23
CUST006029,30,Male,Tier 1,Secunderabad,Self Employed,71184,636,1,16,School,Organic,2023-06-10
CUST006030,26,Female,Tier 1,Kurnool,Salaried,40002,840,0,8,School,Organic,2023-02-09
CUST006031,35,Male,Tier 2,Moradabad,Self Employed,62886,600,1,27,School,Referral,2023-10-03
CUST006032,27,Male,Tier 2,Kakinada,Gig Worker,16215,588,0,9,School,Organic,2023-04-30
CUST006033,39,Female,Tier 1,Vellore,Self Employed,68334,580,0,11,Postgraduate,Social Media,2022-11-05
CUST006034,44,Male,Tier 1,Mau,Salaried,83141,822,0,13,Graduate,DSA Agent,2023-03-30
CUST006035,31,Female,Tier 3,Kulti,Self Employed,46695,652,0,37,Graduate,Social Media,2022-03-21
CUST006036,36,Female,Tier 1,Rohtak,Salaried,54365,737,0,16,Graduate,Referral,2022-01-06
CUST006037,29,Male,Tier 3,Miryalaguda,Self Employed,39847,558,1,21,School,Organic,2023-02-02
CUST006038,24,Female,Tier 2,Rewa,Student,11351,479,0,0,Graduate,Organic,2023-05-30
CUST006039,40,Female,Tier 1,Lucknow,Salaried,110338,815,0,14,Graduate,Social Media,2023-10-17
CUST006040,26,Male,Tier 3,Karimnagar,Student,0,502,1,0,Postgraduate,Social Media,2023-10-14
CUST006041,27,Male,Tier 3,Barasat,Gig Worker,21078,614,0,1,School,Social Media,2022-10-18
CUST006042,41,Female,Tier 2,Ulhasnagar,Salaried,74781,748,0,23,Graduate,Social Media,2023-03-13
CUST006043,31,Male,Tier 2,Amravati,Gig Worker,16493,521,0,2,Professional,Social Media,2023-05-18
CUST006044,28,Female,Tier 1,Haldia,Salaried,61058,749,0,5,Postgraduate,DSA Agent,2023-04-07
CUST006045,37,Male,Tier 1,Patna,Self Employed,94353,555,0,4,Postgraduate,Referral,2023-04-19
CUST006046,42,Female,Tier 3,Ramagundam,Self Employed,91649,740,1,15,School,DSA Agent,2022-08-08
CUST006047,38,Female,Tier 2,Bhopal,Salaried,139821,803,0,9,Graduate,Organic,2022-08-20
CUST006048,33,Male,Tier 2,Rewa,Gig Worker,20376,538,2,7,Graduate,DSA Agent,2023-06-16
CUST006049,22,Female,Tier 2,Nandyal,Student,0,545,0,0,School,Referral,2022-03-25
CUST006050,40,Female,Tier 1,Amritsar,Business Owner,75028,706,1,34,School,DSA Agent,2023-01-10
CUST006051,27,Female,Tier 2,Rampur,Gig Worker,25023,642,0,2,Graduate,Social Media,2022-02-19
CUST006052,52,Female,Tier 2,Bongaigaon,Business Owner,168859,761,0,21,Postgraduate,Organic,2022-09-19
CUST006053,35,Female,Tier 3,Rewa,Gig Worker,23212,594,1,17,Graduate,Social Media,2022-08-03
CUST006054,24,Female,Tier 2,Suryapet,Gig Worker,20029,503,0,3,Postgraduate,Organic,2023-05-13
CUST006055,25,Female,Tier 3,Jalandhar,Student,1150,596,0,0,Graduate,Organic,2022-09-10
CUST006056,31,Female,Tier 3,Vijayawada,Gig Worker,13765,570,0,4,Postgraduate,DSA Agent,2023-11-01
CUST006057,30,Male,Tier 2,Gopalpur,Gig Worker,21113,584,0,1,Graduate,DSA Agent,2022-08-04
CUST006058,36,Other,Tier 2,Hazaribagh,Gig Worker,27891,513,1,6,School,DSA Agent,2022-07-22
CUST006059,21,Male,Tier 3,Kamarhati,Student,0,535,0,0,School,Organic,2023-05-25
CUST006060,18,Male,Tier 3,Udaipur,Student,3898,589,0,0,School,Social Media,2023-07-07
CUST006061,30,Male,Tier 3,Gandhinagar,Gig Worker,28065,592,3,1,Postgraduate,Referral,2023-11-25
CUST006062,31,Male,Tier 2,Bongaigaon,Salaried,64397,825,0,14,Graduate,Organic,2023-05-22
CUST006063,29,Male,Tier 3,Tadepalligudem,Gig Worker,22954,625,2,17,Graduate,Social Media,2022-08-21
CUST006064,25,Male,Tier 2,Amaravati,Gig Worker,27587,576,0,1,School,Organic,2022-05-27
CUST006065,39,Male,Tier 2,Tadipatri,Salaried,99510,774,1,17,School,Referral,2022-04-27
CUST006066,40,Female,Tier 2,Bijapur,Self Employed,72015,561,0,1,Graduate,Referral,2023-02-06
CUST006067,26,Male,Tier 2,Tezpur,Gig Worker,22559,525,0,6,Postgraduate,Organic,2023-08-18
CUST006068,40,Male,Tier 1,Mysore,Salaried,121103,778,0,24,Graduate,Social Media,2022-07-06
CUST006069,32,Male,Tier 2,Mau,Salaried,126166,844,0,2,Graduate,Social Media,2023-11-30
CUST006070,26,Male,Tier 1,Satara,Salaried,49126,747,0,5,School,Referral,2022-02-14
CUST006071,45,Male,Tier 3,Bhubaneswar,Business Owner,44698,670,2,31,School,Referral,2023-09-18
CUST006072,43,Female,Tier 1,Srikakulam,Salaried,40227,790,2,15,Graduate,Organic,2023-10-28
CUST006073,25,Other,Tier 1,Khora ,Salaried,82852,849,1,18,Postgraduate,Organic,2023-09-16
CUST006074,35,Female,Tier 3,Howrah,Gig Worker,26146,624,0,19,Postgraduate,Referral,2023-09-22
CUST006075,28,Female,Tier 3,Karimnagar,Salaried,145986,844,1,30,Postgraduate,DSA Agent,2023-04-12
CUST006076,45,Male,Tier 1,Eluru,Salaried,85263,721,0,17,School,Social Media,2022-11-10
CUST006077,35,Male,Tier 3,Etawah,Salaried,132491,734,0,11,Postgraduate,Social Media,2023-05-29
CUST006078,27,Male,Tier 2,Madurai,Gig Worker,20872,563,0,14,School,Organic,2022-09-06
CUST006079,26,Female,Tier 3,Vijayawada,Gig Worker,25638,528,0,8,Graduate,Referral,2023-06-13
CUST006080,32,Male,Tier 3,Ghaziabad,Gig Worker,34224,580,0,6,Graduate,Social Media,2022-04-19
CUST006081,26,Female,Tier 3,Kavali,Gig Worker,33235,613,1,6,Graduate,DSA Agent,2023-07-15
CUST006082,43,Male,Tier 2,Dhule,Business Owner,119325,639,2,8,Postgraduate,DSA Agent,2022-01-20
CUST006083,29,Male,Tier 3,Satara,Gig Worker,24668,515,1,14,Graduate,Social Media,2023-05-25
CUST006084,34,Other,Tier 1,Bulandshahr,Salaried,50121,748,0,6,Graduate,Referral,2023-01-22
CUST006085,42,Female,Tier 3,Salem,Salaried,60873,738,0,26,Graduate,Organic,2022-08-18
CUST006086,26,Female,Tier 3,Khammam,Gig Worker,21516,527,0,8,Postgraduate,Referral,2022-07-21
CUST006087,42,Female,Tier 3,Khora ,Self Employed,98876,604,0,23,Graduate,Organic,2023-12-06
CUST006088,25,Female,Tier 3,Nadiad,Salaried,55769,832,0,8,Graduate,Social Media,2022-11-22
CUST006089,49,Female,Tier 3,Chennai,Self Employed,73147,745,0,20,Graduate,Organic,2022-11-11
CUST006090,41,Female,Tier 3,Nagpur,Salaried,77195,707,0,28,School,Organic,2022-10-29
CUST006091,32,Male,Tier 2,Bhavnagar,Gig Worker,12410,608,0,0,Graduate,Social Media,2023-07-27
CUST006092,46,Female,Tier 1,Bettiah,Self Employed,25868,670,0,5,Graduate,Referral,2022-01-28
CUST006093,40,Female,Tier 1,Mangalore,Salaried,126749,793,0,4,Graduate,Referral,2023-03-29
CUST006094,34,Male,Tier 2,Durg,Gig Worker,32523,559,1,13,School,Social Media,2023-07-04
CUST006095,36,Female,Tier 2,Gandhinagar,Salaried,52022,822,0,22,Graduate,Referral,2023-03-21
CUST006096,45,Other,Tier 2,Proddatur,Self Employed,37335,657,0,18,Postgraduate,Social Media,2023-09-26
CUST006097,40,Female,Tier 3,Chinsurah,Salaried,136766,708,1,26,Graduate,Social Media,2022-05-28
CUST006098,18,Male,Tier 3,Bulandshahr,Student,0,471,0,0,Graduate,Social Media,2022-09-24
CUST006099,33,Male,Tier 1,Khammam,Salaried,71576,730,0,26,School,Social Media,2023-07-19
CUST006100,23,Female,Tier 3,Firozabad,Student,0,418,0,0,Postgraduate,Organic,2023-07-09
CUST006101,27,Female,Tier 2,Kanpur,Gig Worker,23672,552,0,4,School,Social Media,2022-06-22
CUST006102,40,Male,Tier 1,Satna,Self Employed,89022,585,1,4,Graduate,Organic,2023-06-18
CUST006103,41,Female,Tier 1,Bharatpur,Salaried,109419,790,0,26,Postgraduate,Social Media,2023-02-20
CUST006104,52,Male,Tier 2,Mango,Business Owner,87128,721,3,34,Postgraduate,Referral,2023-05-11
CUST006105,27,Female,Tier 2,Siwan,Salaried,80517,742,0,7,School,Social Media,2023-09-02
CUST006106,42,Male,Tier 1,Aurangabad,Salaried,141078,817,2,5,School,Organic,2023-01-05
CUST006107,26,Male,Tier 1,Aizawl,Gig Worker,26425,549,0,2,Graduate,Referral,2023-12-06
CUST006108,39,Female,Tier 2,Korba,Salaried,49883,794,0,15,Postgraduate,DSA Agent,2023-06-06
CUST006109,39,Male,Tier 1,Guna,Salaried,102631,771,0,29,School,Social Media,2022-10-06
CUST006110,44,Male,Tier 3,Khandwa,Business Owner,52188,737,2,39,School,Social Media,2023-01-30
CUST006111,49,Male,Tier 1,Latur,Business Owner,50984,669,0,33,Graduate,Social Media,2022-08-22
CUST006112,31,Male,Tier 3,Rampur,Gig Worker,16482,660,0,14,Graduate,Social Media,2023-10-19
CUST006113,48,Male,Tier 2,Eluru,Business Owner,85305,618,0,10,School,Social Media,2022-05-13
CUST006114,37,Other,Tier 1,Udaipur,Gig Worker,14573,501,0,12,Graduate,Referral,2023-10-15
CUST006115,40,Female,Tier 2,Naihati,Salaried,94714,738,0,22,Postgraduate,Organic,2023-05-26
CUST006116,47,Female,Tier 3,Meerut,Self Employed,43759,702,1,9,Graduate,Social Media,2023-11-12
CUST006117,47,Female,Tier 2,Sikar,Self Employed,33485,704,0,36,Graduate,Social Media,2023-03-10
CUST006118,36,Male,Tier 3,Mahbubnagar,Business Owner,52830,741,0,24,School,Organic,2022-05-21
CUST006119,44,Male,Tier 1,Berhampur,Salaried,57908,830,1,6,Graduate,Social Media,2022-08-17
CUST006120,28,Male,Tier 3,Bangalore,Self Employed,87591,597,0,20,Postgraduate,DSA Agent,2022-03-17
CUST006121,25,Female,Tier 1,Nanded,Salaried,76142,730,0,26,Graduate,Social Media,2023-01-01
CUST006122,25,Female,Tier 1,Kochi,Salaried,63670,733,0,6,School,Social Media,2022-04-10
CUST006123,28,Male,Tier 2,Saharanpur,Salaried,65650,708,0,5,Graduate,Referral,2023-07-30
CUST006124,38,Male,Tier 3,Bokaro,Business Owner,131562,783,0,2,Postgraduate,DSA Agent,2022-07-20
CUST006125,25,Female,Tier 1,Haldia,Student,6513,491,0,0,Postgraduate,Social Media,2023-07-18
CUST006126,43,Female,Tier 2,Bhalswa Jahangir Pur,Self Employed,62345,712,0,37,Graduate,Social Media,2023-09-20
CUST006127,35,Female,Tier 3,Rewa,Gig Worker,12753,635,1,12,School,DSA Agent,2023-03-11
CUST006128,37,Male,Tier 1,Satna,Salaried,99851,758,0,17,Graduate,Social Media,2023-08-16
CUST006129,28,Female,Tier 2,Pali,Salaried,108776,751,1,4,Postgraduate,Referral,2023-12-10
CUST006130,32,Male,Tier 2,Vasai-Virar,Salaried,69731,776,0,3,Graduate,Social Media,2022-05-23
CUST006131,36,Female,Tier 3,Belgaum,Gig Worker,19158,510,1,7,Postgraduate,Organic,2023-06-12
CUST006132,35,Female,Tier 2,Salem,Self Employed,58288,704,0,13,Graduate,DSA Agent,2023-11-30
CUST006133,24,Female,Tier 3,Serampore,Gig Worker,15181,671,0,12,School,Referral,2022-09-18
CUST006134,37,Male,Tier 1,Deoghar,Salaried,132522,819,0,20,Postgraduate,DSA Agent,2023-05-24
CUST006135,32,Male,Tier 1,Allahabad,Salaried,41973,721,1,24,School,Organic,2022-03-11
CUST006136,38,Male,Tier 1,Jorhat,Salaried,57083,847,0,19,Graduate,Referral,2022-06-22
CUST006137,24,Male,Tier 2,Moradabad,Gig Worker,18777,557,0,11,Postgraduate,Social Media,2022-10-03
CUST006138,33,Female,Tier 2,Giridih,Business Owner,174130,676,1,12,Graduate,Social Media,2022-06-23
CUST006139,50,Female,Tier 3,Ongole,Self Employed,39689,670,0,34,School,Organic,2023-08-02
CUST006140,19,Male,Tier 1,Karaikudi,Student,0,534,0,0,Graduate,Social Media,2023-11-08
CUST006141,33,Male,Tier 3,Thiruvananthapuram,Gig Worker,34695,525,1,19,Graduate,Social Media,2022-08-27
CUST006142,36,Male,Tier 2,Malegaon,Gig Worker,17730,568,1,15,Graduate,Referral,2022-11-23
CUST006143,25,Female,Tier 1,Raiganj,Salaried,42308,819,0,11,Graduate,Organic,2023-09-05
CUST006144,21,Other,Tier 1,Darbhanga,Student,0,416,0,0,Graduate,Social Media,2023-11-20
CUST006145,33,Male,Tier 2,Bhavnagar,Self Employed,40710,676,0,26,Postgraduate,Social Media,2022-09-15
CUST006146,33,Male,Tier 1,Firozabad,Salaried,61816,711,0,14,Postgraduate,Referral,2022-10-16
CUST006147,32,Female,Tier 3,Khandwa,Gig Worker,28902,537,0,15,Graduate,Organic,2022-07-22
CUST006148,31,Female,Tier 2,Siliguri,Gig Worker,30554,654,2,9,Postgraduate,Referral,2023-03-31
CUST006149,30,Male,Tier 1,Dehradun,Self Employed,86733,654,0,29,School,Referral,2022-08-17
CUST006150,35,Female,Tier 2,Kurnool,Business Owner,162700,718,1,31,Graduate,Referral,2022-12-27
CUST006151,36,Other,Tier 3,Berhampur,Gig Worker,21743,672,0,7,Postgraduate,DSA Agent,2023-10-24
CUST006152,35,Female,Tier 2,Tiruvottiyur,Gig Worker,23369,617,1,1,Professional,Social Media,2022-04-02
CUST006153,25,Female,Tier 2,Chinsurah,Salaried,141307,734,0,11,Postgraduate,Organic,2023-01-01
CUST006154,31,Male,Tier 3,Giridih,Salaried,45653,840,0,16,Graduate,Social Media,2022-02-11
CUST006155,44,Female,Tier 1,Katihar,Salaried,77179,741,0,13,Postgraduate,Social Media,2023-11-04
CUST006156,37,Male,Tier 2,Surendranagar Dudhrej,Salaried,87382,801,1,28,Graduate,Social Media,2023-05-08
CUST006157,47,Male,Tier 2,Gulbarga,Self Employed,62995,630,0,29,Graduate,Social Media,2023-03-30
CUST006158,43,Male,Tier 1,Bilaspur,Self Employed,61837,715,0,12,Professional,Organic,2023-03-27
CUST006159,39,Male,Tier 3,Tirupati,Salaried,123034,739,0,3,School,Organic,2023-04-28
CUST006160,20,Male,Tier 1,Amravati,Student,8165,509,0,0,Graduate,Organic,2022-02-25
CUST006161,33,Female,Tier 2,Ambala,Salaried,73787,745,1,9,Postgraduate,DSA Agent,2023-01-02
CUST006162,40,Female,Tier 2,Nizamabad,Salaried,73841,804,0,2,Graduate,Organic,2023-11-22
CUST006163,41,Female,Tier 2,Agartala,Salaried,104577,801,0,11,Postgraduate,Referral,2022-06-01
CUST006164,27,Male,Tier 2,Patna,Gig Worker,29260,680,0,18,Professional,DSA Agent,2023-01-24
CUST006165,33,Male,Tier 1,Rohtak,Salaried,69150,701,0,29,School,Organic,2022-04-04
CUST006166,35,Female,Tier 2,Arrah,Gig Worker,30573,527,0,0,Graduate,Organic,2023-11-05
CUST006167,37,Male,Tier 3,Bhind,Gig Worker,15057,579,1,4,Graduate,Social Media,2023-06-13
CUST006168,52,Other,Tier 3,Ulhasnagar,Business Owner,165952,781,0,16,Graduate,Social Media,2022-10-24
CUST006169,30,Male,Tier 2,Solapur,Salaried,133179,713,0,4,Graduate,Social Media,2023-02-16
CUST006170,44,Female,Tier 3,Kolhapur,Salaried,147363,833,0,30,Postgraduate,Social Media,2022-08-20
CUST006171,36,Male,Tier 1,Jamnagar,Salaried,103395,790,0,7,Postgraduate,Social Media,2022-11-17
CUST006172,29,Female,Tier 1,Baranagar,Self Employed,39787,629,1,38,Graduate,Referral,2022-02-11
CUST006173,40,Female,Tier 1,Udupi,Salaried,102242,708,1,29,Postgraduate,Referral,2023-11-08
CUST006174,26,Female,Tier 1,Hospet,Student,0,443,1,0,Graduate,Organic,2023-10-26
CUST006175,23,Other,Tier 3,Sikar,Gig Worker,24100,631,0,2,Graduate,Social Media,2022-04-28
CUST006176,26,Male,Tier 2,Latur,Gig Worker,17156,517,0,2,Graduate,Referral,2022-04-17
CUST006177,32,Female,Tier 2,Rourkela,Gig Worker,14907,665,0,14,Graduate,Organic,2022-06-05
CUST006178,45,Male,Tier 1,Gulbarga,Salaried,119943,839,0,30,Postgraduate,Social Media,2022-09-24
CUST006179,39,Female,Tier 1,Nellore,Salaried,53789,818,0,15,Postgraduate,Organic,2022-11-14
CUST006180,31,Male,Tier 1,Gulbarga,Salaried,44062,768,0,11,Postgraduate,Referral,2023-03-19
CUST006181,32,Female,Tier 2,Fatehpur,Gig Worker,31344,576,1,19,Postgraduate,Social Media,2023-11-25
CUST006182,34,Female,Tier 2,Ahmedabad,Salaried,75183,717,1,13,Graduate,Organic,2023-12-06
CUST006183,28,Male,Tier 2,Jabalpur,Salaried,142501,714,0,19,Postgraduate,DSA Agent,2022-12-22
CUST006184,39,Male,Tier 2,Shahjahanpur,Business Owner,30956,602,0,36,Graduate,Referral,2022-04-22
CUST006185,27,Male,Tier 1,Rohtak,Salaried,90607,702,0,22,School,Referral,2022-09-03
CUST006186,20,Female,Tier 2,Jammu,Student,0,545,1,0,Graduate,Social Media,2023-11-01
CUST006187,50,Male,Tier 2,Kharagpur,Self Employed,38205,631,1,6,Graduate,Organic,2023-07-10
CUST006188,42,Female,Tier 1,Anantapur,Salaried,124508,761,0,29,Graduate,Referral,2022-05-21
CUST006189,25,Female,Tier 2,Shimoga,Salaried,106069,818,0,8,Graduate,Organic,2023-08-29
CUST006190,37,Female,Tier 1,Bathinda,Salaried,116651,767,0,8,Graduate,Social Media,2022-03-04
CUST006191,29,Female,Tier 2,Farrukhabad,Self Employed,44285,625,0,13,Postgraduate,Social Media,2023-01-14
CUST006192,42,Male,Tier 3,Vadodara,Self Employed,30115,639,0,1,Graduate,Organic,2022-09-16
CUST006193,37,Female,Tier 2,Kottayam,Self Employed,87433,651,0,11,School,Social Media,2023-05-06
CUST006194,32,Female,Tier 3,Tenali,Business Owner,89627,685,0,29,Graduate,DSA Agent,2022-05-18
CUST006195,28,Other,Tier 3,Bhalswa Jahangir Pur,Self Employed,76664,611,0,4,Graduate,Social Media,2022-09-01
CUST006196,42,Female,Tier 1,Kottayam,Salaried,131417,816,0,22,Postgraduate,Social Media,2023-05-08
CUST006197,32,Female,Tier 2,Khandwa,Salaried,106772,720,0,22,Graduate,Social Media,2022-02-15
CUST006198,25,Male,Tier 1,Malegaon,Student,0,509,0,0,Graduate,Organic,2022-01-04
CUST006199,35,Female,Tier 1,Rohtak,Salaried,105171,815,0,18,Graduate,Organic,2022-12-18
CUST006200,34,Female,Tier 1,Karimnagar,Salaried,105988,806,0,5,School,DSA Agent,2022-08-01
CUST006201,49,Female,Tier 1,Firozabad,Self Employed,61752,734,1,38,Postgraduate,DSA Agent,2022-06-12
CUST006202,29,Female,Tier 2,Meerut,Gig Worker,23702,623,1,4,Postgraduate,Referral,2023-08-15
CUST006203,50,Male,Tier 2,Deoghar,Business Owner,138021,751,2,20,Graduate,Organic,2023-08-24
CUST006204,47,Other,Tier 1,Amritsar,Self Employed,98664,673,0,39,School,Social Media,2022-05-11
CUST006205,28,Other,Tier 1,Madanapalle,Salaried,76876,741,0,5,School,Social Media,2023-03-24
CUST006206,30,Male,Tier 3,Hospet,Business Owner,79401,726,0,21,Graduate,Referral,2023-08-17
CUST006207,28,Female,Tier 2,Kanpur,Salaried,89398,850,1,23,School,Referral,2022-05-04
CUST006208,28,Male,Tier 2,New Delhi,Salaried,146091,792,2,30,Graduate,Social Media,2023-01-16
CUST006209,33,Female,Tier 2,Siliguri,Gig Worker,21448,654,0,0,School,Organic,2023-09-02
CUST006210,36,Male,Tier 1,Ambala,Salaried,110661,795,2,12,Graduate,Organic,2023-08-17
CUST006211,30,Other,Tier 2,Siwan,Gig Worker,25531,607,1,19,Postgraduate,Social Media,2023-08-29
CUST006212,32,Male,Tier 1,Tezpur,Salaried,130182,703,0,10,Graduate,Organic,2022-03-10
CUST006213,24,Female,Tier 3,Dharmavaram,Gig Worker,29891,517,1,0,School,DSA Agent,2022-04-11
CUST006214,27,Male,Tier 2,Khora ,Gig Worker,32621,510,1,19,School,Organic,2023-04-23
CUST006215,42,Male,Tier 1,Farrukhabad,Self Employed,95049,693,0,39,Graduate,DSA Agent,2022-12-03
CUST006216,24,Female,Tier 2,Ongole,Student,0,531,0,0,Graduate,Social Media,2023-05-08
CUST006217,37,Male,Tier 2,Nangloi Jat,Salaried,139785,729,0,18,Graduate,Social Media,2022-11-30
CUST006218,22,Female,Tier 3,Panipat,Gig Worker,14860,530,1,13,Postgraduate,Social Media,2022-11-10
CUST006219,38,Other,Tier 2,Durgapur,Gig Worker,31606,506,1,14,Graduate,Referral,2022-11-30
CUST006220,32,Female,Tier 2,Gandhinagar,Salaried,74970,837,0,8,Graduate,Organic,2023-01-06
CUST006221,28,Female,Tier 2,Vadodara,Self Employed,52405,653,1,26,Postgraduate,DSA Agent,2022-10-25
CUST006222,49,Male,Tier 2,Khora ,Self Employed,45534,696,1,16,Postgraduate,Referral,2022-01-04
CUST006223,45,Male,Tier 2,Nizamabad,Salaried,105158,713,1,12,Graduate,DSA Agent,2022-01-30
CUST006224,24,Female,Tier 3,Agartala,Gig Worker,14686,663,0,7,School,Social Media,2023-02-19
CUST006225,27,Male,Tier 2,Kurnool,Salaried,111600,770,1,21,Graduate,Referral,2022-06-04
CUST006226,43,Female,Tier 2,Guntakal,Self Employed,96350,638,1,13,Postgraduate,Social Media,2023-07-22
CUST006227,36,Male,Tier 2,Ujjain,Salaried,122148,835,0,30,Postgraduate,Organic,2022-10-17
CUST006228,35,Female,Tier 2,Patiala,Business Owner,31734,629,0,19,School,Social Media,2022-01-11
CUST006229,45,Male,Tier 3,Saharanpur,Self Employed,42523,654,0,30,Postgraduate,Organic,2023-11-24
CUST006230,23,Female,Tier 3,Jamalpur,Gig Worker,19111,573,1,6,Postgraduate,Organic,2022-09-08
CUST006231,25,Male,Tier 2,Ludhiana,Gig Worker,19529,679,2,14,Graduate,Organic,2023-08-11
CUST006232,34,Male,Tier 3,Sangli-Miraj & Kupwad,Business Owner,141683,659,1,20,Graduate,Social Media,2023-10-10
CUST006233,22,Female,Tier 2,Malegaon,Gig Worker,19798,533,1,7,Postgraduate,Social Media,2023-02-17
CUST006234,42,Male,Tier 2,Gangtok,Salaried,137592,792,0,4,Postgraduate,Social Media,2022-05-29
CUST006235,31,Female,Tier 2,Rourkela,Gig Worker,25715,612,2,0,Graduate,DSA Agent,2022-01-14
CUST006236,18,Female,Tier 3,Bhilai,Student,8844,436,1,0,Graduate,Referral,2023-06-10
CUST006237,32,Male,Tier 2,Bhiwandi,Self Employed,88857,734,0,29,School,Organic,2022-01-04
CUST006238,48,Female,Tier 1,Udaipur,Self Employed,45721,680,1,25,Graduate,Social Media,2023-05-02
CUST006239,25,Male,Tier 3,Akola,Student,0,418,0,0,Postgraduate,Referral,2023-07-24
CUST006240,26,Female,Tier 3,Pune,Student,0,498,0,0,School,Organic,2022-07-13
CUST006241,52,Female,Tier 1,Nagaon,Business Owner,128240,658,0,4,Graduate,Organic,2022-06-25
CUST006242,39,Female,Tier 2,Surendranagar Dudhrej,Salaried,84506,841,0,18,Graduate,Organic,2023-06-23
CUST006243,26,Male,Tier 2,Nadiad,Gig Worker,23415,662,0,19,School,Social Media,2023-11-13
CUST006244,32,Male,Tier 1,Ranchi,Self Employed,34807,555,0,31,School,DSA Agent,2022-09-25
CUST006245,50,Female,Tier 3,Danapur,Self Employed,22303,585,0,29,Postgraduate,Social Media,2022-08-31
CUST006246,50,Male,Tier 2,Kharagpur,Self Employed,81524,729,1,37,Professional,DSA Agent,2022-04-11
CUST006247,38,Male,Tier 2,Hyderabad,Salaried,111457,826,0,11,Postgraduate,DSA Agent,2022-03-21
CUST006248,37,Female,Tier 3,Sagar,Self Employed,27957,600,0,4,Professional,Social Media,2022-10-25
CUST006249,50,Female,Tier 1,Serampore,Self Employed,77070,716,1,23,School,Social Media,2023-01-26
CUST006250,33,Male,Tier 3,Tiruchirappalli,Salaried,56817,716,1,8,Postgraduate,Referral,2023-04-03
CUST006251,26,Male,Tier 2,Ghaziabad,Gig Worker,16417,501,1,15,Postgraduate,Referral,2022-08-26
CUST006252,29,Male,Tier 1,Begusarai,Salaried,61173,807,1,25,Graduate,DSA Agent,2022-05-10
CUST006253,39,Male,Tier 3,Imphal,Salaried,63652,744,0,1,Graduate,Referral,2022-02-20
CUST006254,32,Male,Tier 2,Guwahati,Salaried,89546,721,0,2,Graduate,Social Media,2023-10-02
CUST006255,30,Male,Tier 2,Karawal Nagar,Gig Worker,27408,609,1,16,School,Social Media,2022-02-05
CUST006256,35,Other,Tier 2,Bidar,Gig Worker,19436,593,0,3,Postgraduate,Organic,2022-08-20
CUST006257,39,Female,Tier 1,Jammu,Self Employed,45507,733,0,23,Postgraduate,Organic,2022-08-14
CUST006258,37,Male,Tier 1,Tirupati,Self Employed,73262,636,0,8,School,Organic,2022-12-21
CUST006259,25,Male,Tier 1,Giridih,Student,6386,572,0,0,Graduate,Referral,2023-07-20
CUST006260,27,Female,Tier 2,Navi Mumbai,Salaried,59866,730,1,15,Professional,Social Media,2023-02-09
CUST006261,36,Male,Tier 1,Delhi,Salaried,42415,760,1,8,Graduate,Organic,2023-04-09
CUST006262,18,Female,Tier 2,Pune,Student,1407,451,0,0,Postgraduate,Social Media,2023-02-12
CUST006263,29,Female,Tier 2,Sambhal,Salaried,69178,776,0,26,Graduate,Social Media,2022-09-20
CUST006264,44,Female,Tier 2,Delhi,Business Owner,58761,631,1,36,School,DSA Agent,2022-12-03
CUST006265,24,Male,Tier 2,Alwar,Student,0,508,0,0,Graduate,DSA Agent,2023-11-21
CUST006266,34,Female,Tier 2,Giridih,Gig Worker,26919,569,1,4,Graduate,Referral,2023-06-18
CUST006267,54,Female,Tier 1,Bahraich,Business Owner,82679,688,1,8,Graduate,Referral,2022-04-14
CUST006268,33,Female,Tier 2,Bathinda,Salaried,103388,795,1,19,School,Organic,2022-09-24
CUST006269,44,Female,Tier 1,Ranchi,Salaried,94112,710,0,24,School,Social Media,2023-12-02
CUST006270,29,Male,Tier 3,Bhiwani,Self Employed,24828,635,0,20,School,DSA Agent,2023-01-16
CUST006271,34,Male,Tier 2,Bhusawal,Gig Worker,12987,629,2,7,Graduate,Social Media,2022-10-07
CUST006272,40,Female,Tier 2,Tiruchirappalli,Business Owner,177830,750,1,16,School,DSA Agent,2023-08-06
CUST006273,27,Female,Tier 2,Ahmedabad,Salaried,102228,731,2,18,Graduate,Organic,2022-05-27
CUST006274,22,Female,Tier 2,Uluberia,Gig Worker,15412,648,0,15,Graduate,Social Media,2022-05-09
CUST006275,38,Female,Tier 2,Chandigarh,Gig Worker,12533,555,0,7,Graduate,Referral,2023-12-06
CUST006276,28,Male,Tier 2,Kamarhati,Self Employed,60850,743,1,29,School,Social Media,2023-12-15
CUST006277,32,Male,Tier 2,Mumbai,Salaried,57336,744,0,23,School,Social Media,2023-09-23
CUST006278,29,Female,Tier 3,Hosur,Gig Worker,23291,559,0,4,Graduate,Referral,2022-11-10
CUST006279,26,Male,Tier 2,Salem,Student,0,424,0,0,Graduate,Organic,2022-01-15
CUST006280,45,Female,Tier 1,Srikakulam,Salaried,42022,828,0,8,Graduate,Social Media,2022-06-27
CUST006281,22,Male,Tier 2,Tadipatri,Student,0,494,0,0,School,Organic,2022-06-24
CUST006282,24,Female,Tier 3,Kalyan-Dombivli,Gig Worker,20779,652,1,10,Graduate,Social Media,2023-07-19
CUST006283,43,Female,Tier 2,Arrah,Self Employed,28485,639,0,24,Graduate,Social Media,2022-04-12
CUST006284,45,Male,Tier 2,Chinsurah,Self Employed,79835,694,0,37,Graduate,Organic,2022-06-14
CUST006285,37,Male,Tier 1,Motihari,Salaried,149537,719,0,30,Graduate,Referral,2023-07-25
CUST006286,38,Female,Tier 3,Durg,Gig Worker,13722,631,1,8,Graduate,Organic,2022-01-18
CUST006287,19,Other,Tier 1,Burhanpur,Student,0,504,0,0,Graduate,Social Media,2023-04-04
CUST006288,33,Female,Tier 1,Kozhikode,Gig Worker,21785,570,0,13,Postgraduate,Referral,2023-01-27
CUST006289,49,Male,Tier 2,Medininagar,Business Owner,162014,777,0,5,Graduate,Social Media,2022-05-12
CUST006290,35,Male,Tier 2,Kanpur,Gig Worker,14355,645,1,6,Graduate,DSA Agent,2022-04-06
CUST006291,32,Male,Tier 2,Panvel,Salaried,66997,813,0,28,Graduate,Social Media,2022-10-12
CUST006292,32,Male,Tier 1,Proddatur,Gig Worker,16043,572,0,14,Graduate,DSA Agent,2023-07-07
CUST006293,54,Female,Tier 3,Chittoor,Business Owner,187772,656,0,31,School,Organic,2023-05-21
CUST006294,29,Female,Tier 2,Srikakulam,Salaried,146329,718,0,21,School,Referral,2023-09-08
CUST006295,25,Male,Tier 1,Bharatpur,Student,0,455,0,0,Graduate,Referral,2022-01-30
CUST006296,26,Male,Tier 3,Uluberia,Student,0,520,0,0,Professional,Social Media,2022-10-19
CUST006297,37,Male,Tier 2,Bokaro,Gig Worker,23120,623,2,11,Graduate,Organic,2023-11-12
CUST006298,31,Female,Tier 1,Malda,Salaried,97110,752,0,2,School,Social Media,2023-05-13
CUST006299,34,Female,Tier 2,Jehanabad,Self Employed,32417,574,1,24,Postgraduate,Social Media,2022-07-18
CUST006300,29,Female,Tier 1,Burhanpur,Salaried,142305,833,1,7,School,Organic,2023-08-23
CUST006301,31,Male,Tier 1,Hindupur,Self Employed,56868,603,0,10,Postgraduate,DSA Agent,2023-02-20
CUST006302,25,Female,Tier 3,Cuttack,Gig Worker,23082,593,0,10,Graduate,Social Media,2023-04-30
CUST006303,28,Male,Tier 2,Chandigarh,Gig Worker,17647,559,3,13,School,Organic,2022-02-07
CUST006304,37,Male,Tier 2,Chinsurah,Self Employed,26850,597,0,11,School,Social Media,2023-04-07
CUST006305,32,Female,Tier 3,Malda,Gig Worker,27625,505,0,7,Graduate,Organic,2022-02-07
CUST006306,37,Female,Tier 3,Nadiad,Gig Worker,24037,594,1,1,Postgraduate,Organic,2023-05-30
CUST006307,37,Male,Tier 3,Barasat,Gig Worker,19613,511,2,5,Postgraduate,DSA Agent,2022-03-25
CUST006308,24,Male,Tier 2,Begusarai,Gig Worker,24666,576,0,3,Graduate,Referral,2023-05-23
CUST006309,30,Male,Tier 1,Aurangabad,Gig Worker,21891,634,2,12,Postgraduate,Social Media,2023-10-12
CUST006310,24,Male,Tier 3,Kolhapur,Student,0,502,0,0,Graduate,Referral,2022-01-16
CUST006311,29,Female,Tier 2,Surendranagar Dudhrej,Gig Worker,12277,670,0,18,Graduate,Referral,2022-02-07
CUST006312,28,Female,Tier 1,Thanjavur,Gig Worker,32855,521,0,14,School,Social Media,2023-06-20
CUST006313,37,Male,Tier 1,Kochi,Self Employed,73356,581,1,36,Graduate,DSA Agent,2022-03-31
CUST006314,33,Male,Tier 1,Morbi,Salaried,102040,820,1,4,School,DSA Agent,2022-11-20
CUST006315,29,Male,Tier 1,Ramagundam,Salaried,40996,834,1,10,Graduate,Referral,2022-12-12
CUST006316,42,Female,Tier 3,Durgapur,Business Owner,138734,723,0,22,School,Referral,2022-10-23
CUST006317,38,Male,Tier 3,Sagar,Self Employed,51096,579,1,38,School,Organic,2022-04-06
CUST006318,38,Female,Tier 3,Madanapalle,Gig Worker,18713,675,0,18,Graduate,Organic,2023-03-02
CUST006319,30,Male,Tier 1,Aurangabad,Self Employed,57718,692,1,1,Graduate,Organic,2022-07-16
CUST006320,32,Female,Tier 1,Hosur,Salaried,124512,809,0,24,School,DSA Agent,2023-01-04
CUST006321,41,Female,Tier 1,Parbhani,Self Employed,28287,632,0,6,Postgraduate,Organic,2023-06-30
CUST006322,32,Female,Tier 2,Narasaraopet,Gig Worker,32604,583,0,5,Graduate,Referral,2022-04-29
CUST006323,25,Female,Tier 2,Durgapur,Gig Worker,29820,529,0,10,Graduate,DSA Agent,2022-06-09
CUST006324,25,Female,Tier 2,Shimoga,Gig Worker,23368,577,0,5,School,DSA Agent,2023-06-24
CUST006325,36,Female,Tier 2,Ujjain,Salaried,115142,793,0,10,Postgraduate,Social Media,2023-06-17
CUST006326,28,Male,Tier 2,Madanapalle,Salaried,48131,746,0,4,Graduate,Referral,2023-05-05
CUST006327,35,Male,Tier 2,Thanjavur,Business Owner,145747,714,0,3,Postgraduate,Referral,2022-01-08
CUST006328,26,Male,Tier 2,Hospet,Gig Worker,20502,576,0,13,Graduate,Social Media,2022-08-22
CUST006329,29,Female,Tier 2,Bilaspur,Gig Worker,28117,636,0,16,Professional,Social Media,2022-11-23
CUST006330,33,Female,Tier 2,Shimoga,Salaried,49476,800,0,14,Postgraduate,Organic,2023-05-29
CUST006331,38,Male,Tier 1,Vasai-Virar,Salaried,91268,753,0,15,Graduate,Referral,2022-03-20
CUST006332,40,Female,Tier 2,Durg,Self Employed,60265,611,0,23,Graduate,Organic,2023-05-30
CUST006333,31,Female,Tier 2,Shivpuri,Gig Worker,12208,634,0,10,Graduate,Social Media,2023-02-09
CUST006334,38,Female,Tier 3,Imphal,Gig Worker,13928,570,0,13,Graduate,Organic,2022-07-29
CUST006335,43,Female,Tier 1,Dibrugarh,Salaried,83401,826,0,28,Postgraduate,Organic,2023-04-29
CUST006336,46,Other,Tier 3,Delhi,Self Employed,44957,653,0,22,Graduate,Referral,2023-04-16
CUST006337,37,Male,Tier 1,Cuttack,Salaried,46125,815,1,23,Postgraduate,DSA Agent,2023-06-29
CUST006338,27,Male,Tier 2,Mehsana,Salaried,76806,718,0,10,Graduate,Referral,2022-04-17
CUST006339,27,Female,Tier 3,Ramgarh,Gig Worker,15399,624,0,19,School,DSA Agent,2022-11-22
CUST006340,28,Male,Tier 2,Dhanbad,Salaried,113998,768,0,14,Graduate,Social Media,2023-10-08
CUST006341,25,Male,Tier 2,Silchar,Salaried,84511,730,0,6,Graduate,Social Media,2023-11-29
CUST006342,37,Female,Tier 2,Tiruvottiyur,Self Employed,73025,741,0,19,School,DSA Agent,2022-03-23
CUST006343,42,Female,Tier 2,Panipat,Self Employed,25201,723,0,9,Postgraduate,Organic,2023-02-02
CUST006344,22,Female,Tier 2,Jaunpur,Student,0,408,0,0,Graduate,Social Media,2023-07-13
CUST006345,30,Male,Tier 2,Rajpur Sonarpur,Gig Worker,24659,516,1,2,Graduate,Referral,2023-04-25
CUST006346,25,Female,Tier 1,Alwar,Salaried,125881,847,0,20,Postgraduate,Organic,2022-04-02
CUST006347,35,Male,Tier 2,Belgaum,Salaried,131472,784,1,8,Professional,Organic,2022-08-08
CUST006348,34,Male,Tier 1,Karaikudi,Business Owner,133543,655,0,18,Postgraduate,DSA Agent,2022-03-30
CUST006349,31,Female,Tier 2,Parbhani,Gig Worker,32183,532,2,12,Graduate,DSA Agent,2023-09-02
CUST006350,35,Male,Tier 1,Howrah,Self Employed,64501,580,1,15,Postgraduate,Social Media,2022-03-24
CUST006351,40,Male,Tier 2,Shivpuri,Salaried,148801,712,1,10,Postgraduate,Organic,2023-01-22
CUST006352,29,Female,Tier 1,Nanded,Gig Worker,18168,575,0,8,School,Social Media,2022-06-04
CUST006353,28,Male,Tier 2,Bidhannagar,Salaried,136980,812,1,16,Postgraduate,Social Media,2023-04-19
CUST006354,36,Female,Tier 3,Mysore,Gig Worker,21267,529,2,0,Graduate,Referral,2022-06-05
CUST006355,31,Female,Tier 3,Gurgaon,Business Owner,87296,708,2,2,School,DSA Agent,2023-08-28
CUST006356,46,Other,Tier 2,Pali,Business Owner,110000,688,3,39,Professional,Social Media,2022-07-24
CUST006357,26,Male,Tier 1,Chennai,Gig Worker,12325,544,0,10,Graduate,Social Media,2023-10-08
CUST006358,22,Female,Tier 3,Amritsar,Gig Worker,22552,539,1,4,School,Organic,2023-02-11
CUST006359,53,Male,Tier 2,Etawah,Business Owner,196632,728,1,31,School,Social Media,2022-06-06
CUST006360,44,Female,Tier 1,Mysore,Self Employed,52881,746,0,21,Graduate,Organic,2022-10-06
CUST006361,31,Male,Tier 2,Ramgarh,Salaried,111878,821,0,29,School,Referral,2023-07-01
CUST006362,23,Male,Tier 2,Mumbai,Gig Worker,19775,605,0,19,Graduate,Organic,2022-11-15
CUST006363,36,Female,Tier 2,Madhyamgram,Salaried,148832,820,0,17,Postgraduate,DSA Agent,2022-08-18
CUST006364,31,Male,Tier 2,Chandigarh,Gig Worker,24310,506,0,13,Postgraduate,Social Media,2022-05-05
CUST006365,27,Male,Tier 2,Gaya,Gig Worker,29972,506,0,13,Graduate,DSA Agent,2022-01-31
CUST006366,32,Male,Tier 3,Jodhpur,Gig Worker,24115,573,0,4,Professional,DSA Agent,2023-03-02
CUST006367,37,Female,Tier 2,Mirzapur,Gig Worker,33155,543,0,13,Professional,Organic,2023-01-21
CUST006368,30,Male,Tier 1,Gandhidham,Salaried,146943,848,0,4,Graduate,Social Media,2023-12-09
CUST006369,29,Male,Tier 2,Jehanabad,Gig Worker,16898,534,1,6,Graduate,Organic,2022-06-11
CUST006370,25,Male,Tier 1,Kollam,Student,0,437,0,0,Postgraduate,Social Media,2023-06-19
CUST006371,33,Female,Tier 2,Patna,Self Employed,92733,712,1,28,School,Social Media,2023-12-26
CUST006372,44,Female,Tier 2,Madurai,Salaried,131958,835,0,26,Graduate,Referral,2023-01-09
CUST006373,41,Male,Tier 2,Guntakal,Business Owner,150444,714,1,30,Graduate,DSA Agent,2022-09-14
CUST006374,41,Male,Tier 2,Kanpur,Business Owner,169215,606,3,12,Professional,Social Media,2022-07-02
CUST006375,33,Male,Tier 1,Karawal Nagar,Salaried,119988,835,0,8,Graduate,Referral,2022-01-03
CUST006376,32,Male,Tier 1,Chandigarh,Salaried,59173,807,0,6,Graduate,Social Media,2022-01-10
CUST006377,34,Male,Tier 1,Kishanganj,Self Employed,73129,610,0,2,Postgraduate,Organic,2023-06-06
CUST006378,23,Female,Tier 2,Durg,Student,2352,467,0,0,Graduate,Social Media,2022-03-11
CUST006379,51,Female,Tier 2,Ajmer,Business Owner,117271,693,1,5,Postgraduate,DSA Agent,2023-12-06
CUST006380,21,Female,Tier 1,Haridwar,Student,0,478,0,0,Graduate,Organic,2022-03-27
CUST006381,41,Male,Tier 2,Haridwar,Self Employed,78477,743,0,15,Graduate,Organic,2023-10-11
CUST006382,25,Female,Tier 2,Mira-Bhayandar,Gig Worker,29633,676,1,2,School,Organic,2023-03-22
CUST006383,38,Female,Tier 1,Alwar,Salaried,146443,752,0,23,Graduate,DSA Agent,2023-06-04
CUST006384,39,Female,Tier 3,Bhiwandi,Salaried,51231,826,0,12,Graduate,Social Media,2023-01-19
CUST006385,32,Female,Tier 2,Hubli–Dharwad,Gig Worker,17678,526,2,17,School,Organic,2022-04-26
CUST006386,35,Male,Tier 3,Bhalswa Jahangir Pur,Self Employed,77922,551,2,11,Graduate,DSA Agent,2022-03-11
CUST006387,31,Male,Tier 1,Bijapur,Gig Worker,27749,511,1,6,Graduate,Referral,2023-08-29
CUST006388,39,Female,Tier 3,Kakinada,Self Employed,51908,713,0,32,Professional,DSA Agent,2023-02-02
CUST006389,45,Male,Tier 1,Vadodara,Salaried,111569,730,0,15,Graduate,DSA Agent,2022-02-28
CUST006390,37,Male,Tier 3,Thoothukudi,Gig Worker,29325,666,1,15,Professional,DSA Agent,2023-07-17
CUST006391,29,Male,Tier 2,Jamnagar,Salaried,51658,796,0,17,Postgraduate,DSA Agent,2023-07-17
CUST006392,33,Male,Tier 3,Kishanganj,Gig Worker,18675,595,2,4,Graduate,Social Media,2022-03-20
CUST006393,45,Female,Tier 1,Korba,Self Employed,93482,713,0,32,Graduate,Organic,2023-12-04
CUST006394,41,Male,Tier 2,Coimbatore,Self Employed,74651,565,0,31,Graduate,Organic,2022-07-18
CUST006395,43,Male,Tier 3,Sagar,Business Owner,62268,635,1,12,Graduate,Social Media,2023-05-16
CUST006396,39,Female,Tier 3,Karimnagar,Salaried,147769,847,1,29,Postgraduate,Social Media,2022-06-29
CUST006397,24,Male,Tier 3,Bardhaman,Gig Worker,33303,626,1,17,Graduate,Organic,2022-12-21
CUST006398,30,Other,Tier 3,Naihati,Salaried,47914,741,0,28,Graduate,Referral,2022-08-18
CUST006399,32,Male,Tier 2,Bidar,Gig Worker,28642,666,1,10,Graduate,Social Media,2022-07-25
CUST006400,18,Female,Tier 3,Machilipatnam,Student,0,422,1,0,School,Social Media,2022-12-27
CUST006401,28,Female,Tier 3,Bongaigaon,Self Employed,60740,733,0,12,Graduate,Social Media,2022-02-08
CUST006402,23,Female,Tier 3,Agra,Student,11983,470,0,0,School,Social Media,2022-03-19
CUST006403,25,Male,Tier 2,Sultan Pur Majra,Salaried,113617,725,0,17,Postgraduate,DSA Agent,2023-09-24
CUST006404,25,Male,Tier 1,Giridih,Student,0,512,0,0,School,DSA Agent,2022-05-16
CUST006405,44,Female,Tier 2,Chandrapur,Salaried,147235,765,0,5,Postgraduate,Social Media,2023-11-10
CUST006406,20,Female,Tier 1,Hosur,Student,14415,568,0,0,Graduate,Organic,2022-01-31
CUST006407,33,Male,Tier 1,Motihari,Salaried,101124,708,0,9,Postgraduate,Organic,2023-10-24
CUST006408,28,Male,Tier 1,Belgaum,Salaried,128132,761,0,16,Graduate,Referral,2022-08-14
CUST006409,37,Female,Tier 2,Ambattur,Gig Worker,22870,613,0,4,Postgraduate,Organic,2022-10-07
CUST006410,36,Female,Tier 2,Bihar Sharif,Business Owner,89723,754,0,35,Postgraduate,Referral,2023-09-15
CUST006411,26,Male,Tier 2,Durgapur,Salaried,64043,750,0,2,Graduate,Social Media,2023-06-10
CUST006412,24,Female,Tier 1,Bathinda,Gig Worker,20607,629,5,18,Postgraduate,Organic,2022-08-31
CUST006413,24,Female,Tier 2,Meerut,Student,0,445,0,0,School,Social Media,2022-11-27
CUST006414,31,Female,Tier 2,Raiganj,Gig Worker,21180,540,0,3,Graduate,Organic,2023-07-28
CUST006415,30,Female,Tier 1,Dhanbad,Salaried,69804,746,0,4,Postgraduate,Organic,2022-04-01
CUST006416,37,Male,Tier 3,Karimnagar,Gig Worker,33766,537,0,12,School,DSA Agent,2022-03-15
CUST006417,28,Other,Tier 2,Udupi,Gig Worker,13041,508,1,10,School,Organic,2023-10-24
CUST006418,51,Female,Tier 3,Nagercoil,Business Owner,150280,700,0,31,Postgraduate,Social Media,2023-08-12
CUST006419,31,Female,Tier 3,Bharatpur,Self Employed,63969,746,0,30,Graduate,Social Media,2023-11-23
CUST006420,36,Male,Tier 3,Kozhikode,Gig Worker,15610,529,0,12,Graduate,Social Media,2022-02-05
CUST006421,55,Female,Tier 2,Buxar,Business Owner,89427,766,0,31,Postgraduate,Social Media,2022-01-08
CUST006422,36,Male,Tier 3,Bangalore,Gig Worker,23146,580,1,9,School,Organic,2023-10-24
CUST006423,26,Male,Tier 1,Panvel,Salaried,43834,791,0,21,Graduate,Social Media,2022-04-18
CUST006424,27,Female,Tier 2,Anantapur,Salaried,41686,809,0,1,Postgraduate,Referral,2023-05-31
CUST006425,31,Female,Tier 2,Kalyan-Dombivli,Gig Worker,13205,640,1,7,School,DSA Agent,2023-05-18
CUST006426,31,Female,Tier 2,Tirupati,Salaried,131770,806,0,26,Postgraduate,Social Media,2022-05-13
CUST006427,43,Male,Tier 2,Ghaziabad,Business Owner,118543,602,0,10,Postgraduate,Social Media,2022-09-13
CUST006428,44,Female,Tier 1,Muzaffarpur,Self Employed,53215,581,1,4,Postgraduate,DSA Agent,2022-10-05
CUST006429,44,Male,Tier 2,Gwalior,Salaried,51418,832,0,3,Graduate,Organic,2023-11-26
CUST006430,24,Female,Tier 3,Surendranagar Dudhrej,Gig Worker,34529,542,1,0,Postgraduate,Organic,2022-12-06
CUST006431,45,Male,Tier 2,Bareilly,Self Employed,32377,670,0,3,Graduate,Social Media,2023-04-28
CUST006432,36,Female,Tier 2,Ajmer,Business Owner,48010,774,1,34,Postgraduate,Organic,2022-07-28
CUST006433,24,Female,Tier 1,Sagar,Student,0,489,0,0,Postgraduate,Organic,2023-11-14
CUST006434,27,Male,Tier 1,Pali,Gig Worker,34062,679,0,17,Graduate,Organic,2023-07-24
CUST006435,46,Male,Tier 3,Belgaum,Self Employed,79509,671,0,26,Postgraduate,Social Media,2022-03-14
CUST006436,26,Female,Tier 2,Nagpur,Gig Worker,29712,609,0,6,School,Social Media,2022-10-17
CUST006437,37,Female,Tier 2,Udupi,Gig Worker,34680,524,2,2,Professional,Organic,2023-09-26
CUST006438,41,Female,Tier 2,Muzaffarpur,Salaried,78433,842,0,7,School,Social Media,2022-09-24
CUST006439,33,Female,Tier 2,Agartala,Salaried,108007,733,0,13,Postgraduate,Social Media,2022-05-23
CUST006440,34,Male,Tier 3,Belgaum,Gig Worker,26220,547,0,11,School,Social Media,2022-03-30
CUST006441,33,Male,Tier 1,Gwalior,Salaried,49564,732,1,23,School,Organic,2022-11-08
CUST006442,43,Male,Tier 1,South Dumdum,Salaried,129399,732,1,17,Graduate,Referral,2022-11-07
CUST006443,31,Male,Tier 2,Satara,Self Employed,37666,666,2,39,Graduate,Organic,2022-12-21
CUST006444,29,Female,Tier 3,Allahabad,Salaried,84802,845,0,3,Graduate,Social Media,2022-07-31
CUST006445,24,Male,Tier 2,Sangli-Miraj & Kupwad,Gig Worker,12644,508,1,11,Graduate,Referral,2023-10-12
CUST006446,36,Female,Tier 3,Dhanbad,Gig Worker,22234,556,1,10,School,DSA Agent,2022-10-27
CUST006447,38,Female,Tier 3,Imphal,Business Owner,56628,749,0,2,Graduate,Organic,2023-06-20
CUST006448,27,Female,Tier 3,Naihati,Gig Worker,25443,649,0,13,Postgraduate,Social Media,2023-10-23
CUST006449,30,Female,Tier 1,South Dumdum,Salaried,86532,770,0,4,Postgraduate,Social Media,2023-01-07
CUST006450,25,Male,Tier 3,Giridih,Gig Worker,28135,535,0,10,Postgraduate,Social Media,2023-09-14
CUST006451,26,Female,Tier 3,Gandhidham,Student,0,484,0,0,Professional,Referral,2022-11-24
CUST006452,43,Male,Tier 2,Patna,Business Owner,177236,779,1,22,School,Referral,2023-05-19
CUST006453,36,Male,Tier 3,Ichalkaranji,Gig Worker,20966,541,0,15,Professional,Organic,2023-11-20
CUST006454,42,Female,Tier 1,Kumbakonam,Salaried,76248,743,1,6,Graduate,Referral,2023-09-11
CUST006455,50,Male,Tier 1,Mango,Business Owner,52770,757,1,18,Graduate,Organic,2022-05-10
CUST006456,25,Other,Tier 2,Bikaner,Salaried,120162,760,0,30,Professional,Organic,2022-03-29
CUST006457,33,Female,Tier 3,Hindupur,Self Employed,89228,627,1,28,Graduate,Social Media,2022-04-13
CUST006458,30,Female,Tier 2,Raichur,Gig Worker,16317,613,0,11,Graduate,Social Media,2023-06-25
CUST006459,41,Male,Tier 1,Bhopal,Salaried,46745,734,0,9,Postgraduate,DSA Agent,2023-07-19
CUST006460,38,Female,Tier 1,Amritsar,Salaried,96431,849,0,18,Postgraduate,DSA Agent,2022-02-15
CUST006461,39,Male,Tier 1,Bangalore,Salaried,47213,756,0,5,School,Organic,2023-10-18
CUST006462,35,Female,Tier 2,Tumkur,Self Employed,78798,680,0,19,Graduate,Referral,2022-05-04
CUST006463,46,Male,Tier 2,Avadi,Business Owner,50622,649,2,34,Postgraduate,Social Media,2022-03-22
CUST006464,29,Female,Tier 1,Kurnool,Salaried,45607,812,2,30,Graduate,Referral,2022-11-20
CUST006465,18,Male,Tier 3,Delhi,Student,0,477,0,0,Graduate,Referral,2023-12-09
CUST006466,41,Male,Tier 1,Karnal,Salaried,63483,709,0,29,Graduate,Organic,2023-04-04
CUST006467,25,Female,Tier 3,Patna,Gig Worker,22130,635,0,10,Graduate,Referral,2023-01-10
CUST006468,45,Male,Tier 2,Haldia,Salaried,115857,829,0,5,Graduate,Social Media,2023-09-16
CUST006469,46,Female,Tier 1,Guna,Business Owner,48727,784,1,12,Graduate,DSA Agent,2023-03-18
CUST006470,42,Male,Tier 1,Rajkot,Self Employed,45104,624,0,26,Graduate,Social Media,2023-06-11
CUST006471,47,Male,Tier 1,Hosur,Self Employed,46818,702,0,24,Graduate,Organic,2022-12-07
CUST006472,22,Female,Tier 1,Srikakulam,Student,4997,503,0,0,Postgraduate,DSA Agent,2022-05-21
CUST006473,28,Male,Tier 1,Korba,Self Employed,69515,721,0,10,School,Referral,2023-04-20
CUST006474,54,Male,Tier 1,Tadepalligudem,Business Owner,121284,717,1,11,Graduate,DSA Agent,2022-10-22
CUST006475,32,Female,Tier 1,Bongaigaon,Self Employed,97252,750,0,11,Postgraduate,DSA Agent,2023-08-29
CUST006476,50,Male,Tier 2,Sri Ganganagar,Business Owner,151349,615,2,25,School,Organic,2022-10-06
CUST006477,37,Male,Tier 2,Dindigul,Gig Worker,21989,520,1,15,Postgraduate,Referral,2023-04-20
CUST006478,45,Male,Tier 2,Siliguri,Salaried,145896,811,0,10,Graduate,Social Media,2022-01-23
CUST006479,26,Male,Tier 2,Mirzapur,Gig Worker,13954,540,0,2,Graduate,Social Media,2023-11-01
CUST006480,35,Female,Tier 1,Madurai,Salaried,122752,785,1,19,Postgraduate,Organic,2023-06-16
CUST006481,34,Male,Tier 1,Allahabad,Gig Worker,31110,593,0,0,Graduate,Referral,2023-11-15
CUST006482,27,Female,Tier 2,Morbi,Gig Worker,26759,511,0,5,Graduate,DSA Agent,2023-10-14
CUST006483,43,Male,Tier 3,Surat,Self Employed,46884,713,0,23,Graduate,Social Media,2023-07-19
CUST006484,34,Male,Tier 1,Aurangabad,Salaried,61470,777,0,17,Graduate,Social Media,2023-11-24
CUST006485,41,Male,Tier 1,Motihari,Salaried,112560,751,0,9,School,Organic,2022-04-12
CUST006486,33,Female,Tier 3,Srinagar,Gig Worker,20521,612,0,15,Postgraduate,Referral,2023-01-11
CUST006487,42,Other,Tier 2,Bahraich,Business Owner,183906,660,0,16,Graduate,Social Media,2023-12-16
CUST006488,36,Female,Tier 2,Firozabad,Gig Worker,26791,503,0,11,School,Social Media,2023-01-15
CUST006489,30,Other,Tier 2,New Delhi,Gig Worker,16600,601,1,1,School,Social Media,2022-03-29
CUST006490,48,Male,Tier 2,Orai,Self Employed,66913,575,0,36,Graduate,Referral,2023-11-21
CUST006491,33,Male,Tier 3,Cuttack,Self Employed,30601,732,0,3,Graduate,Social Media,2022-11-16
CUST006492,25,Male,Tier 3,Jammu,Salaried,128249,838,0,11,Graduate,Social Media,2022-12-09
CUST006493,28,Male,Tier 2,Aizawl,Gig Worker,31459,568,0,5,Graduate,Social Media,2022-02-05
CUST006494,29,Male,Tier 1,Kamarhati,Salaried,76198,705,0,14,Postgraduate,Social Media,2022-02-19
CUST006495,47,Male,Tier 3,Delhi,Business Owner,196577,657,0,8,School,Social Media,2022-07-23
CUST006496,40,Male,Tier 3,Pallavaram,Salaried,139506,777,0,15,School,Organic,2023-05-24
CUST006497,35,Male,Tier 2,Burhanpur,Gig Worker,31433,652,0,2,Postgraduate,Referral,2022-09-02
CUST006498,31,Male,Tier 1,Thanjavur,Salaried,113780,766,0,22,Postgraduate,Social Media,2022-01-10
CUST006499,36,Male,Tier 2,Bangalore,Salaried,143606,832,2,9,School,Social Media,2023-07-02
CUST006500,48,Female,Tier 2,Nanded,Self Employed,97597,564,0,29,Graduate,Social Media,2023-11-06
CUST006501,32,Male,Tier 1,Hyderabad,Salaried,131620,756,0,16,Graduate,Organic,2023-06-11
CUST006502,42,Female,Tier 1,Kumbakonam,Salaried,42883,823,0,22,Postgraduate,Referral,2023-02-12
CUST006503,37,Female,Tier 2,Nadiad,Gig Worker,13675,568,2,9,Graduate,Organic,2023-08-20
CUST006504,25,Male,Tier 1,Rohtak,Salaried,61911,735,1,26,School,Social Media,2023-08-01
CUST006505,44,Male,Tier 2,Katni,Salaried,47943,727,0,28,School,Referral,2023-03-24
CUST006506,25,Male,Tier 1,Baranagar,Student,0,404,0,0,Graduate,Referral,2023-07-17
CUST006507,37,Female,Tier 2,Jaunpur,Self Employed,30414,708,0,29,Graduate,Referral,2023-03-15
CUST006508,48,Male,Tier 1,Udaipur,Business Owner,165774,601,0,16,Graduate,Social Media,2022-06-23
CUST006509,20,Male,Tier 3,Gaya,Student,0,475,0,0,Graduate,DSA Agent,2023-06-05
CUST006510,37,Male,Tier 2,Muzaffarnagar,Self Employed,75669,594,1,35,Graduate,Organic,2023-11-10
CUST006511,36,Female,Tier 1,Aizawl,Salaried,101439,820,0,12,Postgraduate,Social Media,2022-09-20
CUST006512,32,Male,Tier 3,Bareilly,Self Employed,36697,630,0,13,School,DSA Agent,2023-02-08
CUST006513,22,Female,Tier 2,Kanpur,Student,0,594,0,0,Postgraduate,Referral,2023-02-11
CUST006514,35,Female,Tier 2,Aurangabad,Self Employed,35320,730,2,3,Professional,Referral,2023-06-19
CUST006515,25,Female,Tier 2,Bidar,Gig Worker,29656,506,1,0,Postgraduate,Referral,2023-06-29
CUST006516,28,Female,Tier 1,Raurkela Industrial Township,Salaried,149110,830,1,20,Postgraduate,Organic,2023-04-26
CUST006517,18,Female,Tier 2,Kolkata,Student,5091,489,0,0,Graduate,DSA Agent,2022-03-15
CUST006518,28,Female,Tier 2,Sasaram,Self Employed,92356,633,0,9,Graduate,Organic,2022-12-03
CUST006519,46,Female,Tier 3,Latur,Business Owner,143693,644,1,24,Graduate,Organic,2023-05-29
CUST006520,36,Male,Tier 2,Saharanpur,Salaried,124020,741,0,4,Graduate,Organic,2023-07-19
CUST006521,25,Male,Tier 1,Hubli–Dharwad,Salaried,88289,784,0,26,School,Social Media,2022-07-13
CUST006522,25,Female,Tier 1,Singrauli,Salaried,145002,833,0,22,Postgraduate,Referral,2023-01-10
CUST006523,32,Female,Tier 3,Muzaffarnagar,Self Employed,67628,743,1,13,Postgraduate,Social Media,2022-09-26
CUST006524,27,Female,Tier 2,Tadepalligudem,Salaried,149341,775,0,1,Graduate,Referral,2023-05-31
CUST006525,45,Female,Tier 1,Ichalkaranji,Salaried,55201,702,0,11,Professional,Organic,2023-06-10
CUST006526,35,Female,Tier 2,Sirsa,Business Owner,149899,631,0,2,Postgraduate,Organic,2023-05-14
CUST006527,36,Male,Tier 2,Phusro,Salaried,90457,849,0,24,Graduate,Organic,2022-10-26
CUST006528,26,Female,Tier 1,North Dumdum,Student,0,501,0,0,Postgraduate,Organic,2022-04-26
CUST006529,33,Male,Tier 3,Chandigarh,Gig Worker,34815,601,1,2,Graduate,Referral,2023-10-14
CUST006530,21,Other,Tier 1,Guntakal,Student,0,472,1,0,Postgraduate,Organic,2023-10-04
CUST006531,29,Female,Tier 2,Bijapur,Gig Worker,34538,557,0,1,Graduate,Social Media,2023-03-10
CUST006532,41,Female,Tier 2,Tenali,Business Owner,191877,752,1,17,Postgraduate,Social Media,2023-11-24
CUST006533,35,Male,Tier 3,Ahmednagar,Business Owner,129313,669,0,35,Graduate,Organic,2023-04-22
CUST006534,45,Male,Tier 1,Gurgaon,Salaried,104233,736,0,22,Graduate,DSA Agent,2022-02-12
CUST006535,37,Male,Tier 1,Bangalore,Salaried,120046,776,0,17,School,Referral,2022-01-10
CUST006536,37,Female,Tier 1,Berhampore,Salaried,64592,702,0,12,Graduate,Organic,2023-05-15
CUST006537,28,Female,Tier 2,Raichur,Self Employed,93930,568,3,31,Postgraduate,Social Media,2023-12-27
CUST006538,22,Male,Tier 2,Solapur,Student,11212,433,0,0,Postgraduate,Organic,2022-05-02
CUST006539,38,Female,Tier 2,Surendranagar Dudhrej,Gig Worker,19877,606,1,11,Postgraduate,Social Media,2023-01-28
CUST006540,34,Female,Tier 3,Nagpur,Self Employed,90537,723,0,36,School,Social Media,2023-10-22
CUST006541,45,Male,Tier 3,Mumbai,Salaried,83935,842,2,9,Postgraduate,Referral,2022-12-31
CUST006542,20,Male,Tier 2,Raipur,Student,0,485,2,0,School,Referral,2023-10-24
CUST006543,32,Female,Tier 3,Hapur,Business Owner,138370,762,1,30,Postgraduate,Referral,2023-01-21
CUST006544,33,Female,Tier 2,Kamarhati,Salaried,45453,764,0,14,Postgraduate,DSA Agent,2023-11-07
CUST006545,24,Female,Tier 2,Bokaro,Gig Worker,21173,638,0,8,Postgraduate,Organic,2022-05-09
CUST006546,42,Female,Tier 3,Chinsurah,Salaried,109239,749,0,17,Postgraduate,Social Media,2022-02-28
CUST006547,25,Other,Tier 2,Navi Mumbai,Gig Worker,13456,658,1,7,Graduate,Organic,2023-08-07
CUST006548,31,Male,Tier 3,Jabalpur,Gig Worker,26212,658,0,6,School,Organic,2023-01-17
CUST006549,25,Female,Tier 1,Loni,Salaried,74862,841,0,25,Graduate,Organic,2022-09-07
CUST006550,37,Male,Tier 2,Nagaon,Gig Worker,14140,673,1,12,Graduate,Social Media,2022-07-07
CUST006551,30,Male,Tier 2,Kolkata,Salaried,93365,745,1,29,Postgraduate,Referral,2022-09-15
CUST006552,23,Male,Tier 2,Buxar,Gig Worker,13859,664,1,13,Graduate,Social Media,2022-08-05
CUST006553,33,Male,Tier 2,Raebareli,Gig Worker,24109,629,1,11,Postgraduate,Referral,2022-02-09
CUST006554,29,Other,Tier 1,Gorakhpur,Salaried,94952,721,0,4,Graduate,Organic,2023-01-29
CUST006555,42,Female,Tier 3,Rajpur Sonarpur,Self Employed,81908,557,0,28,Postgraduate,Social Media,2022-06-22
CUST006556,50,Male,Tier 2,Thoothukudi,Self Employed,32491,566,1,21,Graduate,Organic,2023-03-04
CUST006557,37,Female,Tier 3,Giridih,Gig Worker,15043,553,0,8,Postgraduate,Referral,2023-05-15
CUST006558,28,Female,Tier 1,Jehanabad,Salaried,90508,728,0,11,Graduate,DSA Agent,2022-10-22
CUST006559,41,Female,Tier 1,Nandyal,Self Employed,24026,610,1,8,School,Social Media,2022-11-10
CUST006560,44,Female,Tier 3,Bareilly,Business Owner,199289,742,0,13,Postgraduate,Social Media,2023-09-27
CUST006561,30,Male,Tier 2,Miryalaguda,Salaried,59501,744,0,16,Postgraduate,DSA Agent,2022-07-02
CUST006562,27,Female,Tier 1,Dhanbad,Salaried,42055,783,0,14,School,Social Media,2022-03-03
CUST006563,41,Female,Tier 1,Patiala,Salaried,42149,740,1,13,Graduate,Social Media,2022-12-23
CUST006564,31,Female,Tier 2,Deoghar,Gig Worker,33461,546,0,11,School,Referral,2022-12-12
CUST006565,35,Female,Tier 1,Jabalpur,Salaried,90964,703,1,25,Postgraduate,Social Media,2023-09-15
CUST006566,26,Female,Tier 2,Narasaraopet,Gig Worker,12561,590,0,9,Postgraduate,Referral,2023-03-22
CUST006567,50,Female,Tier 3,Danapur,Self Employed,85031,731,2,17,Graduate,Social Media,2022-12-15
CUST006568,33,Female,Tier 2,Malegaon,Gig Worker,17578,570,1,4,Graduate,Referral,2022-03-10
CUST006569,24,Other,Tier 3,Bathinda,Gig Worker,19845,509,1,14,School,Referral,2023-10-28
CUST006570,33,Male,Tier 3,Meerut,Gig Worker,24416,576,0,10,Professional,Social Media,2023-01-23
CUST006571,22,Male,Tier 1,Kottayam,Gig Worker,14840,551,1,19,Graduate,Organic,2022-12-14
CUST006572,28,Male,Tier 2,Gulbarga,Salaried,82275,836,1,1,Postgraduate,Social Media,2022-09-03
CUST006573,44,Female,Tier 1,Ujjain,Salaried,132268,744,3,30,School,DSA Agent,2022-04-03
CUST006574,19,Female,Tier 1,Meerut,Student,0,434,0,0,School,Organic,2023-01-22
CUST006575,25,Male,Tier 1,Suryapet,Salaried,102138,829,2,25,Graduate,Referral,2023-08-02
CUST006576,36,Other,Tier 2,Srikakulam,Self Employed,33901,663,0,4,School,Referral,2023-05-23
CUST006577,32,Female,Tier 3,Jorhat,Business Owner,198193,744,0,5,School,Referral,2022-01-14
CUST006578,28,Female,Tier 3,Berhampur,Salaried,137249,791,0,6,Graduate,Organic,2022-03-21
CUST006579,23,Male,Tier 3,Bhatpara,Gig Worker,13704,594,2,5,Graduate,Organic,2022-11-10
CUST006580,32,Female,Tier 2,Nizamabad,Gig Worker,30386,517,0,15,Postgraduate,Social Media,2022-11-17
CUST006581,24,Female,Tier 1,Alwar,Student,16278,405,0,0,Postgraduate,Social Media,2022-01-28
CUST006582,52,Female,Tier 3,Morbi,Business Owner,146451,621,1,24,Graduate,Social Media,2023-03-09
CUST006583,35,Female,Tier 1,Rajpur Sonarpur,Self Employed,35061,678,0,3,School,Organic,2023-03-03
CUST006584,27,Female,Tier 1,Loni,Salaried,56896,728,1,13,Graduate,Referral,2022-01-01
CUST006585,35,Male,Tier 2,Amritsar,Self Employed,48475,654,1,34,Graduate,DSA Agent,2023-10-04
CUST006586,33,Female,Tier 2,Karimnagar,Gig Worker,12221,551,0,1,Professional,Organic,2022-03-12
CUST006587,28,Male,Tier 1,Hyderabad,Gig Worker,19022,517,0,9,Graduate,Referral,2023-09-07
CUST006588,34,Male,Tier 1,Ahmedabad,Salaried,96242,817,0,14,Graduate,Referral,2023-04-15
CUST006589,25,Male,Tier 2,Vadodara,Salaried,97133,760,1,2,Postgraduate,Social Media,2023-04-26
CUST006590,30,Male,Tier 2,Dhanbad,Self Employed,93155,614,0,35,Graduate,Organic,2023-05-11
CUST006591,22,Male,Tier 3,Jalgaon,Gig Worker,17337,510,3,18,School,Referral,2022-08-25
CUST006592,28,Female,Tier 2,Mira-Bhayandar,Salaried,67642,727,0,23,Postgraduate,Organic,2023-11-23
CUST006593,34,Female,Tier 2,Bahraich,Gig Worker,23852,599,0,14,School,Social Media,2023-01-30
CUST006594,22,Male,Tier 2,Secunderabad,Student,0,465,0,0,School,Organic,2023-03-13
CUST006595,47,Female,Tier 3,Kota,Self Employed,22585,699,0,11,Postgraduate,DSA Agent,2022-06-10
CUST006596,43,Male,Tier 1,Serampore,Salaried,143353,728,0,19,Graduate,Social Media,2023-05-24
CUST006597,25,Male,Tier 2,Kalyan-Dombivli,Salaried,51928,848,0,29,Postgraduate,Referral,2023-06-06
CUST006598,40,Female,Tier 1,Ambala,Salaried,76774,765,0,27,School,Social Media,2022-12-21
CUST006599,44,Female,Tier 2,Erode,Business Owner,134960,627,1,23,Postgraduate,DSA Agent,2022-09-22
CUST006600,34,Female,Tier 3,Nashik,Gig Worker,31857,519,2,11,Graduate,Organic,2022-10-10
CUST006601,23,Male,Tier 1,Nizamabad,Gig Worker,25969,661,0,1,Graduate,DSA Agent,2023-10-04
CUST006602,31,Female,Tier 3,Thiruvananthapuram,Gig Worker,12125,604,0,11,School,Referral,2022-02-12
CUST006603,22,Female,Tier 1,Howrah,Gig Worker,25304,612,0,0,Graduate,Referral,2023-09-27
CUST006604,20,Other,Tier 3,Hindupur,Student,6190,448,0,0,Graduate,Referral,2022-06-23
CUST006605,28,Male,Tier 2,Gandhidham,Gig Worker,13852,502,1,6,Professional,Referral,2023-10-18
CUST006606,43,Female,Tier 2,Jaunpur,Salaried,139769,836,0,26,Postgraduate,Organic,2022-12-19
CUST006607,44,Female,Tier 1,Sikar,Salaried,60069,804,0,11,School,Referral,2022-09-15
CUST006608,34,Other,Tier 2,Phagwara,Gig Worker,21003,504,0,12,Graduate,Social Media,2023-03-12
CUST006609,30,Male,Tier 1,Mira-Bhayandar,Business Owner,65327,718,0,35,Graduate,Social Media,2023-08-20
CUST006610,45,Female,Tier 1,Lucknow,Salaried,81305,729,0,24,Graduate,Social Media,2023-04-27
CUST006611,19,Male,Tier 1,Khora ,Student,0,446,0,0,School,Organic,2023-04-11
CUST006612,31,Female,Tier 3,Vijayanagaram,Self Employed,80708,623,0,9,Postgraduate,Social Media,2023-01-03
CUST006613,42,Male,Tier 1,Nandyal,Salaried,45246,735,1,1,School,Organic,2023-07-11
CUST006614,26,Male,Tier 3,Burhanpur,Salaried,62824,768,0,27,Graduate,Organic,2023-05-26
CUST006615,30,Female,Tier 2,Kozhikode,Salaried,80914,702,0,8,Graduate,Social Media,2022-10-10
CUST006616,44,Male,Tier 3,Jamshedpur,Self Employed,78038,628,0,13,Graduate,Organic,2023-07-11
CUST006617,45,Male,Tier 3,Firozabad,Salaried,149641,758,0,2,Postgraduate,Social Media,2022-12-18
CUST006618,23,Male,Tier 2,Hosur,Gig Worker,16165,554,1,19,School,Organic,2022-03-30
CUST006619,28,Male,Tier 2,Jabalpur,Gig Worker,16191,521,0,0,Graduate,Referral,2022-03-17
CUST006620,33,Female,Tier 3,Katni,Self Employed,47491,631,0,28,Postgraduate,Organic,2023-08-13
CUST006621,25,Female,Tier 2,Saharanpur,Salaried,48081,773,0,19,Graduate,Social Media,2023-05-27
CUST006622,38,Female,Tier 2,Panihati,Gig Worker,25581,659,0,18,School,Social Media,2022-06-22
CUST006623,26,Male,Tier 3,Gurgaon,Gig Worker,12687,595,0,9,School,Social Media,2022-01-02
CUST006624,32,Female,Tier 2,Kanpur,Gig Worker,18054,670,0,18,Graduate,Social Media,2022-09-23
CUST006625,23,Female,Tier 3,Ambarnath,Student,0,458,0,0,Postgraduate,Referral,2022-10-03
CUST006626,43,Female,Tier 1,Proddatur,Salaried,95389,793,0,15,Graduate,Referral,2023-10-07
CUST006627,23,Female,Tier 1,Erode,Student,0,482,0,0,Graduate,Organic,2023-05-08
CUST006628,29,Female,Tier 1,Jaunpur,Self Employed,60251,584,0,35,Graduate,Organic,2023-09-14
CUST006629,32,Female,Tier 2,Yamunanagar,Gig Worker,22174,608,0,14,Postgraduate,Referral,2022-08-15
CUST006630,36,Male,Tier 3,Singrauli,Self Employed,92729,609,0,18,Postgraduate,DSA Agent,2023-03-02
CUST006631,32,Male,Tier 2,Guwahati,Gig Worker,31153,542,0,17,Graduate,Social Media,2023-02-10
CUST006632,29,Female,Tier 1,Mirzapur,Salaried,131385,755,0,29,Postgraduate,Social Media,2022-10-18
CUST006633,41,Female,Tier 2,Allahabad,Self Employed,67827,737,1,35,Graduate,Organic,2023-06-30
CUST006634,38,Male,Tier 2,Amaravati,Gig Worker,26050,561,1,3,Graduate,DSA Agent,2022-03-24
CUST006635,28,Male,Tier 1,Rohtak,Self Employed,28979,584,0,7,Graduate,Referral,2022-02-05
CUST006636,26,Female,Tier 3,Vadodara,Salaried,115113,707,1,16,Postgraduate,Social Media,2023-11-28
CUST006637,50,Female,Tier 1,Chinsurah,Business Owner,126109,623,0,26,Graduate,Social Media,2022-05-08
CUST006638,29,Male,Tier 2,Thiruvananthapuram,Gig Worker,14504,657,0,8,Graduate,Social Media,2023-01-18
CUST006639,25,Male,Tier 2,Mahbubnagar,Salaried,66374,731,0,29,Graduate,Organic,2022-04-20
CUST006640,35,Female,Tier 3,Kamarhati,Gig Worker,18990,510,1,8,Postgraduate,Social Media,2023-10-01
CUST006641,44,Female,Tier 3,Hapur,Self Employed,62889,734,0,20,Postgraduate,Organic,2023-07-11
CUST006642,38,Male,Tier 2,Barasat,Self Employed,39425,614,1,32,Postgraduate,Organic,2023-07-31
CUST006643,31,Female,Tier 2,Rourkela,Gig Worker,27484,574,0,8,Graduate,Organic,2023-07-15
CUST006644,20,Female,Tier 2,Jhansi,Student,10140,501,1,0,Postgraduate,DSA Agent,2022-11-14
CUST006645,40,Female,Tier 3,Gulbarga,Salaried,102268,792,0,3,Graduate,Social Media,2022-03-25
CUST006646,28,Other,Tier 3,Guntur,Gig Worker,23744,563,2,10,Graduate,Social Media,2022-07-17
CUST006647,26,Female,Tier 3,Kochi,Student,0,557,0,0,Graduate,Social Media,2023-04-20
CUST006648,18,Male,Tier 2,Sagar,Student,0,582,0,0,Postgraduate,Social Media,2022-06-02
CUST006649,33,Male,Tier 3,Rohtak,Self Employed,53470,686,0,37,School,Organic,2022-05-26
CUST006650,20,Male,Tier 1,Bulandshahr,Student,5852,522,0,0,Graduate,Social Media,2022-04-04
CUST006651,45,Male,Tier 1,Tiruvottiyur,Salaried,135589,811,0,20,Postgraduate,Organic,2023-12-24
CUST006652,18,Male,Tier 1,Shimoga,Student,8053,515,0,0,Graduate,Organic,2023-10-24
CUST006653,26,Male,Tier 1,Salem,Salaried,52247,720,1,10,Graduate,Organic,2022-11-02
CUST006654,28,Female,Tier 1,Deoghar,Salaried,46531,741,0,23,Graduate,DSA Agent,2022-06-17
CUST006655,27,Female,Tier 1,Hindupur,Salaried,118076,751,0,22,Postgraduate,Organic,2022-12-21
CUST006656,23,Female,Tier 2,Vellore,Gig Worker,26857,651,2,2,Graduate,Organic,2023-10-03
CUST006657,41,Female,Tier 1,Mathura,Salaried,74550,713,0,7,Postgraduate,Organic,2023-08-30
CUST006658,39,Male,Tier 1,Guwahati,Salaried,70369,783,1,3,Graduate,Social Media,2022-05-29
CUST006659,34,Male,Tier 2,Firozabad,Salaried,131147,741,0,22,Graduate,Social Media,2023-07-11
CUST006660,36,Male,Tier 1,Kollam,Salaried,103991,836,2,30,Graduate,Organic,2022-09-20
CUST006661,38,Female,Tier 3,Mathura,Gig Worker,25886,584,0,8,Graduate,Organic,2022-03-25
CUST006662,22,Male,Tier 2,Ichalkaranji,Gig Worker,21331,546,1,17,Graduate,Social Media,2023-08-12
CUST006663,36,Female,Tier 1,Gaya,Salaried,99754,795,1,9,Graduate,Social Media,2022-11-18
CUST006664,28,Female,Tier 1,Howrah,Self Employed,23037,712,1,16,Postgraduate,Referral,2022-02-06
CUST006665,24,Male,Tier 1,Katihar,Student,0,529,0,0,Graduate,DSA Agent,2023-12-21
CUST006666,46,Male,Tier 3,Kamarhati,Self Employed,83205,569,0,9,School,Social Media,2023-05-07
CUST006667,44,Female,Tier 2,Bhilwara,Salaried,149555,718,0,16,School,Social Media,2023-10-13
CUST006668,43,Female,Tier 1,Visakhapatnam,Self Employed,62999,569,0,14,Graduate,Organic,2023-06-07
CUST006669,31,Female,Tier 1,Solapur,Salaried,57498,821,0,2,Graduate,Referral,2023-04-03
CUST006670,34,Male,Tier 2,Ambarnath,Salaried,95963,842,0,3,School,Organic,2022-04-06
CUST006671,29,Female,Tier 1,Machilipatnam,Salaried,142014,814,0,4,Postgraduate,Social Media,2023-08-23
CUST006672,19,Male,Tier 3,Dindigul,Student,15404,422,0,0,Graduate,Referral,2023-11-24
CUST006673,44,Other,Tier 2,Uluberia,Salaried,78459,726,0,23,Graduate,Organic,2022-12-16
CUST006674,44,Female,Tier 2,Pali,Salaried,48142,711,0,10,Graduate,Organic,2022-12-22
CUST006675,35,Female,Tier 3,Panchkula,Salaried,90907,806,1,3,Graduate,Referral,2023-05-27
CUST006676,21,Male,Tier 1,Malda,Student,11507,421,0,0,Graduate,Social Media,2023-04-03
CUST006677,45,Female,Tier 1,Dharmavaram,Self Employed,94995,558,1,23,Graduate,Social Media,2023-01-27
CUST006678,26,Male,Tier 2,Thanjavur,Salaried,113658,803,2,26,Graduate,DSA Agent,2022-04-15
CUST006679,34,Male,Tier 1,Karimnagar,Gig Worker,23717,660,2,4,Graduate,Social Media,2023-01-23
CUST006680,35,Male,Tier 2,Junagadh,Gig Worker,22211,653,0,19,Graduate,DSA Agent,2022-01-04
CUST006681,38,Female,Tier 2,Phusro,Self Employed,21383,674,2,24,Postgraduate,Organic,2023-02-16
CUST006682,40,Female,Tier 1,Gopalpur,Salaried,96148,708,0,27,Graduate,Organic,2023-07-26
CUST006683,21,Male,Tier 1,Kharagpur,Student,0,599,0,0,Graduate,DSA Agent,2022-02-07
CUST006684,36,Female,Tier 1,Rajkot,Salaried,148322,792,0,1,Postgraduate,Social Media,2023-03-06
CUST006685,36,Male,Tier 2,Dhule,Self Employed,67283,584,1,39,Graduate,Social Media,2023-12-28
CUST006686,40,Male,Tier 2,Cuttack,Salaried,139467,835,0,9,School,Organic,2022-12-03
CUST006687,35,Male,Tier 3,Belgaum,Gig Worker,34154,525,0,5,Graduate,Organic,2023-10-14
CUST006688,36,Female,Tier 3,Baranagar,Gig Worker,12196,611,1,14,Graduate,Social Media,2023-03-31
CUST006689,35,Female,Tier 1,Lucknow,Gig Worker,25680,625,1,18,Graduate,Social Media,2023-01-11
CUST006690,28,Female,Tier 2,Chapra,Salaried,149324,722,0,16,Graduate,Referral,2023-12-19
CUST006691,48,Female,Tier 2,Tadipatri,Self Employed,38712,709,0,21,Graduate,Organic,2023-01-30
CUST006692,26,Male,Tier 2,Danapur,Salaried,91290,815,0,27,Postgraduate,Referral,2023-08-30
CUST006693,33,Female,Tier 3,Mau,Self Employed,24235,569,0,19,Graduate,Organic,2023-12-17
CUST006694,25,Male,Tier 1,Silchar,Student,0,577,1,0,Postgraduate,Social Media,2023-12-08
CUST006695,26,Female,Tier 2,North Dumdum,Gig Worker,32504,614,3,19,Professional,Social Media,2022-05-18
CUST006696,29,Female,Tier 2,Ramgarh,Self Employed,82628,689,0,33,School,DSA Agent,2023-06-22
CUST006697,35,Female,Tier 2,Sikar,Self Employed,28697,619,0,21,School,Referral,2023-03-26
CUST006698,37,Female,Tier 3,Amroha,Gig Worker,21259,650,0,2,Graduate,Social Media,2022-05-15
CUST006699,21,Female,Tier 2,Gorakhpur,Student,5261,546,0,0,Graduate,Social Media,2023-07-22
CUST006700,34,Male,Tier 1,Ahmedabad,Salaried,49693,796,1,23,Postgraduate,Referral,2023-09-26
CUST006701,26,Female,Tier 1,Bally,Gig Worker,25851,626,0,8,Graduate,Organic,2022-04-10
CUST006702,49,Male,Tier 1,Mathura,Self Employed,67711,690,1,22,Postgraduate,DSA Agent,2022-03-22
CUST006703,34,Male,Tier 2,Giridih,Gig Worker,29831,607,1,18,Graduate,Social Media,2022-10-28
CUST006704,37,Female,Tier 2,Shimoga,Salaried,44509,706,0,3,Graduate,Social Media,2023-05-26
CUST006705,37,Female,Tier 3,Kharagpur,Gig Worker,15960,601,0,4,Postgraduate,Referral,2023-04-12
CUST006706,20,Male,Tier 3,Baranagar,Student,0,409,0,0,Graduate,Referral,2023-04-16
CUST006707,32,Female,Tier 3,Bilaspur,Business Owner,116677,726,1,32,Graduate,Referral,2023-11-17
CUST006708,36,Other,Tier 3,Shahjahanpur,Gig Worker,28324,518,1,13,Graduate,Organic,2022-09-07
CUST006709,43,Female,Tier 2,Vijayanagaram,Self Employed,34858,626,0,10,Graduate,Organic,2023-01-27
CUST006710,34,Female,Tier 3,Barasat,Business Owner,47973,658,2,2,School,Referral,2023-11-16
CUST006711,43,Female,Tier 2,Tirupati,Salaried,73077,825,0,10,Postgraduate,DSA Agent,2022-10-26
CUST006712,39,Male,Tier 2,Pimpri-Chinchwad,Salaried,49972,796,0,1,Graduate,Organic,2022-11-22
CUST006713,35,Female,Tier 2,Tezpur,Self Employed,84134,594,0,14,School,DSA Agent,2023-04-19
CUST006714,20,Female,Tier 1,Muzaffarnagar,Student,0,474,0,0,Postgraduate,Social Media,2023-12-13
CUST006715,22,Female,Tier 2,Kamarhati,Student,0,570,0,0,Postgraduate,Referral,2023-06-22
CUST006716,26,Female,Tier 3,Surat,Gig Worker,31689,547,1,15,School,Referral,2023-08-16
CUST006717,25,Male,Tier 1,Deoghar,Salaried,125379,825,2,10,Graduate,Organic,2022-07-12
CUST006718,27,Male,Tier 3,Shimla,Gig Worker,27688,560,0,16,Graduate,Social Media,2022-08-01
CUST006719,41,Male,Tier 3,Rourkela,Salaried,43890,730,1,21,Graduate,Social Media,2022-11-06
CUST006720,44,Male,Tier 1,Jamshedpur,Salaried,147562,727,0,27,Postgraduate,Organic,2022-09-24
CUST006721,35,Male,Tier 2,Arrah,Self Employed,78062,617,0,36,Graduate,Referral,2022-08-17
CUST006722,28,Male,Tier 1,Tiruchirappalli,Salaried,46492,722,0,5,Graduate,Social Media,2022-12-18
CUST006723,23,Female,Tier 1,Ratlam,Student,11311,524,0,0,Graduate,DSA Agent,2023-09-18
CUST006724,34,Female,Tier 1,Bhagalpur,Gig Worker,24568,530,0,12,Graduate,Organic,2022-04-14
CUST006725,37,Female,Tier 2,Parbhani,Gig Worker,20392,528,2,17,Postgraduate,Social Media,2022-04-18
CUST006726,44,Female,Tier 2,Bhiwani,Salaried,113841,789,1,30,Graduate,DSA Agent,2022-11-17
CUST006727,33,Male,Tier 1,Rampur,Salaried,88421,704,0,27,Graduate,Organic,2023-04-13
CUST006728,30,Male,Tier 2,Panchkula,Salaried,102002,764,0,4,Graduate,Social Media,2023-06-28
CUST006729,43,Female,Tier 3,Gorakhpur,Business Owner,104937,764,0,8,Graduate,Organic,2023-11-20
CUST006730,24,Female,Tier 2,Jammu,Student,8482,578,0,0,Graduate,DSA Agent,2023-08-05
CUST006731,31,Female,Tier 3,Nagpur,Gig Worker,29315,610,1,5,Graduate,Referral,2023-02-02
CUST006732,27,Male,Tier 1,Mau,Salaried,120222,741,0,15,School,Organic,2022-08-21
CUST006733,33,Male,Tier 1,Korba,Business Owner,118652,686,0,20,Graduate,DSA Agent,2023-10-17
CUST006734,26,Female,Tier 1,Surendranagar Dudhrej,Salaried,80316,824,1,21,Graduate,Organic,2023-06-29
CUST006735,42,Female,Tier 1,Mira-Bhayandar,Salaried,132519,716,0,30,Graduate,Social Media,2023-03-02
CUST006736,23,Female,Tier 3,Silchar,Gig Worker,23368,667,1,8,Graduate,Referral,2023-10-31
CUST006737,51,Female,Tier 3,Vellore,Business Owner,35592,721,0,7,Graduate,Social Media,2022-09-01
CUST006738,43,Female,Tier 1,Jammu,Salaried,45377,775,1,19,School,Referral,2023-07-07
CUST006739,31,Female,Tier 1,Delhi,Salaried,103040,761,0,28,Graduate,Referral,2023-07-27
CUST006740,38,Female,Tier 2,Alwar,Business Owner,144792,734,0,14,Graduate,Social Media,2023-12-28
CUST006741,27,Female,Tier 1,Ranchi,Salaried,92190,839,0,2,Postgraduate,Social Media,2023-03-06
CUST006742,42,Female,Tier 2,Jamnagar,Salaried,134200,746,0,11,Graduate,Organic,2023-05-07
CUST006743,34,Female,Tier 3,Jorhat,Gig Worker,24850,504,0,15,School,Organic,2022-06-18
CUST006744,22,Female,Tier 1,Nagpur,Student,15759,484,1,0,Professional,Social Media,2022-06-06
CUST006745,38,Male,Tier 3,Anantapur,Gig Worker,26089,581,1,16,School,Referral,2022-06-12
CUST006746,47,Female,Tier 3,Vadodara,Business Owner,120256,719,1,23,Graduate,Organic,2023-04-30
CUST006747,41,Female,Tier 2,Saharanpur,Self Employed,90045,604,0,34,Graduate,DSA Agent,2023-07-09
CUST006748,44,Male,Tier 2,Mangalore,Salaried,86121,830,1,6,Postgraduate,Referral,2022-08-14
CUST006749,39,Female,Tier 1,Amritsar,Business Owner,180321,668,1,39,Postgraduate,DSA Agent,2023-06-18
CUST006750,22,Male,Tier 2,Gaya,Gig Worker,27928,506,0,15,Graduate,Referral,2022-09-26
CUST006751,44,Female,Tier 2,Madhyamgram,Salaried,110365,797,0,13,School,Organic,2023-12-17
CUST006752,25,Female,Tier 1,Jamshedpur,Gig Worker,25923,570,0,13,Professional,Social Media,2023-06-07
CUST006753,43,Male,Tier 2,Indore,Salaried,102302,796,0,26,Graduate,Social Media,2022-04-14
CUST006754,33,Male,Tier 1,Ambattur,Salaried,141298,711,1,1,Postgraduate,DSA Agent,2023-07-06
CUST006755,40,Female,Tier 2,Bellary,Salaried,134449,765,0,18,Graduate,Referral,2023-05-20
CUST006756,27,Female,Tier 2,Dehri,Gig Worker,15446,505,0,1,School,Referral,2022-05-19
CUST006757,24,Male,Tier 1,Shimla,Student,12388,521,0,0,School,Social Media,2023-01-27
CUST006758,33,Female,Tier 3,Visakhapatnam,Gig Worker,15477,564,1,3,Postgraduate,DSA Agent,2023-02-26
CUST006759,37,Female,Tier 3,Bhilai,Business Owner,95164,714,3,12,Graduate,Organic,2023-06-24
CUST006760,30,Female,Tier 2,Burhanpur,Salaried,79688,781,1,5,Postgraduate,Social Media,2023-05-10
CUST006761,45,Male,Tier 1,Etawah,Salaried,142991,832,0,5,Graduate,Social Media,2022-09-08
CUST006762,36,Female,Tier 2,Kadapa,Salaried,52802,725,0,23,Graduate,Social Media,2023-07-06
CUST006763,30,Male,Tier 1,Belgaum,Salaried,139379,833,0,30,School,Referral,2022-03-31
CUST006764,37,Female,Tier 2,Ghaziabad,Salaried,99605,849,1,6,School,Referral,2023-08-14
CUST006765,28,Female,Tier 3,Ramgarh,Self Employed,77200,582,1,31,School,Organic,2022-10-01
CUST006766,42,Male,Tier 2,Shahjahanpur,Business Owner,151936,778,4,36,School,Referral,2023-03-13
CUST006767,31,Female,Tier 2,Warangal,Business Owner,174974,752,2,21,Graduate,Organic,2023-01-09
CUST006768,29,Male,Tier 1,Tadepalligudem,Salaried,124109,725,1,8,School,Social Media,2023-03-29
CUST006769,21,Female,Tier 2,Kakinada,Student,0,411,0,0,Postgraduate,Social Media,2023-03-20
CUST006770,37,Female,Tier 1,Siliguri,Salaried,134560,842,0,9,Graduate,Referral,2023-06-03
CUST006771,44,Female,Tier 1,Saharanpur,Salaried,80528,712,0,15,School,Referral,2023-07-06
CUST006772,22,Female,Tier 3,Ambattur,Student,15961,565,0,0,Postgraduate,Social Media,2022-11-21
CUST006773,34,Female,Tier 1,Nagaon,Self Employed,61375,733,0,3,Graduate,Referral,2023-06-08
CUST006774,31,Female,Tier 1,Mumbai,Salaried,147290,750,0,16,Graduate,Organic,2023-08-04
CUST006775,34,Female,Tier 2,Bharatpur,Gig Worker,22420,593,1,15,Postgraduate,Organic,2023-11-26
CUST006776,36,Male,Tier 2,Korba,Salaried,124975,785,0,14,Graduate,Social Media,2023-10-16
CUST006777,29,Female,Tier 2,Kamarhati,Self Employed,64275,673,0,27,Graduate,Organic,2023-02-19
CUST006778,23,Female,Tier 3,Ambattur,Gig Worker,23914,531,0,19,Postgraduate,DSA Agent,2022-08-11
CUST006779,49,Male,Tier 3,Purnia,Business Owner,37235,616,1,2,School,DSA Agent,2023-11-13
CUST006780,45,Male,Tier 3,Guna,Salaried,142352,754,0,10,Graduate,Organic,2023-10-21
CUST006781,38,Male,Tier 2,Visakhapatnam,Gig Worker,25330,658,0,2,Postgraduate,Social Media,2022-11-25
CUST006782,31,Male,Tier 1,Sikar,Gig Worker,19452,680,1,7,Postgraduate,DSA Agent,2023-09-20
CUST006783,26,Male,Tier 2,Dhanbad,Gig Worker,26874,532,1,17,Graduate,Organic,2022-01-10
CUST006784,28,Female,Tier 1,Ranchi,Salaried,141848,731,1,27,Professional,Organic,2023-02-11
CUST006785,42,Female,Tier 2,Pali,Self Employed,94381,597,0,27,School,Referral,2022-03-24
CUST006786,23,Female,Tier 3,Jamshedpur,Student,19794,423,0,0,Postgraduate,Social Media,2022-01-20
CUST006787,54,Male,Tier 3,Kollam,Business Owner,128985,694,2,28,Postgraduate,Referral,2022-10-23
CUST006788,26,Female,Tier 2,Agra,Student,0,415,0,0,Graduate,Social Media,2022-04-23
CUST006789,23,Female,Tier 1,Kanpur,Student,19184,421,3,0,Graduate,Referral,2022-02-11
CUST006790,33,Female,Tier 3,Amravati,Gig Worker,28817,632,1,0,Professional,Organic,2023-06-05
CUST006791,18,Female,Tier 1,Tenali,Student,12272,494,0,0,Graduate,Social Media,2022-02-13
CUST006792,29,Male,Tier 1,Raichur,Salaried,117676,765,0,22,Graduate,Social Media,2022-06-05
CUST006793,30,Other,Tier 2,Proddatur,Gig Worker,23812,552,0,8,Graduate,Social Media,2022-07-27
CUST006794,40,Female,Tier 1,Hubli–Dharwad,Salaried,79757,703,1,8,Postgraduate,DSA Agent,2023-08-06
CUST006795,32,Male,Tier 3,Raebareli,Gig Worker,19269,635,0,7,School,Organic,2023-09-03
CUST006796,28,Male,Tier 2,Deoghar,Salaried,84135,832,1,9,Graduate,Organic,2022-05-06
CUST006797,49,Male,Tier 2,Sambhal,Business Owner,150609,763,0,20,Graduate,Organic,2022-08-11
CUST006798,32,Male,Tier 1,Kollam,Salaried,105000,731,0,14,Postgraduate,DSA Agent,2023-06-15
CUST006799,40,Male,Tier 3,Mango,Salaried,115244,724,0,1,Graduate,Organic,2022-07-14
CUST006800,25,Female,Tier 2,Mira-Bhayandar,Gig Worker,29021,528,0,1,Graduate,Referral,2022-04-24
CUST006801,32,Female,Tier 2,Bhagalpur,Salaried,105472,758,2,30,School,Organic,2023-10-14
CUST006802,41,Female,Tier 2,Jamnagar,Salaried,57087,797,1,21,School,Organic,2022-02-18
CUST006803,38,Female,Tier 2,Nanded,Salaried,148723,808,0,2,Graduate,Organic,2023-06-21
CUST006804,31,Female,Tier 2,Aligarh,Gig Worker,31906,672,0,5,Graduate,Organic,2023-09-02
CUST006805,22,Female,Tier 1,Nizamabad,Gig Worker,18067,565,0,11,Graduate,Social Media,2022-08-18
CUST006806,45,Other,Tier 2,Sri Ganganagar,Self Employed,29974,565,0,3,Postgraduate,Organic,2022-06-08
CUST006807,31,Male,Tier 3,Udaipur,Self Employed,81846,741,0,33,Postgraduate,Social Media,2023-08-09
CUST006808,23,Female,Tier 3,Raichur,Gig Worker,28087,654,0,14,Graduate,Referral,2023-02-25
CUST006809,36,Female,Tier 2,Howrah,Salaried,49634,844,0,13,School,Organic,2022-01-26
CUST006810,27,Male,Tier 2,South Dumdum,Salaried,47296,719,0,6,Graduate,Organic,2022-10-06
CUST006811,45,Female,Tier 2,Rajpur Sonarpur,Self Employed,86396,619,1,33,Postgraduate,Organic,2023-09-25
CUST006812,44,Female,Tier 2,Dhanbad,Salaried,97451,773,1,25,School,Organic,2022-12-18
CUST006813,26,Female,Tier 2,Latur,Salaried,51054,826,0,14,School,Referral,2022-03-21
CUST006814,50,Male,Tier 2,Sambalpur,Self Employed,28585,595,0,34,Graduate,Social Media,2023-04-24
CUST006815,30,Female,Tier 2,Raipur,Gig Worker,25487,675,0,12,Graduate,DSA Agent,2023-11-06
CUST006816,37,Male,Tier 2,Darbhanga,Salaried,141829,824,0,7,Graduate,Referral,2023-06-09
CUST006817,45,Male,Tier 2,Pallavaram,Salaried,72493,754,0,26,Postgraduate,Social Media,2023-07-29
CUST006818,36,Male,Tier 3,Vasai-Virar,Business Owner,186841,605,2,9,Graduate,Organic,2023-03-13
CUST006819,24,Female,Tier 2,Chennai,Student,0,439,0,0,School,Social Media,2023-11-03
CUST006820,32,Female,Tier 2,Satna,Self Employed,38745,739,0,27,Professional,Social Media,2022-06-24
CUST006821,37,Male,Tier 3,Karaikudi,Gig Worker,26344,550,0,9,Graduate,Social Media,2023-07-31
CUST006822,35,Female,Tier 2,Bhilai,Gig Worker,20456,673,2,1,Graduate,Organic,2023-05-18
CUST006823,40,Male,Tier 3,Jalgaon,Business Owner,158168,682,2,19,Graduate,Social Media,2023-03-12
CUST006824,34,Male,Tier 1,Madurai,Business Owner,176787,652,0,17,School,Organic,2022-10-30
CUST006825,35,Female,Tier 3,Kharagpur,Salaried,110425,811,0,26,Professional,Social Media,2022-07-04
CUST006826,20,Male,Tier 3,Rewa,Student,0,548,0,0,Graduate,DSA Agent,2023-02-01
CUST006827,36,Female,Tier 3,Danapur,Salaried,120837,829,1,8,School,Organic,2023-09-02
CUST006828,42,Male,Tier 2,Silchar,Salaried,88813,794,1,29,Graduate,DSA Agent,2023-09-11
CUST006829,43,Male,Tier 3,Aurangabad,Self Employed,47192,661,1,25,School,Organic,2023-09-13
CUST006830,25,Female,Tier 2,Ambarnath,Gig Worker,12672,606,0,7,Graduate,Referral,2023-06-25
CUST006831,47,Female,Tier 2,Rajkot,Business Owner,153020,660,1,9,Postgraduate,Social Media,2022-08-12
CUST006832,33,Male,Tier 1,Bally,Salaried,134234,753,0,3,Professional,Organic,2023-06-23
CUST006833,23,Female,Tier 2,Ranchi,Gig Worker,32692,679,2,19,Postgraduate,Social Media,2023-06-01
CUST006834,37,Female,Tier 2,Imphal,Business Owner,112512,629,0,16,Graduate,Social Media,2022-02-06
CUST006835,55,Female,Tier 2,Jehanabad,Business Owner,196896,775,0,19,Graduate,DSA Agent,2023-12-21
CUST006836,31,Male,Tier 1,Akola,Salaried,98533,815,1,21,Graduate,Organic,2022-10-24
CUST006837,33,Female,Tier 2,Arrah,Gig Worker,24044,646,1,4,Graduate,Social Media,2022-10-29
CUST006838,40,Female,Tier 2,Haldia,Self Employed,43110,690,2,36,Postgraduate,DSA Agent,2022-11-20
CUST006839,30,Male,Tier 2,Madurai,Salaried,62441,713,0,20,Postgraduate,Referral,2023-09-05
CUST006840,39,Female,Tier 3,Buxar,Business Owner,94071,719,2,6,Graduate,Social Media,2023-06-17
CUST006841,31,Female,Tier 2,Ozhukarai,Business Owner,130431,736,0,3,School,Organic,2022-08-31
CUST006842,38,Female,Tier 1,Darbhanga,Salaried,135146,713,0,16,School,Social Media,2023-03-05
CUST006843,42,Female,Tier 1,Jehanabad,Salaried,111931,758,1,22,Postgraduate,Social Media,2022-02-11
CUST006844,38,Female,Tier 1,Gangtok,Salaried,136419,732,1,7,School,Organic,2022-01-11
CUST006845,32,Female,Tier 3,Guntakal,Business Owner,109876,631,0,37,Graduate,Referral,2023-08-01
CUST006846,29,Female,Tier 2,Gudivada,Salaried,93055,731,1,9,School,Social Media,2022-07-15
CUST006847,26,Female,Tier 2,Hospet,Gig Worker,25268,607,1,11,School,Social Media,2022-06-07
CUST006848,25,Female,Tier 2,Secunderabad,Gig Worker,20917,568,0,10,Graduate,Organic,2023-04-28
CUST006849,36,Male,Tier 3,Allahabad,Gig Worker,33847,661,0,9,Graduate,Organic,2023-11-06
CUST006850,44,Male,Tier 2,Mumbai,Salaried,70579,837,0,26,Postgraduate,Referral,2023-08-30
CUST006851,37,Female,Tier 1,Surat,Salaried,48107,770,2,16,Graduate,Social Media,2023-10-31
CUST006852,55,Male,Tier 3,Gulbarga,Business Owner,99052,794,1,27,Graduate,Organic,2023-11-07
CUST006853,52,Female,Tier 3,Kozhikode,Business Owner,171358,666,1,39,Postgraduate,Referral,2022-12-11
CUST006854,36,Female,Tier 2,Madurai,Self Employed,64803,724,2,5,Graduate,Organic,2023-10-07
CUST006855,25,Female,Tier 1,Jalandhar,Salaried,57955,775,0,24,Graduate,DSA Agent,2022-06-25
CUST006856,36,Other,Tier 2,Hubli–Dharwad,Salaried,70455,841,0,7,School,DSA Agent,2023-12-09
CUST006857,32,Female,Tier 2,Aizawl,Self Employed,34905,666,1,20,Graduate,Referral,2023-05-08
CUST006858,43,Male,Tier 3,Panihati,Salaried,115041,824,0,6,School,Organic,2023-07-02
CUST006859,34,Female,Tier 3,Chinsurah,Business Owner,55342,714,1,31,School,DSA Agent,2023-07-06
CUST006860,35,Male,Tier 1,Surendranagar Dudhrej,Self Employed,86349,636,1,4,Graduate,Referral,2023-05-19
CUST006861,34,Male,Tier 1,Machilipatnam,Salaried,83140,795,0,18,Graduate,Referral,2022-10-13
CUST006862,45,Male,Tier 3,Buxar,Business Owner,168328,604,0,36,Postgraduate,Organic,2023-08-10
CUST006863,39,Male,Tier 2,Thrissur,Business Owner,79476,760,1,5,Graduate,Social Media,2023-04-03
CUST006864,29,Male,Tier 1,Dehradun,Salaried,90729,826,1,26,Graduate,DSA Agent,2023-03-01
CUST006865,24,Male,Tier 2,Pallavaram,Gig Worker,18617,540,1,12,Postgraduate,Social Media,2023-07-28
CUST006866,44,Female,Tier 2,Ahmednagar,Salaried,65039,783,0,13,Postgraduate,Social Media,2023-04-14
CUST006867,38,Female,Tier 2,Madanapalle,Gig Worker,31889,670,1,1,Graduate,Social Media,2022-06-02
CUST006868,30,Male,Tier 2,Mira-Bhayandar,Salaried,98050,706,0,3,Graduate,Referral,2023-08-26
CUST006869,29,Male,Tier 1,Pali,Gig Worker,31905,626,0,1,Graduate,DSA Agent,2023-07-18
CUST006870,40,Female,Tier 3,Jaunpur,Business Owner,115817,610,1,8,Graduate,Social Media,2022-05-31
CUST006871,33,Female,Tier 2,Gangtok,Gig Worker,12557,569,1,4,Professional,DSA Agent,2022-08-17
CUST006872,36,Female,Tier 2,Tinsukia,Salaried,83565,736,1,12,Graduate,Social Media,2022-12-15
CUST006873,45,Male,Tier 1,Nagercoil,Self Employed,27179,737,0,17,Graduate,Organic,2022-05-18
CUST006874,45,Female,Tier 2,Dhule,Salaried,149183,794,1,23,School,Organic,2023-06-15
CUST006875,23,Female,Tier 3,Panihati,Student,0,542,0,0,Graduate,Social Media,2022-02-27
CUST006876,29,Female,Tier 2,Madanapalle,Gig Worker,31246,671,0,9,Graduate,Referral,2022-05-26
CUST006877,27,Male,Tier 2,Eluru,Salaried,141321,845,0,29,Postgraduate,Referral,2022-05-15
CUST006878,38,Male,Tier 1,Tirupati,Salaried,58299,702,0,20,School,DSA Agent,2023-07-25
CUST006879,30,Male,Tier 3,Ludhiana,Self Employed,44228,569,0,10,Postgraduate,Social Media,2023-02-04
CUST006880,45,Male,Tier 1,South Dumdum,Salaried,147285,848,0,1,Graduate,Organic,2022-04-03
CUST006881,33,Female,Tier 2,Amravati,Self Employed,65474,649,1,1,Graduate,Referral,2022-10-20
CUST006882,28,Female,Tier 2,Ranchi,Salaried,138311,814,0,5,Postgraduate,DSA Agent,2022-02-01
CUST006883,41,Female,Tier 2,Jamshedpur,Salaried,57202,799,0,15,Graduate,Organic,2022-11-29
CUST006884,26,Female,Tier 3,Nagercoil,Gig Worker,28927,649,0,5,Postgraduate,Social Media,2022-08-05
CUST006885,48,Female,Tier 3,Karnal,Business Owner,54743,761,0,23,Graduate,Referral,2023-03-09
CUST006886,45,Male,Tier 1,Burhanpur,Business Owner,122260,713,1,39,Postgraduate,Organic,2022-07-25
CUST006887,41,Other,Tier 2,Ichalkaranji,Salaried,106968,800,1,13,School,DSA Agent,2022-04-12
CUST006888,27,Female,Tier 3,Anantapuram,Gig Worker,14980,516,1,17,Postgraduate,Referral,2022-05-05
CUST006889,38,Male,Tier 3,Chennai,Salaried,105384,820,1,28,Graduate,Social Media,2023-03-30
CUST006890,26,Male,Tier 3,Mumbai,Gig Worker,15970,636,0,10,Postgraduate,DSA Agent,2023-10-20
CUST006891,29,Female,Tier 2,Bidar,Gig Worker,21715,560,0,7,Postgraduate,Organic,2022-07-18
CUST006892,41,Female,Tier 3,Tenali,Business Owner,90918,697,2,22,School,DSA Agent,2022-01-05
CUST006893,31,Male,Tier 1,Tirupati,Business Owner,48856,784,0,3,School,Organic,2022-09-14
CUST006894,25,Female,Tier 2,Mehsana,Gig Worker,19402,635,0,6,Postgraduate,Referral,2022-12-29
CUST006895,25,Female,Tier 2,Bihar Sharif,Gig Worker,13530,546,0,14,School,Referral,2023-07-06
CUST006896,19,Female,Tier 2,Guntakal,Student,0,512,4,0,School,Referral,2023-12-30
CUST006897,24,Male,Tier 2,Tirupati,Student,0,457,0,0,School,Social Media,2022-05-01
CUST006898,39,Male,Tier 2,Gurgaon,Salaried,90908,729,0,14,School,Referral,2022-02-01
CUST006899,31,Female,Tier 2,Kharagpur,Salaried,106299,761,0,1,Postgraduate,Organic,2022-04-30
CUST006900,26,Female,Tier 2,Purnia,Gig Worker,12528,642,1,9,Postgraduate,DSA Agent,2023-12-23
CUST006901,28,Male,Tier 1,Bardhaman,Salaried,100390,734,0,15,Graduate,Social Media,2022-09-08
CUST006902,41,Male,Tier 1,Patna,Salaried,55520,754,0,16,Graduate,Social Media,2023-04-09
CUST006903,30,Male,Tier 2,Vellore,Salaried,64115,718,0,7,Graduate,Social Media,2022-02-09
CUST006904,38,Male,Tier 3,Nagercoil,Self Employed,83497,749,1,2,Graduate,Social Media,2023-08-24
CUST006905,35,Female,Tier 1,Muzaffarnagar,Salaried,63520,818,1,11,Postgraduate,Referral,2023-12-26
CUST006906,36,Other,Tier 1,Davanagere,Salaried,87805,772,0,23,Graduate,Organic,2023-05-01
CUST006907,39,Male,Tier 3,Giridih,Salaried,76145,763,0,19,School,DSA Agent,2023-04-24
CUST006908,18,Male,Tier 2,Darbhanga,Student,8776,443,0,0,School,DSA Agent,2023-10-17
CUST006909,19,Female,Tier 2,Tadepalligudem,Student,0,502,0,0,Postgraduate,Organic,2023-05-30
CUST006910,36,Male,Tier 2,Madhyamgram,Gig Worker,28177,553,1,9,Graduate,Social Media,2022-08-22
CUST006911,27,Female,Tier 2,Vijayawada,Gig Worker,28140,578,0,5,School,Referral,2023-01-17
CUST006912,40,Female,Tier 2,Buxar,Business Owner,66607,745,1,37,Postgraduate,Organic,2023-09-06
CUST006913,36,Female,Tier 2,Durgapur,Salaried,107677,718,0,4,Postgraduate,Social Media,2023-03-21
CUST006914,35,Male,Tier 1,Rajahmundry,Salaried,118175,775,0,20,Graduate,Referral,2023-03-04
CUST006915,41,Male,Tier 2,Tiruppur,Salaried,68784,729,0,17,Postgraduate,Organic,2022-10-06
CUST006916,32,Female,Tier 1,Uluberia,Salaried,144959,792,0,9,Postgraduate,Organic,2022-02-26
CUST006917,37,Male,Tier 3,Bangalore,Gig Worker,24592,656,1,0,Graduate,Referral,2023-09-01
CUST006918,51,Male,Tier 3,Arrah,Business Owner,128233,799,2,7,Postgraduate,Referral,2023-07-04
CUST006919,50,Female,Tier 1,Bhubaneswar,Self Employed,34265,638,0,23,Postgraduate,DSA Agent,2022-09-04
CUST006920,35,Female,Tier 3,Dehri,Gig Worker,19785,586,1,18,School,DSA Agent,2023-02-13
CUST006921,55,Female,Tier 3,Surendranagar Dudhrej,Business Owner,75766,740,0,5,Postgraduate,Organic,2022-06-20
CUST006922,36,Male,Tier 1,Tiruppur,Salaried,112212,759,0,21,Graduate,Referral,2022-05-23
CUST006923,33,Female,Tier 2,Dewas,Salaried,95198,826,0,4,Graduate,Referral,2023-02-09
CUST006924,35,Female,Tier 2,Vijayawada,Gig Worker,24436,517,1,0,Professional,Social Media,2022-02-22
CUST006925,41,Male,Tier 2,Srikakulam,Self Employed,88022,688,0,39,Graduate,Organic,2023-09-03
CUST006926,35,Female,Tier 2,Loni,Salaried,134557,745,0,30,Graduate,Referral,2023-01-28
CUST006927,37,Male,Tier 3,Pudukkottai,Gig Worker,30791,525,1,10,School,DSA Agent,2022-05-04
CUST006928,46,Male,Tier 3,Karnal,Self Employed,36821,724,0,35,Postgraduate,Organic,2022-11-20
CUST006929,34,Male,Tier 1,Haridwar,Self Employed,97977,574,2,36,School,Referral,2023-02-26
CUST006930,37,Female,Tier 2,Shahjahanpur,Self Employed,92768,736,1,10,School,Social Media,2023-02-22
CUST006931,27,Female,Tier 1,Bathinda,Salaried,135336,763,1,1,School,Organic,2022-11-10
CUST006932,31,Male,Tier 1,Jalna,Salaried,52235,838,0,16,Graduate,Organic,2022-03-13
CUST006933,25,Male,Tier 3,Aizawl,Gig Worker,18535,600,0,16,School,Organic,2022-09-29
CUST006934,45,Male,Tier 1,Srinagar,Salaried,42943,807,0,21,Postgraduate,DSA Agent,2022-06-21
CUST006935,30,Male,Tier 3,Pudukkottai,Business Owner,76150,697,2,35,Graduate,Social Media,2023-11-18
CUST006936,32,Male,Tier 2,Tenali,Gig Worker,15146,528,0,2,Graduate,DSA Agent,2022-06-15
CUST006937,27,Male,Tier 3,Narasaraopet,Salaried,78984,817,0,27,Professional,DSA Agent,2023-05-31
CUST006938,42,Male,Tier 3,Rampur,Self Employed,61172,621,0,6,School,Organic,2022-09-15
CUST006939,29,Female,Tier 3,Adoni,Gig Worker,13285,520,1,11,Graduate,Social Media,2022-09-15
CUST006940,45,Female,Tier 2,Anantapuram,Salaried,86166,824,0,27,Postgraduate,Organic,2022-10-08
CUST006941,26,Female,Tier 2,Ramgarh,Student,0,483,2,0,Graduate,Organic,2022-08-17
CUST006942,26,Male,Tier 1,Alappuzha,Student,0,491,1,0,Graduate,Organic,2022-06-19
CUST006943,33,Male,Tier 3,Pune,Self Employed,56943,612,0,4,School,Referral,2023-08-08
CUST006944,40,Male,Tier 1,Ulhasnagar,Salaried,113961,753,1,6,School,Social Media,2023-04-26
CUST006945,31,Male,Tier 2,Nashik,Gig Worker,12524,536,1,16,Postgraduate,DSA Agent,2023-02-17
CUST006946,47,Male,Tier 3,Orai,Self Employed,28129,659,1,19,Professional,Organic,2023-01-04
CUST006947,34,Female,Tier 1,Warangal,Salaried,45012,794,1,12,Graduate,Organic,2023-03-13
CUST006948,31,Female,Tier 2,Bellary,Salaried,100809,707,0,13,Postgraduate,Social Media,2023-10-02
CUST006949,24,Male,Tier 1,Salem,Student,0,554,0,0,Graduate,DSA Agent,2023-08-08
CUST006950,44,Male,Tier 2,Sangli-Miraj & Kupwad,Salaried,44476,743,0,2,School,Referral,2023-05-20
CUST006951,33,Female,Tier 3,Bangalore,Self Employed,94366,634,2,19,School,Organic,2022-01-07
CUST006952,26,Male,Tier 3,Bikaner,Gig Worker,14202,647,0,13,Postgraduate,Social Media,2022-03-31
CUST006953,37,Female,Tier 2,Malegaon,Gig Worker,32208,522,1,11,Postgraduate,DSA Agent,2023-06-04
CUST006954,39,Other,Tier 2,Nangloi Jat,Salaried,115305,747,0,27,Graduate,Organic,2022-09-26
CUST006955,19,Other,Tier 1,Nangloi Jat,Student,0,575,1,0,School,Organic,2022-12-13
CUST006956,24,Male,Tier 2,Barasat,Gig Worker,23390,575,0,9,Postgraduate,Organic,2022-07-06
CUST006957,31,Male,Tier 2,Nellore,Gig Worker,30137,559,0,2,Graduate,Referral,2023-12-04
CUST006958,43,Male,Tier 2,Haridwar,Self Employed,35656,740,0,25,Graduate,Referral,2023-05-14
CUST006959,36,Female,Tier 2,Naihati,Self Employed,73047,553,0,4,Professional,Social Media,2023-04-22
CUST006960,53,Female,Tier 2,Bhimavaram,Business Owner,193571,654,1,6,Graduate,Social Media,2023-12-15
CUST006961,34,Female,Tier 3,Cuttack,Gig Worker,29787,557,1,8,Postgraduate,Referral,2023-04-28
CUST006962,28,Female,Tier 2,Sambalpur,Gig Worker,12244,509,0,4,Graduate,Organic,2022-07-09
CUST006963,34,Female,Tier 3,Kalyan-Dombivli,Business Owner,60606,601,0,11,Graduate,Referral,2022-01-31
CUST006964,46,Female,Tier 3,Alwar,Self Employed,99911,735,0,21,Graduate,Organic,2023-06-15
CUST006965,45,Female,Tier 1,Avadi,Salaried,138907,813,0,18,Graduate,Organic,2023-11-19
CUST006966,45,Female,Tier 3,Rajkot,Salaried,45506,721,2,17,Postgraduate,Social Media,2022-09-07
CUST006967,22,Female,Tier 2,Phagwara,Student,0,416,1,0,Graduate,Organic,2022-10-24
CUST006968,33,Male,Tier 1,Tezpur,Gig Worker,26635,540,1,13,Graduate,Organic,2023-12-13
CUST006969,45,Female,Tier 3,Bhopal,Self Employed,97914,658,0,13,Graduate,Organic,2023-09-11
CUST006970,35,Male,Tier 2,Raurkela Industrial Township,Gig Worker,34709,645,0,7,School,Social Media,2022-03-30
CUST006971,34,Male,Tier 1,Bhavnagar,Salaried,93111,837,0,9,Graduate,Referral,2022-10-27
CUST006972,32,Female,Tier 2,Kurnool,Self Employed,73993,642,1,8,Postgraduate,Referral,2022-07-19
CUST006973,36,Female,Tier 1,Thoothukudi,Salaried,84934,729,1,24,Graduate,Social Media,2023-02-24
CUST006974,31,Female,Tier 1,Raurkela Industrial Township,Gig Worker,32129,619,0,15,Graduate,Referral,2023-07-17
CUST006975,30,Male,Tier 3,Jhansi,Gig Worker,16124,620,2,14,School,Social Media,2022-08-08
CUST006976,33,Female,Tier 3,Ballia,Gig Worker,14734,563,1,1,School,Social Media,2022-01-20
CUST006977,43,Male,Tier 2,Chittoor,Self Employed,58557,558,3,19,School,Organic,2023-12-09
CUST006978,21,Female,Tier 2,Miryalaguda,Student,18564,473,0,0,Graduate,Social Media,2023-02-06
CUST006979,34,Male,Tier 2,Vijayawada,Self Employed,40904,677,0,39,Graduate,Social Media,2023-10-01
CUST006980,42,Female,Tier 1,Coimbatore,Salaried,84699,730,1,13,Postgraduate,Social Media,2023-08-22
CUST006981,33,Female,Tier 2,Karimnagar,Salaried,140331,752,0,25,Graduate,Social Media,2022-10-19
CUST006982,24,Male,Tier 3,Maheshtala,Gig Worker,12143,511,1,15,Graduate,Referral,2023-02-04
CUST006983,50,Female,Tier 3,Khammam,Business Owner,37896,682,1,8,Graduate,Social Media,2023-09-16
CUST006984,19,Female,Tier 3,Munger,Student,0,596,0,0,School,Organic,2023-01-31
CUST006985,19,Male,Tier 3,Guwahati,Student,19927,588,0,0,Graduate,Organic,2022-12-13
CUST006986,33,Male,Tier 3,Rajahmundry,Salaried,72464,831,0,16,School,Social Media,2023-01-14
CUST006987,34,Male,Tier 3,Nashik,Gig Worker,19236,551,0,10,Graduate,Social Media,2022-02-04
CUST006988,27,Male,Tier 3,Sagar,Gig Worker,18740,529,1,16,School,Organic,2022-08-19
CUST006989,28,Female,Tier 2,Jhansi,Salaried,58233,805,0,29,Graduate,Organic,2023-11-29
CUST006990,29,Other,Tier 2,Sangli-Miraj & Kupwad,Salaried,62245,736,0,7,Graduate,Social Media,2023-05-22
CUST006991,43,Male,Tier 2,Visakhapatnam,Business Owner,131468,609,1,21,Graduate,Organic,2022-05-30
CUST006992,31,Male,Tier 1,Jammu,Salaried,144211,763,0,21,School,Organic,2022-09-06
CUST006993,31,Female,Tier 1,Berhampore,Salaried,108671,747,0,2,Graduate,Organic,2023-02-04
CUST006994,35,Male,Tier 2,South Dumdum,Salaried,72066,716,0,19,Graduate,DSA Agent,2022-03-05
CUST006995,47,Male,Tier 2,Vellore,Business Owner,167065,725,1,13,School,Referral,2022-03-16
CUST006996,27,Male,Tier 3,Moradabad,Gig Worker,30970,589,1,14,Postgraduate,Social Media,2022-05-11
CUST006997,46,Female,Tier 2,Barasat,Self Employed,66587,594,1,38,School,Social Media,2023-08-24
CUST006998,36,Female,Tier 3,Hospet,Business Owner,77246,674,2,10,Postgraduate,Social Media,2023-02-22
CUST006999,34,Female,Tier 2,Dibrugarh,Salaried,125774,735,0,4,Postgraduate,Organic,2023-02-19
CUST007000,32,Male,Tier 2,Panvel,Self Employed,60512,731,0,6,Graduate,Referral,2022-01-06
CUST007001,35,Female,Tier 2,Patna,Salaried,104687,790,0,5,Postgraduate,Organic,2023-05-02
CUST007002,42,Female,Tier 1,Ajmer,Salaried,139353,753,0,28,Graduate,Referral,2022-02-20
CUST007003,25,Female,Tier 3,Eluru,Student,0,558,0,0,Postgraduate,Organic,2022-06-13
CUST007004,47,Male,Tier 3,Jamnagar,Self Employed,52751,581,1,10,School,Referral,2023-06-05
CUST007005,28,Female,Tier 3,Morbi,Gig Worker,20207,528,0,14,School,Social Media,2023-05-04
CUST007006,25,Female,Tier 2,Baranagar,Gig Worker,34086,582,1,16,School,DSA Agent,2023-08-24
CUST007007,26,Male,Tier 2,Kirari Suleman Nagar,Gig Worker,28856,668,0,11,Postgraduate,DSA Agent,2022-06-15
CUST007008,36,Male,Tier 1,Maheshtala,Salaried,139453,811,0,24,Professional,DSA Agent,2023-11-03
CUST007009,40,Female,Tier 1,Barasat,Salaried,118328,818,0,2,Graduate,Organic,2023-06-17
CUST007010,28,Female,Tier 3,Imphal,Salaried,121734,834,1,28,Postgraduate,Organic,2022-11-26
CUST007011,41,Female,Tier 2,Bhatpara,Salaried,72421,731,0,30,School,DSA Agent,2023-10-12
CUST007012,22,Female,Tier 1,Jorhat,Student,0,449,0,0,Graduate,Social Media,2022-03-22
CUST007013,41,Female,Tier 1,Nashik,Salaried,125997,701,0,10,Graduate,DSA Agent,2022-06-09
CUST007014,45,Male,Tier 1,Nanded,Salaried,40266,811,1,11,Graduate,Social Media,2023-02-22
CUST007015,22,Male,Tier 3,Bhusawal,Gig Worker,16827,586,0,8,Postgraduate,Social Media,2023-10-06
CUST007016,25,Other,Tier 2,Sonipat,Student,18386,434,0,0,Graduate,Referral,2023-06-30
CUST007017,29,Male,Tier 1,Sultan Pur Majra,Salaried,42069,710,1,28,Graduate,Social Media,2023-11-14
CUST007018,37,Male,Tier 1,Kozhikode,Salaried,63012,797,0,12,Graduate,DSA Agent,2023-07-30
CUST007019,38,Female,Tier 3,Kollam,Gig Worker,14241,610,1,0,Graduate,Organic,2023-08-26
CUST007020,38,Female,Tier 2,Saharsa,Self Employed,78866,658,0,19,School,Referral,2022-12-05
CUST007021,30,Male,Tier 3,Muzaffarpur,Gig Worker,30610,636,0,12,Graduate,Referral,2023-05-18
CUST007022,19,Male,Tier 2,Bhavnagar,Student,18631,410,0,0,Graduate,Social Media,2023-09-27
CUST007023,34,Male,Tier 2,Guntur,Business Owner,156847,756,0,31,Graduate,Social Media,2022-02-26
CUST007024,50,Male,Tier 2,Rewa,Self Employed,31754,584,0,33,Professional,Social Media,2023-08-04
CUST007025,45,Female,Tier 2,Thrissur,Self Employed,78282,723,0,22,Graduate,Organic,2023-06-17
CUST007026,30,Male,Tier 1,Hyderabad,Gig Worker,30516,629,0,4,Postgraduate,Social Media,2022-04-30
CUST007027,27,Female,Tier 2,Lucknow,Salaried,108335,787,0,26,Graduate,Organic,2022-01-19
CUST007028,37,Female,Tier 2,Davanagere,Business Owner,74373,626,1,20,Graduate,Social Media,2022-12-23
CUST007029,31,Female,Tier 3,Alappuzha,Gig Worker,27166,538,1,10,School,Organic,2023-07-11
CUST007030,41,Male,Tier 3,Gandhidham,Salaried,84766,778,0,1,Postgraduate,Referral,2022-09-15
CUST007031,34,Female,Tier 1,Bhilai,Self Employed,83381,669,1,6,Graduate,Organic,2022-01-30
CUST007032,35,Male,Tier 2,Sirsa,Salaried,116279,701,0,16,Postgraduate,Organic,2022-03-09
CUST007033,38,Male,Tier 3,Hyderabad,Gig Worker,23002,511,1,14,Graduate,Social Media,2022-02-26
CUST007034,34,Female,Tier 2,Purnia,Gig Worker,29897,604,3,5,School,Social Media,2022-02-12
CUST007035,25,Female,Tier 1,Morena,Gig Worker,16910,515,0,13,School,DSA Agent,2022-05-19
CUST007036,19,Female,Tier 3,Satna,Student,2585,560,1,0,Postgraduate,Organic,2023-09-09
CUST007037,25,Male,Tier 1,Howrah,Salaried,97676,771,0,18,Graduate,Social Media,2022-07-15
CUST007038,30,Male,Tier 2,Alwar,Gig Worker,17501,510,1,5,Graduate,Referral,2023-03-10
CUST007039,24,Other,Tier 3,Bhagalpur,Gig Worker,29201,596,1,8,Graduate,Social Media,2022-02-24
CUST007040,45,Female,Tier 2,Vijayawada,Self Employed,80238,558,0,21,School,Organic,2023-03-23
CUST007041,30,Female,Tier 2,Ahmednagar,Self Employed,59738,705,0,6,Graduate,Referral,2023-10-01
CUST007042,28,Female,Tier 3,Morbi,Gig Worker,31573,587,0,3,Graduate,Organic,2022-06-26
CUST007043,32,Male,Tier 2,Noida,Self Employed,55042,607,0,15,Graduate,Social Media,2023-12-09
CUST007044,42,Female,Tier 2,Thrissur,Salaried,117825,803,0,28,Professional,Organic,2022-07-20
CUST007045,50,Male,Tier 1,Mira-Bhayandar,Business Owner,166662,800,0,8,School,DSA Agent,2022-11-13
CUST007046,36,Female,Tier 3,Warangal,Gig Worker,27134,513,1,8,Graduate,Referral,2022-10-29
CUST007047,50,Female,Tier 2,Berhampore,Self Employed,56652,623,1,3,Graduate,Social Media,2022-12-17
CUST007048,41,Female,Tier 2,Amaravati,Salaried,76229,816,0,9,Postgraduate,Referral,2023-05-05
CUST007049,33,Female,Tier 1,Mysore,Salaried,90892,806,0,9,Graduate,Referral,2022-11-11
CUST007050,30,Male,Tier 2,Ujjain,Gig Worker,28424,654,0,3,Graduate,Social Media,2022-12-03
CUST007051,20,Female,Tier 1,Mira-Bhayandar,Student,14385,523,2,0,School,Organic,2022-09-03
CUST007052,30,Male,Tier 3,Faridabad,Gig Worker,31069,678,0,3,Postgraduate,Social Media,2022-01-14
CUST007053,44,Male,Tier 3,Howrah,Business Owner,164907,788,1,31,Graduate,Social Media,2022-10-30
CUST007054,25,Male,Tier 2,Haridwar,Gig Worker,18173,579,0,7,Graduate,Organic,2023-06-07
CUST007055,38,Female,Tier 2,Bongaigaon,Gig Worker,26340,568,0,13,Graduate,Organic,2022-04-02
CUST007056,44,Male,Tier 2,Kota,Salaried,89532,768,1,4,Graduate,Social Media,2023-02-20
CUST007057,25,Male,Tier 1,Shimla,Student,0,469,0,0,Graduate,Referral,2022-01-05
CUST007058,31,Female,Tier 2,Bhilwara,Salaried,73919,826,0,10,Graduate,Social Media,2023-05-14
CUST007059,25,Female,Tier 2,Aligarh,Student,0,526,0,0,Graduate,DSA Agent,2023-07-14
CUST007060,54,Male,Tier 1,Bilaspur,Business Owner,180835,674,0,26,Graduate,Social Media,2023-04-26
CUST007061,34,Male,Tier 2,Kharagpur,Business Owner,67851,734,0,39,Graduate,DSA Agent,2022-02-19
CUST007062,27,Female,Tier 2,Hosur,Gig Worker,20448,575,0,16,Postgraduate,Organic,2023-08-11
CUST007063,40,Female,Tier 2,Jorhat,Self Employed,83217,582,0,25,School,Referral,2023-08-03
CUST007064,43,Male,Tier 2,Jamnagar,Self Employed,92463,693,0,25,School,DSA Agent,2023-03-31
CUST007065,29,Female,Tier 1,Siliguri,Salaried,130859,850,0,30,Graduate,Referral,2022-02-05
CUST007066,49,Female,Tier 3,Dibrugarh,Self Employed,49386,674,0,26,Graduate,Social Media,2023-06-29
CUST007067,40,Female,Tier 2,Bokaro,Salaried,107371,717,0,2,Postgraduate,Organic,2023-10-21
CUST007068,28,Female,Tier 3,Ratlam,Gig Worker,23988,589,0,13,Postgraduate,DSA Agent,2022-02-26
CUST007069,31,Female,Tier 2,Bhimavaram,Salaried,73369,740,0,15,Graduate,Referral,2022-10-05
CUST007070,37,Female,Tier 2,Kharagpur,Salaried,96790,721,1,10,Graduate,Referral,2023-12-22
CUST007071,31,Male,Tier 2,Deoghar,Gig Worker,18111,638,0,6,Postgraduate,Social Media,2023-01-26
CUST007072,31,Female,Tier 2,Rohtak,Gig Worker,17590,566,1,19,Graduate,Social Media,2022-03-24
CUST007073,39,Female,Tier 3,Shahjahanpur,Self Employed,60246,709,0,38,Graduate,Organic,2022-08-14
CUST007074,37,Male,Tier 1,Kulti,Salaried,41658,787,0,20,School,Organic,2023-09-04
CUST007075,27,Female,Tier 1,Bidhannagar,Gig Worker,32187,628,0,14,Graduate,Social Media,2023-06-17
CUST007076,39,Male,Tier 1,Gaya,Salaried,91017,804,0,30,Graduate,Organic,2022-08-23
CUST007077,27,Male,Tier 2,Bikaner,Gig Worker,25773,587,1,9,Graduate,Referral,2023-04-17
CUST007078,34,Male,Tier 3,Chandigarh,Self Employed,29244,711,0,2,Graduate,DSA Agent,2022-03-09
CUST007079,29,Female,Tier 3,Jamshedpur,Gig Worker,30375,553,0,17,Graduate,Social Media,2022-08-07
CUST007080,49,Female,Tier 2,Anand,Self Employed,54055,719,0,29,Graduate,Referral,2023-08-18
CUST007081,41,Male,Tier 1,Noida,Salaried,71863,800,0,24,Graduate,DSA Agent,2023-12-21
CUST007082,40,Female,Tier 2,Begusarai,Self Employed,99503,670,1,5,Postgraduate,Referral,2022-12-06
CUST007083,30,Male,Tier 2,Srikakulam,Gig Worker,29222,519,0,6,School,Organic,2022-10-24
CUST007084,22,Female,Tier 3,Srinagar,Gig Worker,23166,506,0,0,Graduate,Referral,2022-11-03
CUST007085,28,Female,Tier 2,Dhanbad,Self Employed,82449,742,0,6,Graduate,Social Media,2023-10-01
CUST007086,41,Female,Tier 2,Jalna,Salaried,93355,702,0,27,School,DSA Agent,2023-05-29
CUST007087,42,Female,Tier 3,Kamarhati,Self Employed,69070,645,0,20,Postgraduate,Organic,2022-01-24
CUST007088,48,Male,Tier 2,Nagercoil,Self Employed,72819,568,0,21,School,Organic,2023-01-04
CUST007089,43,Female,Tier 1,Dharmavaram,Salaried,44470,847,0,12,Graduate,Social Media,2022-05-02
CUST007090,34,Other,Tier 2,Raichur,Salaried,133373,773,0,21,Graduate,Social Media,2023-02-19
CUST007091,26,Male,Tier 2,Khora ,Salaried,141467,839,0,7,School,Social Media,2022-06-20
CUST007092,42,Female,Tier 2,Bhubaneswar,Business Owner,178066,647,1,38,Graduate,Social Media,2022-04-16
CUST007093,39,Other,Tier 3,Kota,Self Employed,45884,622,0,12,Graduate,Organic,2023-08-04
CUST007094,38,Male,Tier 1,Akola,Salaried,69920,774,0,29,Graduate,Organic,2022-10-31
CUST007095,37,Female,Tier 3,Kumbakonam,Gig Worker,34279,524,0,19,Graduate,Organic,2023-09-11
CUST007096,27,Female,Tier 2,Rohtak,Gig Worker,15363,670,0,18,Graduate,Social Media,2023-09-12
CUST007097,20,Female,Tier 3,Muzaffarnagar,Student,0,568,0,0,Graduate,Social Media,2023-10-22
CUST007098,27,Male,Tier 2,South Dumdum,Salaried,127979,749,1,20,Postgraduate,Referral,2023-02-28
CUST007099,31,Male,Tier 1,Jaipur,Salaried,44264,712,0,26,School,Referral,2022-08-18
CUST007100,18,Male,Tier 3,Ramagundam,Student,4257,465,0,0,Postgraduate,Social Media,2023-05-08
CUST007101,35,Female,Tier 1,Asansol,Salaried,135053,726,0,18,School,Organic,2022-04-22
CUST007102,41,Female,Tier 1,Gandhinagar,Salaried,73754,777,0,15,Graduate,Social Media,2022-08-20
CUST007103,48,Female,Tier 1,Gandhinagar,Business Owner,104423,722,1,9,School,Social Media,2023-06-11
CUST007104,44,Male,Tier 2,Bhilwara,Self Employed,49399,694,1,6,Graduate,Social Media,2023-11-20
CUST007105,39,Male,Tier 3,Nellore,Salaried,124505,724,0,13,Graduate,Organic,2023-12-12
CUST007106,43,Female,Tier 2,Mumbai,Salaried,136313,721,0,16,Graduate,DSA Agent,2023-09-10
CUST007107,35,Female,Tier 1,Panihati,Salaried,124576,709,0,18,School,DSA Agent,2023-11-05
CUST007108,39,Female,Tier 3,Durg,Salaried,134007,755,0,17,Graduate,DSA Agent,2023-07-21
CUST007109,24,Female,Tier 2,Mango,Student,11355,587,1,0,Postgraduate,Organic,2023-05-19
CUST007110,29,Female,Tier 3,Farrukhabad,Gig Worker,20155,622,0,16,Postgraduate,Referral,2022-10-17
CUST007111,50,Female,Tier 1,Danapur,Self Employed,80843,676,2,23,Graduate,Organic,2022-01-09
CUST007112,31,Female,Tier 2,Ahmedabad,Business Owner,122549,602,0,4,Graduate,DSA Agent,2023-03-06
CUST007113,36,Male,Tier 2,Madhyamgram,Gig Worker,24320,663,0,11,Postgraduate,Organic,2023-11-11
CUST007114,39,Female,Tier 2,Rourkela,Salaried,145252,813,0,16,Graduate,Social Media,2023-03-08
CUST007115,33,Female,Tier 3,Dindigul,Gig Worker,18098,523,1,2,Postgraduate,Social Media,2022-04-20
CUST007116,34,Male,Tier 2,Guna,Business Owner,137831,648,0,20,Postgraduate,Social Media,2022-04-06
CUST007117,21,Male,Tier 3,Madurai,Student,0,590,0,0,Postgraduate,Organic,2022-02-02
CUST007118,30,Male,Tier 1,Jhansi,Salaried,66768,813,0,15,Professional,Referral,2022-01-04
CUST007119,47,Female,Tier 1,Mehsana,Self Employed,83655,688,0,13,Postgraduate,Referral,2023-03-21
CUST007120,31,Male,Tier 1,South Dumdum,Gig Worker,24016,655,0,15,School,Social Media,2023-04-09
CUST007121,55,Male,Tier 2,Purnia,Business Owner,68691,767,1,21,Postgraduate,Organic,2022-11-03
CUST007122,39,Female,Tier 1,Kozhikode,Salaried,108097,701,0,27,School,Referral,2023-02-22
CUST007123,37,Male,Tier 3,Vijayanagaram,Gig Worker,30756,569,2,17,Graduate,DSA Agent,2023-03-02
CUST007124,20,Female,Tier 1,Agartala,Student,1244,567,0,0,Graduate,Referral,2022-03-08
CUST007125,36,Female,Tier 3,Bidhannagar,Gig Worker,24165,646,0,0,School,Social Media,2022-08-25
CUST007126,32,Female,Tier 2,Bhalswa Jahangir Pur,Gig Worker,24791,560,0,6,School,Organic,2022-06-13
CUST007127,33,Male,Tier 1,Tirunelveli,Salaried,146124,845,0,2,Graduate,DSA Agent,2023-08-05
CUST007128,29,Male,Tier 2,Secunderabad,Salaried,80859,776,1,20,Graduate,DSA Agent,2023-07-30
CUST007129,43,Male,Tier 2,Pune,Salaried,133756,708,0,3,Graduate,Organic,2023-12-03
CUST007130,55,Female,Tier 2,Jodhpur,Business Owner,94067,616,0,32,Professional,Referral,2023-07-18
CUST007131,29,Female,Tier 1,Karnal,Salaried,55036,795,0,8,School,Social Media,2022-09-25
CUST007132,28,Male,Tier 2,Ajmer,Gig Worker,21735,561,0,8,Graduate,Organic,2022-06-14
CUST007133,32,Female,Tier 3,Bhopal,Self Employed,31050,551,0,29,Graduate,Organic,2022-11-17
CUST007134,37,Male,Tier 1,Chapra,Salaried,71325,701,2,28,Graduate,Social Media,2023-12-05
CUST007135,29,Other,Tier 2,Saharanpur,Gig Worker,21310,596,0,1,Graduate,Organic,2023-05-17
CUST007136,44,Female,Tier 2,Bhiwandi,Self Employed,47430,737,0,5,Graduate,Organic,2023-10-24
CUST007137,22,Female,Tier 2,North Dumdum,Student,16419,435,0,0,Graduate,Social Media,2023-02-03
CUST007138,42,Female,Tier 2,Bellary,Self Employed,90665,585,0,4,Postgraduate,Organic,2022-04-21
CUST007139,47,Female,Tier 3,Saharanpur,Self Employed,59755,660,0,17,School,Social Media,2022-05-06
CUST007140,42,Female,Tier 1,Satna,Salaried,139532,796,0,22,Postgraduate,Social Media,2022-05-23
CUST007141,34,Female,Tier 3,Muzaffarpur,Business Owner,38111,644,0,10,School,Social Media,2022-06-21
CUST007142,44,Female,Tier 1,Sambalpur,Salaried,58927,719,0,12,School,Social Media,2023-04-25
CUST007143,46,Female,Tier 2,Jamnagar,Self Employed,48876,635,0,13,Postgraduate,Social Media,2023-10-11
CUST007144,41,Female,Tier 2,Malegaon,Salaried,53435,825,0,1,Postgraduate,Referral,2022-07-16
CUST007145,35,Female,Tier 1,Bokaro,Business Owner,79376,788,1,6,Graduate,Referral,2022-05-31
CUST007146,28,Female,Tier 1,Chinsurah,Self Employed,93659,639,0,19,Graduate,Organic,2022-03-31
CUST007147,31,Female,Tier 1,Aurangabad,Self Employed,72681,695,0,11,Postgraduate,Social Media,2022-05-21
CUST007148,39,Male,Tier 1,Rampur,Salaried,103614,704,0,24,Postgraduate,Referral,2023-06-06
CUST007149,32,Male,Tier 1,Suryapet,Gig Worker,19991,535,2,16,Graduate,Social Media,2023-09-14
CUST007150,30,Male,Tier 2,Jalandhar,Self Employed,47914,655,0,37,Graduate,Social Media,2023-03-17
CUST007151,35,Female,Tier 2,Kurnool,Self Employed,66476,750,0,27,Graduate,Organic,2023-10-24
CUST007152,38,Male,Tier 2,Rajahmundry,Salaried,64026,775,0,12,Graduate,DSA Agent,2022-02-12
CUST007153,45,Other,Tier 3,Varanasi,Business Owner,38602,708,1,36,Graduate,Organic,2023-10-24
CUST007154,23,Female,Tier 3,Chapra,Student,0,482,0,0,Postgraduate,DSA Agent,2023-08-07
CUST007155,40,Female,Tier 3,Sangli-Miraj & Kupwad,Salaried,111638,711,0,29,Professional,Organic,2023-12-26
CUST007156,18,Male,Tier 1,Gwalior,Student,0,465,0,0,Graduate,DSA Agent,2023-03-03
CUST007157,30,Female,Tier 2,Saharanpur,Gig Worker,30530,514,1,17,Graduate,Social Media,2022-12-25
CUST007158,28,Female,Tier 3,Malegaon,Gig Worker,18632,505,0,18,Graduate,Organic,2023-05-16
CUST007159,28,Female,Tier 1,Serampore,Salaried,149874,715,0,12,School,Social Media,2023-03-03
CUST007160,36,Male,Tier 2,Sasaram,Gig Worker,25853,526,1,9,Graduate,Referral,2022-02-26
CUST007161,36,Female,Tier 3,Serampore,Self Employed,43880,693,0,11,Postgraduate,DSA Agent,2022-08-14
CUST007162,36,Female,Tier 2,Raebareli,Gig Worker,15883,534,2,19,Postgraduate,DSA Agent,2023-06-06
CUST007163,39,Female,Tier 2,Jorhat,Self Employed,92324,570,0,20,Postgraduate,DSA Agent,2022-02-22
CUST007164,32,Female,Tier 3,Rewa,Self Employed,73944,620,1,1,School,Organic,2022-07-14
CUST007165,36,Female,Tier 1,Bangalore,Self Employed,22427,725,0,18,Professional,Social Media,2022-03-18
CUST007166,41,Other,Tier 1,Ballia,Salaried,110460,743,1,9,Graduate,Referral,2022-06-03
CUST007167,26,Female,Tier 1,Bettiah,Student,2676,451,0,0,Graduate,Organic,2023-07-18
CUST007168,37,Other,Tier 1,Firozabad,Gig Worker,23352,673,0,15,Postgraduate,Referral,2023-03-27
CUST007169,44,Female,Tier 1,Pali,Salaried,44455,753,0,27,School,Social Media,2023-01-14
CUST007170,38,Male,Tier 1,Farrukhabad,Salaried,120476,794,0,27,Graduate,Referral,2022-09-14
CUST007171,24,Male,Tier 2,Mumbai,Gig Worker,25329,651,2,6,Postgraduate,Organic,2022-10-05
CUST007172,23,Male,Tier 3,Munger,Student,0,472,0,0,Graduate,DSA Agent,2022-04-10
CUST007173,37,Male,Tier 2,Jehanabad,Gig Worker,15019,615,0,8,Graduate,Organic,2023-06-06
CUST007174,28,Male,Tier 2,Mango,Self Employed,61983,708,0,13,Graduate,DSA Agent,2023-05-25
CUST007175,42,Male,Tier 2,Sambalpur,Salaried,41732,741,0,23,Graduate,Social Media,2022-07-02
CUST007176,36,Female,Tier 3,Saharsa,Gig Worker,15083,508,2,4,Postgraduate,Organic,2022-03-19
CUST007177,31,Male,Tier 3,Munger,Business Owner,117134,700,0,8,Postgraduate,Referral,2022-08-10
CUST007178,50,Male,Tier 3,Ichalkaranji,Self Employed,43676,714,0,36,Graduate,Social Media,2023-04-27
CUST007179,30,Female,Tier 2,Bijapur,Salaried,49721,828,0,14,School,Social Media,2022-02-24
CUST007180,22,Female,Tier 3,Kavali,Gig Worker,23048,635,1,12,School,Social Media,2023-12-01
CUST007181,32,Other,Tier 1,Bikaner,Salaried,109465,792,0,8,Postgraduate,Social Media,2022-05-31
CUST007182,35,Female,Tier 2,Sagar,Gig Worker,15331,669,1,1,Graduate,Referral,2022-09-04
CUST007183,38,Male,Tier 1,Gorakhpur,Self Employed,40509,631,0,30,Postgraduate,Organic,2023-01-13
CUST007184,34,Male,Tier 3,Junagadh,Self Employed,68384,607,0,3,School,Social Media,2022-12-17
CUST007185,33,Male,Tier 1,Mangalore,Salaried,137511,849,0,17,School,Referral,2022-09-13
CUST007186,34,Male,Tier 1,Nellore,Business Owner,41826,789,1,16,Graduate,Organic,2023-04-24
CUST007187,32,Male,Tier 2,Pune,Gig Worker,24767,597,1,9,Graduate,Organic,2023-05-28
CUST007188,24,Other,Tier 2,Rajkot,Gig Worker,26911,503,0,1,Graduate,Organic,2022-08-26
CUST007189,30,Male,Tier 3,Anantapuram,Gig Worker,14601,675,1,19,Graduate,Social Media,2023-06-23
CUST007190,49,Male,Tier 3,Pudukkottai,Self Employed,21039,606,0,19,Postgraduate,Social Media,2023-03-30
CUST007191,27,Male,Tier 3,Katihar,Gig Worker,19926,519,2,10,Postgraduate,Social Media,2022-04-29
CUST007192,37,Female,Tier 3,Gorakhpur,Gig Worker,19561,575,0,8,School,Social Media,2023-03-16
CUST007193,32,Male,Tier 1,Shivpuri,Gig Worker,13461,557,0,1,Postgraduate,Social Media,2023-03-17
CUST007194,25,Male,Tier 1,Mysore,Salaried,136266,772,0,22,School,Social Media,2022-10-11
CUST007195,20,Male,Tier 2,Srikakulam,Student,0,473,0,0,School,Referral,2023-09-20
CUST007196,38,Male,Tier 3,Jamnagar,Gig Worker,33676,594,0,4,Graduate,Referral,2022-09-03
CUST007197,37,Male,Tier 1,Giridih,Salaried,123001,822,1,29,School,Organic,2022-11-29
CUST007198,47,Female,Tier 1,Ramgarh,Self Employed,40344,597,1,27,Graduate,Referral,2022-05-11
CUST007199,44,Male,Tier 2,Nanded,Business Owner,30531,730,0,6,Graduate,Organic,2022-01-04
CUST007200,30,Female,Tier 3,Bhubaneswar,Business Owner,180778,659,4,7,Graduate,Social Media,2022-09-01
CUST007201,38,Female,Tier 1,Howrah,Gig Worker,29196,536,2,19,Postgraduate,Organic,2022-07-11
CUST007202,27,Female,Tier 2,Bhiwani,Salaried,145252,829,1,23,School,Organic,2023-09-03
CUST007203,24,Male,Tier 2,Alappuzha,Gig Worker,22271,556,0,4,Graduate,Social Media,2022-06-22
CUST007204,30,Male,Tier 1,Gulbarga,Salaried,85871,739,2,4,Graduate,DSA Agent,2023-07-08
CUST007205,48,Male,Tier 3,Ghaziabad,Business Owner,65452,790,0,34,Graduate,Social Media,2023-07-29
CUST007206,41,Female,Tier 2,Karnal,Salaried,70106,827,0,15,Graduate,Referral,2023-05-13
CUST007207,32,Female,Tier 2,Nanded,Salaried,138364,837,1,16,School,Social Media,2022-12-05
CUST007208,36,Male,Tier 3,Jammu,Gig Worker,16895,651,0,17,Graduate,Organic,2022-08-03
CUST007209,31,Female,Tier 2,Maheshtala,Gig Worker,21819,617,3,1,Graduate,DSA Agent,2023-10-15
CUST007210,41,Female,Tier 2,Delhi,Self Employed,38840,602,0,9,Graduate,Social Media,2022-10-07
CUST007211,29,Female,Tier 1,Ranchi,Gig Worker,15867,664,0,8,Postgraduate,Organic,2022-04-15
CUST007212,30,Male,Tier 1,Mangalore,Salaried,105905,825,0,24,Graduate,Social Media,2023-06-12
CUST007213,40,Female,Tier 2,Sambalpur,Salaried,148659,787,0,10,Postgraduate,Organic,2023-07-24
CUST007214,38,Male,Tier 2,Jamalpur,Gig Worker,26897,596,1,5,Postgraduate,Referral,2022-09-15
CUST007215,25,Female,Tier 3,Raichur,Salaried,136748,745,0,25,Postgraduate,Social Media,2023-11-13
CUST007216,30,Male,Tier 2,Erode,Self Employed,41968,608,0,4,Graduate,Social Media,2023-01-08
CUST007217,25,Male,Tier 2,Buxar,Gig Worker,12680,612,0,10,Graduate,Referral,2022-12-26
CUST007218,38,Female,Tier 3,Allahabad,Self Employed,82013,684,0,4,Postgraduate,Organic,2022-12-12
CUST007219,32,Female,Tier 1,Sikar,Business Owner,43453,685,0,24,School,Social Media,2022-10-06
CUST007220,48,Male,Tier 2,Ujjain,Business Owner,150304,689,0,25,Professional,Social Media,2023-08-25
CUST007221,44,Male,Tier 2,Junagadh,Business Owner,91742,668,0,16,Graduate,Social Media,2022-08-26
CUST007222,34,Female,Tier 1,Ambattur,Salaried,120131,826,1,4,Graduate,Social Media,2023-01-14
CUST007223,42,Female,Tier 1,Miryalaguda,Salaried,146578,831,0,25,Graduate,Social Media,2023-03-05
CUST007224,38,Female,Tier 1,Orai,Salaried,87070,825,0,2,Postgraduate,Social Media,2022-03-26
CUST007225,18,Other,Tier 3,Kurnool,Student,0,539,0,0,Postgraduate,Social Media,2022-05-17
CUST007226,32,Male,Tier 3,Karawal Nagar,Business Owner,54320,769,0,17,Graduate,Social Media,2023-05-17
CUST007227,26,Female,Tier 1,Gwalior,Student,9928,572,2,0,Graduate,Organic,2023-04-17
CUST007228,29,Female,Tier 2,Raipur,Salaried,98486,802,0,25,Postgraduate,Organic,2022-03-05
CUST007229,37,Female,Tier 3,Belgaum,Business Owner,105907,624,1,17,Postgraduate,Organic,2023-10-16
CUST007230,29,Male,Tier 1,Malda,Gig Worker,21911,650,0,19,Graduate,Organic,2022-08-06
CUST007231,41,Female,Tier 1,Shahjahanpur,Salaried,95616,825,0,19,Graduate,Organic,2023-10-29
CUST007232,23,Female,Tier 2,Suryapet,Gig Worker,26852,633,1,11,Graduate,Organic,2023-10-04
CUST007233,38,Female,Tier 3,Moradabad,Salaried,108484,760,0,2,Professional,Social Media,2022-04-19
CUST007234,29,Female,Tier 2,Aurangabad,Gig Worker,29030,589,0,11,Postgraduate,Social Media,2023-11-24
CUST007235,42,Female,Tier 2,Bhatpara,Salaried,89132,796,1,30,Postgraduate,Organic,2023-02-23
CUST007236,28,Female,Tier 3,Kollam,Gig Worker,14100,508,1,0,School,Organic,2022-06-02
CUST007237,44,Male,Tier 2,Narasaraopet,Self Employed,79785,668,0,31,Professional,Organic,2022-07-24
CUST007238,19,Male,Tier 2,Navi Mumbai,Student,19907,501,1,0,Graduate,Referral,2023-07-24
CUST007239,45,Female,Tier 2,Karnal,Self Employed,72521,703,0,30,Graduate,Organic,2023-11-20
CUST007240,30,Female,Tier 2,Surendranagar Dudhrej,Gig Worker,13234,651,1,2,Postgraduate,Social Media,2023-05-02
CUST007241,23,Male,Tier 2,Dehri,Student,0,475,0,0,School,Organic,2022-03-01
CUST007242,44,Female,Tier 1,Anantapur,Business Owner,87886,722,0,8,Graduate,Social Media,2023-07-20
CUST007243,28,Male,Tier 2,Machilipatnam,Salaried,111001,719,0,2,Graduate,Referral,2022-02-28
CUST007244,38,Male,Tier 3,Kumbakonam,Gig Worker,25200,505,1,5,Postgraduate,Social Media,2023-11-24
CUST007245,44,Female,Tier 1,Bareilly,Salaried,80361,740,0,26,Graduate,Organic,2022-01-15
CUST007246,26,Female,Tier 2,Bhusawal,Salaried,78764,834,0,7,Graduate,DSA Agent,2023-10-22
CUST007247,46,Male,Tier 1,Amaravati,Self Employed,65099,580,2,3,Graduate,Social Media,2023-01-29
CUST007248,23,Female,Tier 3,Chennai,Student,0,500,0,0,Postgraduate,Organic,2023-05-06
CUST007249,31,Female,Tier 1,Shimoga,Salaried,44122,706,0,8,School,Social Media,2022-01-25
CUST007250,20,Other,Tier 1,Aurangabad,Student,0,460,0,0,School,Organic,2023-09-24
CUST007251,23,Male,Tier 2,Bhind,Student,0,473,0,0,Postgraduate,Organic,2023-03-28
CUST007252,30,Female,Tier 2,Alappuzha,Business Owner,113290,744,0,4,Graduate,Social Media,2023-03-26
CUST007253,31,Male,Tier 1,Jaunpur,Salaried,146596,748,1,4,School,Referral,2022-11-11
CUST007254,35,Male,Tier 2,Nagercoil,Business Owner,70175,736,1,18,Graduate,Referral,2023-08-21
CUST007255,31,Female,Tier 3,Adoni,Salaried,49941,780,1,12,Postgraduate,DSA Agent,2023-04-04
CUST007256,22,Female,Tier 2,Hosur,Gig Worker,29266,516,1,6,Postgraduate,Organic,2022-06-15
CUST007257,37,Male,Tier 1,Etawah,Salaried,50689,747,0,29,Graduate,Social Media,2023-12-05
CUST007258,43,Other,Tier 3,Mangalore,Salaried,140768,737,0,1,Graduate,Social Media,2022-01-29
CUST007259,45,Female,Tier 2,Saharanpur,Self Employed,29822,674,1,24,Graduate,Social Media,2023-03-05
CUST007260,33,Female,Tier 2,Gandhinagar,Gig Worker,31819,550,1,13,Postgraduate,Referral,2022-07-22
CUST007261,30,Female,Tier 1,Silchar,Salaried,100110,704,0,17,Postgraduate,Referral,2023-02-27
CUST007262,44,Male,Tier 3,Tirunelveli,Salaried,140397,842,0,26,Graduate,Social Media,2023-11-26
CUST007263,33,Female,Tier 2,Ramgarh,Self Employed,26310,699,1,5,Postgraduate,Referral,2023-02-24
CUST007264,41,Male,Tier 2,Durgapur,Salaried,65238,831,0,21,Professional,Organic,2023-01-02
CUST007265,19,Female,Tier 1,Sultan Pur Majra,Student,6621,578,0,0,School,Social Media,2023-05-23
CUST007266,42,Male,Tier 2,Aizawl,Salaried,95200,811,0,12,Postgraduate,Organic,2023-08-26
CUST007267,25,Male,Tier 1,Tiruvottiyur,Salaried,115059,733,0,13,Graduate,DSA Agent,2022-04-26
CUST007268,25,Female,Tier 2,Rajahmundry,Gig Worker,27107,512,0,2,Graduate,Social Media,2022-10-12
CUST007269,38,Male,Tier 3,Raebareli,Gig Worker,32934,621,0,12,Postgraduate,Organic,2022-11-01
CUST007270,28,Male,Tier 3,Raiganj,Gig Worker,17983,611,0,16,Graduate,Social Media,2022-06-23
CUST007271,37,Female,Tier 1,Bhavnagar,Salaried,135087,823,0,16,Graduate,Referral,2023-11-24
CUST007272,51,Female,Tier 3,Raiganj,Business Owner,37341,633,0,27,Graduate,Organic,2023-08-23
CUST007273,42,Female,Tier 1,Fatehpur,Self Employed,28797,590,0,5,Graduate,Organic,2023-04-03
CUST007274,43,Male,Tier 2,Tadipatri,Salaried,102117,846,0,6,School,Social Media,2023-07-24
CUST007275,24,Male,Tier 1,Bhusawal,Gig Worker,18705,577,3,1,School,Social Media,2023-10-28
CUST007276,25,Male,Tier 3,Rajkot,Student,0,579,0,0,Graduate,Social Media,2022-08-15
CUST007277,40,Female,Tier 2,Chapra,Salaried,128990,785,0,4,Graduate,Organic,2022-04-14
CUST007278,34,Female,Tier 1,Shivpuri,Salaried,145274,712,0,15,Graduate,Referral,2022-12-27
CUST007279,34,Male,Tier 3,Kishanganj,Self Employed,35323,597,0,34,Graduate,Social Media,2023-01-25
CUST007280,32,Male,Tier 2,Begusarai,Self Employed,54357,708,0,17,Graduate,Referral,2023-02-01
CUST007281,22,Male,Tier 3,Aizawl,Gig Worker,30624,547,0,8,Graduate,DSA Agent,2022-03-12
CUST007282,37,Male,Tier 1,Rohtak,Salaried,93268,725,0,8,Graduate,Referral,2022-11-05
CUST007283,34,Male,Tier 1,Tadipatri,Salaried,101000,704,0,8,Graduate,Referral,2022-10-10
CUST007284,32,Female,Tier 1,Machilipatnam,Self Employed,32508,657,0,19,School,Social Media,2023-01-26
CUST007285,38,Male,Tier 1,Aurangabad,Salaried,104370,775,0,8,Graduate,Organic,2022-01-09
CUST007286,23,Female,Tier 3,Narasaraopet,Gig Worker,15806,642,1,1,Postgraduate,DSA Agent,2023-05-30
CUST007287,27,Female,Tier 1,Gorakhpur,Gig Worker,20096,596,1,3,Postgraduate,Referral,2022-07-05
CUST007288,33,Male,Tier 1,Surendranagar Dudhrej,Salaried,106560,725,0,10,Graduate,Organic,2023-10-21
CUST007289,46,Female,Tier 2,Tumkur,Business Owner,162762,650,0,29,Postgraduate,Organic,2023-09-19
CUST007290,18,Female,Tier 1,Kadapa,Student,2881,410,0,0,Graduate,Organic,2023-04-22
CUST007291,34,Male,Tier 2,Tiruppur,Self Employed,58521,737,0,12,Professional,Social Media,2023-06-16
CUST007292,45,Female,Tier 2,Amaravati,Salaried,105225,815,1,29,Graduate,DSA Agent,2022-05-09
CUST007293,35,Male,Tier 1,Nadiad,Salaried,72448,836,1,4,Graduate,Organic,2023-08-12
CUST007294,32,Female,Tier 3,Bhimavaram,Gig Worker,19380,622,1,6,Postgraduate,Social Media,2023-02-04
CUST007295,27,Female,Tier 1,Bilaspur,Salaried,42470,800,0,2,Graduate,Organic,2022-04-20
CUST007296,45,Female,Tier 3,Satna,Business Owner,61374,792,1,33,Graduate,DSA Agent,2022-12-13
CUST007297,32,Female,Tier 3,Mahbubnagar,Salaried,97184,831,1,2,Postgraduate,Social Media,2022-05-04
CUST007298,25,Female,Tier 2,Kottayam,Gig Worker,27655,675,2,8,Graduate,DSA Agent,2022-05-20
CUST007299,22,Female,Tier 1,Hyderabad,Gig Worker,17814,591,0,14,Graduate,DSA Agent,2023-03-16
CUST007300,49,Female,Tier 3,Tirunelveli,Self Employed,60763,676,1,26,Graduate,Social Media,2023-03-16
CUST007301,36,Male,Tier 1,Patna,Salaried,146707,844,0,28,Professional,Organic,2023-05-28
CUST007302,32,Female,Tier 2,Silchar,Gig Worker,32249,521,1,14,Postgraduate,Social Media,2023-11-09
CUST007303,27,Male,Tier 2,Berhampore,Salaried,46475,830,1,28,Graduate,Social Media,2022-04-24
CUST007304,23,Male,Tier 1,Sikar,Student,0,458,1,0,Graduate,Referral,2023-07-26
CUST007305,31,Female,Tier 2,Ramagundam,Salaried,53931,839,0,9,School,Organic,2023-07-23
CUST007306,42,Male,Tier 2,Surat,Business Owner,188174,600,0,36,Graduate,Social Media,2023-01-11
CUST007307,18,Male,Tier 2,Gopalpur,Student,0,406,0,0,Postgraduate,Social Media,2022-10-06
CUST007308,38,Female,Tier 2,Secunderabad,Salaried,45893,719,0,24,Postgraduate,Social Media,2022-02-01
CUST007309,39,Male,Tier 1,Korba,Self Employed,56389,739,0,12,School,Social Media,2022-06-19
CUST007310,31,Male,Tier 2,Miryalaguda,Salaried,72779,779,0,12,Graduate,Organic,2023-08-15
CUST007311,30,Female,Tier 3,Kalyan-Dombivli,Business Owner,129422,681,0,7,Postgraduate,Organic,2023-01-14
CUST007312,37,Female,Tier 3,Karawal Nagar,Gig Worker,17666,510,0,16,Postgraduate,Social Media,2022-06-30
CUST007313,31,Female,Tier 2,Panvel,Salaried,124337,762,1,16,Postgraduate,Social Media,2022-02-18
CUST007314,27,Female,Tier 2,Tadipatri,Gig Worker,23945,655,0,15,Graduate,Organic,2022-07-25
CUST007315,38,Female,Tier 1,Firozabad,Salaried,143383,717,0,16,Graduate,Social Media,2022-10-14
CUST007316,32,Female,Tier 2,Begusarai,Business Owner,197241,752,1,37,Professional,Social Media,2022-07-01
CUST007317,36,Female,Tier 2,Vijayanagaram,Salaried,88146,774,0,9,Graduate,DSA Agent,2022-02-03
CUST007318,35,Female,Tier 1,Kanpur,Self Employed,86789,624,0,24,Graduate,Referral,2023-06-04
CUST007319,32,Female,Tier 3,Amroha,Gig Worker,12409,676,1,7,Graduate,Organic,2022-06-10
CUST007320,53,Male,Tier 3,Ahmedabad,Business Owner,135259,628,0,27,Graduate,DSA Agent,2023-02-07
CUST007321,25,Male,Tier 2,Mumbai,Salaried,74002,826,1,30,Graduate,Organic,2023-12-07
CUST007322,29,Male,Tier 3,Ranchi,Gig Worker,14769,641,1,2,Postgraduate,Organic,2023-09-07
CUST007323,22,Female,Tier 1,Pali,Gig Worker,20431,612,1,2,Graduate,Organic,2022-10-08
CUST007324,45,Male,Tier 1,Kota,Self Employed,94847,731,0,28,Graduate,Referral,2022-10-29
CUST007325,29,Female,Tier 1,Kurnool,Salaried,59593,813,0,27,Postgraduate,Social Media,2022-12-31
CUST007326,35,Female,Tier 1,Secunderabad,Salaried,51107,796,0,4,Graduate,DSA Agent,2023-12-14
CUST007327,25,Female,Tier 2,Jalna,Salaried,136625,844,0,20,School,Social Media,2022-12-20
CUST007328,45,Male,Tier 1,Proddatur,Self Employed,64553,670,0,20,Graduate,Organic,2023-11-16
CUST007329,37,Female,Tier 2,Buxar,Salaried,104738,761,2,15,Graduate,Social Media,2022-02-06
CUST007330,35,Male,Tier 1,Bahraich,Gig Worker,32768,568,1,8,Postgraduate,Social Media,2022-01-31
CUST007331,41,Female,Tier 1,Bhiwani,Salaried,146337,706,0,20,Graduate,Referral,2023-05-19
CUST007332,26,Female,Tier 2,Jehanabad,Student,0,478,0,0,Postgraduate,Social Media,2022-09-09
CUST007333,35,Male,Tier 2,Ambala,Business Owner,154040,659,1,13,Graduate,Organic,2022-03-22
CUST007334,23,Female,Tier 3,Surat,Gig Worker,18390,528,1,18,Professional,Social Media,2023-07-01
CUST007335,27,Male,Tier 2,Bettiah,Gig Worker,13316,627,1,8,Postgraduate,Organic,2023-02-09
CUST007336,27,Other,Tier 3,Nanded,Salaried,138737,765,0,30,Graduate,Social Media,2023-05-08
CUST007337,34,Male,Tier 2,Visakhapatnam,Salaried,123313,722,0,29,Postgraduate,Organic,2023-10-07
CUST007338,43,Male,Tier 3,Gorakhpur,Salaried,124661,760,0,3,Graduate,DSA Agent,2022-08-01
CUST007339,44,Male,Tier 2,Purnia,Self Employed,69173,552,0,12,Professional,Referral,2023-10-11
CUST007340,30,Male,Tier 2,Bhilai,Gig Worker,16778,589,1,1,Graduate,Social Media,2023-07-31
CUST007341,49,Female,Tier 3,Ahmednagar,Business Owner,93469,760,2,33,Graduate,Organic,2022-07-24
CUST007342,35,Female,Tier 3,Sagar,Gig Worker,29763,565,2,14,Postgraduate,Social Media,2023-03-26
CUST007343,50,Female,Tier 2,Nizamabad,Self Employed,31817,712,0,18,Graduate,Social Media,2023-02-27
CUST007344,29,Male,Tier 3,Ghaziabad,Gig Worker,12147,680,3,12,Postgraduate,Organic,2023-03-19
CUST007345,24,Male,Tier 3,Singrauli,Gig Worker,28799,566,1,9,Postgraduate,Referral,2022-05-16
CUST007346,31,Female,Tier 3,Panipat,Salaried,52465,731,2,19,Graduate,Organic,2022-10-20
CUST007347,31,Male,Tier 2,Bhusawal,Gig Worker,23741,639,2,3,Postgraduate,Organic,2023-05-23
CUST007348,30,Female,Tier 2,Dindigul,Gig Worker,20139,526,1,11,Postgraduate,Referral,2022-10-22
CUST007349,38,Female,Tier 2,Barasat,Self Employed,92098,693,0,36,Graduate,DSA Agent,2022-10-11
CUST007350,50,Male,Tier 2,Burhanpur,Business Owner,59924,724,0,33,Postgraduate,Organic,2023-04-02
CUST007351,44,Female,Tier 1,Cuttack,Salaried,43127,792,1,22,Graduate,Referral,2023-05-23
CUST007352,27,Female,Tier 2,North Dumdum,Salaried,142622,828,0,10,Graduate,DSA Agent,2023-11-29
CUST007353,30,Female,Tier 3,Phagwara,Gig Worker,17859,558,1,12,Graduate,Organic,2023-10-11
CUST007354,34,Male,Tier 3,Morena,Gig Worker,22400,502,1,4,Postgraduate,DSA Agent,2022-03-02
CUST007355,36,Male,Tier 2,Satna,Salaried,84520,726,0,17,Graduate,Organic,2023-02-06
CUST007356,42,Male,Tier 2,Mangalore,Self Employed,76685,672,1,11,Graduate,Organic,2022-07-15
CUST007357,55,Male,Tier 3,Bokaro,Business Owner,182761,663,2,5,Graduate,Social Media,2022-10-20
CUST007358,32,Male,Tier 2,Narasaraopet,Business Owner,191834,796,1,12,Graduate,Organic,2023-12-06
CUST007359,34,Female,Tier 2,Bathinda,Salaried,130300,778,0,25,School,Social Media,2022-06-23
CUST007360,26,Female,Tier 1,Thrissur,Student,18332,438,1,0,Postgraduate,Social Media,2023-02-06
CUST007361,47,Female,Tier 3,Gandhidham,Self Employed,41694,576,0,35,Graduate,Referral,2022-11-12
CUST007362,22,Male,Tier 2,Rampur,Gig Worker,26799,559,0,6,Postgraduate,Referral,2022-10-02
CUST007363,38,Female,Tier 3,Aizawl,Gig Worker,27027,603,2,0,School,Organic,2023-09-27
CUST007364,23,Male,Tier 1,Pali,Student,0,409,0,0,School,Organic,2023-11-05
CUST007365,25,Female,Tier 2,Hosur,Gig Worker,12029,548,0,6,School,Referral,2022-09-25
CUST007366,25,Other,Tier 2,Anantapur,Gig Worker,30203,519,0,11,Graduate,Organic,2023-01-14
CUST007367,37,Female,Tier 2,Kavali,Gig Worker,23913,666,0,11,School,Referral,2023-09-08
CUST007368,37,Other,Tier 1,Ghaziabad,Gig Worker,29595,668,1,4,Graduate,Referral,2023-01-10
CUST007369,45,Female,Tier 2,Khammam,Salaried,75289,813,0,8,Postgraduate,Referral,2023-11-21
CUST007370,44,Male,Tier 1,Jalandhar,Business Owner,42344,666,0,29,Graduate,Organic,2023-04-15
CUST007371,33,Male,Tier 2,Deoghar,Self Employed,91580,731,2,12,School,Organic,2022-01-06
CUST007372,39,Male,Tier 3,Satara,Self Employed,27952,676,0,23,Postgraduate,Social Media,2023-01-25
CUST007373,36,Male,Tier 1,Unnao,Salaried,83352,777,0,26,Postgraduate,Organic,2023-11-17
CUST007374,50,Female,Tier 2,Durgapur,Self Employed,96490,684,1,3,School,Referral,2022-04-18
CUST007375,39,Male,Tier 1,Thoothukudi,Salaried,94184,844,1,17,Graduate,Referral,2022-12-08
CUST007376,30,Female,Tier 1,Bellary,Salaried,86015,809,0,20,Graduate,DSA Agent,2022-05-09
CUST007377,36,Male,Tier 3,Rourkela,Gig Worker,28357,620,0,16,Postgraduate,Organic,2022-06-28
CUST007378,27,Male,Tier 2,Delhi,Gig Worker,30400,615,0,16,School,DSA Agent,2022-03-01
CUST007379,26,Other,Tier 2,Singrauli,Gig Worker,31122,589,3,4,Postgraduate,Referral,2023-02-04
CUST007380,43,Male,Tier 2,Udaipur,Salaried,113260,715,1,22,Professional,Organic,2023-05-15
CUST007381,31,Female,Tier 3,Jabalpur,Gig Worker,33584,605,1,15,Graduate,Organic,2022-08-07
CUST007382,29,Female,Tier 2,Patiala,Salaried,110492,830,0,19,School,DSA Agent,2022-06-14
CUST007383,44,Male,Tier 2,Madhyamgram,Business Owner,147528,749,0,12,Graduate,Social Media,2022-04-27
CUST007384,28,Female,Tier 3,Sangli-Miraj & Kupwad,Gig Worker,29844,624,0,2,School,DSA Agent,2022-05-26
CUST007385,34,Male,Tier 3,Gopalpur,Self Employed,74938,684,1,27,Postgraduate,Social Media,2022-05-03
CUST007386,44,Female,Tier 1,Tadipatri,Salaried,108914,720,0,26,Graduate,Referral,2022-10-09
CUST007387,26,Female,Tier 2,Miryalaguda,Salaried,44786,808,0,21,Postgraduate,Social Media,2023-04-13
CUST007388,40,Male,Tier 2,Pondicherry,Business Owner,81597,729,2,27,Postgraduate,Social Media,2023-07-12
CUST007389,45,Female,Tier 2,Tirunelveli,Salaried,103718,846,0,24,Graduate,Referral,2023-09-27
CUST007390,28,Male,Tier 2,Bhimavaram,Gig Worker,16574,590,0,14,Graduate,Social Media,2022-04-02
CUST007391,35,Female,Tier 2,Tirunelveli,Self Employed,36248,580,1,9,Postgraduate,Social Media,2023-05-29
CUST007392,43,Female,Tier 1,Kolhapur,Salaried,113929,816,0,27,School,Social Media,2022-06-28
CUST007393,23,Female,Tier 3,Salem,Student,0,468,0,0,Postgraduate,Organic,2022-11-19
CUST007394,31,Female,Tier 3,Bhiwandi,Gig Worker,15777,668,0,15,School,Referral,2023-09-23
CUST007395,43,Male,Tier 1,Unnao,Salaried,147344,824,0,1,Graduate,Organic,2022-09-14
CUST007396,28,Other,Tier 1,Srikakulam,Salaried,145051,781,0,26,Graduate,Social Media,2023-07-14
CUST007397,44,Male,Tier 3,Sultan Pur Majra,Salaried,69666,781,0,11,Graduate,Social Media,2022-03-30
CUST007398,26,Female,Tier 1,Pimpri-Chinchwad,Student,4145,600,0,0,Postgraduate,Social Media,2023-01-10
CUST007399,31,Male,Tier 2,Faridabad,Self Employed,39926,678,0,16,Graduate,Social Media,2023-06-09
CUST007400,29,Other,Tier 2,Mirzapur,Salaried,67268,761,0,5,Graduate,Organic,2023-01-07
CUST007401,31,Female,Tier 1,Khora ,Salaried,135595,777,0,1,Graduate,Referral,2023-01-08
CUST007402,30,Female,Tier 3,Rampur,Self Employed,39589,600,1,30,Graduate,Social Media,2022-06-13
CUST007403,31,Male,Tier 3,Malda,Gig Worker,15203,500,1,19,Graduate,Organic,2023-04-04
CUST007404,36,Female,Tier 3,Agartala,Gig Worker,34797,648,1,8,Postgraduate,Referral,2022-05-06
CUST007405,27,Female,Tier 3,Berhampur,Gig Worker,13596,514,0,9,School,Referral,2023-05-18
CUST007406,28,Female,Tier 1,Kakinada,Salaried,50043,755,0,24,Postgraduate,Social Media,2023-10-10
CUST007407,30,Male,Tier 1,Ajmer,Self Employed,42103,556,3,24,Graduate,Social Media,2022-11-16
CUST007408,51,Female,Tier 1,Bahraich,Business Owner,170373,633,0,29,Graduate,Referral,2022-01-18
CUST007409,35,Male,Tier 2,Gorakhpur,Salaried,65963,736,0,30,Graduate,Organic,2022-07-09
CUST007410,23,Male,Tier 2,Kochi,Gig Worker,20088,629,1,15,Graduate,Social Media,2022-02-03
CUST007411,29,Male,Tier 2,Amaravati,Gig Worker,21927,645,0,19,School,Social Media,2022-04-10
CUST007412,36,Male,Tier 3,Aurangabad,Gig Worker,20247,560,1,6,Graduate,Referral,2023-03-22
CUST007413,27,Male,Tier 2,Kollam,Salaried,79569,797,1,19,School,Social Media,2023-04-06
CUST007414,22,Male,Tier 1,Ramagundam,Student,8110,432,0,0,Graduate,Organic,2022-05-06
CUST007415,26,Male,Tier 3,Vadodara,Gig Worker,15201,539,0,17,Postgraduate,Organic,2022-04-15
CUST007416,25,Female,Tier 2,Ahmednagar,Gig Worker,20301,593,0,17,Postgraduate,Referral,2023-05-04
CUST007417,29,Female,Tier 2,Sasaram,Salaried,132756,813,0,20,Postgraduate,Social Media,2023-02-03
CUST007418,44,Male,Tier 1,Korba,Salaried,115335,837,0,25,Postgraduate,Organic,2022-01-31
CUST007419,39,Female,Tier 1,Amravati,Salaried,147378,723,0,17,Graduate,Referral,2023-11-23
CUST007420,37,Female,Tier 2,Bidar,Self Employed,26685,614,1,17,School,Referral,2023-03-21
CUST007421,45,Female,Tier 3,Coimbatore,Salaried,130249,783,1,7,Professional,Referral,2022-04-25
CUST007422,42,Male,Tier 3,Mathura,Self Employed,35897,666,0,7,Postgraduate,Organic,2022-02-13
CUST007423,31,Male,Tier 1,Purnia,Gig Worker,25868,611,1,8,Graduate,Social Media,2022-05-10
CUST007424,35,Other,Tier 3,Anand,Gig Worker,13614,637,0,13,Graduate,DSA Agent,2022-07-20
CUST007425,34,Male,Tier 2,Guna,Gig Worker,31344,560,1,10,School,Organic,2023-12-18
CUST007426,31,Male,Tier 2,Proddatur,Gig Worker,21048,680,2,14,School,Referral,2022-05-20
CUST007427,42,Male,Tier 1,Nagercoil,Salaried,149504,830,0,4,Graduate,Organic,2023-02-06
CUST007428,40,Male,Tier 1,Nangloi Jat,Salaried,138965,814,1,8,Professional,Organic,2022-11-11
CUST007429,40,Other,Tier 3,Thiruvananthapuram,Self Employed,94036,728,1,14,Graduate,Referral,2023-04-11
CUST007430,46,Male,Tier 2,Baranagar,Self Employed,52604,698,0,15,Graduate,Organic,2023-03-14
CUST007431,40,Female,Tier 2,Udaipur,Salaried,87234,749,0,22,Graduate,Referral,2023-05-11
CUST007432,27,Other,Tier 2,Rajkot,Gig Worker,18952,509,1,16,Graduate,Social Media,2022-01-15
CUST007433,34,Female,Tier 3,Bokaro,Salaried,113957,777,0,8,Professional,Organic,2023-11-14
CUST007434,25,Male,Tier 2,Raiganj,Salaried,129767,742,0,7,School,DSA Agent,2023-07-13
CUST007435,35,Male,Tier 2,Alappuzha,Salaried,63247,712,1,29,Graduate,Social Media,2023-07-20
CUST007436,26,Female,Tier 1,Rajpur Sonarpur,Student,0,411,0,0,Graduate,DSA Agent,2023-05-29
CUST007437,41,Male,Tier 1,Kamarhati,Salaried,52627,765,0,27,School,DSA Agent,2023-09-30
CUST007438,39,Female,Tier 1,Anand,Salaried,78804,814,1,20,Graduate,Social Media,2022-08-09
CUST007439,31,Male,Tier 1,Salem,Salaried,133997,732,1,4,Graduate,Referral,2022-03-08
CUST007440,30,Female,Tier 2,Raurkela Industrial Township,Salaried,55408,760,0,26,School,Social Media,2022-06-18
CUST007441,35,Female,Tier 2,Morena,Self Employed,79147,695,1,6,Graduate,Referral,2022-12-15
CUST007442,39,Female,Tier 1,Jalna,Salaried,142831,787,1,10,Postgraduate,Referral,2023-04-17
CUST007443,39,Female,Tier 2,Eluru,Salaried,146982,754,1,17,School,Social Media,2023-01-02
CUST007444,45,Male,Tier 2,Chandigarh,Self Employed,97320,644,0,28,Professional,Organic,2023-11-05
CUST007445,31,Male,Tier 1,Mango,Salaried,43460,800,0,9,School,Social Media,2023-01-10
CUST007446,32,Male,Tier 3,Ujjain,Self Employed,57727,650,1,17,Graduate,DSA Agent,2022-05-13
CUST007447,34,Male,Tier 2,Giridih,Gig Worker,20723,550,0,5,Graduate,Social Media,2022-06-20
CUST007448,27,Female,Tier 2,Tirupati,Salaried,115535,705,1,11,School,DSA Agent,2023-10-07
CUST007449,48,Male,Tier 2,Bhagalpur,Self Employed,42184,655,1,24,Graduate,Social Media,2022-11-16
CUST007450,38,Male,Tier 2,Bhavnagar,Salaried,68888,803,0,25,Postgraduate,Organic,2023-04-12
CUST007451,32,Other,Tier 2,Gandhinagar,Gig Worker,33786,521,1,15,School,Social Media,2022-04-21
CUST007452,36,Male,Tier 2,Firozabad,Gig Worker,14859,632,1,15,Graduate,DSA Agent,2023-09-10
CUST007453,33,Female,Tier 2,Faridabad,Salaried,125464,797,0,15,Postgraduate,Social Media,2023-03-29
CUST007454,34,Male,Tier 3,Vadodara,Self Employed,51900,630,0,36,Postgraduate,Organic,2023-09-30
CUST007455,22,Male,Tier 3,Nashik,Student,0,543,0,0,Postgraduate,Organic,2023-08-20
CUST007456,35,Female,Tier 1,Nangloi Jat,Business Owner,195000,602,0,24,School,Social Media,2022-05-22
CUST007457,32,Female,Tier 1,Gangtok,Self Employed,88769,703,0,32,Graduate,DSA Agent,2023-04-30
CUST007458,23,Male,Tier 1,Katihar,Gig Worker,19269,554,1,8,Postgraduate,Organic,2023-05-28
CUST007459,27,Male,Tier 1,Mau,Salaried,50156,767,0,12,Graduate,Social Media,2023-02-01
CUST007460,30,Male,Tier 2,Bareilly,Salaried,61641,764,0,12,Professional,Organic,2022-07-25
CUST007461,36,Male,Tier 3,Panvel,Gig Worker,13074,563,0,18,Postgraduate,Referral,2022-05-11
CUST007462,38,Male,Tier 3,Nagaon,Gig Worker,29745,523,0,3,Postgraduate,Social Media,2023-07-17
CUST007463,35,Female,Tier 2,Tumkur,Business Owner,127081,631,0,3,Graduate,Organic,2023-06-17
CUST007464,27,Male,Tier 3,Durg,Gig Worker,27856,673,1,12,School,Referral,2022-09-24
CUST007465,36,Male,Tier 3,Bally,Gig Worker,16363,662,1,15,Graduate,Referral,2023-12-18
CUST007466,38,Female,Tier 3,Udupi,Gig Worker,14028,643,0,3,Graduate,Organic,2022-12-19
CUST007467,21,Male,Tier 1,Ballia,Student,1586,528,0,0,Graduate,Social Media,2023-04-09
CUST007468,46,Male,Tier 2,Bahraich,Self Employed,76178,622,0,19,Graduate,Social Media,2023-04-04
CUST007469,44,Other,Tier 2,Kishanganj,Self Employed,51345,633,0,11,Graduate,Organic,2022-02-23
CUST007470,44,Male,Tier 1,Pallavaram,Salaried,56896,752,0,29,School,Organic,2022-06-28
CUST007471,19,Female,Tier 3,Aurangabad,Student,0,544,0,0,Postgraduate,Organic,2022-10-21
CUST007472,33,Male,Tier 2,Saharsa,Salaried,80070,824,0,5,Postgraduate,DSA Agent,2022-10-27
CUST007473,19,Male,Tier 3,Kadapa,Student,0,499,0,0,Postgraduate,Social Media,2022-04-13
CUST007474,30,Male,Tier 2,Guntakal,Gig Worker,27523,616,0,8,Graduate,Referral,2022-03-26
CUST007475,33,Male,Tier 1,Mangalore,Gig Worker,27744,508,0,7,Graduate,Referral,2022-01-13
CUST007476,26,Male,Tier 1,Madurai,Gig Worker,22809,523,1,7,Postgraduate,DSA Agent,2022-06-07
CUST007477,46,Male,Tier 2,Ballia,Self Employed,90829,567,0,3,Graduate,DSA Agent,2023-02-11
CUST007478,25,Female,Tier 2,Siwan,Salaried,135383,783,1,26,Graduate,DSA Agent,2023-10-30
CUST007479,18,Female,Tier 2,Durgapur,Student,0,599,0,0,Graduate,Organic,2023-12-08
CUST007480,35,Male,Tier 2,Dehri,Gig Worker,26874,625,0,6,School,Organic,2023-01-27
CUST007481,33,Female,Tier 1,Narasaraopet,Salaried,131012,766,0,13,School,DSA Agent,2023-06-16
CUST007482,36,Female,Tier 2,Jodhpur,Salaried,147488,782,1,4,School,Social Media,2022-11-23
CUST007483,29,Female,Tier 2,Kanpur,Gig Worker,24761,540,1,2,Graduate,Organic,2023-10-04
CUST007484,38,Male,Tier 3,Amaravati,Gig Worker,14845,622,0,16,Professional,DSA Agent,2022-04-27
CUST007485,30,Female,Tier 2,Firozabad,Gig Worker,30680,634,2,8,School,Social Media,2023-04-16
CUST007486,31,Male,Tier 2,Navi Mumbai,Self Employed,84829,580,0,4,Postgraduate,Organic,2022-03-16
CUST007487,24,Male,Tier 2,Tiruppur,Gig Worker,20925,634,0,14,School,Organic,2022-05-18
CUST007488,38,Female,Tier 2,Mehsana,Business Owner,52362,602,1,36,Postgraduate,DSA Agent,2023-01-05
CUST007489,28,Female,Tier 3,Nagaon,Gig Worker,20656,516,1,10,Graduate,Referral,2023-12-02
CUST007490,20,Female,Tier 1,Nagaon,Student,0,433,0,0,Postgraduate,DSA Agent,2023-04-23
CUST007491,28,Female,Tier 2,Gwalior,Salaried,140969,728,1,6,School,Social Media,2023-04-11
CUST007492,33,Male,Tier 2,Bellary,Gig Worker,12337,584,2,14,Postgraduate,Social Media,2022-01-31
CUST007493,40,Female,Tier 2,Bhagalpur,Salaried,120097,780,0,15,Graduate,Organic,2023-11-13
CUST007494,24,Male,Tier 3,Raebareli,Gig Worker,19050,582,0,5,Graduate,Organic,2023-09-01
CUST007495,18,Male,Tier 2,Jodhpur,Student,7520,518,0,0,Graduate,Organic,2023-02-17
CUST007496,29,Female,Tier 2,Phagwara,Salaried,142681,812,1,14,School,Referral,2023-01-26
CUST007497,41,Male,Tier 1,Siwan,Salaried,90402,733,0,8,Graduate,Referral,2023-08-08
CUST007498,23,Female,Tier 3,Panipat,Student,0,428,0,0,Graduate,Referral,2022-04-02
CUST007499,41,Male,Tier 1,Gangtok,Salaried,88560,843,1,3,Postgraduate,Referral,2022-03-14
CUST007500,49,Female,Tier 1,Lucknow,Self Employed,80421,639,0,17,Postgraduate,Social Media,2023-01-10
CUST007501,30,Male,Tier 2,Vasai-Virar,Gig Worker,19647,558,0,2,Graduate,Social Media,2023-05-28
CUST007502,24,Male,Tier 3,Bhind,Student,0,483,0,0,Professional,Organic,2022-04-12
CUST007503,30,Female,Tier 1,Uluberia,Salaried,96894,749,0,8,Postgraduate,Social Media,2023-12-02
CUST007504,39,Male,Tier 3,Siliguri,Salaried,55607,741,0,30,Graduate,Social Media,2023-04-14
CUST007505,35,Female,Tier 2,Bhusawal,Gig Worker,18248,558,4,17,Graduate,Organic,2023-02-23
CUST007506,43,Female,Tier 2,Korba,Business Owner,72688,739,0,39,Graduate,Referral,2023-10-05
CUST007507,32,Female,Tier 3,Hubli–Dharwad,Gig Worker,28691,607,0,11,Postgraduate,Referral,2022-01-01
CUST007508,25,Female,Tier 1,Dibrugarh,Salaried,91790,794,0,11,Graduate,Social Media,2023-11-28
CUST007509,34,Male,Tier 1,Madhyamgram,Self Employed,77595,668,0,21,School,Organic,2023-12-30
CUST007510,55,Female,Tier 2,Imphal,Business Owner,158612,673,0,7,Graduate,Social Media,2023-08-25
CUST007511,26,Male,Tier 3,Cuttack,Student,0,408,1,0,Graduate,Organic,2023-06-12
CUST007512,40,Male,Tier 1,Jaipur,Business Owner,128484,674,0,35,Postgraduate,Referral,2023-05-20
CUST007513,37,Male,Tier 2,Bhilai,Salaried,128051,815,0,29,School,Organic,2022-12-02
CUST007514,40,Female,Tier 2,Bhimavaram,Salaried,94448,794,0,9,Graduate,Referral,2023-02-10
CUST007515,49,Female,Tier 2,Hyderabad,Self Employed,92682,561,1,35,Graduate,Social Media,2022-11-23
CUST007516,24,Female,Tier 1,Katihar,Student,18353,545,0,0,Postgraduate,DSA Agent,2022-10-15
CUST007517,26,Female,Tier 2,Chapra,Salaried,111950,757,0,23,Graduate,Social Media,2023-11-11
CUST007518,43,Female,Tier 1,Aizawl,Salaried,142297,824,1,9,Graduate,Organic,2022-02-03
CUST007519,33,Female,Tier 1,Satna,Self Employed,81995,690,0,27,School,Referral,2023-06-26
CUST007520,26,Male,Tier 1,Bhilai,Salaried,55861,819,1,6,Graduate,Social Media,2023-02-16
CUST007521,25,Female,Tier 3,Purnia,Gig Worker,26340,558,1,12,School,Social Media,2022-11-30
CUST007522,29,Female,Tier 2,Chapra,Gig Worker,16160,567,1,1,Postgraduate,Organic,2022-06-28
CUST007523,34,Male,Tier 2,Bettiah,Gig Worker,28805,634,0,19,Graduate,Social Media,2023-12-30
CUST007524,41,Female,Tier 2,Deoghar,Self Employed,23468,717,1,29,Graduate,Organic,2023-09-16
CUST007525,25,Male,Tier 3,Ambala,Gig Worker,27535,508,1,0,Graduate,Organic,2023-01-10
CUST007526,49,Female,Tier 3,Kalyan-Dombivli,Self Employed,46150,604,0,7,School,Social Media,2023-09-06
CUST007527,31,Female,Tier 2,Khammam,Gig Worker,31826,565,0,1,Graduate,Social Media,2023-08-21
CUST007528,29,Female,Tier 3,Bhavnagar,Gig Worker,12061,643,0,11,Graduate,Social Media,2022-10-24
CUST007529,46,Female,Tier 2,Rajpur Sonarpur,Self Employed,82473,741,0,15,Professional,DSA Agent,2022-09-30
CUST007530,45,Female,Tier 1,Tiruppur,Salaried,86595,826,0,23,Postgraduate,Organic,2023-04-03
CUST007531,36,Female,Tier 1,Coimbatore,Salaried,138665,703,0,1,Postgraduate,Referral,2023-09-17
CUST007532,36,Male,Tier 1,Bettiah,Salaried,145858,756,0,27,Graduate,Social Media,2023-07-30
CUST007533,32,Male,Tier 1,Tiruppur,Salaried,97205,717,0,21,Graduate,Referral,2023-12-07
CUST007534,33,Female,Tier 3,Rewa,Gig Worker,13917,635,0,5,Graduate,Organic,2023-08-15
CUST007535,21,Female,Tier 2,Gandhidham,Student,0,482,0,0,Postgraduate,DSA Agent,2023-10-13
CUST007536,47,Female,Tier 2,Bellary,Self Employed,39616,648,1,38,Graduate,Referral,2023-06-26
CUST007537,38,Male,Tier 3,Danapur,Self Employed,20670,617,0,5,School,Organic,2023-03-24
CUST007538,33,Female,Tier 2,Tezpur,Gig Worker,20444,516,1,19,Graduate,Organic,2022-03-17
CUST007539,23,Female,Tier 3,Bhagalpur,Gig Worker,29076,543,2,16,School,DSA Agent,2022-11-27
CUST007540,29,Male,Tier 3,New Delhi,Gig Worker,20698,591,0,4,School,Organic,2022-04-14
CUST007541,36,Female,Tier 2,Chennai,Salaried,78812,841,0,8,Postgraduate,Organic,2022-07-17
CUST007542,35,Female,Tier 1,Tinsukia,Salaried,116869,834,0,26,Graduate,Social Media,2023-01-06
CUST007543,34,Female,Tier 2,Chinsurah,Gig Worker,29104,505,0,2,School,Organic,2023-08-18
CUST007544,53,Other,Tier 1,Ambarnath,Business Owner,73957,634,1,36,Graduate,Organic,2022-06-30
CUST007545,26,Male,Tier 1,Hospet,Salaried,123036,722,0,13,Professional,Social Media,2023-12-08
CUST007546,25,Female,Tier 1,Chandigarh,Salaried,59645,800,0,1,School,DSA Agent,2023-10-30
CUST007547,49,Female,Tier 2,Kharagpur,Self Employed,97681,748,0,37,Postgraduate,Organic,2022-03-07
CUST007548,28,Female,Tier 1,Mathura,Salaried,128175,807,1,19,School,Organic,2022-08-09
CUST007549,21,Female,Tier 1,Tezpur,Student,19280,599,1,0,Graduate,Referral,2023-04-10
CUST007550,34,Female,Tier 3,Raurkela Industrial Township,Self Employed,31611,625,0,26,School,Social Media,2023-11-13
CUST007551,35,Male,Tier 3,Bhiwandi,Business Owner,55306,794,0,34,School,Social Media,2023-02-27
CUST007552,22,Male,Tier 3,Nadiad,Gig Worker,16562,551,0,16,School,Organic,2022-11-14
CUST007553,30,Male,Tier 2,Shahjahanpur,Self Employed,76066,690,0,32,Graduate,DSA Agent,2022-07-20
CUST007554,24,Female,Tier 3,Srikakulam,Gig Worker,22610,614,0,7,Postgraduate,Social Media,2022-05-27
CUST007555,47,Female,Tier 2,Guntur,Self Employed,90916,649,0,25,School,Social Media,2022-01-05
CUST007556,23,Male,Tier 2,Chittoor,Gig Worker,14061,551,0,7,School,Social Media,2023-07-05
CUST007557,33,Male,Tier 1,South Dumdum,Salaried,65809,736,0,6,School,Social Media,2023-08-01
CUST007558,29,Male,Tier 3,Bhopal,Gig Worker,29811,522,0,16,Professional,DSA Agent,2023-09-06
CUST007559,24,Female,Tier 2,Tinsukia,Gig Worker,25587,502,0,0,School,Social Media,2022-01-06
CUST007560,25,Other,Tier 2,Burhanpur,Student,0,415,0,0,Graduate,Referral,2023-03-25
CUST007561,49,Female,Tier 2,Kolkata,Self Employed,51490,657,1,17,School,Social Media,2023-02-10
CUST007562,44,Female,Tier 2,Kulti,Self Employed,72905,647,0,17,Postgraduate,Social Media,2022-04-02
CUST007563,31,Female,Tier 1,Belgaum,Salaried,45377,819,0,14,Postgraduate,Organic,2023-02-08
CUST007564,38,Male,Tier 2,Burhanpur,Self Employed,28445,605,1,13,Postgraduate,Referral,2022-01-06
CUST007565,36,Female,Tier 2,Bardhaman,Gig Worker,18648,592,0,1,Graduate,Referral,2022-10-19
CUST007566,21,Female,Tier 2,Haridwar,Student,6576,539,1,0,Graduate,DSA Agent,2023-05-24
CUST007567,47,Female,Tier 1,Visakhapatnam,Business Owner,86742,629,0,24,School,Referral,2022-06-09
CUST007568,34,Female,Tier 2,Surendranagar Dudhrej,Salaried,130511,819,1,4,Graduate,Referral,2023-06-19
CUST007569,18,Female,Tier 1,Kurnool,Student,0,547,0,0,Graduate,Organic,2023-09-17
CUST007570,44,Female,Tier 1,Jorhat,Salaried,104055,736,0,19,Graduate,Referral,2022-09-03
CUST007571,23,Female,Tier 3,Alappuzha,Gig Worker,24956,625,0,18,Graduate,Social Media,2022-11-14
CUST007572,38,Other,Tier 2,Kalyan-Dombivli,Gig Worker,21507,618,0,16,School,DSA Agent,2022-10-09
CUST007573,38,Female,Tier 3,Amravati,Salaried,139487,843,0,19,Graduate,Social Media,2022-03-24
CUST007574,42,Male,Tier 2,Maheshtala,Self Employed,53534,572,0,16,Postgraduate,Social Media,2022-05-01
CUST007575,25,Male,Tier 1,Bhavnagar,Salaried,47015,769,0,10,School,Social Media,2022-11-27
CUST007576,29,Female,Tier 3,Kakinada,Salaried,62941,814,0,4,Graduate,Social Media,2023-05-22
CUST007577,27,Male,Tier 3,Bilaspur,Gig Worker,27364,555,0,6,Postgraduate,Social Media,2023-03-31
CUST007578,34,Male,Tier 3,Morbi,Self Employed,20914,611,2,26,School,Social Media,2022-07-17
CUST007579,49,Male,Tier 3,Dhule,Business Owner,71682,626,0,38,Graduate,Social Media,2022-07-22
CUST007580,42,Female,Tier 2,Guntur,Self Employed,51013,670,0,29,Graduate,Organic,2023-10-27
CUST007581,44,Female,Tier 1,Firozabad,Self Employed,77446,692,0,16,School,Social Media,2023-02-21
CUST007582,22,Male,Tier 2,Gopalpur,Gig Worker,28288,595,2,12,Graduate,Social Media,2022-11-25
CUST007583,37,Male,Tier 2,Bhiwandi,Salaried,80797,844,0,25,Graduate,DSA Agent,2023-03-15
CUST007584,30,Female,Tier 2,Guntakal,Salaried,58252,717,0,7,Graduate,DSA Agent,2022-10-12
CUST007585,25,Male,Tier 2,Rajpur Sonarpur,Gig Worker,32106,518,0,5,Graduate,Social Media,2023-04-21
CUST007586,38,Male,Tier 2,Ramgarh,Self Employed,61481,550,0,1,School,Referral,2022-08-03
CUST007587,28,Female,Tier 3,Ramgarh,Gig Worker,31685,654,2,6,Graduate,Referral,2023-06-13
CUST007588,39,Female,Tier 3,Gurgaon,Self Employed,29116,602,2,34,Postgraduate,Organic,2022-11-05
CUST007589,35,Male,Tier 3,Rewa,Gig Worker,31652,669,0,10,School,Social Media,2023-08-10
CUST007590,41,Female,Tier 3,Medininagar,Salaried,94867,733,0,1,Graduate,Organic,2022-06-08
CUST007591,39,Male,Tier 1,Jehanabad,Salaried,65931,700,0,14,Postgraduate,Organic,2022-11-17
CUST007592,26,Female,Tier 1,Malegaon,Student,0,466,0,0,Graduate,Social Media,2023-03-05
CUST007593,40,Male,Tier 2,Srikakulam,Self Employed,65911,704,1,21,Professional,Referral,2023-09-01
CUST007594,20,Male,Tier 1,Gopalpur,Student,0,523,0,0,School,Referral,2023-03-10
CUST007595,31,Female,Tier 1,Etawah,Salaried,50450,786,1,8,Graduate,DSA Agent,2023-01-10
CUST007596,44,Female,Tier 2,Patiala,Business Owner,195798,602,0,27,School,Social Media,2022-05-19
CUST007597,32,Male,Tier 1,Siwan,Salaried,138306,755,0,28,Graduate,Social Media,2022-10-15
CUST007598,45,Male,Tier 1,Bhavnagar,Salaried,42474,729,0,23,School,Organic,2023-03-11
CUST007599,51,Female,Tier 3,Amravati,Business Owner,42117,708,1,2,Professional,Referral,2023-03-08
CUST007600,26,Female,Tier 1,Shimoga,Salaried,141117,772,0,4,Graduate,Organic,2023-01-11
CUST007601,38,Male,Tier 1,Jaipur,Self Employed,71614,671,0,32,School,DSA Agent,2022-07-17
CUST007602,42,Female,Tier 2,Begusarai,Salaried,69476,749,1,2,Graduate,Social Media,2022-08-27
CUST007603,35,Male,Tier 3,Aligarh,Gig Worker,31803,507,1,13,School,Social Media,2023-03-25
CUST007604,38,Female,Tier 1,Gopalpur,Business Owner,38225,700,0,25,Graduate,Social Media,2022-09-25
CUST007605,45,Male,Tier 1,Panihati,Salaried,93204,796,1,5,Graduate,Organic,2023-08-25
CUST007606,38,Male,Tier 3,Dhule,Self Employed,72909,710,0,5,School,Social Media,2023-07-02
CUST007607,31,Male,Tier 1,Guna,Salaried,63438,755,0,11,School,Social Media,2022-11-06
CUST007608,36,Male,Tier 3,Tiruppur,Self Employed,25313,667,2,5,Graduate,Social Media,2023-07-26
CUST007609,44,Male,Tier 1,Mango,Salaried,66673,746,0,30,Graduate,Social Media,2022-04-18
CUST007610,40,Male,Tier 2,Anand,Salaried,96301,756,0,4,Postgraduate,Organic,2023-10-27
CUST007611,43,Male,Tier 3,Muzaffarpur,Salaried,57004,781,0,17,Graduate,Organic,2023-11-02
CUST007612,33,Male,Tier 2,Machilipatnam,Salaried,73379,806,3,25,Professional,DSA Agent,2023-05-28
CUST007613,40,Female,Tier 3,Fatehpur,Business Owner,123115,643,1,24,Graduate,Social Media,2022-04-03
CUST007614,31,Male,Tier 3,Kanpur,Gig Worker,21365,635,1,4,Graduate,Organic,2023-08-04
CUST007615,36,Female,Tier 1,Bareilly,Salaried,85631,759,0,9,School,Organic,2022-06-28
CUST007616,28,Male,Tier 2,Bangalore,Gig Worker,16297,559,0,9,Professional,Organic,2022-12-13
CUST007617,38,Male,Tier 1,Gorakhpur,Salaried,137266,820,0,1,Postgraduate,Organic,2023-09-01
CUST007618,38,Female,Tier 1,Nellore,Self Employed,99321,741,0,24,School,Organic,2023-06-28
CUST007619,31,Female,Tier 2,Lucknow,Business Owner,106880,750,0,11,Postgraduate,Organic,2022-05-06
CUST007620,37,Male,Tier 3,Bongaigaon,Gig Worker,13505,654,0,1,Graduate,DSA Agent,2022-03-19
CUST007621,18,Male,Tier 2,Tenali,Student,0,568,0,0,School,Social Media,2022-06-16
CUST007622,25,Female,Tier 2,Karnal,Gig Worker,12869,545,0,7,Postgraduate,Social Media,2023-01-30
CUST007623,31,Female,Tier 2,Rourkela,Salaried,82169,722,0,8,Graduate,Referral,2022-11-08
CUST007624,31,Other,Tier 3,Firozabad,Self Employed,25606,738,1,29,Graduate,DSA Agent,2023-09-03
CUST007625,28,Female,Tier 2,Tirunelveli,Gig Worker,23666,570,0,15,Postgraduate,Organic,2022-09-20
CUST007626,29,Male,Tier 2,Guwahati,Self Employed,35398,724,0,37,Postgraduate,Social Media,2023-09-15
CUST007627,26,Female,Tier 3,Raurkela Industrial Township,Student,0,563,0,0,Postgraduate,Referral,2023-03-04
CUST007628,36,Female,Tier 2,Surendranagar Dudhrej,Gig Worker,28061,677,1,19,Graduate,Social Media,2023-04-22
CUST007629,35,Female,Tier 1,Chennai,Business Owner,120885,772,1,27,Graduate,Referral,2023-06-26
CUST007630,50,Female,Tier 3,Parbhani,Self Employed,79226,687,1,34,Professional,Social Media,2023-06-16
CUST007631,38,Female,Tier 3,Jaipur,Gig Worker,16019,615,0,2,Graduate,Organic,2023-07-03
CUST007632,31,Female,Tier 2,Shimla,Self Employed,47635,711,0,30,Graduate,DSA Agent,2022-02-10
CUST007633,26,Male,Tier 1,Salem,Salaried,126048,755,0,29,Graduate,Organic,2022-05-05
CUST007634,55,Female,Tier 2,Kozhikode,Business Owner,86100,612,0,30,Postgraduate,Organic,2022-10-30
CUST007635,41,Male,Tier 3,Serampore,Self Employed,38445,557,0,32,Graduate,Social Media,2023-05-09
CUST007636,41,Male,Tier 3,Suryapet,Salaried,72068,744,1,5,School,Referral,2022-01-05
CUST007637,35,Male,Tier 1,Allahabad,Salaried,71611,737,0,17,Postgraduate,DSA Agent,2023-09-17
CUST007638,32,Male,Tier 3,Tadepalligudem,Self Employed,56018,692,1,33,Graduate,Referral,2022-03-12
CUST007639,42,Female,Tier 1,Navi Mumbai,Salaried,58214,715,1,11,Graduate,Social Media,2023-10-02
CUST007640,36,Female,Tier 3,Asansol,Salaried,61881,794,0,28,Graduate,Referral,2022-04-23
CUST007641,24,Male,Tier 2,Tinsukia,Gig Worker,21559,678,0,17,Postgraduate,Referral,2023-01-02
CUST007642,27,Female,Tier 3,Bhopal,Salaried,134422,814,0,11,School,DSA Agent,2023-12-21
CUST007643,37,Male,Tier 2,Saharanpur,Gig Worker,25840,554,1,17,Graduate,Organic,2023-04-12
CUST007644,45,Male,Tier 2,Rohtak,Salaried,109145,756,0,17,Graduate,Organic,2022-12-05
CUST007645,38,Female,Tier 1,Kurnool,Salaried,117021,778,0,23,Graduate,Social Media,2022-03-10
CUST007646,44,Female,Tier 1,Belgaum,Self Employed,27208,705,1,19,Professional,Social Media,2022-02-19
CUST007647,23,Male,Tier 2,Vijayawada,Gig Worker,16049,564,0,9,Graduate,Referral,2022-07-24
CUST007648,39,Female,Tier 2,Bihar Sharif,Salaried,143358,720,0,26,Graduate,Social Media,2022-06-22
CUST007649,43,Male,Tier 1,Udaipur,Salaried,111630,709,0,3,Graduate,Organic,2022-10-16
CUST007650,28,Other,Tier 2,Kanpur,Gig Worker,14632,658,0,8,Graduate,Social Media,2022-03-04
CUST007651,34,Male,Tier 1,Kakinada,Salaried,63042,803,0,3,Graduate,Organic,2023-04-19
CUST007652,33,Male,Tier 1,Gurgaon,Salaried,136972,785,0,16,Graduate,Social Media,2022-01-30
CUST007653,34,Female,Tier 2,Moradabad,Salaried,66009,782,0,30,Graduate,Organic,2023-07-17
CUST007654,22,Female,Tier 2,Vadodara,Student,13955,512,0,0,Graduate,Organic,2022-10-26
CUST007655,39,Male,Tier 1,Farrukhabad,Self Employed,63487,630,0,24,School,DSA Agent,2023-12-24
CUST007656,33,Female,Tier 2,Hajipur,Self Employed,33323,642,1,39,Graduate,Referral,2022-11-08
CUST007657,39,Male,Tier 1,Navi Mumbai,Self Employed,77413,604,0,30,Postgraduate,Referral,2023-04-22
CUST007658,42,Female,Tier 2,Thrissur,Self Employed,87922,643,0,25,Postgraduate,Referral,2023-05-25
CUST007659,37,Male,Tier 3,Fatehpur,Gig Worker,27681,609,1,10,Graduate,Social Media,2023-02-09
CUST007660,50,Female,Tier 3,Jalgaon,Self Employed,35672,616,1,26,School,Social Media,2022-08-11
CUST007661,44,Female,Tier 2,Sultan Pur Majra,Salaried,145379,736,0,3,Postgraduate,Social Media,2023-07-07
CUST007662,46,Male,Tier 2,Pimpri-Chinchwad,Self Employed,36329,613,1,26,Postgraduate,DSA Agent,2023-04-10
CUST007663,37,Other,Tier 2,Visakhapatnam,Self Employed,99411,560,0,9,Graduate,Social Media,2022-02-14
CUST007664,30,Other,Tier 2,Hindupur,Gig Worker,26957,645,0,14,Graduate,Organic,2023-08-24
CUST007665,33,Female,Tier 2,Patiala,Gig Worker,12590,553,1,8,Postgraduate,Organic,2023-09-30
CUST007666,28,Male,Tier 1,Vijayanagaram,Salaried,65259,838,0,3,Professional,Organic,2022-05-17
CUST007667,29,Female,Tier 2,Coimbatore,Self Employed,96437,603,1,26,Graduate,Organic,2023-05-13
CUST007668,39,Female,Tier 2,Thiruvananthapuram,Self Employed,75673,685,0,24,Graduate,Referral,2023-01-19
CUST007669,26,Female,Tier 3,Tinsukia,Student,0,587,1,0,Postgraduate,Organic,2022-12-07
CUST007670,43,Female,Tier 3,Hyderabad,Salaried,78638,840,0,24,Postgraduate,Social Media,2022-01-09
CUST007671,39,Male,Tier 1,Kirari Suleman Nagar,Self Employed,22066,630,2,31,Postgraduate,Organic,2022-06-06
CUST007672,22,Female,Tier 2,Mahbubnagar,Gig Worker,32804,622,0,0,Graduate,Social Media,2023-10-23
CUST007673,20,Female,Tier 1,Ludhiana,Student,19810,531,0,0,Graduate,DSA Agent,2023-05-26
CUST007674,35,Male,Tier 2,Jalandhar,Gig Worker,16793,572,0,0,School,Social Media,2023-12-24
CUST007675,32,Female,Tier 2,Latur,Gig Worker,34390,530,1,15,Professional,Referral,2023-09-17
CUST007676,26,Female,Tier 2,Thoothukudi,Gig Worker,22546,546,1,17,School,Social Media,2023-02-07
CUST007677,34,Female,Tier 2,Indore,Self Employed,87130,702,0,20,Graduate,Social Media,2022-08-11
CUST007678,55,Male,Tier 2,Thrissur,Business Owner,156557,613,2,22,Graduate,DSA Agent,2022-06-01
CUST007679,34,Female,Tier 1,Hubli–Dharwad,Salaried,45290,726,0,30,Postgraduate,Social Media,2022-01-27
CUST007680,41,Male,Tier 1,Visakhapatnam,Salaried,121594,816,0,9,Postgraduate,Referral,2023-09-01
CUST007681,55,Female,Tier 2,Tirunelveli,Business Owner,90680,706,0,5,Graduate,Organic,2023-04-11
CUST007682,36,Female,Tier 2,Tiruchirappalli,Gig Worker,32203,595,0,5,Graduate,Organic,2023-02-01
CUST007683,28,Female,Tier 3,Kurnool,Self Employed,78599,587,0,39,Postgraduate,Social Media,2023-02-05
CUST007684,28,Male,Tier 2,Buxar,Gig Worker,13640,515,0,12,School,Referral,2023-06-27
CUST007685,36,Female,Tier 2,Danapur,Salaried,122691,736,0,8,Postgraduate,Referral,2022-06-29
CUST007686,45,Other,Tier 3,Aurangabad,Self Employed,35312,669,0,19,Graduate,DSA Agent,2023-04-23
CUST007687,30,Male,Tier 3,Shimla,Self Employed,97248,602,1,18,School,DSA Agent,2022-05-12
CUST007688,25,Female,Tier 2,Gaya,Salaried,125410,772,0,17,Graduate,Social Media,2023-06-08
CUST007689,35,Female,Tier 3,Nagpur,Salaried,54920,802,0,19,Graduate,Social Media,2022-01-29
CUST007690,23,Female,Tier 1,Satna,Student,0,425,0,0,Postgraduate,Organic,2022-10-07
CUST007691,37,Male,Tier 2,Vellore,Salaried,40771,844,0,23,Graduate,Social Media,2022-07-05
CUST007692,24,Male,Tier 1,Shimla,Student,0,518,0,0,Postgraduate,Organic,2023-05-24
CUST007693,25,Female,Tier 1,Jehanabad,Salaried,141482,836,0,3,Postgraduate,Organic,2022-01-01
CUST007694,35,Male,Tier 3,Motihari,Gig Worker,28431,675,0,14,School,Social Media,2022-05-03
CUST007695,52,Male,Tier 2,Bhalswa Jahangir Pur,Business Owner,183913,765,0,4,Graduate,DSA Agent,2022-03-09
CUST007696,47,Female,Tier 3,Malda,Self Employed,24976,736,0,33,Graduate,DSA Agent,2022-08-03
CUST007697,29,Male,Tier 3,Farrukhabad,Gig Worker,12236,585,2,16,Graduate,Referral,2023-08-29
CUST007698,32,Female,Tier 2,Vellore,Self Employed,45153,699,0,6,School,Referral,2022-11-07
CUST007699,25,Female,Tier 3,Ulhasnagar,Salaried,85697,844,0,9,School,Social Media,2022-10-02
CUST007700,45,Female,Tier 3,Barasat,Salaried,134643,778,0,26,Postgraduate,Social Media,2023-06-05
CUST007701,43,Female,Tier 3,Mira-Bhayandar,Business Owner,185038,757,0,11,Postgraduate,Social Media,2022-11-03
CUST007702,47,Male,Tier 3,Karimnagar,Self Employed,23707,634,0,24,Graduate,Organic,2022-11-11
CUST007703,42,Male,Tier 2,Tiruchirappalli,Self Employed,43923,701,2,29,School,Organic,2023-04-01
CUST007704,25,Female,Tier 2,Kanpur,Gig Worker,32991,563,1,9,Postgraduate,Organic,2022-06-05
CUST007705,40,Male,Tier 1,Tiruvottiyur,Salaried,61933,829,0,9,School,Referral,2023-02-07
CUST007706,31,Other,Tier 2,Kakinada,Salaried,113659,740,0,5,Postgraduate,Social Media,2022-01-12
CUST007707,24,Female,Tier 1,Gwalior,Gig Worker,34859,644,0,13,Postgraduate,Social Media,2023-07-27
CUST007708,37,Male,Tier 1,Pune,Self Employed,46482,744,0,15,School,Social Media,2023-07-01
CUST007709,33,Female,Tier 3,Farrukhabad,Gig Worker,26989,663,1,12,Graduate,DSA Agent,2022-02-23
CUST007710,22,Male,Tier 2,Bhalswa Jahangir Pur,Student,3356,532,2,0,School,DSA Agent,2023-12-15
CUST007711,34,Male,Tier 2,Gandhinagar,Salaried,48471,741,0,9,Postgraduate,Organic,2022-03-12
CUST007712,36,Female,Tier 2,Dhule,Gig Worker,30297,590,0,10,Postgraduate,Social Media,2023-03-03
CUST007713,40,Female,Tier 1,Bidar,Salaried,113548,760,0,19,Postgraduate,Social Media,2022-08-09
CUST007714,32,Female,Tier 2,Satna,Gig Worker,12451,607,0,6,School,DSA Agent,2023-07-19
CUST007715,25,Male,Tier 3,Kamarhati,Salaried,111655,850,0,8,Postgraduate,Social Media,2023-10-07
CUST007716,43,Male,Tier 2,Nandyal,Business Owner,108300,657,1,37,Postgraduate,Social Media,2023-03-11
CUST007717,33,Male,Tier 1,Vijayawada,Salaried,62911,850,1,8,Graduate,Social Media,2023-12-12
CUST007718,53,Male,Tier 2,Madanapalle,Business Owner,158678,639,0,30,Graduate,DSA Agent,2023-03-29
CUST007719,32,Male,Tier 2,Proddatur,Gig Worker,26938,533,0,19,Postgraduate,Organic,2022-09-28
CUST007720,42,Female,Tier 3,Guntur,Business Owner,44040,681,1,8,Graduate,Social Media,2022-09-27
CUST007721,33,Female,Tier 3,Hapur,Gig Worker,24920,624,0,13,Graduate,Organic,2023-09-26
CUST007722,54,Male,Tier 3,Bhimavaram,Business Owner,70150,702,0,21,Postgraduate,Social Media,2022-08-03
CUST007723,30,Male,Tier 2,Gorakhpur,Salaried,145515,839,0,25,Graduate,Social Media,2022-06-25
CUST007724,46,Female,Tier 2,Vadodara,Self Employed,99516,600,0,29,Postgraduate,Organic,2023-04-16
CUST007725,34,Female,Tier 1,Aligarh,Business Owner,71790,711,0,35,Postgraduate,Referral,2022-06-01
CUST007726,39,Female,Tier 1,Ramgarh,Salaried,131806,730,0,26,Postgraduate,Organic,2022-12-20
CUST007727,28,Male,Tier 2,Imphal,Salaried,85446,711,1,23,Graduate,Organic,2023-12-24
CUST007728,38,Male,Tier 3,Tirunelveli,Gig Worker,33866,539,1,5,Graduate,Organic,2022-11-10
CUST007729,38,Female,Tier 3,Panvel,Business Owner,71305,611,0,27,School,Referral,2023-03-23
CUST007730,27,Female,Tier 1,Baranagar,Gig Worker,34604,670,1,10,Postgraduate,Organic,2022-01-04
CUST007731,29,Female,Tier 1,Rohtak,Gig Worker,16852,569,1,4,Graduate,Organic,2022-07-22
CUST007732,39,Female,Tier 2,Miryalaguda,Salaried,105349,721,0,17,Graduate,Referral,2022-05-16
CUST007733,34,Male,Tier 1,Kottayam,Salaried,140409,773,1,17,Professional,Referral,2022-11-13
CUST007734,25,Male,Tier 2,Cuttack,Student,0,546,0,0,Graduate,Referral,2023-01-29
CUST007735,40,Female,Tier 1,Madhyamgram,Salaried,137276,845,0,26,School,Social Media,2022-03-24
CUST007736,28,Male,Tier 1,Allahabad,Self Employed,88014,719,0,28,Graduate,Referral,2023-03-10
CUST007737,54,Female,Tier 2,Orai,Business Owner,118114,640,1,39,Postgraduate,Social Media,2022-02-26
CUST007738,37,Male,Tier 3,Bijapur,Salaried,110526,734,2,21,Graduate,Social Media,2023-01-26
CUST007739,34,Male,Tier 2,Rampur,Self Employed,30100,561,1,21,Professional,Referral,2022-08-17
CUST007740,43,Male,Tier 2,Sasaram,Salaried,145294,746,1,28,Graduate,Referral,2022-09-22
CUST007741,49,Male,Tier 2,Bahraich,Self Employed,55704,565,0,32,Graduate,Social Media,2022-04-01
CUST007742,44,Male,Tier 2,Buxar,Salaried,145379,842,0,19,School,Social Media,2023-09-16
CUST007743,45,Female,Tier 2,Aurangabad,Self Employed,30186,705,0,23,Graduate,Organic,2023-02-03
CUST007744,28,Female,Tier 1,Pallavaram,Salaried,89162,784,0,13,Graduate,DSA Agent,2022-07-20
CUST007745,36,Male,Tier 2,Udupi,Gig Worker,20782,651,1,12,Graduate,DSA Agent,2023-11-12
CUST007746,31,Male,Tier 2,Guwahati,Gig Worker,33184,601,0,10,School,Social Media,2023-02-22
CUST007747,44,Other,Tier 1,Dewas,Salaried,84793,749,1,28,Postgraduate,Organic,2023-09-24
CUST007748,29,Male,Tier 2,Dhanbad,Self Employed,78053,564,0,33,Graduate,Social Media,2023-09-09
CUST007749,40,Male,Tier 2,Aurangabad,Salaried,91595,730,0,3,Graduate,Referral,2023-03-23
CUST007750,46,Male,Tier 3,Singrauli,Self Employed,82998,651,0,5,Graduate,Organic,2022-07-14
CUST007751,35,Female,Tier 2,Davanagere,Salaried,63930,730,0,12,Graduate,Social Media,2023-06-24
CUST007752,37,Male,Tier 2,Berhampur,Self Employed,71899,664,1,33,Graduate,Organic,2022-12-10
CUST007753,39,Female,Tier 1,Panvel,Salaried,73826,726,1,5,Postgraduate,DSA Agent,2022-10-20
CUST007754,36,Male,Tier 2,Sasaram,Gig Worker,27759,615,1,7,Graduate,Referral,2023-03-14
CUST007755,35,Male,Tier 2,Gopalpur,Salaried,83217,818,1,14,Graduate,Referral,2023-01-11
CUST007756,42,Male,Tier 3,Thane,Self Employed,55444,591,0,20,School,Referral,2023-08-22
CUST007757,35,Female,Tier 1,Kochi,Salaried,89258,740,1,1,School,Organic,2022-07-08
CUST007758,23,Female,Tier 3,Chapra,Student,16388,551,0,0,Graduate,Organic,2023-08-12
CUST007759,23,Male,Tier 2,Imphal,Student,0,571,0,0,School,Social Media,2022-09-21
CUST007760,27,Male,Tier 1,Bhiwani,Salaried,61365,796,0,11,Postgraduate,Referral,2023-08-26
CUST007761,37,Female,Tier 1,Siliguri,Self Employed,54011,698,2,23,Graduate,Referral,2022-12-23
CUST007762,41,Female,Tier 2,Gulbarga,Salaried,48126,778,1,12,Graduate,Social Media,2023-06-14
CUST007763,33,Male,Tier 3,Rourkela,Gig Worker,21312,579,0,3,Graduate,Social Media,2022-12-24
CUST007764,37,Female,Tier 2,Pallavaram,Self Employed,88144,715,1,24,Graduate,Organic,2023-11-28
CUST007765,39,Male,Tier 2,Kanpur,Self Employed,74128,720,0,35,Graduate,DSA Agent,2023-04-01
CUST007766,35,Male,Tier 3,Ozhukarai,Self Employed,39436,640,1,1,Graduate,Social Media,2023-11-01
CUST007767,29,Male,Tier 1,Dhule,Salaried,88059,733,0,16,School,Organic,2022-01-22
CUST007768,32,Female,Tier 2,Delhi,Gig Worker,14387,610,0,18,Graduate,Social Media,2023-01-10
CUST007769,37,Male,Tier 1,Jaipur,Salaried,139558,724,2,11,Postgraduate,Organic,2022-04-01
CUST007770,50,Female,Tier 2,Motihari,Self Employed,70759,646,1,39,School,DSA Agent,2022-07-20
CUST007771,26,Female,Tier 2,Kulti,Gig Worker,20222,533,1,3,Graduate,Social Media,2022-02-22
CUST007772,41,Female,Tier 2,Sambhal,Self Employed,95746,603,0,6,Graduate,Organic,2022-10-25
CUST007773,34,Male,Tier 2,Mathura,Salaried,147025,835,0,7,Graduate,Organic,2023-05-08
CUST007774,29,Male,Tier 1,Pudukkottai,Salaried,102499,761,0,18,Postgraduate,Social Media,2023-09-05
CUST007775,36,Other,Tier 2,Delhi,Salaried,46430,837,0,20,Professional,Social Media,2022-06-21
CUST007776,32,Female,Tier 2,Bhilai,Salaried,138716,730,0,1,Graduate,Social Media,2023-06-10
CUST007777,36,Female,Tier 2,Kochi,Salaried,135984,767,0,2,Postgraduate,Organic,2023-06-29
CUST007778,24,Male,Tier 2,Delhi,Student,0,489,1,0,Graduate,Social Media,2022-06-28
CUST007779,25,Male,Tier 1,Adoni,Student,2701,537,0,0,Graduate,Referral,2023-09-14
CUST007780,33,Female,Tier 2,Yamunanagar,Gig Worker,27075,582,0,4,Graduate,Referral,2022-09-03
CUST007781,26,Male,Tier 1,Noida,Gig Worker,31065,634,1,19,Postgraduate,Social Media,2022-11-17
CUST007782,40,Female,Tier 1,Shimla,Salaried,62609,797,1,14,Graduate,Referral,2022-10-02
CUST007783,19,Male,Tier 1,Sirsa,Student,0,447,1,0,Graduate,Social Media,2023-02-06
CUST007784,26,Male,Tier 1,Tadipatri,Salaried,127521,787,2,5,Graduate,Organic,2023-02-21
CUST007785,40,Male,Tier 1,Munger,Business Owner,55615,791,0,13,Graduate,DSA Agent,2022-01-08
CUST007786,31,Male,Tier 3,Hosur,Gig Worker,30874,598,1,19,Graduate,Social Media,2023-06-29
CUST007787,27,Male,Tier 2,Dewas,Salaried,145141,748,0,16,Postgraduate,Referral,2023-10-09
CUST007788,36,Female,Tier 2,Motihari,Business Owner,161179,667,1,30,Graduate,DSA Agent,2022-07-24
CUST007789,42,Male,Tier 1,Nangloi Jat,Salaried,90923,806,1,29,School,DSA Agent,2022-07-12
CUST007790,35,Male,Tier 2,Munger,Gig Worker,14667,572,2,9,Graduate,DSA Agent,2022-08-12
CUST007791,37,Female,Tier 2,Thane,Gig Worker,34223,539,1,11,Graduate,Social Media,2022-03-14
CUST007792,41,Male,Tier 2,Lucknow,Salaried,94978,817,0,26,Postgraduate,Social Media,2022-11-06
CUST007793,26,Male,Tier 2,Muzaffarnagar,Gig Worker,20189,558,2,19,Graduate,Organic,2023-06-08
CUST007794,29,Female,Tier 1,Raebareli,Self Employed,48484,748,1,33,Professional,Social Media,2023-08-05
CUST007795,44,Female,Tier 2,Jalandhar,Self Employed,79569,562,0,1,School,Social Media,2023-09-30
CUST007796,26,Male,Tier 2,Amroha,Salaried,95158,738,0,1,Graduate,Organic,2022-09-23
CUST007797,31,Male,Tier 1,Jalandhar,Business Owner,42667,698,0,10,School,Social Media,2022-03-01
CUST007798,36,Female,Tier 1,Ratlam,Salaried,127656,790,0,10,Graduate,Organic,2023-03-07
CUST007799,41,Male,Tier 2,Mahbubnagar,Salaried,131800,715,0,25,Graduate,Referral,2023-12-25
CUST007800,30,Female,Tier 3,Rampur,Salaried,75592,726,0,7,Graduate,Social Media,2022-05-19
CUST007801,41,Other,Tier 1,Orai,Salaried,125228,791,1,11,Professional,Referral,2023-01-06
CUST007802,26,Female,Tier 1,Chapra,Salaried,131009,718,1,26,Graduate,Social Media,2022-09-01
CUST007803,53,Male,Tier 2,Jalgaon,Business Owner,31653,711,2,36,School,Referral,2022-10-02
CUST007804,32,Male,Tier 2,Maheshtala,Salaried,72631,753,0,16,Professional,Social Media,2022-06-19
CUST007805,38,Female,Tier 1,Ahmedabad,Salaried,51038,700,0,23,Graduate,Social Media,2023-11-26
CUST007806,30,Male,Tier 1,Mirzapur,Salaried,120090,846,1,16,Graduate,Organic,2023-03-22
CUST007807,33,Male,Tier 2,North Dumdum,Self Employed,22237,629,0,12,Graduate,Organic,2022-07-28
CUST007808,24,Female,Tier 1,Alwar,Student,0,588,0,0,Postgraduate,Referral,2022-05-22
CUST007809,33,Male,Tier 1,Bulandshahr,Salaried,121558,710,0,1,School,DSA Agent,2023-08-03
CUST007810,25,Male,Tier 1,Amroha,Salaried,102788,841,1,7,Graduate,Social Media,2023-06-15
CUST007811,29,Female,Tier 2,Gandhinagar,Salaried,49091,706,0,22,Graduate,Referral,2023-12-24
CUST007812,31,Male,Tier 2,Anantapuram,Salaried,47616,803,0,7,Graduate,Organic,2023-12-08
CUST007813,33,Male,Tier 3,Machilipatnam,Salaried,131321,796,1,8,Graduate,Referral,2022-05-28
CUST007814,32,Male,Tier 2,Mango,Gig Worker,15615,584,0,9,School,Social Media,2023-01-23
CUST007815,38,Female,Tier 2,Meerut,Salaried,80217,850,0,9,Professional,Organic,2023-07-27
CUST007816,29,Male,Tier 3,Howrah,Gig Worker,16743,615,1,18,Postgraduate,Organic,2022-06-05
CUST007817,33,Male,Tier 3,Shimoga,Salaried,52451,845,0,9,Professional,Social Media,2022-07-02
CUST007818,41,Female,Tier 2,Kolhapur,Business Owner,125637,665,0,12,Postgraduate,Organic,2023-07-26
CUST007819,34,Female,Tier 2,Guna,Business Owner,46841,652,0,4,Graduate,Social Media,2022-07-08
CUST007820,33,Male,Tier 2,Durgapur,Gig Worker,14097,527,0,13,Graduate,Referral,2023-11-09
CUST007821,34,Female,Tier 2,Anand,Gig Worker,17723,529,1,1,School,Social Media,2022-07-26
CUST007822,36,Male,Tier 1,Kavali,Gig Worker,27443,562,1,6,Graduate,Referral,2022-06-10
CUST007823,36,Female,Tier 3,Mumbai,Gig Worker,29080,611,2,12,Postgraduate,Social Media,2022-06-28
CUST007824,35,Male,Tier 3,Katni,Self Employed,58296,716,1,30,Postgraduate,DSA Agent,2022-06-07
CUST007825,33,Male,Tier 3,Visakhapatnam,Gig Worker,17993,619,2,9,Postgraduate,Social Media,2023-10-11
CUST007826,26,Female,Tier 2,Orai,Student,9408,516,0,0,Postgraduate,Organic,2022-07-13
CUST007827,53,Male,Tier 2,Mehsana,Business Owner,114908,619,2,3,School,Organic,2023-10-12
CUST007828,28,Male,Tier 1,Anantapur,Salaried,94396,825,0,5,Postgraduate,Referral,2023-04-26
CUST007829,30,Male,Tier 3,Bhind,Gig Worker,19630,527,0,11,School,Organic,2022-10-04
CUST007830,44,Female,Tier 1,Secunderabad,Salaried,90019,706,0,11,Graduate,Organic,2022-05-02
CUST007831,39,Male,Tier 3,Bulandshahr,Salaried,85870,727,0,12,Professional,Organic,2023-08-29
CUST007832,33,Male,Tier 2,Kozhikode,Gig Worker,14412,678,0,4,Graduate,Social Media,2022-03-24
CUST007833,28,Male,Tier 1,Hapur,Salaried,60221,803,0,9,Graduate,Referral,2022-04-04
CUST007834,18,Male,Tier 2,Pune,Student,0,443,0,0,Graduate,Social Media,2023-12-16
CUST007835,27,Male,Tier 2,Durg,Salaried,135378,748,0,3,Postgraduate,Organic,2022-03-02
CUST007836,26,Male,Tier 3,Kozhikode,Gig Worker,33573,657,1,4,Graduate,Referral,2023-06-09
CUST007837,28,Male,Tier 2,Karaikudi,Self Employed,28400,596,0,30,Graduate,Social Media,2023-05-31
CUST007838,30,Male,Tier 1,Suryapet,Self Employed,27250,579,2,9,Graduate,Referral,2023-01-18
CUST007839,31,Female,Tier 2,Aligarh,Gig Worker,24348,627,0,2,School,DSA Agent,2023-04-22
CUST007840,18,Female,Tier 1,Gurgaon,Student,15348,506,0,0,Graduate,Referral,2022-01-06
CUST007841,28,Female,Tier 2,Belgaum,Gig Worker,26248,607,1,0,Graduate,DSA Agent,2023-08-17
CUST007842,32,Male,Tier 3,Sri Ganganagar,Gig Worker,18378,648,1,15,Professional,Organic,2023-10-28
CUST007843,45,Other,Tier 1,Baranagar,Salaried,124569,782,1,25,Graduate,Social Media,2023-02-25
CUST007844,29,Male,Tier 2,Raipur,Gig Worker,30546,634,3,0,Graduate,DSA Agent,2022-02-02
CUST007845,24,Other,Tier 2,Ghaziabad,Student,6398,445,0,0,School,Social Media,2023-10-21
CUST007846,42,Male,Tier 2,Madanapalle,Self Employed,82263,570,0,33,Graduate,Organic,2023-01-10
CUST007847,22,Male,Tier 2,Muzaffarnagar,Student,0,478,0,0,Graduate,Organic,2022-10-16
CUST007848,28,Male,Tier 2,Bilaspur,Gig Worker,31556,612,1,15,Graduate,DSA Agent,2023-04-28
CUST007849,38,Male,Tier 2,Alappuzha,Salaried,63580,800,1,19,Graduate,Social Media,2022-09-02
CUST007850,33,Female,Tier 3,Meerut,Salaried,145450,824,0,15,Professional,Organic,2023-01-18
CUST007851,43,Female,Tier 1,Warangal,Salaried,70067,763,0,11,Graduate,Social Media,2023-11-29
CUST007852,44,Other,Tier 1,Nagaon,Self Employed,87051,646,0,27,Postgraduate,Social Media,2023-11-16
CUST007853,34,Female,Tier 3,Berhampore,Self Employed,43680,559,0,13,Graduate,DSA Agent,2023-11-28
CUST007854,30,Male,Tier 1,Ludhiana,Salaried,61764,752,0,27,Graduate,Social Media,2023-03-23
CUST007855,37,Male,Tier 2,Akola,Gig Worker,16531,602,0,13,Postgraduate,DSA Agent,2023-11-06
CUST007856,37,Other,Tier 1,Warangal,Gig Worker,31497,675,0,6,Graduate,Organic,2022-08-02
CUST007857,35,Female,Tier 2,Coimbatore,Gig Worker,28458,524,0,18,Graduate,Social Media,2023-01-17
CUST007858,27,Female,Tier 1,Hubli–Dharwad,Salaried,74273,727,0,16,Postgraduate,Referral,2022-05-23
CUST007859,42,Male,Tier 1,Ludhiana,Salaried,57223,720,0,18,Postgraduate,Social Media,2023-08-17
CUST007860,40,Female,Tier 1,Katihar,Salaried,46898,742,0,6,Graduate,Organic,2023-12-13
CUST007861,27,Female,Tier 2,Hyderabad,Salaried,137850,743,0,12,Graduate,Referral,2023-02-02
CUST007862,26,Male,Tier 1,Haldia,Salaried,50404,801,0,15,Graduate,Referral,2022-08-06
CUST007863,26,Male,Tier 1,Anantapur,Salaried,69382,826,0,11,Postgraduate,Organic,2022-11-06
CUST007864,41,Male,Tier 3,Rampur,Self Employed,98400,672,0,34,Graduate,Social Media,2022-06-22
CUST007865,34,Female,Tier 1,Eluru,Salaried,102428,750,0,20,Graduate,Organic,2023-08-06
CUST007866,31,Male,Tier 3,Farrukhabad,Business Owner,99164,777,0,29,Graduate,DSA Agent,2023-03-24
CUST007867,39,Male,Tier 2,Asansol,Salaried,87124,717,0,10,Graduate,Organic,2022-04-10
CUST007868,27,Male,Tier 1,Gurgaon,Salaried,130330,762,0,18,Graduate,Social Media,2022-02-12
CUST007869,36,Female,Tier 3,Dewas,Gig Worker,28445,596,3,13,School,Referral,2023-02-13
CUST007870,32,Male,Tier 2,Nagpur,Salaried,106112,822,1,29,Graduate,DSA Agent,2023-09-13
CUST007871,18,Male,Tier 1,Hubli–Dharwad,Student,0,520,0,0,Graduate,Referral,2022-11-25
CUST007872,42,Female,Tier 2,Patiala,Salaried,146067,827,0,29,Postgraduate,Referral,2023-01-07
CUST007873,43,Female,Tier 3,Ambarnath,Business Owner,32059,673,1,39,School,DSA Agent,2023-02-25
CUST007874,18,Male,Tier 2,Kurnool,Student,12179,420,0,0,Graduate,Organic,2022-01-26
CUST007875,30,Female,Tier 2,Pallavaram,Gig Worker,29126,618,0,18,Graduate,DSA Agent,2023-01-26
CUST007876,37,Female,Tier 3,Rampur,Gig Worker,20298,658,0,4,School,Social Media,2022-09-27
CUST007877,30,Male,Tier 2,Etawah,Self Employed,29892,643,0,32,Graduate,Referral,2022-11-02
CUST007878,37,Male,Tier 3,Gwalior,Gig Worker,34251,528,0,4,Professional,Organic,2023-10-31
CUST007879,45,Female,Tier 2,Alappuzha,Self Employed,31436,695,0,14,Graduate,Social Media,2023-06-18
CUST007880,35,Male,Tier 1,Ujjain,Salaried,110915,812,0,14,Graduate,DSA Agent,2023-08-26
CUST007881,31,Male,Tier 1,Salem,Salaried,54132,797,0,8,Graduate,Social Media,2022-05-16
CUST007882,26,Female,Tier 2,Berhampore,Gig Worker,17765,584,1,6,Graduate,DSA Agent,2022-12-22
CUST007883,24,Female,Tier 2,Singrauli,Gig Worker,17323,633,0,11,Graduate,Social Media,2022-04-04
CUST007884,19,Female,Tier 3,Delhi,Student,2536,476,1,0,School,Organic,2023-06-27
CUST007885,43,Male,Tier 2,Gurgaon,Salaried,113844,740,1,18,Postgraduate,Social Media,2023-02-07
CUST007886,26,Female,Tier 1,Etawah,Student,0,526,0,0,Graduate,Organic,2022-12-24
CUST007887,31,Male,Tier 1,Jamnagar,Salaried,134465,794,0,12,Graduate,Social Media,2022-09-03
CUST007888,34,Female,Tier 3,Bally,Gig Worker,23512,505,1,10,Postgraduate,Referral,2023-06-20
CUST007889,26,Female,Tier 1,Mango,Salaried,72966,844,0,21,Graduate,Organic,2022-01-07
CUST007890,29,Female,Tier 3,Bongaigaon,Gig Worker,32610,652,0,3,Graduate,Organic,2022-01-10
CUST007891,30,Male,Tier 2,Sasaram,Salaried,69846,813,1,16,Graduate,Social Media,2023-06-08
CUST007892,38,Female,Tier 2,Durg,Gig Worker,12827,604,0,17,Graduate,Referral,2022-06-13
CUST007893,20,Female,Tier 2,Bhind,Student,0,402,0,0,Professional,Referral,2022-10-22
CUST007894,26,Female,Tier 2,Kozhikode,Gig Worker,22575,510,2,2,Graduate,DSA Agent,2023-03-28
CUST007895,27,Male,Tier 3,Dhule,Gig Worker,32335,555,0,6,School,Organic,2022-03-20
CUST007896,26,Female,Tier 1,Kanpur,Student,12330,568,0,0,School,Organic,2022-09-10
CUST007897,49,Male,Tier 3,Haridwar,Self Employed,28143,667,0,22,Graduate,Referral,2022-10-08
CUST007898,23,Female,Tier 2,Sasaram,Gig Worker,16619,663,1,17,Graduate,Organic,2023-04-21
CUST007899,29,Female,Tier 1,Orai,Salaried,144356,724,0,19,Graduate,Social Media,2023-11-01
CUST007900,23,Male,Tier 3,Barasat,Student,0,418,0,0,School,Social Media,2022-07-21
CUST007901,35,Male,Tier 3,Cuttack,Gig Worker,24384,514,0,4,School,Organic,2022-05-26
CUST007902,38,Male,Tier 1,Satara,Salaried,67455,723,2,6,Graduate,Referral,2023-03-03
CUST007903,42,Female,Tier 3,Bhagalpur,Salaried,97011,848,0,5,Graduate,DSA Agent,2022-07-24
CUST007904,23,Male,Tier 3,Meerut,Student,9555,550,0,0,School,Organic,2022-07-04
CUST007905,28,Male,Tier 1,Gurgaon,Salaried,143891,788,0,4,School,Organic,2022-07-29
CUST007906,36,Female,Tier 3,Motihari,Business Owner,82614,649,1,22,Postgraduate,Referral,2023-01-02
CUST007907,28,Male,Tier 3,Bhubaneswar,Salaried,103926,752,0,21,School,Organic,2023-04-22
CUST007908,32,Male,Tier 1,Chandigarh,Self Employed,72194,563,0,39,Graduate,Social Media,2022-09-24
CUST007909,25,Female,Tier 2,Bhiwani,Gig Worker,23032,656,0,7,School,Referral,2022-10-12
CUST007910,24,Male,Tier 3,Mahbubnagar,Gig Worker,32635,524,0,19,Graduate,Social Media,2022-05-23
CUST007911,24,Male,Tier 2,Ujjain,Student,0,507,0,0,Postgraduate,Referral,2023-01-23
CUST007912,30,Male,Tier 2,Bardhaman,Gig Worker,18200,510,2,5,Graduate,Referral,2022-11-26
CUST007913,33,Female,Tier 3,Pune,Gig Worker,31250,584,1,4,Graduate,DSA Agent,2022-06-13
CUST007914,37,Female,Tier 1,Bally,Salaried,48718,809,0,2,School,Social Media,2022-11-22
CUST007915,45,Male,Tier 2,Hubli–Dharwad,Salaried,103241,734,0,30,School,Social Media,2023-06-29
CUST007916,25,Male,Tier 2,Salem,Salaried,104637,784,0,30,Postgraduate,Referral,2023-08-08
CUST007917,47,Male,Tier 2,Thiruvananthapuram,Self Employed,59778,715,1,26,Graduate,DSA Agent,2022-10-17
CUST007918,44,Female,Tier 1,Bettiah,Salaried,75495,717,0,22,Graduate,Social Media,2022-10-11
CUST007919,29,Male,Tier 2,Madhyamgram,Salaried,106063,702,0,5,Graduate,Organic,2023-10-26
CUST007920,30,Female,Tier 3,Delhi,Gig Worker,18240,667,0,5,Graduate,Social Media,2022-11-08
CUST007921,49,Male,Tier 3,Muzaffarpur,Self Employed,86149,601,0,2,Graduate,Organic,2022-08-06
CUST007922,42,Female,Tier 2,Kamarhati,Self Employed,81618,741,0,18,Postgraduate,Organic,2022-12-17
CUST007923,27,Female,Tier 2,Dharmavaram,Salaried,127050,838,0,1,Professional,Social Media,2022-05-20
CUST007924,45,Female,Tier 1,Orai,Salaried,127424,732,0,13,Graduate,Social Media,2023-03-20
CUST007925,34,Male,Tier 3,Amritsar,Business Owner,112793,772,2,23,Graduate,DSA Agent,2022-04-12
CUST007926,43,Female,Tier 2,Dharmavaram,Salaried,102120,716,0,18,Postgraduate,Social Media,2023-03-24
CUST007927,25,Male,Tier 1,Jorhat,Student,0,575,0,0,Graduate,DSA Agent,2023-06-17
CUST007928,20,Male,Tier 2,Machilipatnam,Student,0,568,0,0,Graduate,Referral,2022-06-27
CUST007929,33,Male,Tier 1,Rampur,Self Employed,84695,635,0,38,School,Organic,2023-09-25
CUST007930,37,Female,Tier 1,Sri Ganganagar,Salaried,120243,788,1,8,Graduate,Referral,2022-03-19
CUST007931,25,Female,Tier 1,Salem,Student,11772,476,0,0,Graduate,Social Media,2023-07-14
CUST007932,30,Female,Tier 2,South Dumdum,Self Employed,76028,737,0,16,Postgraduate,Social Media,2022-07-29
CUST007933,34,Female,Tier 2,Nanded,Gig Worker,16747,563,1,6,Postgraduate,Social Media,2023-09-17
CUST007934,31,Male,Tier 2,Bijapur,Salaried,52685,762,0,14,Professional,DSA Agent,2022-07-03
CUST007935,34,Female,Tier 2,Alwar,Salaried,82442,831,1,25,School,Organic,2023-03-08
CUST007936,27,Female,Tier 1,Gaya,Salaried,137303,781,0,6,Graduate,Social Media,2022-12-02
CUST007937,35,Female,Tier 3,Ludhiana,Gig Worker,19152,568,2,15,School,Organic,2023-10-28
CUST007938,31,Male,Tier 2,Rewa,Gig Worker,13903,507,0,1,Postgraduate,Organic,2022-10-23
CUST007939,24,Other,Tier 2,Bijapur,Gig Worker,28768,662,0,8,Graduate,Organic,2022-06-02
CUST007940,28,Female,Tier 3,Kolkata,Gig Worker,26873,567,0,4,Graduate,DSA Agent,2022-04-24
CUST007941,37,Female,Tier 1,Mehsana,Gig Worker,20270,518,1,10,Graduate,Social Media,2023-09-14
CUST007942,45,Male,Tier 3,Salem,Self Employed,41296,607,0,15,Postgraduate,Referral,2023-07-28
CUST007943,33,Female,Tier 3,Meerut,Business Owner,166974,631,0,32,Postgraduate,Referral,2022-04-27
CUST007944,26,Female,Tier 1,Panihati,Salaried,51366,818,0,20,Graduate,Organic,2023-01-03
CUST007945,38,Male,Tier 2,Ghaziabad,Gig Worker,29381,527,0,1,Postgraduate,Organic,2023-09-18
CUST007946,31,Male,Tier 1,Vasai-Virar,Salaried,41431,825,0,5,School,Social Media,2022-01-08
CUST007947,47,Male,Tier 1,Jamalpur,Self Employed,89291,599,0,21,Postgraduate,Social Media,2022-05-18
CUST007948,49,Female,Tier 2,Jodhpur,Self Employed,48108,749,1,1,Postgraduate,Social Media,2022-11-24
CUST007949,39,Male,Tier 3,Bally,Business Owner,51996,651,0,38,Postgraduate,Referral,2023-01-24
CUST007950,33,Male,Tier 3,Ahmedabad,Salaried,139245,720,0,1,Graduate,Social Media,2022-04-15
CUST007951,45,Female,Tier 1,Bihar Sharif,Business Owner,186018,651,0,32,Graduate,DSA Agent,2023-11-25
CUST007952,45,Female,Tier 1,Bhiwandi,Salaried,53091,723,0,21,Graduate,Social Media,2023-10-22
CUST007953,30,Male,Tier 3,Aligarh,Self Employed,21793,648,0,18,Postgraduate,Social Media,2023-05-05
CUST007954,36,Male,Tier 2,Navi Mumbai,Salaried,145272,762,0,8,Postgraduate,Referral,2023-02-06
CUST007955,23,Female,Tier 1,Miryalaguda,Student,0,456,0,0,Graduate,Social Media,2023-02-19
CUST007956,27,Female,Tier 2,Ranchi,Gig Worker,22332,620,0,7,School,Social Media,2023-07-14
CUST007957,35,Male,Tier 3,Munger,Self Employed,88255,617,0,10,Professional,Social Media,2022-09-03
CUST007958,23,Female,Tier 2,Raichur,Student,2204,559,0,0,Graduate,Organic,2023-09-02
CUST007959,34,Male,Tier 1,Guna,Salaried,93046,725,0,8,Postgraduate,Social Media,2023-01-13
CUST007960,43,Other,Tier 2,Navi Mumbai,Salaried,53525,808,0,19,Graduate,Referral,2022-08-22
CUST007961,20,Male,Tier 1,Kirari Suleman Nagar,Student,0,435,0,0,Professional,Organic,2022-07-14
CUST007962,37,Male,Tier 2,Bharatpur,Salaried,132497,819,0,2,Professional,Referral,2023-03-13
CUST007963,34,Male,Tier 2,Jamshedpur,Salaried,96936,814,1,18,Graduate,DSA Agent,2023-10-29
CUST007964,33,Male,Tier 2,Tiruppur,Gig Worker,25917,529,1,18,Postgraduate,Social Media,2023-03-18
CUST007965,24,Female,Tier 3,Mau,Gig Worker,30591,619,1,15,School,Organic,2022-02-07
CUST007966,29,Female,Tier 3,Naihati,Salaried,76261,846,0,30,Graduate,Organic,2022-11-06
CUST007967,39,Female,Tier 1,Jamshedpur,Salaried,44595,778,0,24,Graduate,DSA Agent,2022-03-18
CUST007968,45,Male,Tier 1,Chittoor,Salaried,109204,823,0,11,Graduate,Organic,2023-06-21
CUST007969,24,Male,Tier 2,Proddatur,Gig Worker,28882,595,0,0,School,Organic,2022-05-07
CUST007970,23,Male,Tier 1,Nagaon,Student,9881,553,0,0,Graduate,Social Media,2022-02-16
CUST007971,35,Male,Tier 2,Chittoor,Business Owner,134130,665,1,33,Graduate,Social Media,2022-06-17
CUST007972,46,Female,Tier 2,Bhind,Self Employed,68792,737,0,3,Professional,DSA Agent,2023-09-25
CUST007973,27,Male,Tier 3,Ambattur,Salaried,132166,812,0,29,School,Social Media,2022-07-17
CUST007974,50,Female,Tier 2,Gorakhpur,Business Owner,91019,607,1,36,School,Referral,2023-01-06
CUST007975,32,Female,Tier 1,Aligarh,Gig Worker,32895,659,0,7,School,DSA Agent,2023-10-14
CUST007976,32,Male,Tier 1,Bhopal,Salaried,56257,846,0,3,Graduate,Organic,2023-05-05
CUST007977,35,Female,Tier 2,Tadepalligudem,Business Owner,37903,797,0,9,School,Social Media,2022-03-16
CUST007978,45,Male,Tier 2,Bhatpara,Self Employed,57708,708,0,13,School,DSA Agent,2022-12-16
CUST007979,42,Male,Tier 2,Panihati,Self Employed,56397,681,2,20,Graduate,Social Media,2023-08-02
CUST007980,50,Female,Tier 2,Chandrapur,Self Employed,53650,680,2,11,Postgraduate,Social Media,2022-09-17
CUST007981,30,Male,Tier 2,Pallavaram,Salaried,42779,701,0,13,School,Social Media,2022-07-21
CUST007982,43,Male,Tier 2,Jorhat,Salaried,44494,768,0,7,School,Referral,2022-10-08
CUST007983,41,Female,Tier 2,Shivpuri,Self Employed,99937,722,1,33,Postgraduate,Social Media,2022-10-07
CUST007984,41,Male,Tier 2,Ambattur,Salaried,60287,829,1,19,Graduate,DSA Agent,2023-03-12
CUST007985,27,Female,Tier 2,Sultan Pur Majra,Gig Worker,33873,586,0,0,Graduate,DSA Agent,2023-03-10
CUST007986,43,Male,Tier 3,Karaikudi,Self Employed,93788,599,1,13,Postgraduate,Referral,2023-12-25
CUST007987,30,Male,Tier 1,Chennai,Self Employed,85291,622,1,13,Graduate,Referral,2023-09-22
CUST007988,26,Female,Tier 2,Baranagar,Gig Worker,23121,593,0,1,School,Organic,2022-07-20
CUST007989,42,Female,Tier 1,Jamalpur,Self Employed,77298,699,3,25,Graduate,Referral,2022-09-25
CUST007990,25,Male,Tier 3,Nagercoil,Student,16470,440,0,0,Postgraduate,Social Media,2022-01-16
CUST007991,46,Male,Tier 2,Orai,Self Employed,35807,707,0,17,School,DSA Agent,2022-11-16
CUST007992,34,Female,Tier 1,Kanpur,Salaried,48615,846,0,28,Graduate,DSA Agent,2022-04-05
CUST007993,25,Male,Tier 1,Bardhaman,Salaried,85953,816,0,13,Graduate,Social Media,2022-09-30
CUST007994,37,Female,Tier 2,Jammu,Salaried,93258,772,0,27,Graduate,DSA Agent,2023-11-05
CUST007995,34,Female,Tier 1,Kakinada,Salaried,40125,821,0,16,Postgraduate,Referral,2023-06-12
CUST007996,36,Female,Tier 2,Gaya,Salaried,40449,704,2,29,Postgraduate,Social Media,2023-04-16
CUST007997,26,Female,Tier 1,Bhilai,Salaried,60841,724,0,11,Professional,Organic,2022-06-04
CUST007998,34,Female,Tier 2,Bhimavaram,Gig Worker,17856,500,1,19,School,Referral,2023-03-25
CUST007999,38,Female,Tier 1,Yamunanagar,Business Owner,57026,639,1,18,Graduate,DSA Agent,2023-03-24
CUST008000,34,Female,Tier 1,Suryapet,Salaried,148027,840,0,11,Postgraduate,Social Media,2023-05-20
CUST008001,35,Female,Tier 2,Sirsa,Self Employed,41277,569,0,18,Postgraduate,Social Media,2023-05-20
CUST008002,29,Male,Tier 3,Sikar,Self Employed,84708,558,1,18,Postgraduate,Social Media,2023-02-23
CUST008003,45,Male,Tier 1,Jaipur,Salaried,58253,771,2,21,Graduate,Referral,2022-05-16
CUST008004,30,Female,Tier 2,Mango,Business Owner,43352,765,2,16,School,Organic,2023-08-30
CUST008005,26,Female,Tier 3,Amritsar,Gig Worker,18439,543,1,12,Graduate,Organic,2022-08-10
CUST008006,24,Male,Tier 2,Udupi,Gig Worker,28763,676,0,4,Graduate,Social Media,2022-10-03
CUST008007,44,Male,Tier 3,Sambalpur,Self Employed,67623,615,0,37,Graduate,Organic,2022-09-10
CUST008008,25,Female,Tier 3,Ajmer,Salaried,58804,807,0,25,School,Referral,2023-06-07
CUST008009,39,Female,Tier 2,Pondicherry,Self Employed,72653,698,0,27,Graduate,Social Media,2023-02-01
CUST008010,25,Male,Tier 2,Bhiwandi,Salaried,132433,811,0,29,Professional,DSA Agent,2023-01-14
CUST008011,24,Female,Tier 2,Bihar Sharif,Student,0,498,0,0,Postgraduate,Social Media,2023-08-25
CUST008012,38,Other,Tier 2,Munger,Gig Worker,16805,589,1,17,Professional,Referral,2023-07-27
CUST008013,46,Female,Tier 2,Kolkata,Self Employed,55825,583,1,12,Postgraduate,Referral,2022-12-14
CUST008014,44,Female,Tier 2,Bangalore,Salaried,40311,828,0,10,Postgraduate,Social Media,2023-11-22
CUST008015,38,Male,Tier 2,Davanagere,Self Employed,97188,566,0,1,Graduate,DSA Agent,2022-03-02
CUST008016,45,Female,Tier 2,Ranchi,Self Employed,59754,588,0,20,Postgraduate,DSA Agent,2022-10-23
CUST008017,24,Female,Tier 3,Sangli-Miraj & Kupwad,Gig Worker,19797,651,0,8,Graduate,Social Media,2023-04-22
CUST008018,40,Female,Tier 2,Rajpur Sonarpur,Self Employed,98146,587,1,38,Postgraduate,Referral,2022-08-11
CUST008019,36,Male,Tier 1,Udupi,Gig Worker,25927,679,0,15,School,DSA Agent,2022-12-27
CUST008020,24,Male,Tier 1,Gangtok,Student,0,513,0,0,Postgraduate,Social Media,2023-05-06
CUST008021,38,Male,Tier 2,Tumkur,Gig Worker,17870,665,0,4,Graduate,Social Media,2022-04-23
CUST008022,20,Male,Tier 2,Ambala,Student,0,518,0,0,School,Social Media,2023-11-06
CUST008023,20,Female,Tier 3,Muzaffarnagar,Student,0,533,1,0,Postgraduate,Social Media,2022-05-11
CUST008024,34,Female,Tier 3,Hyderabad,Gig Worker,33181,598,1,4,Graduate,DSA Agent,2023-05-13
CUST008025,39,Female,Tier 3,Aligarh,Salaried,91422,773,0,12,Graduate,Organic,2023-09-20
CUST008026,35,Female,Tier 2,Ghaziabad,Gig Worker,30546,598,0,11,Postgraduate,Social Media,2023-12-23
CUST008027,22,Male,Tier 1,Kanpur,Student,0,470,1,0,Graduate,Organic,2022-09-20
CUST008028,25,Female,Tier 2,Berhampur,Salaried,87182,849,0,1,Graduate,Social Media,2022-11-24
CUST008029,37,Female,Tier 2,Siliguri,Gig Worker,18738,627,0,9,Professional,Referral,2023-05-06
CUST008030,22,Female,Tier 2,Arrah,Student,0,559,0,0,School,Referral,2023-04-21
CUST008031,32,Female,Tier 2,Burhanpur,Gig Worker,13133,579,0,6,Postgraduate,DSA Agent,2023-03-21
CUST008032,41,Female,Tier 2,Bharatpur,Self Employed,57689,694,1,23,Graduate,Organic,2022-11-11
CUST008033,45,Female,Tier 3,Ramagundam,Salaried,129192,761,0,7,Graduate,Organic,2023-10-22
CUST008034,33,Male,Tier 1,Sambalpur,Salaried,99293,719,0,3,Professional,Social Media,2023-12-06
CUST008035,39,Female,Tier 1,Srikakulam,Self Employed,83797,727,0,7,Postgraduate,Social Media,2022-02-25
CUST008036,31,Female,Tier 2,Muzaffarpur,Salaried,95032,749,1,3,School,Organic,2022-03-03
CUST008037,40,Male,Tier 1,Jamalpur,Salaried,110189,780,0,19,Graduate,DSA Agent,2022-05-06
CUST008038,26,Female,Tier 3,Tiruchirappalli,Student,0,594,0,0,Graduate,Social Media,2022-09-24
CUST008039,40,Female,Tier 2,Anantapur,Salaried,115360,742,0,10,Graduate,Referral,2022-06-27
CUST008040,45,Female,Tier 3,Kochi,Business Owner,95095,666,0,21,Postgraduate,Referral,2022-09-01
CUST008041,46,Female,Tier 2,Panchkula,Business Owner,103901,716,0,5,Professional,Social Media,2022-09-04
CUST008042,37,Female,Tier 2,Rampur,Salaried,66121,812,0,6,Graduate,Referral,2023-05-23
CUST008043,34,Male,Tier 1,Pallavaram,Salaried,147097,812,0,16,Graduate,DSA Agent,2022-08-15
CUST008044,42,Male,Tier 2,Bhilai,Self Employed,63449,700,0,17,Postgraduate,Social Media,2023-07-06
CUST008045,38,Female,Tier 2,Chittoor,Gig Worker,14867,557,0,8,Postgraduate,Social Media,2022-07-27
CUST008046,42,Female,Tier 1,Suryapet,Salaried,144941,778,0,1,School,Social Media,2023-04-16
CUST008047,50,Female,Tier 2,Pondicherry,Self Employed,52363,694,0,15,Postgraduate,Organic,2023-05-16
CUST008048,33,Male,Tier 2,Durgapur,Salaried,135045,705,0,19,Postgraduate,Organic,2022-11-04
CUST008049,26,Male,Tier 2,Sultan Pur Majra,Student,19551,600,0,0,Graduate,Organic,2022-07-30
CUST008050,36,Female,Tier 1,Ozhukarai,Salaried,139520,822,0,25,Graduate,Organic,2023-11-21
CUST008051,37,Male,Tier 2,Guntur,Salaried,106457,704,1,16,Postgraduate,Referral,2022-12-12
CUST008052,35,Female,Tier 1,Guntakal,Salaried,104079,826,0,30,Postgraduate,Social Media,2023-08-30
CUST008053,42,Female,Tier 2,Phusro,Business Owner,166448,745,0,12,Professional,Social Media,2023-11-02
CUST008054,48,Female,Tier 2,Guna,Self Employed,71361,629,1,10,Postgraduate,Organic,2022-10-10
CUST008055,22,Male,Tier 1,Mau,Student,0,441,0,0,Graduate,Organic,2023-08-04
CUST008056,26,Female,Tier 2,Rampur,Gig Worker,32872,582,1,1,Professional,Social Media,2023-04-01
CUST008057,39,Female,Tier 3,Gandhinagar,Salaried,116572,727,0,16,Graduate,Organic,2023-02-09
CUST008058,34,Male,Tier 1,Khora ,Salaried,104603,805,1,12,Graduate,Social Media,2022-12-16
CUST008059,36,Male,Tier 3,Nanded,Gig Worker,20961,552,1,17,School,Social Media,2022-11-18
CUST008060,37,Male,Tier 2,Yamunanagar,Gig Worker,18823,639,0,0,School,Referral,2022-05-10
CUST008061,35,Male,Tier 2,Jamnagar,Self Employed,96460,574,0,18,Graduate,Referral,2022-05-23
CUST008062,34,Female,Tier 2,Jalna,Salaried,41670,778,0,30,Graduate,Social Media,2023-10-26
CUST008063,35,Female,Tier 1,Uluberia,Business Owner,81616,605,1,5,Postgraduate,DSA Agent,2022-01-18
CUST008064,33,Other,Tier 1,Bhusawal,Salaried,119379,813,0,5,Graduate,DSA Agent,2022-04-08
CUST008065,31,Female,Tier 3,Bhind,Business Owner,118000,780,0,2,Graduate,Organic,2023-07-20
CUST008066,27,Female,Tier 1,Vadodara,Salaried,115156,742,0,25,Postgraduate,DSA Agent,2022-07-02
CUST008067,35,Male,Tier 3,Amritsar,Gig Worker,33870,662,0,12,School,DSA Agent,2023-05-30
CUST008068,40,Female,Tier 1,Kota,Salaried,110718,798,0,19,Postgraduate,Organic,2022-07-15
CUST008069,35,Female,Tier 3,Jaunpur,Gig Worker,23726,525,0,6,Graduate,Organic,2023-08-01
CUST008070,34,Female,Tier 3,Ghaziabad,Gig Worker,34076,655,0,1,Graduate,Organic,2023-06-29
CUST008071,22,Female,Tier 2,Bhilai,Gig Worker,16328,638,1,4,Graduate,Social Media,2023-08-06
CUST008072,27,Female,Tier 2,Yamunanagar,Gig Worker,23637,565,2,7,School,Referral,2022-03-04
CUST008073,29,Female,Tier 3,Ongole,Self Employed,73835,629,1,24,Postgraduate,Social Media,2022-06-13
CUST008074,35,Female,Tier 2,Ongole,Self Employed,46096,712,0,30,Postgraduate,Organic,2022-05-10
CUST008075,22,Male,Tier 1,Thrissur,Student,0,564,0,0,Graduate,Organic,2022-11-05
CUST008076,36,Female,Tier 1,Morbi,Salaried,66508,788,1,28,Postgraduate,Social Media,2022-03-22
CUST008077,50,Female,Tier 3,Aizawl,Self Employed,62451,588,1,28,Graduate,Organic,2022-03-16
CUST008078,32,Male,Tier 2,Bettiah,Gig Worker,19718,582,0,2,Graduate,Organic,2022-02-19
CUST008079,32,Male,Tier 3,Gaya,Gig Worker,25466,621,0,2,Postgraduate,DSA Agent,2023-12-29
CUST008080,37,Female,Tier 1,Sagar,Gig Worker,14188,625,1,13,Postgraduate,Referral,2023-11-14
CUST008081,41,Male,Tier 1,Barasat,Salaried,132743,751,0,8,Graduate,DSA Agent,2023-01-03
CUST008082,39,Male,Tier 2,Jaunpur,Salaried,66062,835,0,13,Graduate,DSA Agent,2023-03-02
CUST008083,27,Female,Tier 1,Yamunanagar,Salaried,120988,763,0,2,Graduate,DSA Agent,2022-02-11
CUST008084,29,Female,Tier 2,Nanded,Salaried,143842,747,0,10,Graduate,Organic,2022-01-21
CUST008085,32,Female,Tier 2,Thoothukudi,Self Employed,87010,652,0,14,Graduate,Social Media,2023-08-22
CUST008086,29,Male,Tier 2,Singrauli,Self Employed,24013,706,1,1,Graduate,Social Media,2022-11-05
CUST008087,37,Male,Tier 2,Siliguri,Business Owner,84901,623,1,21,Graduate,DSA Agent,2023-02-11
CUST008088,37,Male,Tier 1,Gaya,Self Employed,20622,677,0,33,Postgraduate,Referral,2023-08-18
CUST008089,37,Male,Tier 1,Ranchi,Salaried,53175,807,0,19,Graduate,Referral,2022-03-06
CUST008090,23,Male,Tier 3,Erode,Student,0,553,0,0,Graduate,Social Media,2022-03-22
CUST008091,25,Other,Tier 3,Chandrapur,Student,0,488,0,0,Postgraduate,Organic,2022-07-23
CUST008092,24,Female,Tier 3,Hyderabad,Gig Worker,27993,612,0,8,Graduate,Social Media,2023-04-26
CUST008093,38,Male,Tier 2,Burhanpur,Gig Worker,17860,584,0,16,Graduate,Organic,2022-05-01
CUST008094,52,Male,Tier 1,Asansol,Business Owner,145453,737,1,14,Graduate,Referral,2022-03-07
CUST008095,35,Female,Tier 3,Jabalpur,Gig Worker,33823,569,0,10,Postgraduate,Social Media,2023-05-24
CUST008096,51,Female,Tier 3,Sonipat,Business Owner,153775,753,0,38,School,Organic,2023-12-25
CUST008097,30,Male,Tier 2,Motihari,Salaried,87255,780,1,9,Graduate,Referral,2023-11-19
CUST008098,33,Female,Tier 1,Fatehpur,Salaried,106788,772,0,19,School,Organic,2022-10-30
CUST008099,23,Male,Tier 1,Durgapur,Gig Worker,26791,611,0,13,Graduate,DSA Agent,2022-08-29
CUST008100,30,Male,Tier 3,Mahbubnagar,Gig Worker,19110,633,0,4,Graduate,Social Media,2022-06-28
CUST008101,23,Male,Tier 3,Bellary,Student,0,505,0,0,Postgraduate,Social Media,2022-07-12
CUST008102,33,Female,Tier 3,Dibrugarh,Business Owner,198894,606,2,36,Graduate,Organic,2023-07-27
CUST008103,29,Male,Tier 2,Medininagar,Gig Worker,20674,633,0,15,Graduate,Social Media,2022-08-09
CUST008104,43,Male,Tier 2,Vellore,Salaried,134163,824,0,20,Postgraduate,Organic,2022-12-11
CUST008105,23,Male,Tier 3,Firozabad,Student,0,465,0,0,Professional,Social Media,2023-05-02
CUST008106,50,Female,Tier 2,Gudivada,Self Employed,41948,594,0,24,School,DSA Agent,2022-04-09
CUST008107,31,Male,Tier 2,Belgaum,Salaried,141391,781,0,16,Graduate,Organic,2022-04-12
CUST008108,32,Male,Tier 3,Thanjavur,Gig Worker,31017,524,0,13,Graduate,Social Media,2023-02-14
CUST008109,37,Male,Tier 3,Noida,Self Employed,74362,598,1,4,Postgraduate,Referral,2023-10-14
CUST008110,31,Male,Tier 2,Chennai,Self Employed,85945,705,0,19,Graduate,Referral,2022-05-13
CUST008111,28,Female,Tier 2,Indore,Gig Worker,27696,650,0,16,Graduate,Organic,2022-01-23
CUST008112,37,Male,Tier 1,Bhalswa Jahangir Pur,Salaried,107593,729,1,7,Postgraduate,DSA Agent,2022-01-28
CUST008113,38,Male,Tier 3,Gangtok,Business Owner,187634,800,1,6,Postgraduate,Organic,2023-05-31
CUST008114,31,Female,Tier 2,Gwalior,Self Employed,22531,734,0,21,Graduate,Organic,2022-10-05
CUST008115,23,Male,Tier 3,Kavali,Gig Worker,12026,666,0,18,School,Referral,2023-10-31
CUST008116,29,Male,Tier 1,Haldia,Salaried,132635,810,1,22,Postgraduate,Referral,2023-12-12
CUST008117,35,Male,Tier 2,Bangalore,Self Employed,52222,746,1,13,School,Referral,2022-09-10
CUST008118,40,Female,Tier 1,Nellore,Salaried,149671,727,0,21,Professional,Social Media,2023-11-03
CUST008119,28,Female,Tier 1,Bulandshahr,Salaried,148535,791,0,13,Graduate,Organic,2023-01-05
CUST008120,25,Female,Tier 3,Howrah,Gig Worker,20320,670,0,8,Professional,Referral,2022-12-29
CUST008121,29,Female,Tier 1,Orai,Salaried,50602,805,2,17,Postgraduate,Referral,2023-11-08
CUST008122,33,Other,Tier 1,Panchkula,Self Employed,21605,607,0,6,Postgraduate,DSA Agent,2023-02-24
CUST008123,44,Female,Tier 1,Hapur,Salaried,68902,847,0,24,Postgraduate,Social Media,2023-12-28
CUST008124,42,Female,Tier 2,Kozhikode,Self Employed,23721,625,2,37,Graduate,Social Media,2022-07-31
CUST008125,43,Male,Tier 2,Solapur,Salaried,73090,811,2,30,Postgraduate,Referral,2023-03-03
CUST008126,30,Male,Tier 1,New Delhi,Salaried,93556,721,0,28,Graduate,DSA Agent,2022-12-12
CUST008127,28,Female,Tier 1,Siliguri,Salaried,48582,745,0,11,Graduate,DSA Agent,2022-04-15
CUST008128,52,Other,Tier 3,Morena,Business Owner,63842,749,1,38,Graduate,Organic,2023-06-26
CUST008129,26,Male,Tier 2,Sambhal,Student,0,517,0,0,School,DSA Agent,2023-02-23
CUST008130,25,Female,Tier 1,Sirsa,Salaried,56906,713,0,13,Graduate,Organic,2022-05-18
CUST008131,45,Female,Tier 2,Bokaro,Self Employed,62395,656,0,38,Postgraduate,Social Media,2023-04-04
CUST008132,48,Male,Tier 2,Belgaum,Self Employed,63579,583,2,1,Graduate,DSA Agent,2023-04-10
CUST008133,36,Male,Tier 2,Siliguri,Business Owner,126079,609,1,36,Postgraduate,Social Media,2022-12-21
CUST008134,35,Female,Tier 2,Kota,Gig Worker,26526,596,0,9,Postgraduate,Social Media,2023-05-06
CUST008135,49,Male,Tier 3,Aurangabad,Self Employed,54591,655,0,26,School,DSA Agent,2023-08-05
CUST008136,41,Female,Tier 2,Uluberia,Salaried,97242,789,0,11,Postgraduate,Social Media,2023-05-09
CUST008137,34,Female,Tier 2,Purnia,Gig Worker,18842,657,0,6,Graduate,DSA Agent,2023-11-13
CUST008138,50,Female,Tier 3,Pallavaram,Business Owner,81600,695,0,12,School,Organic,2023-03-15
CUST008139,34,Male,Tier 2,Bhusawal,Gig Worker,30481,572,2,16,Postgraduate,Social Media,2022-12-04
CUST008140,33,Female,Tier 1,Howrah,Salaried,61953,738,0,10,Postgraduate,Social Media,2023-02-11
CUST008141,40,Male,Tier 2,Sangli-Miraj & Kupwad,Salaried,118753,777,1,9,School,Social Media,2023-05-12
CUST008142,35,Male,Tier 2,Raipur,Self Employed,22825,711,1,12,School,DSA Agent,2023-05-12
CUST008143,47,Female,Tier 2,Agartala,Self Employed,82162,733,0,13,Postgraduate,DSA Agent,2023-02-19
CUST008144,34,Male,Tier 2,Gangtok,Gig Worker,17167,522,1,0,Postgraduate,Social Media,2022-08-29
CUST008145,30,Male,Tier 2,Patna,Business Owner,119460,740,1,11,Graduate,Organic,2023-12-07
CUST008146,26,Male,Tier 2,Akola,Salaried,94794,711,1,7,Postgraduate,Organic,2022-09-27
CUST008147,35,Female,Tier 2,Khandwa,Salaried,106364,763,2,28,Graduate,Organic,2023-01-10
CUST008148,43,Male,Tier 3,Dhule,Business Owner,159129,749,1,11,School,Referral,2023-02-24
CUST008149,29,Female,Tier 1,Gaya,Salaried,106754,787,0,15,Professional,Social Media,2022-06-26
CUST008150,37,Female,Tier 2,Bokaro,Salaried,89512,815,0,12,Graduate,Referral,2023-09-18
CUST008151,26,Female,Tier 3,Jehanabad,Gig Worker,22730,516,0,2,Graduate,DSA Agent,2022-03-11
CUST008152,18,Female,Tier 3,Bareilly,Student,0,527,0,0,Graduate,Referral,2022-12-10
CUST008153,44,Male,Tier 1,Udaipur,Salaried,60191,768,0,26,Graduate,Referral,2022-08-28
CUST008154,31,Male,Tier 1,Agartala,Business Owner,198643,775,0,6,Graduate,Social Media,2022-10-12
CUST008155,34,Male,Tier 2,Solapur,Self Employed,71077,706,0,17,Postgraduate,Social Media,2022-11-17
CUST008156,41,Male,Tier 3,Bhusawal,Salaried,101861,748,0,12,School,Referral,2022-07-21
CUST008157,50,Female,Tier 3,Madurai,Self Employed,72581,594,0,5,Graduate,Social Media,2022-05-01
CUST008158,33,Male,Tier 1,Madhyamgram,Gig Worker,16258,610,2,14,Graduate,Social Media,2022-08-24
CUST008159,27,Male,Tier 2,Thrissur,Gig Worker,14748,511,1,17,Postgraduate,Organic,2022-01-09
CUST008160,47,Female,Tier 3,Silchar,Self Employed,70534,699,1,15,Postgraduate,Social Media,2022-01-01
CUST008161,37,Female,Tier 1,Amroha,Business Owner,171011,751,0,17,Graduate,Organic,2023-02-11
CUST008162,39,Female,Tier 2,Tiruvottiyur,Salaried,105401,826,0,14,Graduate,Social Media,2023-09-26
CUST008163,35,Female,Tier 3,Patna,Gig Worker,31633,660,1,16,Graduate,Social Media,2023-08-12
CUST008164,29,Female,Tier 2,Ballia,Gig Worker,16955,655,2,7,Graduate,Organic,2023-10-21
CUST008165,29,Female,Tier 3,Dhule,Gig Worker,32102,633,0,12,Graduate,DSA Agent,2022-04-16
CUST008166,28,Male,Tier 2,Haridwar,Gig Worker,26010,667,0,18,Graduate,Social Media,2022-09-25
CUST008167,36,Other,Tier 1,South Dumdum,Salaried,134040,736,1,18,Graduate,DSA Agent,2022-08-11
CUST008168,44,Female,Tier 1,Parbhani,Self Employed,42427,590,0,19,Graduate,DSA Agent,2022-12-31
CUST008169,38,Male,Tier 2,Gangtok,Gig Worker,33740,586,0,6,School,Social Media,2023-02-20
CUST008170,30,Male,Tier 3,Gorakhpur,Salaried,142593,776,0,8,Graduate,Referral,2022-01-07
CUST008171,21,Female,Tier 2,Kozhikode,Student,3316,428,1,0,Graduate,DSA Agent,2023-06-19
CUST008172,19,Female,Tier 3,Raiganj,Student,0,600,0,0,School,Referral,2023-12-18
CUST008173,32,Male,Tier 2,New Delhi,Gig Worker,22295,613,1,18,Graduate,Organic,2023-01-18
CUST008174,44,Male,Tier 2,Panvel,Salaried,41193,812,0,7,Graduate,Organic,2023-08-10
CUST008175,46,Female,Tier 2,Phusro,Self Employed,58615,740,1,10,Graduate,Social Media,2023-01-06
CUST008176,37,Female,Tier 1,Sikar,Salaried,54750,700,1,9,Graduate,Organic,2022-08-21
CUST008177,42,Male,Tier 1,Bhilwara,Salaried,80172,777,0,20,Graduate,Social Media,2022-01-08
CUST008178,29,Male,Tier 2,Sangli-Miraj & Kupwad,Self Employed,80154,716,0,22,Graduate,Organic,2023-08-18
CUST008179,39,Female,Tier 2,Tadepalligudem,Salaried,110606,734,0,25,Postgraduate,Referral,2022-12-01
CUST008180,39,Male,Tier 2,Moradabad,Salaried,139634,711,1,14,Graduate,Referral,2023-09-12
CUST008181,32,Female,Tier 2,Mahbubnagar,Salaried,138588,730,0,24,School,Organic,2022-08-16
CUST008182,43,Male,Tier 2,Warangal,Salaried,67933,718,0,4,Graduate,Organic,2023-04-09
CUST008183,38,Male,Tier 1,Sangli-Miraj & Kupwad,Salaried,77606,823,0,19,Graduate,Social Media,2022-06-29
CUST008184,40,Male,Tier 2,Bokaro,Business Owner,37719,745,1,37,School,Organic,2023-09-11
CUST008185,31,Male,Tier 2,Kozhikode,Salaried,90036,817,0,18,Graduate,Organic,2022-01-06
CUST008186,38,Male,Tier 2,Munger,Salaried,142166,737,0,20,Postgraduate,Referral,2023-03-02
CUST008187,29,Male,Tier 1,Karnal,Salaried,112688,801,0,5,School,Organic,2022-10-18
CUST008188,34,Female,Tier 1,Bihar Sharif,Business Owner,87689,728,1,16,Graduate,Referral,2022-05-27
CUST008189,31,Male,Tier 2,Allahabad,Gig Worker,28309,670,0,4,School,Organic,2022-11-16
CUST008190,34,Female,Tier 2,Chinsurah,Gig Worker,24041,617,0,3,Graduate,Organic,2023-11-17
CUST008191,26,Male,Tier 1,Bidhannagar,Student,0,564,0,0,Graduate,Social Media,2023-03-12
CUST008192,31,Female,Tier 2,Bathinda,Gig Worker,29647,539,0,15,Professional,Organic,2022-12-06
CUST008193,39,Male,Tier 1,Malda,Salaried,106610,811,0,14,Graduate,Organic,2022-11-03
CUST008194,45,Male,Tier 2,Begusarai,Salaried,84367,788,0,18,Postgraduate,Referral,2022-07-14
CUST008195,35,Female,Tier 1,Raurkela Industrial Township,Gig Worker,14986,545,1,11,School,Social Media,2022-05-07
CUST008196,39,Female,Tier 2,Giridih,Salaried,104104,784,0,30,Postgraduate,Social Media,2023-07-10
CUST008197,39,Female,Tier 1,Bilaspur,Self Employed,38224,662,0,15,Graduate,Organic,2023-07-27
CUST008198,28,Female,Tier 2,Lucknow,Salaried,85281,817,1,7,Graduate,Social Media,2023-05-17
CUST008199,30,Female,Tier 2,Mumbai,Gig Worker,19282,559,1,8,Postgraduate,Organic,2022-10-30
CUST008200,25,Male,Tier 1,Barasat,Salaried,101405,791,0,21,Graduate,DSA Agent,2023-10-06
CUST008201,41,Female,Tier 1,Gurgaon,Salaried,79805,749,0,13,School,Organic,2022-10-21
CUST008202,28,Female,Tier 2,Bharatpur,Gig Worker,12347,616,0,9,Graduate,Organic,2022-06-21
CUST008203,47,Other,Tier 2,Lucknow,Business Owner,105867,756,2,12,Graduate,Organic,2022-07-24
CUST008204,28,Female,Tier 2,Varanasi,Gig Worker,31743,538,1,1,School,Social Media,2022-03-03
CUST008205,46,Male,Tier 1,Kota,Self Employed,86308,706,0,4,Graduate,DSA Agent,2022-11-24
CUST008206,44,Male,Tier 2,Hindupur,Salaried,144588,766,0,8,Graduate,Social Media,2023-05-01
CUST008207,25,Female,Tier 2,Dehradun,Salaried,142825,798,0,12,Graduate,Social Media,2022-07-06
CUST008208,40,Female,Tier 1,Solapur,Salaried,68946,799,1,3,School,DSA Agent,2023-02-06
CUST008209,37,Female,Tier 2,Dewas,Salaried,88383,733,0,25,Graduate,Organic,2023-08-17
CUST008210,42,Female,Tier 3,Udupi,Salaried,83082,737,1,19,Professional,Organic,2023-09-14
CUST008211,34,Male,Tier 3,Parbhani,Salaried,126238,819,0,2,Postgraduate,Social Media,2023-12-08
CUST008212,32,Male,Tier 1,Hosur,Self Employed,26174,591,0,6,Postgraduate,Referral,2023-04-22
CUST008213,42,Male,Tier 2,Bhimavaram,Salaried,107552,836,0,10,Graduate,Social Media,2023-09-20
CUST008214,37,Female,Tier 3,Malegaon,Gig Worker,13204,638,0,18,Graduate,Social Media,2023-06-23
CUST008215,29,Female,Tier 3,Karnal,Gig Worker,22469,515,0,12,Graduate,DSA Agent,2023-06-16
CUST008216,37,Male,Tier 3,Shahjahanpur,Gig Worker,20590,517,0,15,Postgraduate,DSA Agent,2022-07-31
CUST008217,36,Female,Tier 3,Malegaon,Gig Worker,26441,607,2,4,Graduate,DSA Agent,2022-08-10
CUST008218,41,Male,Tier 1,Rourkela,Salaried,93786,764,0,14,Graduate,Organic,2023-05-19
CUST008219,33,Male,Tier 2,Secunderabad,Salaried,66090,721,0,27,School,Social Media,2023-08-01
CUST008220,39,Female,Tier 3,Thane,Self Employed,62849,731,1,27,Graduate,Referral,2023-02-18
CUST008221,20,Male,Tier 3,Dindigul,Student,13952,456,0,0,Graduate,Referral,2023-09-21
CUST008222,38,Female,Tier 1,Hapur,Salaried,46658,824,1,20,School,Social Media,2022-07-28
CUST008223,45,Female,Tier 2,Raipur,Salaried,62631,771,1,8,Graduate,Referral,2022-11-17
CUST008224,19,Female,Tier 1,Naihati,Student,0,485,0,0,School,Organic,2022-05-27
CUST008225,37,Male,Tier 1,Ozhukarai,Salaried,133945,839,0,3,Professional,Organic,2023-10-25
CUST008226,36,Female,Tier 3,Kamarhati,Gig Worker,17504,637,1,5,Graduate,Social Media,2022-02-23
CUST008227,27,Female,Tier 2,Amaravati,Gig Worker,28430,586,0,1,Graduate,Referral,2022-05-22
CUST008228,44,Female,Tier 2,Dhule,Salaried,88507,829,0,30,Graduate,DSA Agent,2022-04-17
CUST008229,30,Female,Tier 2,Sambalpur,Gig Worker,17714,500,2,4,Graduate,Social Media,2022-08-13
CUST008230,36,Male,Tier 2,Ujjain,Gig Worker,30870,593,1,9,Graduate,Referral,2022-03-27
CUST008231,44,Male,Tier 2,Shahjahanpur,Salaried,66674,817,0,16,Graduate,Social Media,2023-05-10
CUST008232,28,Female,Tier 3,Ujjain,Gig Worker,26057,536,0,12,Postgraduate,DSA Agent,2022-12-20
CUST008233,44,Female,Tier 2,Mira-Bhayandar,Self Employed,25373,670,0,2,Graduate,DSA Agent,2023-04-25
CUST008234,29,Male,Tier 3,Siwan,Gig Worker,23189,669,1,0,Postgraduate,Referral,2022-12-18
CUST008235,38,Male,Tier 2,Sri Ganganagar,Salaried,142512,710,0,26,Professional,Organic,2022-07-31
CUST008236,37,Female,Tier 2,Bhilai,Gig Worker,32161,658,1,4,Graduate,Social Media,2023-06-29
CUST008237,32,Male,Tier 2,Agartala,Self Employed,56350,559,0,36,Graduate,Social Media,2023-04-29
CUST008238,29,Male,Tier 2,Mysore,Self Employed,57995,616,0,36,Postgraduate,Organic,2023-01-18
CUST008239,31,Male,Tier 3,Adoni,Self Employed,91994,572,1,23,School,Organic,2022-05-26
CUST008240,35,Male,Tier 2,Raiganj,Salaried,77947,801,0,1,School,Referral,2022-09-07
CUST008241,33,Female,Tier 2,Khora ,Self Employed,56133,701,1,9,Graduate,Social Media,2022-01-16
CUST008242,36,Male,Tier 2,Satara,Self Employed,29273,665,1,33,Postgraduate,DSA Agent,2022-04-29
CUST008243,37,Male,Tier 1,Pimpri-Chinchwad,Salaried,100832,738,1,14,School,Organic,2022-02-08
CUST008244,36,Male,Tier 2,Asansol,Gig Worker,20784,601,1,12,Graduate,Social Media,2023-02-20
CUST008245,41,Male,Tier 2,Mehsana,Salaried,110825,825,0,27,School,Referral,2022-01-18
CUST008246,49,Female,Tier 1,Davanagere,Self Employed,92526,674,0,13,Graduate,Organic,2022-05-25
CUST008247,27,Male,Tier 1,Ongole,Salaried,97206,746,0,15,School,Social Media,2022-03-21
CUST008248,24,Female,Tier 3,Tirupati,Gig Worker,20604,578,0,13,Graduate,Organic,2022-08-08
CUST008249,41,Male,Tier 2,Alwar,Business Owner,102708,640,0,21,Graduate,Organic,2022-07-29
CUST008250,37,Male,Tier 2,Amritsar,Self Employed,91709,597,0,17,Graduate,DSA Agent,2022-04-08
CUST008251,50,Male,Tier 3,Yamunanagar,Business Owner,165318,703,1,14,School,Social Media,2023-07-10
CUST008252,53,Male,Tier 1,Hindupur,Business Owner,92501,638,2,5,Postgraduate,Referral,2022-12-07
CUST008253,25,Female,Tier 1,Tiruchirappalli,Salaried,100310,826,0,19,Graduate,Organic,2023-07-19
CUST008254,38,Male,Tier 2,Sultan Pur Majra,Self Employed,40868,637,0,5,Graduate,Organic,2022-01-07
CUST008255,22,Female,Tier 2,Navi Mumbai,Gig Worker,16136,540,2,11,Graduate,Organic,2022-06-30
CUST008256,25,Male,Tier 1,Bokaro,Student,0,511,0,0,Graduate,Organic,2022-03-12
CUST008257,45,Male,Tier 3,Amroha,Salaried,109193,735,1,12,Graduate,Organic,2022-04-28
CUST008258,49,Male,Tier 1,Berhampur,Business Owner,167792,659,3,36,Graduate,Social Media,2022-01-12
CUST008259,29,Female,Tier 2,Ongole,Self Employed,35190,659,1,16,Graduate,Referral,2023-01-19
CUST008260,48,Male,Tier 2,Ahmednagar,Self Employed,64579,601,0,24,Postgraduate,Social Media,2022-06-18
CUST008261,29,Male,Tier 2,Warangal,Salaried,144984,728,1,3,School,Organic,2022-09-23
CUST008262,37,Male,Tier 2,Panipat,Salaried,124399,759,0,2,Graduate,Referral,2022-11-23
CUST008263,36,Male,Tier 2,Imphal,Self Employed,32044,584,1,13,Graduate,Social Media,2022-08-31
CUST008264,29,Female,Tier 2,Danapur,Salaried,117427,740,0,19,Graduate,Social Media,2023-09-03
CUST008265,21,Female,Tier 2,Chandrapur,Student,0,418,0,0,Graduate,Organic,2023-09-13
CUST008266,29,Female,Tier 2,Kota,Salaried,112732,718,1,11,Postgraduate,DSA Agent,2023-01-23
CUST008267,47,Female,Tier 2,Indore,Self Employed,85126,742,0,14,Graduate,Social Media,2022-10-16
CUST008268,34,Female,Tier 2,Jamshedpur,Gig Worker,26048,657,0,16,Graduate,Social Media,2022-12-27
CUST008269,44,Male,Tier 2,Berhampur,Self Employed,76546,609,0,21,School,Social Media,2023-06-26
CUST008270,36,Female,Tier 1,Kolkata,Self Employed,74994,683,1,24,Postgraduate,Organic,2023-09-07
CUST008271,36,Male,Tier 2,Katihar,Salaried,55454,775,0,20,Graduate,Organic,2022-01-25
CUST008272,26,Male,Tier 2,Satna,Salaried,126778,725,0,15,Graduate,Referral,2022-09-14
CUST008273,40,Female,Tier 3,Gopalpur,Salaried,50361,826,0,30,Postgraduate,Referral,2022-03-04
CUST008274,33,Female,Tier 2,Jhansi,Gig Worker,13205,508,0,2,School,Organic,2023-10-18
CUST008275,30,Female,Tier 3,Aligarh,Gig Worker,30984,671,0,10,School,Social Media,2023-08-06
CUST008276,35,Female,Tier 2,Raichur,Self Employed,89704,714,0,10,School,Organic,2022-04-24
CUST008277,23,Male,Tier 2,Bathinda,Gig Worker,34220,647,0,11,School,Organic,2022-02-13
CUST008278,30,Male,Tier 2,Hyderabad,Gig Worker,13646,624,1,12,Postgraduate,Referral,2022-07-26
CUST008279,29,Male,Tier 2,Bareilly,Gig Worker,23976,553,1,9,Postgraduate,Social Media,2023-08-26
CUST008280,41,Female,Tier 1,Bhagalpur,Salaried,97716,771,0,18,Graduate,DSA Agent,2022-11-01
CUST008281,29,Female,Tier 2,Salem,Salaried,86088,704,0,19,Graduate,Social Media,2022-02-25
CUST008282,48,Male,Tier 3,Dewas,Business Owner,198446,663,1,26,School,Referral,2023-02-26
CUST008283,19,Male,Tier 2,Dhanbad,Student,0,587,1,0,School,Social Media,2023-01-01
CUST008284,36,Male,Tier 2,Shivpuri,Salaried,116549,812,0,12,Graduate,Social Media,2022-05-22
CUST008285,26,Female,Tier 2,Kolhapur,Gig Worker,29889,520,1,17,Graduate,Social Media,2022-05-30
CUST008286,21,Female,Tier 1,Kirari Suleman Nagar,Student,18666,461,1,0,Graduate,DSA Agent,2023-11-27
CUST008287,34,Male,Tier 2,Dindigul,Gig Worker,23706,561,1,4,School,Organic,2023-10-16
CUST008288,39,Other,Tier 1,Mira-Bhayandar,Salaried,137882,711,0,16,Graduate,Social Media,2022-07-14
CUST008289,30,Female,Tier 1,Tiruchirappalli,Salaried,142958,715,0,14,Graduate,Organic,2023-09-27
CUST008290,23,Male,Tier 2,Rohtak,Gig Worker,19157,533,1,9,School,Social Media,2022-10-24
CUST008291,34,Female,Tier 3,Panvel,Business Owner,131296,748,0,18,Postgraduate,Social Media,2023-10-06
CUST008292,32,Male,Tier 3,Gudivada,Self Employed,57102,689,1,16,Postgraduate,Referral,2022-01-10
CUST008293,37,Male,Tier 3,Chennai,Salaried,57058,783,0,6,Graduate,Referral,2022-04-05
CUST008294,35,Male,Tier 1,Hosur,Salaried,139685,775,1,17,Postgraduate,Organic,2023-08-20
CUST008295,32,Female,Tier 3,Kumbakonam,Self Employed,63940,603,1,15,Postgraduate,Organic,2023-07-10
CUST008296,24,Female,Tier 3,Chinsurah,Student,1268,528,0,0,Graduate,Referral,2022-07-13
CUST008297,33,Male,Tier 3,Eluru,Self Employed,54369,645,3,7,Postgraduate,Organic,2022-10-26
CUST008298,43,Female,Tier 1,Dhule,Self Employed,25577,555,0,33,Graduate,Social Media,2023-08-23
CUST008299,41,Male,Tier 1,Tirunelveli,Salaried,139607,794,0,29,Professional,Organic,2022-12-11
CUST008300,24,Female,Tier 2,Raichur,Student,14042,408,0,0,Graduate,Referral,2022-07-11
CUST008301,28,Female,Tier 2,Secunderabad,Self Employed,90722,553,1,21,Graduate,Referral,2023-07-27
CUST008302,33,Male,Tier 1,Dehradun,Salaried,130156,841,0,20,Graduate,Social Media,2022-01-27
CUST008303,36,Male,Tier 2,Bhind,Self Employed,20310,714,0,12,Graduate,Organic,2022-06-04
CUST008304,40,Female,Tier 1,Bhiwani,Salaried,101200,770,0,26,Postgraduate,Referral,2022-12-24
CUST008305,41,Male,Tier 2,Howrah,Salaried,89665,794,0,20,Graduate,Social Media,2023-07-26
CUST008306,44,Female,Tier 1,Ambala,Salaried,76512,840,1,1,Postgraduate,Social Media,2023-08-22
CUST008307,42,Female,Tier 1,Hajipur,Salaried,115323,821,0,8,Graduate,Referral,2022-03-14
CUST008308,37,Female,Tier 2,Hosur,Salaried,114670,742,2,15,Graduate,Organic,2023-02-09
CUST008309,31,Male,Tier 2,Pondicherry,Gig Worker,27733,505,1,4,Postgraduate,Organic,2023-06-02
CUST008310,27,Male,Tier 1,Morena,Gig Worker,14309,572,2,19,Postgraduate,Social Media,2022-06-11
CUST008311,28,Male,Tier 2,Machilipatnam,Gig Worker,20131,512,0,10,Graduate,Organic,2023-01-03
CUST008312,35,Female,Tier 1,Surat,Salaried,95456,712,0,7,Graduate,Organic,2022-10-30
CUST008313,37,Male,Tier 2,Sikar,Salaried,95852,755,0,5,Graduate,Organic,2023-06-14
CUST008314,48,Male,Tier 2,Cuttack,Self Employed,75009,568,1,36,School,Referral,2022-08-31
CUST008315,24,Female,Tier 2,Mirzapur,Gig Worker,14810,624,0,17,Postgraduate,DSA Agent,2023-12-29
CUST008316,37,Female,Tier 2,Thrissur,Salaried,53390,772,0,23,Graduate,DSA Agent,2022-09-08
CUST008317,18,Male,Tier 3,Dindigul,Student,0,467,1,0,School,DSA Agent,2022-05-04
CUST008318,34,Other,Tier 1,Bhimavaram,Self Employed,44120,740,0,16,Graduate,Referral,2023-05-04
CUST008319,18,Female,Tier 3,Gulbarga,Student,0,560,1,0,Postgraduate,DSA Agent,2023-07-20
CUST008320,35,Male,Tier 3,Malegaon,Gig Worker,32883,548,0,14,Graduate,Organic,2022-02-02
CUST008321,36,Male,Tier 2,Etawah,Salaried,89452,771,3,24,School,Social Media,2023-08-02
CUST008322,38,Female,Tier 2,Aligarh,Self Employed,99924,642,0,25,School,Referral,2023-12-30
CUST008323,38,Female,Tier 2,Nagercoil,Salaried,77999,831,0,27,Professional,DSA Agent,2023-03-03
CUST008324,37,Male,Tier 1,Gulbarga,Gig Worker,23579,529,2,10,Graduate,Social Media,2023-02-09
CUST008325,37,Male,Tier 1,Amroha,Salaried,61621,718,1,20,Graduate,Social Media,2022-04-05
CUST008326,20,Male,Tier 2,Suryapet,Student,0,492,0,0,Graduate,Social Media,2022-07-16
CUST008327,33,Female,Tier 1,Maheshtala,Salaried,144613,840,0,28,School,Social Media,2023-01-09
CUST008328,36,Male,Tier 1,Bokaro,Business Owner,39005,680,1,28,Graduate,Social Media,2023-05-11
CUST008329,19,Male,Tier 1,Mysore,Student,7727,527,0,0,Postgraduate,Referral,2022-08-21
CUST008330,27,Female,Tier 1,Ujjain,Gig Worker,23732,679,1,4,Graduate,Referral,2022-06-04
CUST008331,42,Female,Tier 2,Panipat,Self Employed,30822,626,1,24,Graduate,Social Media,2022-10-07
CUST008332,32,Female,Tier 2,Tumkur,Self Employed,68556,679,0,30,Graduate,Organic,2023-11-21
CUST008333,20,Male,Tier 1,Hindupur,Student,18049,466,0,0,Graduate,DSA Agent,2022-02-10
CUST008334,29,Male,Tier 3,Ahmedabad,Gig Worker,17981,571,0,11,School,DSA Agent,2023-11-02
CUST008335,46,Male,Tier 3,Singrauli,Self Employed,38415,557,1,9,Graduate,Organic,2023-06-02
CUST008336,22,Female,Tier 2,Raiganj,Gig Worker,31808,544,0,10,Graduate,Social Media,2022-06-19
CUST008337,31,Female,Tier 2,Guntur,Business Owner,149026,714,0,26,Graduate,Referral,2022-03-29
CUST008338,36,Male,Tier 1,Silchar,Gig Worker,33907,515,0,2,School,DSA Agent,2022-07-03
CUST008339,38,Male,Tier 2,Firozabad,Gig Worker,24500,556,1,13,Graduate,Social Media,2023-05-07
CUST008340,33,Female,Tier 2,Faridabad,Self Employed,87712,574,0,14,School,Referral,2022-12-04
CUST008341,21,Female,Tier 2,Chinsurah,Student,0,592,0,0,Graduate,DSA Agent,2022-09-10
CUST008342,24,Male,Tier 3,Udaipur,Gig Worker,12387,580,1,1,Graduate,Social Media,2022-01-12
CUST008343,38,Female,Tier 1,Morena,Salaried,74089,744,0,5,School,DSA Agent,2022-05-10
CUST008344,27,Female,Tier 3,Thane,Gig Worker,32134,652,0,13,School,Organic,2023-09-10
CUST008345,46,Female,Tier 3,Ahmednagar,Business Owner,194185,779,0,22,Graduate,Referral,2022-08-03
CUST008346,50,Female,Tier 1,Dhanbad,Self Employed,21159,666,0,2,Graduate,DSA Agent,2023-03-31
CUST008347,24,Female,Tier 2,Ramgarh,Student,0,480,0,0,Graduate,Social Media,2022-04-03
CUST008348,25,Female,Tier 1,Sambalpur,Salaried,128916,782,1,27,School,Social Media,2022-11-04
CUST008349,38,Female,Tier 2,Kollam,Gig Worker,18097,680,0,2,Graduate,Organic,2023-09-05
CUST008350,41,Male,Tier 1,Guntur,Self Employed,20219,686,0,38,Postgraduate,Organic,2022-07-08
CUST008351,19,Male,Tier 2,Bihar Sharif,Student,0,408,0,0,Graduate,Referral,2022-01-07
CUST008352,33,Female,Tier 2,Tiruchirappalli,Salaried,118098,755,0,10,Graduate,DSA Agent,2022-02-02
CUST008353,24,Female,Tier 2,Guntakal,Student,12677,582,0,0,Postgraduate,Referral,2023-03-28
CUST008354,34,Female,Tier 3,Eluru,Gig Worker,12489,546,0,12,Postgraduate,Referral,2023-09-01
CUST008355,28,Male,Tier 1,Ranchi,Salaried,125688,778,0,25,Postgraduate,Organic,2023-06-21
CUST008356,36,Female,Tier 2,Jaipur,Salaried,58076,744,1,23,Graduate,Referral,2023-01-05
CUST008357,38,Male,Tier 1,Surendranagar Dudhrej,Salaried,113695,845,0,23,School,Referral,2023-06-19
CUST008358,38,Female,Tier 2,Agra,Gig Worker,21952,557,1,6,Graduate,Social Media,2023-04-09
CUST008359,33,Male,Tier 1,Silchar,Salaried,46814,825,0,1,School,DSA Agent,2022-05-01
CUST008360,27,Male,Tier 1,Silchar,Salaried,107738,817,0,29,Graduate,Organic,2022-10-16
CUST008361,22,Male,Tier 1,Gurgaon,Student,0,540,0,0,Graduate,Social Media,2023-08-22
CUST008362,30,Female,Tier 1,Bhalswa Jahangir Pur,Salaried,81555,766,0,6,Postgraduate,Organic,2022-03-11
CUST008363,27,Male,Tier 2,Bikaner,Salaried,79802,746,1,4,Graduate,DSA Agent,2022-07-13
CUST008364,37,Male,Tier 3,Ichalkaranji,Gig Worker,34975,577,1,13,School,Referral,2022-05-03
CUST008365,38,Male,Tier 1,Hajipur,Gig Worker,30754,600,0,5,Graduate,Social Media,2023-01-24
CUST008366,47,Male,Tier 3,Hyderabad,Self Employed,70380,614,0,36,Postgraduate,DSA Agent,2022-03-12
CUST008367,22,Female,Tier 3,Chapra,Gig Worker,30416,570,1,17,School,Organic,2023-06-17
CUST008368,41,Male,Tier 3,Ambattur,Self Employed,67885,690,0,29,Graduate,Organic,2023-04-26
CUST008369,38,Male,Tier 1,Malegaon,Self Employed,46736,662,0,27,Graduate,Social Media,2022-09-20
CUST008370,25,Female,Tier 2,Gopalpur,Salaried,64109,700,0,2,Postgraduate,Organic,2023-12-25
CUST008371,45,Female,Tier 2,Mysore,Salaried,110080,718,0,13,Postgraduate,DSA Agent,2023-08-13
CUST008372,37,Female,Tier 2,Khandwa,Gig Worker,29493,663,1,16,Graduate,Social Media,2023-05-01
CUST008373,27,Female,Tier 2,Rajahmundry,Gig Worker,19906,610,0,10,Postgraduate,Organic,2022-02-16
CUST008374,31,Female,Tier 2,Tiruppur,Self Employed,53541,655,0,17,Graduate,Organic,2022-02-16
CUST008375,29,Male,Tier 2,Bulandshahr,Gig Worker,12672,517,0,6,Graduate,Social Media,2022-10-04
CUST008376,22,Other,Tier 3,Ahmedabad,Gig Worker,24687,573,0,15,Graduate,Referral,2023-05-16
CUST008377,27,Female,Tier 2,Ichalkaranji,Salaried,73755,828,0,26,School,Social Media,2022-04-30
CUST008378,38,Female,Tier 2,Raebareli,Salaried,113279,765,0,25,Professional,Organic,2023-06-29
CUST008379,23,Female,Tier 3,Durgapur,Gig Worker,17578,609,1,17,School,Social Media,2023-02-21
CUST008380,36,Female,Tier 2,Navi Mumbai,Gig Worker,21336,583,2,16,School,Organic,2023-09-07
CUST008381,26,Male,Tier 3,Karnal,Gig Worker,21083,500,0,2,School,Referral,2022-03-25
CUST008382,44,Male,Tier 2,Tumkur,Salaried,60047,731,0,14,Graduate,Social Media,2022-04-08
CUST008383,37,Other,Tier 3,Thiruvananthapuram,Self Employed,37279,568,1,29,Graduate,Social Media,2023-01-14
CUST008384,25,Female,Tier 2,Mangalore,Student,16764,514,0,0,Postgraduate,Social Media,2022-06-30
CUST008385,26,Male,Tier 1,Nandyal,Salaried,88243,807,1,26,Postgraduate,Organic,2022-09-04
CUST008386,36,Female,Tier 3,Nagaon,Gig Worker,22275,656,1,4,Graduate,Organic,2023-03-10
CUST008387,42,Female,Tier 1,Morena,Business Owner,86004,748,1,24,Postgraduate,Social Media,2023-09-05
CUST008388,36,Male,Tier 1,Patna,Salaried,144238,734,1,7,School,Organic,2023-05-16
CUST008389,31,Female,Tier 3,Dhule,Gig Worker,16605,616,1,14,School,Social Media,2023-08-11
CUST008390,34,Female,Tier 2,Mahbubnagar,Salaried,131696,746,0,5,Graduate,Social Media,2022-09-27
CUST008391,29,Male,Tier 2,Bokaro,Self Employed,55413,721,1,18,Graduate,Social Media,2023-09-18
CUST008392,37,Female,Tier 1,Alwar,Salaried,83555,759,3,4,Graduate,Organic,2023-11-24
CUST008393,40,Male,Tier 2,Coimbatore,Business Owner,121784,612,1,19,Graduate,DSA Agent,2022-12-07
CUST008394,31,Male,Tier 3,Khammam,Self Employed,42021,710,1,14,Postgraduate,Referral,2023-07-24
CUST008395,47,Male,Tier 2,Salem,Self Employed,74967,618,0,22,Graduate,DSA Agent,2022-05-30
CUST008396,37,Female,Tier 1,Jaipur,Self Employed,31409,735,0,6,Graduate,Social Media,2022-01-17
CUST008397,26,Male,Tier 2,Shimla,Gig Worker,32190,662,0,16,School,Organic,2023-06-20
CUST008398,24,Male,Tier 2,Malegaon,Gig Worker,13502,532,1,17,Professional,Social Media,2022-10-21
CUST008399,25,Female,Tier 1,South Dumdum,Student,0,499,0,0,Postgraduate,Social Media,2022-10-06
CUST008400,34,Male,Tier 2,Gulbarga,Business Owner,73860,731,1,36,Graduate,Referral,2023-07-17
CUST008401,27,Female,Tier 2,Karaikudi,Gig Worker,20842,565,0,17,Graduate,Referral,2022-04-15
CUST008402,42,Female,Tier 3,Raiganj,Business Owner,158555,615,0,3,School,Social Media,2022-07-14
CUST008403,36,Other,Tier 2,Shimoga,Gig Worker,33983,619,0,15,Postgraduate,DSA Agent,2023-11-30
CUST008404,35,Female,Tier 3,Solapur,Gig Worker,16771,507,0,3,Postgraduate,Organic,2022-01-31
CUST008405,31,Male,Tier 3,Gulbarga,Gig Worker,23644,503,0,6,Postgraduate,DSA Agent,2023-01-12
CUST008406,44,Male,Tier 1,Agartala,Salaried,130057,808,0,6,Postgraduate,Referral,2023-07-03
CUST008407,28,Female,Tier 1,Haldia,Salaried,96024,844,2,13,Graduate,Social Media,2022-12-06
CUST008408,43,Female,Tier 1,Thiruvananthapuram,Salaried,110079,816,0,13,Graduate,Referral,2023-03-11
CUST008409,25,Male,Tier 3,Chapra,Gig Worker,22857,680,0,9,Graduate,Referral,2022-08-17
CUST008410,32,Female,Tier 2,Sultan Pur Majra,Gig Worker,23367,624,1,6,Postgraduate,Organic,2023-02-26
CUST008411,28,Female,Tier 3,Dehradun,Gig Worker,29423,558,1,15,Postgraduate,Social Media,2023-06-26
CUST008412,52,Other,Tier 1,Durg,Business Owner,163686,719,1,11,Professional,Social Media,2023-01-16
CUST008413,36,Female,Tier 2,Kamarhati,Gig Worker,24744,643,1,1,School,Social Media,2022-05-28
CUST008414,30,Other,Tier 3,Durgapur,Gig Worker,30962,555,1,10,Graduate,Organic,2023-03-17
CUST008415,25,Female,Tier 2,Karaikudi,Salaried,123847,773,0,6,Postgraduate,Social Media,2022-05-25
CUST008416,35,Female,Tier 1,Parbhani,Salaried,45730,749,1,8,School,Social Media,2023-02-27
CUST008417,28,Male,Tier 3,Malegaon,Self Employed,21220,637,0,15,Graduate,Referral,2022-09-28
CUST008418,36,Female,Tier 2,Hazaribagh,Gig Worker,15233,555,0,12,Professional,Social Media,2022-09-09
CUST008419,41,Female,Tier 2,Shimoga,Self Employed,31679,673,1,22,Graduate,Social Media,2023-07-23
CUST008420,40,Other,Tier 1,Ahmedabad,Salaried,51249,710,0,30,Graduate,Social Media,2022-12-30
CUST008421,33,Female,Tier 3,Hindupur,Gig Worker,19988,555,1,8,Postgraduate,Referral,2022-08-02
CUST008422,43,Male,Tier 1,Ambattur,Salaried,107564,755,0,28,Graduate,Social Media,2023-11-05
CUST008423,43,Female,Tier 2,Satara,Salaried,95233,781,0,16,School,DSA Agent,2023-10-08
CUST008424,36,Female,Tier 2,Agartala,Salaried,60432,716,0,15,Graduate,Organic,2023-04-11
CUST008425,27,Male,Tier 1,Mysore,Salaried,128034,736,0,17,Postgraduate,DSA Agent,2023-12-12
CUST008426,42,Male,Tier 2,Alwar,Salaried,90394,843,1,20,School,DSA Agent,2023-10-31
CUST008427,41,Female,Tier 1,Pondicherry,Salaried,85096,744,0,1,Graduate,Social Media,2023-03-07
CUST008428,42,Male,Tier 2,Patna,Business Owner,80623,740,1,31,Graduate,DSA Agent,2022-05-05
CUST008429,29,Male,Tier 2,Morena,Salaried,45229,816,0,26,School,DSA Agent,2022-02-23
CUST008430,40,Male,Tier 2,Firozabad,Salaried,47281,700,0,23,Graduate,Organic,2023-02-17
CUST008431,38,Female,Tier 3,Dhanbad,Salaried,103696,794,1,27,Graduate,Referral,2022-05-01
CUST008432,27,Female,Tier 3,Unnao,Gig Worker,19332,600,0,6,School,DSA Agent,2022-12-16
CUST008433,43,Male,Tier 1,Bareilly,Salaried,71488,845,0,10,School,Organic,2022-08-18
CUST008434,22,Female,Tier 3,Korba,Student,0,524,1,0,Graduate,DSA Agent,2023-09-29
CUST008435,37,Female,Tier 3,Dibrugarh,Business Owner,130812,616,1,8,Graduate,Organic,2022-07-24
CUST008436,30,Male,Tier 1,Bally,Salaried,57622,753,0,8,Professional,Social Media,2023-02-25
CUST008437,27,Male,Tier 3,Berhampore,Gig Worker,18710,572,3,12,Graduate,Social Media,2022-10-13
CUST008438,27,Female,Tier 1,Tenali,Salaried,112611,772,0,26,Graduate,Social Media,2022-12-19
CUST008439,45,Male,Tier 2,Gwalior,Self Employed,72346,619,0,34,School,Organic,2022-01-01
CUST008440,36,Female,Tier 2,Etawah,Gig Worker,25024,624,2,8,Postgraduate,Social Media,2023-08-26
CUST008441,30,Male,Tier 1,Bardhaman,Salaried,55916,760,2,1,Postgraduate,Social Media,2023-05-11
CUST008442,36,Male,Tier 1,Bhind,Salaried,83026,707,0,6,Postgraduate,Social Media,2023-01-28
CUST008443,39,Other,Tier 2,Munger,Self Employed,42968,637,1,19,Graduate,DSA Agent,2022-10-22
CUST008444,26,Male,Tier 2,Sambhal,Gig Worker,16563,587,0,5,Graduate,DSA Agent,2023-07-24
CUST008445,44,Female,Tier 1,Arrah,Salaried,91855,738,0,1,Graduate,Organic,2022-05-25
CUST008446,46,Male,Tier 3,Chandigarh,Self Employed,96676,665,0,19,School,DSA Agent,2023-11-17
CUST008447,25,Male,Tier 2,Hazaribagh,Gig Worker,29192,584,1,2,School,Social Media,2022-01-15
CUST008448,25,Male,Tier 1,Allahabad,Student,0,580,0,0,School,Social Media,2023-04-27
CUST008449,35,Male,Tier 1,Bidhannagar,Salaried,44909,801,2,12,School,Organic,2023-10-28
CUST008450,50,Male,Tier 1,Rourkela,Self Employed,52666,734,0,6,School,Social Media,2022-10-10
CUST008451,39,Male,Tier 2,Hyderabad,Self Employed,75841,574,0,11,Graduate,Organic,2023-08-26
CUST008452,31,Female,Tier 3,Thanjavur,Salaried,119717,837,1,9,Graduate,Referral,2023-04-27
CUST008453,32,Female,Tier 1,Malda,Self Employed,23259,622,0,26,Graduate,Social Media,2022-07-05
CUST008454,38,Male,Tier 2,Jaipur,Gig Worker,30467,642,0,7,Postgraduate,Organic,2022-09-07
CUST008455,40,Female,Tier 2,Noida,Business Owner,103091,694,1,21,Postgraduate,Social Media,2023-07-15
CUST008456,25,Male,Tier 1,Bulandshahr,Salaried,72964,767,0,22,Postgraduate,Social Media,2022-02-19
CUST008457,31,Male,Tier 3,Visakhapatnam,Self Employed,66197,580,1,5,Postgraduate,Referral,2023-05-27
CUST008458,31,Female,Tier 3,Vadodara,Gig Worker,15272,536,1,1,Postgraduate,Organic,2023-02-23
CUST008459,37,Male,Tier 2,Shahjahanpur,Business Owner,51520,767,0,25,Graduate,DSA Agent,2023-09-29
CUST008460,40,Female,Tier 3,Shimoga,Salaried,126905,745,0,18,School,Referral,2022-10-28
CUST008461,39,Male,Tier 1,Guntakal,Business Owner,141209,686,1,11,Graduate,Social Media,2022-05-28
CUST008462,54,Female,Tier 3,Rajpur Sonarpur,Business Owner,197613,610,1,20,School,Organic,2023-02-12
CUST008463,40,Female,Tier 2,Tenali,Salaried,74522,735,0,25,Postgraduate,Referral,2023-06-15
CUST008464,26,Male,Tier 2,Gandhidham,Student,0,476,0,0,School,Organic,2023-01-22
CUST008465,40,Male,Tier 3,Lucknow,Business Owner,31573,664,1,34,Graduate,Organic,2023-08-18
CUST008466,41,Female,Tier 2,Chittoor,Salaried,56142,807,1,15,School,Referral,2023-03-05
CUST008467,33,Female,Tier 3,Motihari,Gig Worker,27000,532,1,0,Graduate,Organic,2022-04-30
CUST008468,26,Male,Tier 2,South Dumdum,Gig Worker,28804,632,0,10,Graduate,Social Media,2023-04-22
CUST008469,39,Male,Tier 3,Bidar,Salaried,62804,845,0,14,Graduate,Social Media,2022-08-08
CUST008470,45,Male,Tier 2,Fatehpur,Salaried,131545,734,0,18,Graduate,Organic,2022-09-08
CUST008471,33,Female,Tier 2,Jodhpur,Salaried,104636,847,0,2,Graduate,Social Media,2022-11-15
CUST008472,29,Female,Tier 1,Anand,Salaried,132926,839,0,11,Postgraduate,Social Media,2023-05-13
CUST008473,28,Male,Tier 2,Danapur,Gig Worker,19421,619,2,19,Postgraduate,Social Media,2022-09-08
CUST008474,44,Male,Tier 2,Ozhukarai,Salaried,148087,713,1,4,School,Social Media,2022-03-27
CUST008475,24,Female,Tier 1,Ambala,Student,1557,549,0,0,School,DSA Agent,2022-03-16
CUST008476,40,Female,Tier 2,Khora ,Self Employed,34308,700,0,32,Graduate,Referral,2023-02-11
CUST008477,32,Female,Tier 3,Munger,Salaried,98947,760,0,12,Graduate,Social Media,2023-05-27
CUST008478,45,Male,Tier 2,Tiruppur,Self Employed,85309,559,0,24,Graduate,Social Media,2022-02-21
CUST008479,39,Female,Tier 2,Kurnool,Self Employed,99407,681,0,28,Graduate,Referral,2022-02-04
CUST008480,30,Female,Tier 3,Gulbarga,Business Owner,129444,666,1,3,Postgraduate,DSA Agent,2023-10-11
CUST008481,45,Male,Tier 1,Silchar,Salaried,107344,722,0,8,Graduate,Social Media,2023-12-30
CUST008482,25,Other,Tier 1,Satna,Salaried,92382,775,1,29,Graduate,Organic,2022-04-11
CUST008483,36,Female,Tier 1,Lucknow,Business Owner,182032,723,0,35,Graduate,Social Media,2022-05-19
CUST008484,55,Female,Tier 1,Aurangabad,Business Owner,133177,792,0,30,School,Social Media,2023-11-10
CUST008485,43,Female,Tier 3,Kolhapur,Self Employed,52007,558,1,23,School,Referral,2022-01-25
CUST008486,50,Male,Tier 3,Sirsa,Self Employed,31510,739,1,23,Graduate,Social Media,2022-06-06
CUST008487,31,Male,Tier 2,Firozabad,Salaried,59493,821,1,8,Postgraduate,Referral,2022-03-25
CUST008488,33,Male,Tier 3,Solapur,Gig Worker,21921,675,0,12,Postgraduate,Organic,2023-01-12
CUST008489,35,Female,Tier 2,Mango,Salaried,58093,770,0,3,Postgraduate,Social Media,2022-05-29
CUST008490,44,Male,Tier 2,Vellore,Salaried,102535,844,1,26,School,Organic,2022-03-18
CUST008491,23,Female,Tier 3,Tiruppur,Student,0,552,1,0,Postgraduate,Organic,2022-01-25
CUST008492,45,Male,Tier 1,Ghaziabad,Salaried,66934,766,0,25,Graduate,Referral,2023-03-20
CUST008493,23,Female,Tier 2,Rewa,Gig Worker,21317,523,0,0,Postgraduate,Social Media,2023-05-14
CUST008494,37,Female,Tier 2,Gangtok,Business Owner,50636,607,1,12,Graduate,Organic,2023-10-12
CUST008495,37,Female,Tier 2,Bhalswa Jahangir Pur,Salaried,123198,838,0,29,Postgraduate,Organic,2022-10-29
CUST008496,35,Female,Tier 2,Amaravati,Business Owner,191879,793,0,6,School,DSA Agent,2023-05-27
CUST008497,55,Other,Tier 3,Danapur,Business Owner,195419,734,0,32,Graduate,Organic,2023-01-16
CUST008498,38,Male,Tier 2,Tezpur,Gig Worker,16677,568,1,14,Graduate,DSA Agent,2023-02-13
CUST008499,37,Male,Tier 1,Pallavaram,Salaried,128445,722,0,26,Graduate,Social Media,2023-04-30
CUST008500,31,Male,Tier 3,Kishanganj,Salaried,82582,745,0,7,Postgraduate,Organic,2023-06-29
CUST008501,34,Female,Tier 3,Gurgaon,Gig Worker,18458,602,2,12,Postgraduate,DSA Agent,2023-04-04
CUST008502,35,Male,Tier 1,Kurnool,Salaried,52940,711,1,2,Graduate,Social Media,2022-07-18
CUST008503,42,Female,Tier 2,Madhyamgram,Salaried,85424,777,0,22,Graduate,Social Media,2022-02-08
CUST008504,43,Male,Tier 2,Berhampore,Business Owner,177632,636,3,37,Graduate,Organic,2022-10-12
CUST008505,25,Female,Tier 1,Deoghar,Salaried,60478,845,0,16,Graduate,Social Media,2022-06-21
CUST008506,33,Female,Tier 2,Aizawl,Self Employed,66769,585,0,27,Graduate,Organic,2023-04-16
CUST008507,36,Female,Tier 1,Tirunelveli,Salaried,102887,763,0,6,Graduate,Organic,2023-07-12
CUST008508,26,Female,Tier 3,Dharmavaram,Gig Worker,13844,553,1,0,School,Social Media,2022-02-25
CUST008509,49,Male,Tier 3,Sangli-Miraj & Kupwad,Business Owner,125808,702,1,39,School,Social Media,2022-01-11
CUST008510,27,Male,Tier 1,Tiruppur,Salaried,138027,792,1,11,Graduate,Referral,2023-12-24
CUST008511,25,Female,Tier 1,Chandigarh,Salaried,42333,722,0,12,Graduate,Social Media,2023-12-17
CUST008512,34,Male,Tier 3,Khammam,Self Employed,48317,672,1,39,Graduate,Organic,2022-06-12
CUST008513,36,Female,Tier 2,Ghaziabad,Self Employed,87278,575,0,14,Graduate,Organic,2023-05-25
CUST008514,37,Female,Tier 1,Gorakhpur,Self Employed,22063,586,2,11,Graduate,Social Media,2023-01-17
CUST008515,28,Female,Tier 2,Secunderabad,Salaried,97683,732,0,26,Professional,Referral,2023-12-23
CUST008516,30,Male,Tier 1,Hospet,Salaried,92301,792,0,2,Professional,Social Media,2023-11-23
CUST008517,36,Female,Tier 2,Nadiad,Business Owner,81098,799,1,8,Postgraduate,Organic,2023-10-09
CUST008518,32,Male,Tier 2,Rajkot,Business Owner,62757,776,0,22,Postgraduate,DSA Agent,2022-03-04
CUST008519,26,Male,Tier 2,Siwan,Gig Worker,23580,612,0,18,School,Referral,2022-12-30
CUST008520,24,Male,Tier 2,Jhansi,Student,0,593,1,0,Graduate,DSA Agent,2023-09-15
CUST008521,33,Male,Tier 1,Arrah,Gig Worker,27332,519,1,1,Professional,Social Media,2023-05-12
CUST008522,33,Male,Tier 2,Medininagar,Gig Worker,29135,513,1,3,School,Social Media,2022-02-17
CUST008523,29,Male,Tier 1,Darbhanga,Salaried,50686,701,0,21,Postgraduate,DSA Agent,2022-10-08
CUST008524,28,Female,Tier 2,Kishanganj,Gig Worker,19636,522,1,2,Graduate,Social Media,2023-03-10
CUST008525,27,Male,Tier 2,Sambalpur,Gig Worker,22187,591,0,8,Professional,Social Media,2023-08-01
CUST008526,35,Female,Tier 1,Siliguri,Salaried,44477,778,0,10,Postgraduate,Organic,2023-12-30
CUST008527,31,Male,Tier 2,Kirari Suleman Nagar,Gig Worker,24418,650,3,9,Graduate,Social Media,2023-11-23
CUST008528,32,Male,Tier 3,Vijayanagaram,Self Employed,85514,686,0,31,School,Social Media,2022-11-20
CUST008529,48,Female,Tier 2,Ambala,Self Employed,75219,727,1,12,Graduate,Social Media,2023-10-01
CUST008530,31,Female,Tier 2,Kharagpur,Self Employed,81685,691,0,13,Postgraduate,Social Media,2022-10-14
CUST008531,31,Male,Tier 3,Gopalpur,Business Owner,178343,671,1,36,Graduate,Referral,2023-09-09
CUST008532,44,Male,Tier 2,Raipur,Salaried,88934,757,0,18,Postgraduate,Organic,2023-07-05
CUST008533,37,Male,Tier 3,Dehri,Gig Worker,18942,563,0,9,Graduate,DSA Agent,2022-02-15
CUST008534,38,Male,Tier 3,Kota,Self Employed,99841,654,1,6,Graduate,Referral,2023-10-02
CUST008535,23,Female,Tier 3,Nizamabad,Gig Worker,17480,587,0,0,Postgraduate,Referral,2023-04-25
CUST008536,37,Female,Tier 1,Sasaram,Salaried,147377,728,0,21,Postgraduate,Organic,2022-07-26
CUST008537,35,Male,Tier 1,Ozhukarai,Salaried,50385,784,0,29,Graduate,Referral,2023-02-15
CUST008538,24,Female,Tier 1,Kollam,Student,0,535,0,0,Professional,Referral,2022-02-01
CUST008539,25,Male,Tier 3,Ranchi,Gig Worker,30133,626,0,1,Graduate,Organic,2023-07-25
CUST008540,20,Female,Tier 2,Fatehpur,Student,0,552,0,0,Postgraduate,Social Media,2022-02-24
CUST008541,30,Female,Tier 2,Khora ,Gig Worker,24874,660,2,13,Graduate,Social Media,2023-10-11
CUST008542,46,Other,Tier 2,Haridwar,Self Employed,42144,559,2,36,Postgraduate,Organic,2022-08-25
CUST008543,23,Female,Tier 3,Kalyan-Dombivli,Student,0,412,0,0,Graduate,Organic,2022-03-02
CUST008544,34,Female,Tier 1,Nashik,Self Employed,81218,628,2,39,Postgraduate,Organic,2022-06-17
CUST008545,26,Male,Tier 2,Ludhiana,Gig Worker,25965,582,0,13,Graduate,Referral,2023-02-08
CUST008546,22,Female,Tier 3,Kadapa,Gig Worker,32224,666,0,4,Postgraduate,DSA Agent,2022-03-17
CUST008547,23,Male,Tier 3,Malda,Student,6565,558,0,0,Graduate,Social Media,2022-03-20
CUST008548,32,Male,Tier 3,Rewa,Gig Worker,29141,528,2,18,Professional,Organic,2023-07-18
CUST008549,24,Female,Tier 3,Dehri,Gig Worker,27538,593,0,6,School,Organic,2022-06-29
CUST008550,30,Male,Tier 2,Ghaziabad,Salaried,89245,722,0,16,Graduate,Social Media,2023-02-17
CUST008551,51,Female,Tier 2,Jamalpur,Business Owner,60100,706,2,31,Graduate,Organic,2022-10-27
CUST008552,43,Female,Tier 3,Sagar,Salaried,66133,829,0,23,Graduate,Social Media,2022-05-28
CUST008553,40,Female,Tier 3,Hajipur,Self Employed,22517,739,0,30,Graduate,DSA Agent,2022-05-31
CUST008554,22,Female,Tier 3,Ludhiana,Gig Worker,33962,536,1,5,Graduate,Social Media,2023-02-13
CUST008555,25,Male,Tier 3,Berhampore,Gig Worker,21133,601,0,4,School,Social Media,2023-05-26
CUST008556,40,Other,Tier 2,Hazaribagh,Self Employed,46347,702,1,22,Graduate,Organic,2022-07-13
CUST008557,39,Male,Tier 2,Buxar,Salaried,83401,844,0,2,Graduate,Social Media,2023-03-19
CUST008558,30,Female,Tier 2,Bhind,Gig Worker,22477,622,1,3,Graduate,Organic,2023-05-01
CUST008559,48,Female,Tier 2,Hubli–Dharwad,Self Employed,37741,701,2,24,Graduate,Social Media,2022-05-19
CUST008560,26,Female,Tier 1,Gurgaon,Student,12995,488,1,0,Postgraduate,Social Media,2023-03-10
CUST008561,45,Female,Tier 2,Bhusawal,Salaried,73190,701,0,2,Graduate,Organic,2023-08-05
CUST008562,18,Female,Tier 3,Ghaziabad,Student,11391,438,0,0,Graduate,DSA Agent,2023-03-10
CUST008563,50,Male,Tier 2,Bhubaneswar,Self Employed,68570,700,1,12,Graduate,Referral,2022-11-19
CUST008564,24,Male,Tier 1,Chittoor,Student,0,597,0,0,Graduate,Organic,2023-08-03
CUST008565,37,Male,Tier 2,Katni,Gig Worker,25526,512,0,1,Postgraduate,Social Media,2022-03-23
CUST008566,28,Female,Tier 2,Kanpur,Gig Worker,33951,538,0,2,Graduate,Referral,2023-08-19
CUST008567,47,Female,Tier 3,Bettiah,Business Owner,151004,761,0,20,Postgraduate,Referral,2023-05-12
CUST008568,18,Female,Tier 1,Pune,Student,6849,416,1,0,Postgraduate,Social Media,2023-03-24
CUST008569,26,Female,Tier 3,Jamshedpur,Gig Worker,16452,505,0,19,School,DSA Agent,2022-10-06
CUST008570,37,Female,Tier 1,Howrah,Salaried,128179,771,0,9,Postgraduate,Social Media,2023-06-08
CUST008571,34,Male,Tier 2,Bidar,Gig Worker,21409,661,1,2,Postgraduate,Organic,2022-12-23
CUST008572,32,Male,Tier 3,Bilaspur,Gig Worker,15738,538,0,16,Graduate,DSA Agent,2023-06-30
CUST008573,34,Male,Tier 2,Agartala,Salaried,89046,777,1,11,Postgraduate,Social Media,2023-06-01
CUST008574,25,Female,Tier 2,Anantapur,Salaried,90735,735,1,25,Graduate,Organic,2022-11-28
CUST008575,21,Male,Tier 2,Udaipur,Student,0,486,0,0,Postgraduate,Referral,2023-11-17
CUST008576,37,Female,Tier 3,Thanjavur,Salaried,91042,756,0,1,Graduate,Organic,2022-03-22
CUST008577,45,Female,Tier 2,Chennai,Self Employed,73765,698,0,27,Graduate,Organic,2022-05-10
CUST008578,30,Male,Tier 1,Mangalore,Salaried,62009,833,0,8,Graduate,Referral,2023-09-08
CUST008579,45,Male,Tier 3,Sagar,Salaried,132996,778,0,14,Postgraduate,Organic,2022-05-21
CUST008580,44,Male,Tier 1,Bihar Sharif,Salaried,121468,780,0,17,Graduate,Social Media,2023-03-04
CUST008581,36,Male,Tier 2,Dindigul,Salaried,142929,735,0,22,School,Social Media,2022-11-08
CUST008582,36,Female,Tier 2,Vellore,Self Employed,79234,658,0,20,Postgraduate,DSA Agent,2023-01-28
CUST008583,24,Male,Tier 1,Bhimavaram,Student,15366,500,0,0,Professional,Social Media,2022-09-20
CUST008584,41,Female,Tier 1,Bhatpara,Salaried,57592,700,0,25,Graduate,Social Media,2023-05-26
CUST008585,35,Female,Tier 1,Berhampore,Gig Worker,18678,606,0,5,Graduate,Social Media,2022-05-03
CUST008586,38,Male,Tier 3,Kulti,Gig Worker,33478,547,1,19,School,Social Media,2023-02-19
CUST008587,23,Female,Tier 3,South Dumdum,Student,0,502,0,0,Graduate,Organic,2023-04-11
CUST008588,40,Female,Tier 2,Jehanabad,Self Employed,78376,671,0,33,Graduate,DSA Agent,2022-12-11
CUST008589,33,Female,Tier 1,Machilipatnam,Gig Worker,16657,586,1,11,Graduate,Organic,2023-12-27
CUST008590,40,Male,Tier 2,Kulti,Self Employed,78577,744,2,4,Postgraduate,Organic,2022-10-01
CUST008591,23,Male,Tier 3,Sultan Pur Majra,Student,0,468,0,0,Graduate,Referral,2023-12-02
CUST008592,42,Male,Tier 1,Mira-Bhayandar,Salaried,139341,715,0,7,Postgraduate,Social Media,2022-09-02
CUST008593,26,Male,Tier 2,Latur,Gig Worker,17028,641,0,8,Professional,Referral,2023-03-04
CUST008594,51,Female,Tier 1,Ratlam,Business Owner,86727,674,0,29,Graduate,Social Media,2022-09-10
CUST008595,32,Female,Tier 3,Aizawl,Self Employed,77099,596,1,34,Graduate,DSA Agent,2023-10-19
CUST008596,29,Female,Tier 3,Nagercoil,Gig Worker,21582,673,0,18,Professional,DSA Agent,2022-10-16
CUST008597,23,Male,Tier 1,Korba,Gig Worker,21002,649,1,8,Postgraduate,Referral,2022-11-17
CUST008598,32,Male,Tier 2,Rohtak,Salaried,67110,767,1,25,Graduate,Social Media,2023-08-17
CUST008599,38,Female,Tier 2,Katihar,Gig Worker,22660,655,0,13,Professional,Organic,2023-05-07
CUST008600,39,Male,Tier 2,Arrah,Self Employed,95634,643,1,21,School,Social Media,2022-12-01
CUST008601,23,Male,Tier 2,Pune,Gig Worker,24165,544,0,4,Graduate,Organic,2023-10-04
CUST008602,28,Female,Tier 2,Silchar,Self Employed,83313,692,0,8,Graduate,Referral,2023-07-18
CUST008603,22,Male,Tier 1,Sasaram,Student,0,422,0,0,School,Social Media,2022-09-09
CUST008604,38,Female,Tier 1,Kochi,Salaried,41877,721,1,25,School,Social Media,2023-04-18
CUST008605,24,Male,Tier 3,Jehanabad,Gig Worker,16707,662,2,5,School,Organic,2022-07-06
CUST008606,36,Female,Tier 3,Panchkula,Gig Worker,18910,654,0,15,Postgraduate,Social Media,2023-03-14
CUST008607,45,Female,Tier 3,Kadapa,Self Employed,41986,703,1,15,Graduate,Organic,2023-02-28
CUST008608,29,Male,Tier 2,Bally,Salaried,112312,719,3,10,School,Social Media,2022-06-16
CUST008609,48,Female,Tier 3,Bulandshahr,Self Employed,85401,696,0,9,Graduate,Social Media,2022-10-19
CUST008610,24,Female,Tier 1,Davanagere,Student,14635,565,0,0,School,Organic,2023-08-18
CUST008611,26,Female,Tier 3,Ahmednagar,Gig Worker,13503,598,2,19,Graduate,Social Media,2023-03-04
CUST008612,55,Male,Tier 3,Agra,Business Owner,69190,667,1,6,Postgraduate,Referral,2023-12-21
CUST008613,32,Female,Tier 3,Sambhal,Business Owner,42512,740,0,19,School,Organic,2023-08-02
CUST008614,26,Male,Tier 2,Mahbubnagar,Salaried,79737,825,0,30,Graduate,Social Media,2022-07-17
CUST008615,35,Female,Tier 2,Anantapuram,Salaried,123559,811,0,14,Graduate,Social Media,2022-10-07
CUST008616,43,Female,Tier 2,Bikaner,Business Owner,138474,638,1,38,School,Referral,2022-12-18
CUST008617,47,Female,Tier 2,Amaravati,Business Owner,40217,706,0,38,Postgraduate,Social Media,2022-12-14
CUST008618,27,Female,Tier 1,Tezpur,Salaried,60215,834,0,7,Graduate,Referral,2022-11-05
CUST008619,40,Male,Tier 3,Akola,Salaried,117363,737,0,22,Postgraduate,DSA Agent,2022-01-01
CUST008620,45,Male,Tier 2,Dhanbad,Salaried,119223,705,0,10,Professional,Social Media,2023-07-19
CUST008621,42,Female,Tier 1,Gaya,Business Owner,143785,771,0,37,School,Organic,2022-01-27
CUST008622,40,Female,Tier 1,Udaipur,Salaried,149814,726,0,13,School,Organic,2022-08-09
CUST008623,38,Male,Tier 3,Bulandshahr,Gig Worker,12431,584,0,4,Professional,Organic,2023-04-08
CUST008624,26,Female,Tier 2,Hyderabad,Student,0,563,0,0,Graduate,Social Media,2022-01-13
CUST008625,33,Female,Tier 2,Erode,Salaried,137347,701,1,1,Graduate,Referral,2023-02-07
CUST008626,48,Female,Tier 2,Srinagar,Self Employed,37249,672,0,36,Postgraduate,Referral,2022-04-15
CUST008627,37,Male,Tier 1,Jehanabad,Salaried,137945,803,0,3,Graduate,Social Media,2023-11-23
CUST008628,23,Male,Tier 2,Belgaum,Student,0,522,0,0,Postgraduate,Social Media,2022-08-23
CUST008629,34,Other,Tier 1,Hapur,Salaried,91535,796,0,13,Postgraduate,Referral,2022-01-06
CUST008630,49,Female,Tier 2,Phagwara,Self Employed,75579,693,0,2,Graduate,Organic,2022-08-22
CUST008631,44,Female,Tier 2,Giridih,Self Employed,25506,657,0,21,Graduate,Social Media,2022-06-22
CUST008632,41,Male,Tier 2,Thrissur,Salaried,48388,723,0,1,Graduate,Organic,2022-06-16
CUST008633,45,Female,Tier 2,Begusarai,Salaried,123975,744,0,25,Graduate,DSA Agent,2023-10-27
CUST008634,35,Female,Tier 3,Silchar,Gig Worker,34072,511,1,12,Graduate,Organic,2022-09-02
CUST008635,41,Male,Tier 1,Shimla,Salaried,124517,720,0,19,Graduate,DSA Agent,2022-01-17
CUST008636,24,Female,Tier 3,Phagwara,Student,9057,424,0,0,Graduate,Referral,2023-08-23
CUST008637,26,Female,Tier 3,Serampore,Student,0,585,0,0,Graduate,Social Media,2023-10-01
CUST008638,22,Female,Tier 2,Ahmedabad,Gig Worker,30822,665,0,16,Graduate,Social Media,2023-06-20
CUST008639,37,Female,Tier 2,Bhilai,Self Employed,53262,662,0,34,Professional,Social Media,2023-10-01
CUST008640,36,Female,Tier 2,Rohtak,Self Employed,85489,568,1,2,Graduate,Social Media,2022-08-03
CUST008641,24,Female,Tier 2,Dhanbad,Student,0,583,1,0,Postgraduate,Social Media,2023-12-15
CUST008642,35,Female,Tier 2,Narasaraopet,Gig Worker,23646,642,1,11,Postgraduate,DSA Agent,2023-03-07
CUST008643,34,Female,Tier 1,Bareilly,Salaried,56813,741,0,10,Professional,Organic,2023-02-02
CUST008644,32,Male,Tier 3,Kollam,Salaried,77642,726,0,14,School,Organic,2023-03-09
CUST008645,30,Female,Tier 2,Khora ,Gig Worker,14346,544,1,17,School,Referral,2023-03-20
CUST008646,26,Female,Tier 2,Bhatpara,Gig Worker,29637,511,1,6,Graduate,Social Media,2023-12-21
CUST008647,25,Male,Tier 3,Sambhal,Gig Worker,32692,646,0,1,Postgraduate,Social Media,2023-03-20
CUST008648,31,Female,Tier 1,Ludhiana,Salaried,53197,800,0,1,Postgraduate,Referral,2022-05-01
CUST008649,47,Male,Tier 2,Jabalpur,Self Employed,28797,635,0,2,School,DSA Agent,2022-03-15
CUST008650,38,Female,Tier 1,Bihar Sharif,Salaried,124191,822,0,7,Graduate,Social Media,2022-01-30
CUST008651,42,Male,Tier 3,Kirari Suleman Nagar,Salaried,118695,718,0,19,Graduate,Social Media,2022-12-24
CUST008652,22,Male,Tier 2,Siliguri,Gig Worker,17757,544,0,5,Graduate,Organic,2022-10-04
CUST008653,45,Female,Tier 1,Farrukhabad,Salaried,51944,844,0,23,Graduate,Social Media,2022-05-02
CUST008654,24,Female,Tier 2,Visakhapatnam,Gig Worker,24708,601,0,10,Graduate,Organic,2022-04-18
CUST008655,32,Female,Tier 2,Phusro,Gig Worker,19870,527,0,19,School,Social Media,2022-07-25
CUST008656,37,Female,Tier 2,Bellary,Gig Worker,12558,609,0,5,Graduate,DSA Agent,2022-10-13
CUST008657,32,Female,Tier 3,Kochi,Gig Worker,19441,677,0,3,Graduate,Referral,2023-11-22
CUST008658,43,Female,Tier 2,Kurnool,Salaried,99904,734,0,5,School,Referral,2023-03-29
CUST008659,42,Female,Tier 1,Pondicherry,Salaried,88389,759,0,4,Postgraduate,Referral,2022-07-14
CUST008660,23,Other,Tier 1,Tinsukia,Student,0,494,0,0,Postgraduate,Referral,2022-06-30
CUST008661,31,Male,Tier 2,Mira-Bhayandar,Gig Worker,29643,541,1,9,School,Organic,2022-07-19
CUST008662,33,Female,Tier 3,Gudivada,Gig Worker,33947,577,0,3,Graduate,DSA Agent,2023-09-22
CUST008663,38,Male,Tier 2,Khammam,Salaried,147112,760,0,27,Graduate,Referral,2022-08-22
CUST008664,26,Female,Tier 1,Bihar Sharif,Gig Worker,15970,576,0,10,Graduate,Referral,2022-03-13
CUST008665,31,Male,Tier 3,Bhavnagar,Gig Worker,19981,536,0,2,Graduate,Social Media,2023-03-20
CUST008666,34,Female,Tier 1,Hyderabad,Gig Worker,25442,638,0,1,Postgraduate,Social Media,2022-11-07
CUST008667,35,Female,Tier 1,Udupi,Self Employed,21611,604,0,12,Graduate,Organic,2023-03-19
CUST008668,34,Other,Tier 1,Pimpri-Chinchwad,Salaried,72734,709,0,21,Graduate,Social Media,2023-12-14
CUST008669,25,Other,Tier 3,Muzaffarpur,Salaried,70296,823,0,15,School,DSA Agent,2022-06-18
CUST008670,20,Other,Tier 3,Ahmednagar,Student,0,455,0,0,Graduate,Organic,2023-07-25
CUST008671,37,Male,Tier 3,Jehanabad,Business Owner,30781,773,0,17,Professional,Referral,2022-03-01
CUST008672,33,Other,Tier 1,Purnia,Salaried,86826,760,0,22,Postgraduate,Organic,2023-07-17
CUST008673,28,Male,Tier 2,Narasaraopet,Gig Worker,18713,577,0,4,Graduate,Organic,2022-09-10
CUST008674,42,Female,Tier 2,Bhilwara,Salaried,139657,709,0,9,Graduate,Organic,2023-09-08
CUST008675,37,Male,Tier 3,Cuttack,Salaried,138268,769,0,27,Postgraduate,Referral,2023-01-10
CUST008676,41,Female,Tier 3,Uluberia,Salaried,120550,763,3,15,Graduate,DSA Agent,2022-05-15
CUST008677,40,Other,Tier 1,Deoghar,Salaried,121867,841,2,29,Postgraduate,Organic,2023-01-15
CUST008678,42,Female,Tier 3,Kolkata,Self Employed,28565,700,0,3,Graduate,Organic,2023-10-04
CUST008679,37,Female,Tier 3,Bhalswa Jahangir Pur,Gig Worker,28102,541,1,15,Graduate,Social Media,2023-11-30
CUST008680,35,Female,Tier 2,Sambalpur,Salaried,143927,836,0,24,School,Social Media,2023-06-20
CUST008681,33,Male,Tier 1,Sultan Pur Majra,Salaried,137926,800,0,20,Graduate,Social Media,2023-06-30
CUST008682,18,Female,Tier 1,Alappuzha,Student,0,593,0,0,Graduate,Organic,2023-03-24
CUST008683,31,Female,Tier 2,Hajipur,Salaried,94427,724,0,30,Postgraduate,Social Media,2023-09-29
CUST008684,40,Male,Tier 3,Aurangabad,Self Employed,80080,725,0,35,Graduate,Social Media,2023-12-06
CUST008685,25,Male,Tier 1,Nangloi Jat,Salaried,138720,786,1,27,Postgraduate,Social Media,2022-03-16
CUST008686,27,Male,Tier 1,Ramagundam,Gig Worker,24659,665,1,18,Professional,Organic,2023-04-08
CUST008687,33,Female,Tier 1,Tirupati,Salaried,84943,760,0,18,School,Organic,2023-05-14
CUST008688,34,Male,Tier 1,Aizawl,Salaried,69612,717,0,8,Postgraduate,Referral,2022-08-22
CUST008689,40,Male,Tier 2,Bardhaman,Salaried,102950,753,1,27,Graduate,Referral,2022-01-30
CUST008690,45,Male,Tier 2,Ujjain,Salaried,110347,779,0,25,Graduate,Organic,2023-07-22
CUST008691,31,Female,Tier 1,Kamarhati,Gig Worker,32988,560,0,19,Graduate,Social Media,2023-09-20
CUST008692,48,Female,Tier 2,Jammu,Self Employed,40018,678,0,21,Graduate,DSA Agent,2023-03-24
CUST008693,42,Female,Tier 1,Tadipatri,Salaried,54081,722,0,28,Graduate,Social Media,2022-10-24
CUST008694,38,Female,Tier 2,Machilipatnam,Salaried,88321,742,0,27,Postgraduate,Social Media,2022-03-02
CUST008695,31,Male,Tier 1,Ahmedabad,Gig Worker,21288,589,0,3,Graduate,Social Media,2023-08-29
CUST008696,44,Male,Tier 1,Mehsana,Self Employed,20387,570,0,33,Postgraduate,Referral,2022-02-13
CUST008697,33,Female,Tier 2,Shimla,Business Owner,192779,699,1,34,Professional,Social Media,2023-12-18
CUST008698,32,Male,Tier 2,Gulbarga,Gig Worker,28879,636,0,6,School,Organic,2023-08-22
CUST008699,31,Male,Tier 3,Mehsana,Gig Worker,12260,609,0,12,School,Social Media,2022-09-17
CUST008700,35,Female,Tier 2,Ghaziabad,Gig Worker,20441,583,0,11,Graduate,DSA Agent,2022-09-28
CUST008701,44,Male,Tier 1,Gurgaon,Business Owner,143313,748,2,19,Professional,Referral,2023-11-15
CUST008702,26,Female,Tier 3,Ramgarh,Student,18620,591,0,0,Postgraduate,Organic,2023-09-27
CUST008703,35,Male,Tier 3,Ranchi,Salaried,125813,739,0,24,Graduate,Social Media,2022-12-04
CUST008704,28,Female,Tier 2,Thoothukudi,Salaried,66196,807,0,26,School,Referral,2022-11-20
CUST008705,43,Male,Tier 1,Gudivada,Salaried,106165,837,1,20,Graduate,Social Media,2023-12-24
CUST008706,36,Male,Tier 3,Hazaribagh,Gig Worker,26357,553,0,19,Postgraduate,DSA Agent,2023-11-06
CUST008707,36,Male,Tier 3,Jammu,Self Employed,27649,569,0,15,School,Social Media,2022-04-04
CUST008708,28,Female,Tier 2,Jaunpur,Gig Worker,19296,617,1,4,Graduate,DSA Agent,2023-11-07
CUST008709,37,Other,Tier 3,Jhansi,Salaried,68560,824,0,30,Graduate,Social Media,2023-08-22
CUST008710,48,Male,Tier 3,Udaipur,Self Employed,66021,652,0,25,Graduate,DSA Agent,2022-06-26
CUST008711,24,Female,Tier 1,Tirupati,Student,0,453,0,0,Graduate,Social Media,2023-08-04
CUST008712,25,Female,Tier 2,Sultan Pur Majra,Salaried,139319,765,1,21,Postgraduate,Social Media,2023-05-23
CUST008713,38,Other,Tier 3,Jamalpur,Self Employed,50368,550,0,36,School,Social Media,2023-10-22
CUST008714,34,Female,Tier 1,Gopalpur,Gig Worker,17080,640,1,6,Postgraduate,Organic,2023-04-13
CUST008715,20,Male,Tier 2,Chinsurah,Student,0,418,0,0,Graduate,Organic,2023-12-23
CUST008716,26,Female,Tier 1,Raiganj,Student,0,589,1,0,Graduate,DSA Agent,2022-01-09
CUST008717,32,Female,Tier 1,Warangal,Gig Worker,21883,631,2,4,Graduate,Organic,2023-05-08
CUST008718,31,Male,Tier 2,Satna,Self Employed,43842,631,0,10,School,Social Media,2023-08-27
CUST008719,20,Male,Tier 2,Kolkata,Student,0,458,0,0,Postgraduate,Organic,2023-05-07
CUST008720,28,Female,Tier 3,Haridwar,Gig Worker,22354,502,0,12,Professional,Social Media,2022-10-25
CUST008721,45,Female,Tier 1,Solapur,Salaried,71760,764,0,14,Graduate,Social Media,2022-02-12
CUST008722,34,Female,Tier 1,Chittoor,Self Employed,84885,606,1,11,Graduate,Social Media,2022-08-25
CUST008723,43,Other,Tier 2,Proddatur,Salaried,116840,804,0,27,Postgraduate,Referral,2023-02-12
CUST008724,32,Female,Tier 2,Hubli–Dharwad,Gig Worker,16351,563,0,6,Graduate,Social Media,2022-02-01
CUST008725,20,Male,Tier 2,Mathura,Student,0,485,1,0,Graduate,Referral,2022-09-06
CUST008726,47,Male,Tier 3,Siwan,Self Employed,45233,565,0,10,Postgraduate,Organic,2023-02-24
CUST008727,35,Male,Tier 3,Vijayawada,Gig Worker,30252,661,1,1,Graduate,Social Media,2023-03-15
CUST008728,39,Male,Tier 1,Nagercoil,Salaried,80356,739,1,17,Graduate,Social Media,2022-04-27
CUST008729,38,Male,Tier 2,Nellore,Gig Worker,28268,673,0,7,Graduate,Social Media,2022-09-11
CUST008730,44,Female,Tier 2,Vadodara,Salaried,53863,764,1,12,Graduate,Organic,2023-01-26
CUST008731,39,Female,Tier 3,Proddatur,Salaried,80378,842,0,3,Graduate,Organic,2023-06-26
CUST008732,50,Female,Tier 2,Danapur,Self Employed,80926,623,1,8,Graduate,DSA Agent,2022-06-21
CUST008733,35,Female,Tier 1,Hapur,Salaried,112503,849,0,8,School,DSA Agent,2022-04-29
CUST008734,37,Female,Tier 3,Tinsukia,Gig Worker,26210,635,0,4,Graduate,Social Media,2022-02-09
CUST008735,22,Female,Tier 3,Bareilly,Gig Worker,33010,624,0,13,Graduate,Referral,2023-06-08
CUST008736,41,Female,Tier 3,Bidhannagar,Business Owner,65003,729,2,8,Graduate,Referral,2023-07-23
CUST008737,30,Male,Tier 2,Gopalpur,Gig Worker,19019,589,0,15,Postgraduate,Organic,2022-11-02
CUST008738,29,Male,Tier 1,Ambarnath,Salaried,80541,835,0,14,Graduate,DSA Agent,2022-12-13
CUST008739,34,Female,Tier 1,Madanapalle,Salaried,113805,790,1,3,Graduate,Referral,2023-08-08
CUST008740,30,Male,Tier 3,Sikar,Gig Worker,34484,574,3,2,Graduate,Referral,2023-04-08
CUST008741,31,Female,Tier 2,Pallavaram,Gig Worker,12607,503,0,7,Graduate,DSA Agent,2023-03-23
CUST008742,36,Male,Tier 2,Delhi,Gig Worker,15429,660,0,15,Graduate,Social Media,2023-01-28
CUST008743,37,Female,Tier 2,Anantapuram,Gig Worker,14014,547,1,3,School,DSA Agent,2022-03-11
CUST008744,42,Other,Tier 1,Dharmavaram,Salaried,109861,711,0,5,Graduate,DSA Agent,2022-06-22
CUST008745,32,Male,Tier 3,Ahmedabad,Gig Worker,28625,547,2,15,Postgraduate,Organic,2022-12-02
CUST008746,38,Female,Tier 2,Imphal,Gig Worker,34227,570,0,5,Graduate,Organic,2022-08-14
CUST008747,31,Male,Tier 2,Kochi,Salaried,140880,731,1,10,Professional,Organic,2023-09-03
CUST008748,25,Male,Tier 2,Surat,Salaried,77282,705,0,3,School,Social Media,2022-11-03
CUST008749,27,Male,Tier 1,Mahbubnagar,Salaried,133422,776,0,6,Graduate,Referral,2022-04-25
CUST008750,25,Female,Tier 2,Mangalore,Salaried,95346,823,0,8,Graduate,Referral,2022-04-13
CUST008751,49,Male,Tier 3,Panvel,Self Employed,20166,644,1,29,Postgraduate,Organic,2022-09-19
CUST008752,41,Female,Tier 1,Bhagalpur,Salaried,118806,776,1,3,Graduate,Social Media,2022-03-06
CUST008753,39,Male,Tier 3,Singrauli,Salaried,53810,836,0,16,Postgraduate,Social Media,2023-01-05
CUST008754,29,Male,Tier 1,Thane,Salaried,114109,839,0,7,School,Referral,2023-03-20
CUST008755,43,Female,Tier 3,Kottayam,Business Owner,135495,706,2,31,School,Referral,2023-08-02
CUST008756,24,Male,Tier 2,Tinsukia,Student,0,508,0,0,School,Referral,2022-02-08
CUST008757,40,Male,Tier 2,Alwar,Salaried,122239,800,1,20,School,Social Media,2023-03-02
CUST008758,36,Male,Tier 1,Raiganj,Salaried,139572,756,0,25,Graduate,Referral,2022-11-07
CUST008759,43,Female,Tier 1,Saharanpur,Salaried,91624,752,1,24,Graduate,Referral,2022-07-23
CUST008760,34,Female,Tier 2,Pondicherry,Gig Worker,24297,555,0,8,Postgraduate,Social Media,2022-03-08
CUST008761,38,Male,Tier 2,Narasaraopet,Salaried,89419,829,0,26,Graduate,Referral,2022-11-06
CUST008762,30,Male,Tier 1,Mysore,Self Employed,99789,744,0,6,School,Social Media,2023-01-25
CUST008763,27,Male,Tier 3,Ichalkaranji,Gig Worker,14850,533,2,10,Postgraduate,Referral,2022-12-04
CUST008764,19,Male,Tier 3,Ghaziabad,Student,3933,496,0,0,Graduate,Social Media,2023-08-25
CUST008765,27,Female,Tier 1,Kurnool,Salaried,129274,701,0,2,Graduate,DSA Agent,2023-06-27
CUST008766,24,Female,Tier 2,Tiruvottiyur,Student,0,555,1,0,School,DSA Agent,2022-04-12
CUST008767,37,Female,Tier 3,Mira-Bhayandar,Self Employed,36552,692,3,10,School,Social Media,2023-08-15
CUST008768,43,Male,Tier 3,Pimpri-Chinchwad,Salaried,104503,839,1,23,Graduate,Organic,2022-04-15
CUST008769,36,Female,Tier 2,Mahbubnagar,Gig Worker,31036,566,1,6,Postgraduate,Organic,2023-01-09
CUST008770,25,Female,Tier 2,Dewas,Salaried,117011,784,0,20,School,Social Media,2023-03-11
CUST008771,45,Female,Tier 3,Jaipur,Salaried,106813,771,0,2,School,Organic,2022-06-03
CUST008772,25,Female,Tier 3,Bhiwani,Salaried,102991,790,1,4,Graduate,DSA Agent,2023-01-14
CUST008773,37,Female,Tier 2,Kalyan-Dombivli,Gig Worker,19374,645,2,1,Graduate,Organic,2022-11-04
CUST008774,25,Female,Tier 3,Kalyan-Dombivli,Gig Worker,17760,515,0,9,Professional,DSA Agent,2023-05-22
CUST008775,49,Male,Tier 3,Kalyan-Dombivli,Business Owner,174070,733,0,15,Graduate,Social Media,2023-03-20
CUST008776,34,Female,Tier 1,Khora ,Salaried,90014,739,1,22,Postgraduate,DSA Agent,2022-06-02
CUST008777,36,Male,Tier 2,Panvel,Business Owner,124198,697,2,4,Graduate,DSA Agent,2023-03-12
CUST008778,27,Female,Tier 2,Korba,Salaried,56064,702,0,14,Postgraduate,Referral,2023-04-24
CUST008779,30,Female,Tier 1,Tiruchirappalli,Self Employed,84532,693,1,9,Postgraduate,Social Media,2023-07-26
CUST008780,37,Female,Tier 2,Ulhasnagar,Salaried,43394,714,0,12,Graduate,Social Media,2023-02-12
CUST008781,30,Male,Tier 1,Burhanpur,Salaried,48717,842,0,23,Postgraduate,DSA Agent,2022-07-11
CUST008782,24,Male,Tier 1,Jalandhar,Student,3730,531,0,0,Postgraduate,Social Media,2022-07-08
CUST008783,35,Male,Tier 2,Siwan,Salaried,111507,773,0,18,Graduate,Social Media,2022-02-25
CUST008784,28,Female,Tier 2,Begusarai,Self Employed,85954,702,1,3,Postgraduate,Organic,2022-07-26
CUST008785,29,Female,Tier 2,Kishanganj,Gig Worker,23736,645,1,18,Graduate,Social Media,2023-08-27
CUST008786,28,Female,Tier 2,Tiruvottiyur,Gig Worker,17305,587,1,0,Postgraduate,Social Media,2022-12-01
CUST008787,38,Male,Tier 3,Silchar,Gig Worker,30378,577,0,17,Graduate,Referral,2022-09-09
CUST008788,41,Female,Tier 2,Gaya,Self Employed,44276,687,2,37,Graduate,Organic,2023-06-16
CUST008789,30,Other,Tier 2,Gorakhpur,Salaried,98897,778,1,6,Postgraduate,Social Media,2023-12-19
CUST008790,40,Male,Tier 3,Patna,Self Employed,73410,734,1,27,Graduate,DSA Agent,2023-03-24
CUST008791,18,Female,Tier 3,Malda,Student,0,496,0,0,Postgraduate,Organic,2022-03-11
CUST008792,27,Female,Tier 2,Siliguri,Salaried,72172,746,2,23,Graduate,Social Media,2022-03-29
CUST008793,40,Female,Tier 1,Satara,Salaried,127033,756,0,12,Postgraduate,Organic,2023-06-06
CUST008794,32,Other,Tier 1,Ghaziabad,Self Employed,56321,565,0,22,Graduate,Organic,2022-11-18
CUST008795,37,Male,Tier 2,Chennai,Gig Worker,22895,554,0,14,School,Social Media,2022-11-25
CUST008796,23,Female,Tier 2,Morena,Gig Worker,24058,610,0,2,Graduate,DSA Agent,2022-10-11
CUST008797,33,Female,Tier 2,Bharatpur,Salaried,133838,820,2,27,Postgraduate,Referral,2022-09-28
CUST008798,38,Female,Tier 2,Sagar,Gig Worker,30202,615,1,10,School,Organic,2022-05-28
CUST008799,32,Female,Tier 1,Howrah,Salaried,66060,732,1,18,Graduate,Organic,2022-09-07
CUST008800,25,Other,Tier 3,Thiruvananthapuram,Gig Worker,22606,679,1,8,Graduate,Social Media,2022-09-25
CUST008801,35,Female,Tier 2,Raiganj,Self Employed,29528,734,1,37,Professional,DSA Agent,2023-04-07
CUST008802,27,Female,Tier 2,Ramagundam,Salaried,59758,811,0,20,Postgraduate,Organic,2023-05-25
CUST008803,35,Male,Tier 1,Srinagar,Gig Worker,29046,555,1,3,School,Organic,2022-01-19
CUST008804,53,Male,Tier 2,Latur,Business Owner,38763,764,0,35,Graduate,Referral,2023-08-21
CUST008805,39,Male,Tier 1,Bidar,Self Employed,54526,653,0,35,Postgraduate,Organic,2022-08-25
CUST008806,19,Female,Tier 3,Munger,Student,10415,440,1,0,Graduate,Organic,2022-05-12
CUST008807,29,Other,Tier 2,Mira-Bhayandar,Gig Worker,19601,521,1,7,Professional,Social Media,2022-09-29
CUST008808,33,Male,Tier 3,Bokaro,Self Employed,93702,632,1,10,Graduate,Organic,2023-04-24
CUST008809,29,Male,Tier 2,Khammam,Salaried,134586,744,1,29,Postgraduate,Social Media,2023-10-01
CUST008810,45,Female,Tier 1,Delhi,Salaried,126631,739,1,16,School,Referral,2023-09-16
CUST008811,38,Female,Tier 3,Ahmednagar,Salaried,57093,840,0,4,Graduate,Referral,2022-12-10
CUST008812,26,Female,Tier 2,Durgapur,Gig Worker,26492,634,0,0,Professional,Organic,2023-04-30
CUST008813,22,Male,Tier 1,Srinagar,Student,11426,556,0,0,Graduate,Social Media,2022-04-24
CUST008814,29,Male,Tier 2,Pune,Salaried,124568,729,1,20,School,Organic,2022-12-09
CUST008815,50,Female,Tier 2,Dindigul,Self Employed,35528,627,1,10,Graduate,Social Media,2022-02-04
CUST008816,29,Male,Tier 2,Miryalaguda,Self Employed,66561,750,0,17,Graduate,Organic,2023-12-19
CUST008817,26,Male,Tier 2,Chennai,Gig Worker,14853,624,1,10,Postgraduate,DSA Agent,2023-09-28
CUST008818,26,Male,Tier 3,Munger,Gig Worker,16309,519,0,19,Graduate,Organic,2022-07-01
CUST008819,26,Male,Tier 2,Nashik,Gig Worker,32778,595,1,9,Graduate,Referral,2022-06-05
CUST008820,43,Male,Tier 3,Faridabad,Salaried,117838,774,1,20,Graduate,Social Media,2023-06-17
CUST008821,29,Female,Tier 1,Patiala,Salaried,41701,821,0,10,School,DSA Agent,2022-10-18
CUST008822,41,Male,Tier 3,Tenali,Business Owner,54497,790,0,13,Graduate,Social Media,2022-05-02
CUST008823,45,Male,Tier 2,Mathura,Salaried,69616,780,0,14,Postgraduate,Organic,2023-08-12
CUST008824,44,Female,Tier 2,Bangalore,Salaried,96058,750,1,13,Postgraduate,Organic,2023-07-20
CUST008825,21,Female,Tier 3,Varanasi,Student,2553,577,1,0,Graduate,Organic,2023-10-25
CUST008826,44,Female,Tier 2,Bettiah,Salaried,106306,812,0,22,School,Social Media,2022-03-08
CUST008827,31,Female,Tier 1,Haldia,Self Employed,47467,670,1,1,Postgraduate,Referral,2022-03-29
CUST008828,26,Female,Tier 1,Bangalore,Salaried,53208,832,0,5,Postgraduate,Social Media,2023-07-29
CUST008829,24,Female,Tier 3,Hyderabad,Gig Worker,19585,529,2,10,School,Organic,2022-02-12
CUST008830,31,Female,Tier 1,Dharmavaram,Salaried,55554,757,0,7,Graduate,DSA Agent,2022-07-08
CUST008831,25,Female,Tier 3,Guntakal,Salaried,127295,823,0,19,Graduate,Organic,2023-04-28
CUST008832,27,Female,Tier 2,Dehradun,Gig Worker,20006,662,1,10,Postgraduate,Social Media,2023-12-21
CUST008833,32,Male,Tier 2,Patiala,Self Employed,46979,650,1,23,Graduate,Referral,2022-04-25
CUST008834,22,Female,Tier 2,Asansol,Gig Worker,24388,662,0,13,Graduate,DSA Agent,2023-11-06
CUST008835,38,Female,Tier 2,Bhavnagar,Business Owner,166635,647,1,5,Graduate,Social Media,2023-10-09
CUST008836,45,Female,Tier 1,Narasaraopet,Salaried,99733,834,1,16,Graduate,Social Media,2023-09-30
CUST008837,29,Male,Tier 2,Sonipat,Gig Worker,17610,660,1,7,School,Organic,2022-08-12
CUST008838,34,Male,Tier 2,Kollam,Gig Worker,17106,583,1,5,Postgraduate,Organic,2022-01-11
CUST008839,39,Female,Tier 3,Uluberia,Business Owner,198330,678,2,23,School,Social Media,2022-09-24
CUST008840,42,Male,Tier 3,Kavali,Salaried,132288,831,0,24,Graduate,Social Media,2023-06-23
CUST008841,27,Female,Tier 1,Ahmednagar,Gig Worker,13355,649,1,16,School,Organic,2023-09-17
CUST008842,20,Female,Tier 3,Ramgarh,Student,0,568,0,0,Graduate,Organic,2022-03-28
CUST008843,34,Female,Tier 1,Katni,Salaried,68151,740,0,6,School,Organic,2022-08-25
CUST008844,25,Female,Tier 2,Dhanbad,Student,0,504,0,0,Graduate,Social Media,2022-12-16
CUST008845,30,Female,Tier 3,Varanasi,Salaried,125790,708,0,18,Postgraduate,Referral,2023-01-01
CUST008846,38,Female,Tier 2,Madhyamgram,Self Employed,32691,669,0,4,Graduate,Referral,2022-01-18
CUST008847,37,Female,Tier 3,Kumbakonam,Business Owner,49568,747,1,7,Graduate,Organic,2022-09-15
CUST008848,40,Female,Tier 2,Pondicherry,Self Employed,50301,713,2,36,Postgraduate,DSA Agent,2022-06-12
CUST008849,37,Other,Tier 3,Darbhanga,Gig Worker,24709,544,1,15,Graduate,Social Media,2023-07-29
CUST008850,31,Female,Tier 2,Varanasi,Salaried,116382,765,1,24,Graduate,Social Media,2023-02-22
CUST008851,49,Other,Tier 2,Baranagar,Business Owner,127113,729,0,27,Postgraduate,Organic,2022-06-14
CUST008852,29,Male,Tier 3,Baranagar,Gig Worker,23776,629,1,0,Professional,Social Media,2022-06-08
CUST008853,36,Male,Tier 2,Kamarhati,Salaried,44442,806,0,2,Postgraduate,Organic,2023-03-01
CUST008854,35,Male,Tier 3,Amravati,Self Employed,89350,551,0,30,Graduate,Social Media,2023-02-11
CUST008855,38,Male,Tier 2,Kishanganj,Gig Worker,32637,600,0,2,Graduate,Referral,2023-08-06
CUST008856,42,Female,Tier 1,Motihari,Salaried,143674,781,0,30,Graduate,Social Media,2022-07-20
CUST008857,35,Male,Tier 3,Karnal,Salaried,91765,812,1,6,Postgraduate,Social Media,2023-03-03
CUST008858,43,Other,Tier 2,Bettiah,Salaried,42511,767,0,16,Graduate,Referral,2023-01-11
CUST008859,29,Male,Tier 3,Anantapuram,Gig Worker,34024,641,0,10,Postgraduate,Organic,2023-04-29
CUST008860,48,Male,Tier 1,Bathinda,Self Employed,95741,748,0,6,Graduate,Organic,2023-07-21
CUST008861,36,Male,Tier 3,Machilipatnam,Gig Worker,22810,546,0,3,Graduate,Organic,2022-04-20
CUST008862,24,Female,Tier 1,Rourkela,Student,0,517,0,0,School,Social Media,2023-06-24
CUST008863,26,Male,Tier 2,Jalgaon,Student,0,448,1,0,Graduate,Organic,2023-06-27
CUST008864,32,Male,Tier 2,Kumbakonam,Self Employed,76012,645,1,3,Graduate,Referral,2023-06-04
CUST008865,28,Female,Tier 2,Faridabad,Salaried,147166,825,0,1,Graduate,Organic,2022-01-15
CUST008866,33,Male,Tier 3,Vellore,Self Employed,44132,550,0,16,Graduate,Organic,2022-10-20
CUST008867,31,Male,Tier 1,Ahmedabad,Gig Worker,29082,560,0,11,Graduate,Social Media,2023-03-29
CUST008868,22,Female,Tier 2,Alappuzha,Gig Worker,33808,540,1,5,Postgraduate,Referral,2023-12-05
CUST008869,42,Male,Tier 3,Bidar,Self Employed,43316,589,0,8,Postgraduate,Social Media,2023-05-31
CUST008870,30,Male,Tier 3,Tirupati,Gig Worker,21805,601,0,9,Graduate,Organic,2023-02-14
CUST008871,31,Male,Tier 1,Ludhiana,Business Owner,140836,754,0,36,School,Social Media,2022-02-03
CUST008872,43,Male,Tier 1,Hyderabad,Salaried,134242,784,0,5,School,Social Media,2022-07-18
CUST008873,50,Female,Tier 3,Sultan Pur Majra,Self Employed,78801,702,2,28,Graduate,Organic,2022-05-13
CUST008874,37,Male,Tier 2,Bidar,Salaried,113529,802,0,3,Graduate,Social Media,2022-02-16
CUST008875,55,Female,Tier 1,Pune,Business Owner,109821,644,0,33,Graduate,Social Media,2022-08-09
CUST008876,43,Female,Tier 2,Thiruvananthapuram,Salaried,145285,705,1,2,Graduate,Social Media,2022-06-05
CUST008877,26,Male,Tier 1,Rajkot,Salaried,82052,740,1,11,Graduate,Organic,2023-09-05
CUST008878,33,Other,Tier 2,Dibrugarh,Salaried,48404,800,0,21,School,Organic,2023-06-26
CUST008879,38,Male,Tier 1,Indore,Gig Worker,33447,657,1,0,School,Organic,2023-04-25
CUST008880,32,Male,Tier 1,Dindigul,Salaried,77672,828,0,3,Graduate,Social Media,2022-07-30
CUST008881,22,Male,Tier 3,Kolkata,Gig Worker,19206,647,0,12,Graduate,Referral,2022-02-11
CUST008882,30,Male,Tier 3,Gandhidham,Gig Worker,30454,639,0,5,Graduate,Social Media,2022-12-28
CUST008883,45,Female,Tier 3,Mysore,Salaried,134726,750,0,14,Graduate,DSA Agent,2023-05-24
CUST008884,38,Male,Tier 3,Mehsana,Salaried,68397,850,1,18,Graduate,Referral,2022-01-07
CUST008885,20,Female,Tier 2,Satna,Student,0,422,0,0,Graduate,Social Media,2022-02-21
CUST008886,43,Female,Tier 2,Meerut,Self Employed,51718,612,0,21,Graduate,DSA Agent,2022-10-29
CUST008887,38,Male,Tier 2,Hajipur,Self Employed,88122,703,1,19,Postgraduate,Social Media,2023-05-28
CUST008888,34,Female,Tier 1,Aurangabad,Self Employed,37907,556,0,31,School,DSA Agent,2022-07-30
CUST008889,33,Female,Tier 1,Dindigul,Salaried,76844,745,0,25,Graduate,Organic,2023-05-30
CUST008890,37,Male,Tier 1,Mangalore,Salaried,80491,836,1,7,Graduate,Social Media,2023-10-24
CUST008891,42,Male,Tier 2,Barasat,Salaried,136548,789,0,21,Graduate,DSA Agent,2023-12-11
CUST008892,18,Male,Tier 2,Bhagalpur,Student,0,449,0,0,Graduate,Referral,2023-05-28
CUST008893,45,Female,Tier 2,Gudivada,Business Owner,189179,726,0,25,Postgraduate,DSA Agent,2022-10-07
CUST008894,35,Female,Tier 1,Aizawl,Gig Worker,18632,596,1,15,Postgraduate,DSA Agent,2023-11-03
CUST008895,30,Male,Tier 1,Tezpur,Salaried,134791,703,0,27,Graduate,Referral,2022-03-25
CUST008896,27,Female,Tier 1,Pimpri-Chinchwad,Salaried,114420,738,0,15,Graduate,Organic,2022-01-15
CUST008897,34,Female,Tier 1,Bilaspur,Salaried,89165,770,0,6,Graduate,DSA Agent,2022-08-16
CUST008898,26,Female,Tier 3,Kakinada,Gig Worker,30044,524,0,8,Graduate,Referral,2023-11-05
CUST008899,34,Male,Tier 1,Imphal,Salaried,76974,778,0,10,Graduate,Organic,2023-11-18
CUST008900,50,Male,Tier 2,Ballia,Business Owner,94961,621,2,29,Graduate,Social Media,2023-05-20
CUST008901,27,Male,Tier 2,Imphal,Gig Worker,20802,574,1,14,School,DSA Agent,2022-10-28
CUST008902,52,Female,Tier 3,Amravati,Business Owner,188664,632,1,7,Graduate,Referral,2022-06-29
CUST008903,33,Female,Tier 1,Loni,Self Employed,22075,723,1,34,Graduate,Social Media,2022-10-23
CUST008904,39,Female,Tier 2,Raebareli,Self Employed,53403,699,1,15,Postgraduate,Social Media,2023-01-30
CUST008905,31,Male,Tier 3,Machilipatnam,Self Employed,37738,621,0,21,Graduate,DSA Agent,2023-07-06
CUST008906,41,Male,Tier 1,Haldia,Self Employed,75855,700,0,24,School,Social Media,2022-03-19
CUST008907,38,Female,Tier 1,Munger,Self Employed,51246,573,1,11,Postgraduate,Organic,2023-12-04
CUST008908,39,Female,Tier 2,Begusarai,Self Employed,70647,668,0,38,Postgraduate,Referral,2022-09-03
CUST008909,26,Female,Tier 2,Jammu,Gig Worker,33498,615,1,4,School,Organic,2023-01-12
CUST008910,47,Male,Tier 2,Medininagar,Business Owner,139103,749,0,30,Postgraduate,Social Media,2023-11-05
CUST008911,29,Male,Tier 2,Bilaspur,Self Employed,70921,556,2,35,Graduate,Social Media,2023-04-09
CUST008912,38,Female,Tier 2,Tenali,Self Employed,34886,673,0,38,Graduate,Social Media,2023-02-17
CUST008913,26,Other,Tier 2,Dindigul,Student,15486,488,1,0,Postgraduate,Referral,2022-03-10
CUST008914,34,Female,Tier 1,Dhanbad,Salaried,60317,825,0,7,Postgraduate,Organic,2022-05-25
CUST008915,33,Female,Tier 1,Latur,Salaried,43398,750,1,24,Graduate,Organic,2022-06-04
CUST008916,25,Female,Tier 2,Bhalswa Jahangir Pur,Gig Worker,31068,663,0,14,Postgraduate,Social Media,2023-01-24
CUST008917,37,Male,Tier 1,Hosur,Gig Worker,28194,660,0,8,Graduate,DSA Agent,2022-12-22
CUST008918,26,Female,Tier 3,Sambalpur,Student,0,449,0,0,Graduate,Social Media,2023-03-12
CUST008919,37,Female,Tier 2,Salem,Gig Worker,17362,644,0,13,School,Referral,2023-12-21
CUST008920,31,Other,Tier 1,Ujjain,Gig Worker,23325,643,0,10,Graduate,Organic,2023-07-08
CUST008921,35,Male,Tier 3,Madanapalle,Gig Worker,26781,633,1,14,Graduate,Organic,2022-01-17
CUST008922,36,Male,Tier 1,Bhiwani,Salaried,122857,822,0,30,School,Organic,2022-01-31
CUST008923,40,Female,Tier 2,New Delhi,Self Employed,80908,691,0,3,Graduate,Referral,2022-07-12
CUST008924,18,Male,Tier 2,Jhansi,Student,0,493,0,0,Graduate,Social Media,2023-12-18
CUST008925,32,Male,Tier 2,Mahbubnagar,Salaried,41464,788,0,4,Graduate,Social Media,2023-02-16
CUST008926,34,Male,Tier 2,Rajpur Sonarpur,Gig Worker,21216,616,0,19,Graduate,Referral,2022-08-25
CUST008927,25,Female,Tier 2,Bhagalpur,Gig Worker,20513,580,0,8,Postgraduate,Social Media,2022-09-17
CUST008928,33,Female,Tier 2,Ramagundam,Salaried,76659,806,0,17,Professional,Social Media,2023-01-16
CUST008929,41,Male,Tier 1,Thane,Salaried,118847,848,1,26,School,DSA Agent,2022-11-02
CUST008930,49,Female,Tier 2,Kishanganj,Business Owner,110600,775,1,17,Postgraduate,Social Media,2023-08-02
CUST008931,35,Male,Tier 2,Pondicherry,Gig Worker,18113,614,1,4,Graduate,Referral,2022-05-02
CUST008932,32,Female,Tier 2,Ujjain,Salaried,95302,741,0,28,Graduate,Social Media,2022-01-15
CUST008933,42,Female,Tier 2,Jaunpur,Salaried,42380,798,0,11,School,DSA Agent,2022-09-27
CUST008934,38,Female,Tier 1,Tadipatri,Self Employed,57500,727,1,11,Postgraduate,Social Media,2023-06-16
CUST008935,36,Male,Tier 2,Rampur,Self Employed,96073,619,0,38,Postgraduate,Organic,2022-10-01
CUST008936,48,Female,Tier 3,Bahraich,Self Employed,41652,703,0,15,School,Organic,2022-10-04
CUST008937,44,Female,Tier 1,Patiala,Salaried,131473,804,0,3,Professional,Organic,2023-05-01
CUST008938,25,Female,Tier 1,Rajahmundry,Student,0,589,0,0,School,Social Media,2022-08-23
CUST008939,30,Male,Tier 2,Ajmer,Gig Worker,29489,562,1,1,Graduate,Social Media,2022-07-03
CUST008940,41,Male,Tier 2,Bhavnagar,Salaried,119915,820,0,28,Graduate,Organic,2023-01-25
CUST008941,24,Female,Tier 2,South Dumdum,Gig Worker,32769,609,1,6,Postgraduate,Referral,2022-08-03
CUST008942,31,Male,Tier 3,Ramgarh,Gig Worker,31136,672,0,7,Graduate,DSA Agent,2023-09-23
CUST008943,18,Male,Tier 3,Chandrapur,Student,11639,444,0,0,Graduate,Social Media,2022-02-18
CUST008944,51,Female,Tier 2,Amritsar,Business Owner,91430,650,0,6,Postgraduate,DSA Agent,2023-05-02
CUST008945,30,Male,Tier 2,Tadepalligudem,Salaried,113199,816,1,4,Graduate,Social Media,2022-07-20
CUST008946,23,Other,Tier 2,Ambattur,Student,0,553,0,0,Graduate,Organic,2023-11-14
CUST008947,43,Male,Tier 2,Hazaribagh,Self Employed,76903,579,0,8,School,DSA Agent,2022-10-28
CUST008948,53,Female,Tier 2,Durg,Business Owner,68137,623,1,10,Postgraduate,DSA Agent,2023-11-23
CUST008949,34,Female,Tier 1,Rajpur Sonarpur,Salaried,92498,704,0,4,School,Social Media,2023-09-25
CUST008950,36,Female,Tier 2,Shimla,Gig Worker,18070,551,0,1,Graduate,DSA Agent,2022-01-23
CUST008951,25,Other,Tier 1,Mahbubnagar,Salaried,43309,703,0,12,Graduate,Social Media,2023-03-08
CUST008952,26,Male,Tier 1,Narasaraopet,Student,0,568,1,0,Graduate,Social Media,2022-08-06
CUST008953,45,Female,Tier 2,Karawal Nagar,Salaried,106994,739,0,7,Postgraduate,DSA Agent,2022-06-25
CUST008954,23,Female,Tier 3,Pondicherry,Gig Worker,22948,560,0,19,Graduate,Organic,2022-04-28
CUST008955,25,Male,Tier 2,Ozhukarai,Salaried,146405,763,0,22,Graduate,DSA Agent,2022-09-23
CUST008956,33,Female,Tier 1,Tiruvottiyur,Salaried,94448,744,0,30,Postgraduate,Organic,2023-11-28
CUST008957,32,Male,Tier 3,Pali,Self Employed,72254,733,0,9,School,Referral,2022-11-02
CUST008958,20,Female,Tier 2,Mango,Student,10909,555,0,0,School,Referral,2023-05-26
CUST008959,39,Male,Tier 2,Junagadh,Self Employed,90665,712,0,24,Graduate,DSA Agent,2022-04-17
CUST008960,23,Female,Tier 1,Panihati,Student,0,490,0,0,Graduate,DSA Agent,2022-03-10
CUST008961,44,Female,Tier 3,Amravati,Salaried,105772,726,0,26,Graduate,Social Media,2023-07-21
CUST008962,23,Male,Tier 2,Delhi,Gig Worker,34415,653,1,5,Graduate,Social Media,2022-10-24
CUST008963,30,Female,Tier 3,Anantapuram,Gig Worker,27953,643,2,1,Graduate,DSA Agent,2023-02-09
CUST008964,27,Male,Tier 2,Kakinada,Salaried,147839,764,0,27,Postgraduate,Organic,2023-06-11
CUST008965,25,Male,Tier 2,Udaipur,Gig Worker,23219,590,0,6,Graduate,Social Media,2023-04-21
CUST008966,30,Male,Tier 3,Saharanpur,Self Employed,31660,627,0,1,School,Organic,2023-11-09
CUST008967,26,Male,Tier 2,Kumbakonam,Gig Worker,16014,602,1,19,Graduate,Social Media,2023-05-01
CUST008968,43,Male,Tier 2,Bhind,Self Employed,29563,556,1,24,Graduate,Organic,2023-06-18
CUST008969,23,Female,Tier 3,Bellary,Gig Worker,25245,573,0,11,Graduate,Social Media,2022-06-26
CUST008970,30,Female,Tier 1,Aurangabad,Salaried,54023,716,1,9,School,Referral,2022-11-21
CUST008971,31,Female,Tier 1,Guna,Salaried,44099,848,0,7,Graduate,Referral,2022-07-06
CUST008972,28,Male,Tier 2,Sikar,Gig Worker,33037,634,0,13,Postgraduate,Social Media,2023-03-21
CUST008973,33,Female,Tier 1,Bihar Sharif,Salaried,83981,799,0,20,Postgraduate,Social Media,2022-04-29
CUST008974,29,Female,Tier 1,Bhopal,Salaried,100012,787,0,24,Graduate,Social Media,2022-11-28
CUST008975,27,Male,Tier 3,Delhi,Gig Worker,24066,617,0,6,Graduate,DSA Agent,2022-08-31
CUST008976,37,Female,Tier 3,Proddatur,Gig Worker,33134,630,1,9,Postgraduate,Organic,2023-12-08
CUST008977,40,Female,Tier 1,Faridabad,Salaried,127887,712,0,12,Professional,Referral,2023-04-16
CUST008978,46,Female,Tier 3,Burhanpur,Self Employed,25806,604,0,33,School,Organic,2022-09-13
CUST008979,44,Male,Tier 2,Thanjavur,Self Employed,59471,584,1,14,Graduate,DSA Agent,2022-12-15
CUST008980,26,Male,Tier 2,Gulbarga,Salaried,70080,806,0,30,Postgraduate,Organic,2023-02-26
CUST008981,38,Female,Tier 2,Bhavnagar,Self Employed,38782,561,1,35,Postgraduate,Social Media,2022-04-13
CUST008982,48,Female,Tier 2,Guwahati,Self Employed,78139,701,0,20,Graduate,Organic,2022-06-10
CUST008983,46,Male,Tier 2,Bhalswa Jahangir Pur,Self Employed,56123,569,1,5,School,DSA Agent,2023-05-22
CUST008984,35,Male,Tier 2,Meerut,Gig Worker,25095,506,1,4,Postgraduate,DSA Agent,2022-04-18
CUST008985,27,Female,Tier 2,Shimla,Salaried,61852,734,0,11,School,Social Media,2023-03-28
CUST008986,45,Female,Tier 1,Surat,Self Employed,25560,635,0,19,Graduate,Organic,2023-02-25
CUST008987,33,Female,Tier 3,Bhalswa Jahangir Pur,Gig Worker,27442,601,2,8,Postgraduate,DSA Agent,2023-06-16
CUST008988,39,Male,Tier 1,Guna,Business Owner,132243,667,2,27,School,DSA Agent,2023-09-14
CUST008989,20,Male,Tier 3,Haldia,Student,17137,595,0,0,School,Organic,2022-06-07
CUST008990,27,Male,Tier 3,Bidar,Gig Worker,23229,552,0,10,Graduate,Social Media,2023-11-01
CUST008991,27,Male,Tier 1,Serampore,Salaried,86031,755,1,25,Graduate,DSA Agent,2022-04-18
CUST008992,44,Male,Tier 2,Chinsurah,Salaried,76108,746,1,19,School,Referral,2022-08-29
CUST008993,34,Female,Tier 1,Kanpur,Salaried,129003,790,0,14,Graduate,Social Media,2023-06-19
CUST008994,34,Female,Tier 2,Sambalpur,Gig Worker,29525,672,1,12,Postgraduate,Social Media,2023-07-02
CUST008995,27,Female,Tier 1,Jhansi,Salaried,73338,702,0,3,Graduate,Referral,2023-11-29
CUST008996,36,Male,Tier 1,Sambhal,Gig Worker,12456,515,0,4,Graduate,DSA Agent,2023-02-11
CUST008997,39,Male,Tier 2,Bulandshahr,Salaried,84730,794,0,21,Graduate,Social Media,2023-12-08
CUST008998,35,Male,Tier 1,Ichalkaranji,Business Owner,183650,800,0,22,Postgraduate,Social Media,2022-04-16
CUST008999,38,Male,Tier 1,Shimoga,Salaried,126952,711,0,11,Graduate,Organic,2022-12-01
CUST009000,35,Female,Tier 2,Hindupur,Business Owner,169647,766,0,34,Graduate,DSA Agent,2023-12-08
CUST009001,51,Male,Tier 1,Dharmavaram,Business Owner,120125,772,0,22,Postgraduate,Social Media,2023-08-22
CUST009002,35,Male,Tier 2,Vasai-Virar,Gig Worker,18855,580,0,12,Graduate,Referral,2022-04-23
CUST009003,36,Male,Tier 3,Dharmavaram,Self Employed,90478,679,0,13,Graduate,Social Media,2023-05-25
CUST009004,29,Male,Tier 2,Ramgarh,Gig Worker,26087,662,0,6,Professional,Organic,2023-12-26
CUST009005,40,Female,Tier 2,Khora ,Self Employed,95865,740,0,38,Postgraduate,Referral,2023-03-15
CUST009006,28,Male,Tier 2,Bardhaman,Salaried,54711,710,0,6,Graduate,Social Media,2023-12-14
CUST009007,34,Female,Tier 3,Visakhapatnam,Salaried,47199,725,0,3,School,Organic,2022-05-03
CUST009008,32,Female,Tier 2,Satara,Gig Worker,29056,506,1,15,School,Referral,2022-09-04
CUST009009,30,Male,Tier 3,Ichalkaranji,Gig Worker,34481,602,0,8,School,Social Media,2022-02-22
CUST009010,33,Male,Tier 3,Asansol,Gig Worker,29570,561,0,5,Postgraduate,Social Media,2023-03-09
CUST009011,35,Female,Tier 2,Junagadh,Salaried,118413,702,1,6,Graduate,Social Media,2023-02-18
CUST009012,27,Female,Tier 3,Thrissur,Gig Worker,13545,612,0,19,Graduate,Organic,2023-07-13
CUST009013,35,Male,Tier 1,Mira-Bhayandar,Salaried,107577,712,0,19,Graduate,Social Media,2022-04-02
CUST009014,32,Male,Tier 1,Gudivada,Salaried,101098,801,0,16,School,Organic,2022-05-24
CUST009015,33,Male,Tier 1,Eluru,Salaried,40810,750,0,6,Graduate,Organic,2022-09-04
CUST009016,32,Male,Tier 2,Bikaner,Salaried,91862,740,0,10,Graduate,Organic,2023-10-15
CUST009017,36,Male,Tier 2,Sangli-Miraj & Kupwad,Salaried,96720,712,1,24,Graduate,Social Media,2023-11-15
CUST009018,22,Male,Tier 2,Vasai-Virar,Student,0,518,0,0,Graduate,Organic,2022-04-24
CUST009019,41,Male,Tier 2,Tadepalligudem,Salaried,43831,751,0,10,Graduate,Social Media,2023-07-19
CUST009020,33,Male,Tier 2,Kishanganj,Self Employed,46170,723,1,32,Graduate,Referral,2022-01-23
CUST009021,39,Male,Tier 2,Ambattur,Salaried,121670,741,0,29,School,Social Media,2023-08-18
CUST009022,24,Female,Tier 3,Pune,Student,0,416,1,0,Graduate,Organic,2022-09-05
CUST009023,24,Female,Tier 3,Srinagar,Gig Worker,12934,597,0,3,Graduate,Social Media,2023-11-15
CUST009024,43,Female,Tier 2,Hospet,Salaried,136281,788,1,4,School,DSA Agent,2022-11-18
CUST009025,22,Male,Tier 2,Ujjain,Gig Worker,30475,603,1,6,Graduate,Organic,2022-11-16
CUST009026,36,Female,Tier 2,Nellore,Gig Worker,24163,527,1,18,Graduate,Organic,2022-08-24
CUST009027,36,Male,Tier 3,Mehsana,Gig Worker,26666,633,1,15,School,Organic,2022-12-11
CUST009028,44,Female,Tier 2,Malegaon,Salaried,57226,819,0,9,School,Organic,2023-08-03
CUST009029,49,Male,Tier 2,Mau,Business Owner,185718,673,3,10,Professional,Organic,2023-12-27
CUST009030,26,Male,Tier 2,Surendranagar Dudhrej,Gig Worker,33651,668,1,11,Postgraduate,Social Media,2023-10-01
CUST009031,30,Female,Tier 1,Rajkot,Salaried,53673,812,1,1,Postgraduate,Referral,2023-11-26
CUST009032,30,Female,Tier 2,Warangal,Self Employed,89333,611,0,9,Graduate,Social Media,2023-05-10
CUST009033,32,Female,Tier 3,Hospet,Gig Worker,26721,528,0,15,Postgraduate,Social Media,2023-12-26
CUST009034,21,Male,Tier 1,Howrah,Student,0,551,1,0,Postgraduate,Referral,2023-07-28
CUST009035,22,Male,Tier 2,Bongaigaon,Gig Worker,32084,670,1,19,School,Social Media,2022-08-01
CUST009036,50,Male,Tier 1,Jabalpur,Self Employed,76912,647,0,27,Graduate,Social Media,2022-04-29
CUST009037,29,Female,Tier 2,Nagaon,Salaried,129769,804,0,3,School,Social Media,2023-08-29
CUST009038,21,Female,Tier 3,Yamunanagar,Student,0,482,0,0,Graduate,Social Media,2022-05-26
CUST009039,39,Female,Tier 2,Kollam,Self Employed,69131,724,0,28,Postgraduate,Social Media,2022-03-24
CUST009040,32,Male,Tier 2,Ramgarh,Salaried,120694,711,0,2,Graduate,Organic,2022-04-13
CUST009041,42,Female,Tier 1,Rewa,Salaried,127307,717,1,26,School,Organic,2022-05-24
CUST009042,45,Male,Tier 3,Bhind,Salaried,131473,833,0,8,School,Referral,2022-01-21
CUST009043,42,Male,Tier 3,Katni,Business Owner,188862,606,1,30,School,DSA Agent,2023-08-16
CUST009044,45,Female,Tier 3,Anantapur,Salaried,129532,839,1,16,Postgraduate,Organic,2023-04-21
CUST009045,31,Female,Tier 2,Raiganj,Gig Worker,33583,511,0,2,Professional,Organic,2023-04-25
CUST009046,39,Male,Tier 2,Tezpur,Salaried,63328,831,0,3,Graduate,Organic,2022-07-27
CUST009047,32,Male,Tier 2,Nellore,Gig Worker,18261,613,2,7,Graduate,Organic,2023-04-16
CUST009048,28,Male,Tier 2,Delhi,Gig Worker,32514,578,0,17,Graduate,Referral,2023-03-17
CUST009049,48,Male,Tier 2,Jamnagar,Business Owner,32646,697,1,20,Graduate,Referral,2023-04-21
CUST009050,38,Male,Tier 2,Tenali,Gig Worker,31996,565,2,14,Graduate,DSA Agent,2022-06-29
CUST009051,24,Male,Tier 2,Dhanbad,Student,2094,578,0,0,Postgraduate,Referral,2023-04-09
CUST009052,33,Male,Tier 2,Chapra,Gig Worker,19830,624,0,16,Graduate,Social Media,2022-06-30
CUST009053,27,Other,Tier 2,Erode,Salaried,99735,735,1,14,School,Social Media,2022-06-29
CUST009054,38,Female,Tier 1,Yamunanagar,Salaried,133692,841,0,30,School,Referral,2023-06-18
CUST009055,25,Female,Tier 1,Mira-Bhayandar,Gig Worker,33013,612,2,4,School,Organic,2022-01-21
CUST009056,46,Other,Tier 1,Navi Mumbai,Business Owner,182078,748,0,26,Graduate,Social Media,2022-10-07
CUST009057,22,Female,Tier 2,North Dumdum,Student,7214,539,0,0,Graduate,Social Media,2022-03-03
CUST009058,39,Male,Tier 1,Imphal,Salaried,149337,768,0,19,Graduate,Referral,2023-06-19
CUST009059,37,Male,Tier 1,Guna,Salaried,58614,768,1,22,School,Organic,2023-08-29
CUST009060,45,Female,Tier 2,Alwar,Salaried,121569,825,1,18,Postgraduate,DSA Agent,2023-01-06
CUST009061,31,Female,Tier 3,Panchkula,Business Owner,147030,700,0,32,Postgraduate,Social Media,2022-04-15
CUST009062,18,Female,Tier 3,North Dumdum,Student,4608,598,0,0,Graduate,Social Media,2023-01-26
CUST009063,36,Female,Tier 2,Secunderabad,Self Employed,51765,715,0,7,Graduate,Social Media,2023-10-20
CUST009064,33,Male,Tier 1,Nagercoil,Gig Worker,13601,615,0,0,Graduate,Organic,2023-04-15
CUST009065,24,Male,Tier 1,Malegaon,Gig Worker,19302,558,1,10,Graduate,Organic,2022-12-31
CUST009066,33,Male,Tier 2,Nandyal,Gig Worker,28316,620,1,0,Graduate,DSA Agent,2023-07-08
CUST009067,44,Male,Tier 1,Panipat,Salaried,96283,775,0,17,School,Social Media,2023-05-20
CUST009068,34,Male,Tier 3,Chennai,Gig Worker,17062,662,0,8,Graduate,Organic,2022-10-18
CUST009069,45,Male,Tier 1,Kharagpur,Salaried,43663,747,0,10,Graduate,Social Media,2022-05-23
CUST009070,33,Male,Tier 2,Naihati,Salaried,133957,799,0,24,School,Organic,2023-10-24
CUST009071,19,Male,Tier 2,Bettiah,Student,0,574,0,0,Graduate,Social Media,2022-10-28
CUST009072,36,Male,Tier 3,Jalna,Self Employed,22056,572,1,1,Graduate,Organic,2023-01-17
CUST009073,37,Male,Tier 2,Raurkela Industrial Township,Gig Worker,25589,509,0,13,School,Social Media,2023-01-04
CUST009074,29,Male,Tier 1,Vijayanagaram,Gig Worker,33906,550,0,10,Graduate,Referral,2022-04-17
CUST009075,27,Male,Tier 3,Nagercoil,Gig Worker,15037,518,0,6,Graduate,Organic,2022-05-08
CUST009076,42,Female,Tier 1,Anantapur,Self Employed,42405,686,0,18,School,Organic,2022-05-31
CUST009077,28,Female,Tier 3,Jamnagar,Self Employed,83293,610,1,22,School,Referral,2022-06-25
CUST009078,45,Male,Tier 2,Bardhaman,Self Employed,69428,712,0,29,School,Social Media,2022-01-26
CUST009079,42,Male,Tier 3,Bhilwara,Self Employed,65910,717,0,23,Graduate,Organic,2022-11-14
CUST009080,41,Female,Tier 1,Anand,Salaried,98198,700,1,19,Postgraduate,DSA Agent,2023-08-17
CUST009081,43,Female,Tier 1,Sagar,Salaried,64456,724,1,6,Graduate,Referral,2022-01-12
CUST009082,31,Female,Tier 3,Asansol,Gig Worker,21551,617,0,2,Professional,Organic,2023-12-20
CUST009083,28,Male,Tier 1,Panihati,Salaried,125948,700,1,20,Professional,Social Media,2022-07-29
CUST009084,35,Female,Tier 1,Deoghar,Self Employed,50500,701,1,5,Graduate,Social Media,2022-11-17
CUST009085,44,Female,Tier 1,Pune,Salaried,140213,850,0,10,Graduate,Organic,2022-06-22
CUST009086,34,Female,Tier 1,Ratlam,Salaried,91095,777,0,19,Postgraduate,Social Media,2023-07-31
CUST009087,31,Male,Tier 2,Kalyan-Dombivli,Gig Worker,20000,671,1,19,Graduate,Social Media,2023-06-06
CUST009088,47,Female,Tier 3,Bidhannagar,Business Owner,39717,644,0,18,School,DSA Agent,2022-06-07
CUST009089,27,Female,Tier 1,Sambalpur,Salaried,50551,766,0,22,Graduate,Organic,2023-08-12
CUST009090,38,Female,Tier 3,Jammu,Self Employed,46338,657,0,27,Graduate,Social Media,2022-06-08
CUST009091,27,Male,Tier 2,Bihar Sharif,Gig Worker,14275,606,2,12,Graduate,Organic,2022-02-21
CUST009092,43,Female,Tier 1,Jamnagar,Salaried,106864,798,0,7,School,Organic,2022-05-18
CUST009093,29,Male,Tier 2,Anand,Gig Worker,12524,590,0,2,Graduate,Organic,2023-12-22
CUST009094,44,Male,Tier 2,Ghaziabad,Self Employed,71013,723,1,9,Graduate,Referral,2022-12-08
CUST009095,38,Female,Tier 2,Ranchi,Gig Worker,17516,551,0,5,Postgraduate,Social Media,2023-11-05
CUST009096,23,Male,Tier 2,Nashik,Student,0,505,0,0,School,Organic,2023-04-25
CUST009097,33,Female,Tier 1,Ludhiana,Salaried,80528,740,0,12,Postgraduate,Organic,2023-01-16
CUST009098,29,Female,Tier 1,Coimbatore,Salaried,64300,797,0,23,Graduate,Social Media,2023-06-19
CUST009099,55,Male,Tier 1,Agartala,Business Owner,30311,618,2,3,Professional,Social Media,2022-09-10
CUST009100,31,Female,Tier 3,Ballia,Gig Worker,30954,612,0,7,Postgraduate,Organic,2023-11-05
CUST009101,23,Female,Tier 3,Amritsar,Gig Worker,22241,539,1,5,Graduate,Social Media,2022-12-22
CUST009102,41,Male,Tier 2,Kavali,Self Employed,78121,688,2,16,Postgraduate,Organic,2023-11-21
CUST009103,38,Female,Tier 3,Ramgarh,Salaried,147099,716,0,18,Postgraduate,Referral,2022-07-11
CUST009104,46,Male,Tier 1,Bhavnagar,Self Employed,97895,675,2,5,Graduate,Social Media,2022-11-29
CUST009105,31,Male,Tier 1,Naihati,Salaried,51073,766,0,28,Graduate,Social Media,2022-11-11
CUST009106,45,Male,Tier 2,Miryalaguda,Salaried,44552,850,0,13,Graduate,DSA Agent,2023-08-26
CUST009107,30,Male,Tier 1,Bhubaneswar,Salaried,53892,729,0,24,Graduate,DSA Agent,2022-02-02
CUST009108,26,Male,Tier 1,Mirzapur,Student,0,441,0,0,Graduate,Referral,2023-04-18
CUST009109,32,Other,Tier 1,Phagwara,Salaried,43944,849,0,24,Graduate,Social Media,2023-07-26
CUST009110,50,Female,Tier 2,Hajipur,Self Employed,58961,740,1,2,Graduate,Social Media,2023-10-03
CUST009111,36,Female,Tier 1,Bihar Sharif,Business Owner,196684,697,1,10,School,DSA Agent,2022-10-23
CUST009112,33,Male,Tier 3,Kalyan-Dombivli,Gig Worker,25318,671,0,4,Graduate,DSA Agent,2023-07-14
CUST009113,31,Female,Tier 3,Kurnool,Gig Worker,31954,502,0,14,Graduate,Organic,2022-09-01
CUST009114,30,Male,Tier 2,Burhanpur,Gig Worker,29154,583,0,14,School,Organic,2022-11-03
CUST009115,26,Male,Tier 1,Dewas,Salaried,52685,703,1,3,Graduate,Social Media,2023-04-20
CUST009116,37,Male,Tier 3,Chapra,Gig Worker,15619,577,1,11,Postgraduate,Social Media,2023-07-31
CUST009117,32,Male,Tier 1,Panchkula,Self Employed,40295,734,0,14,Graduate,Social Media,2023-03-21
CUST009118,43,Male,Tier 3,Chapra,Business Owner,128643,613,0,29,Graduate,Organic,2023-04-07
CUST009119,51,Female,Tier 2,Surat,Business Owner,34153,720,1,10,Professional,Organic,2023-02-21
CUST009120,24,Female,Tier 2,Bhimavaram,Student,0,583,0,0,Graduate,Social Media,2023-02-12
CUST009121,21,Male,Tier 3,Kolhapur,Student,8158,448,0,0,Graduate,DSA Agent,2023-05-14
CUST009122,28,Male,Tier 2,Mumbai,Gig Worker,30498,657,0,19,Graduate,Referral,2023-11-12
CUST009123,29,Male,Tier 2,Tadepalligudem,Self Employed,86028,634,0,38,Postgraduate,Social Media,2023-07-01
CUST009124,19,Other,Tier 3,Gopalpur,Student,0,593,0,0,School,Organic,2023-09-04
CUST009125,30,Female,Tier 2,Varanasi,Gig Worker,18414,517,0,4,Graduate,Organic,2022-01-30
CUST009126,44,Female,Tier 1,Mysore,Business Owner,35543,748,1,9,Graduate,Social Media,2023-02-09
CUST009127,27,Female,Tier 3,Bettiah,Gig Worker,31123,657,0,2,Postgraduate,Organic,2022-03-26
CUST009128,42,Male,Tier 2,Thoothukudi,Self Employed,23243,656,0,5,Graduate,Social Media,2022-12-17
CUST009129,46,Other,Tier 3,Phagwara,Self Employed,92445,592,0,35,Graduate,Social Media,2022-12-21
CUST009130,37,Male,Tier 2,Bhind,Business Owner,93797,649,1,6,Graduate,Organic,2023-10-05
CUST009131,38,Male,Tier 3,Bijapur,Salaried,122272,850,0,26,School,Social Media,2023-11-13
CUST009132,43,Female,Tier 3,Thane,Self Employed,29096,565,1,9,Postgraduate,DSA Agent,2022-02-02
CUST009133,31,Male,Tier 2,Jalandhar,Gig Worker,13675,541,1,8,School,Organic,2023-11-13
CUST009134,31,Female,Tier 1,Jaunpur,Salaried,76498,776,0,2,Graduate,DSA Agent,2022-07-10
CUST009135,40,Male,Tier 2,Baranagar,Self Employed,44376,657,0,25,Postgraduate,Organic,2023-02-07
CUST009136,28,Female,Tier 2,Jaunpur,Gig Worker,29888,654,1,7,Postgraduate,Social Media,2023-02-22
CUST009137,34,Male,Tier 2,Phagwara,Self Employed,30753,689,1,33,School,Referral,2022-11-04
CUST009138,27,Male,Tier 2,Raipur,Salaried,106539,807,0,27,School,Referral,2023-07-26
CUST009139,32,Female,Tier 3,Jabalpur,Gig Worker,16448,500,2,8,Postgraduate,Social Media,2022-01-31
CUST009140,44,Female,Tier 2,Shimoga,Self Employed,28910,662,0,29,School,Organic,2023-03-10
CUST009141,22,Other,Tier 2,Panihati,Gig Worker,20977,643,0,8,Graduate,Social Media,2022-10-28
CUST009142,44,Female,Tier 2,Orai,Salaried,94907,778,0,20,Graduate,Social Media,2023-02-05
CUST009143,38,Female,Tier 3,Medininagar,Business Owner,101790,608,1,29,School,Social Media,2023-08-18
CUST009144,26,Female,Tier 2,Saharsa,Gig Worker,16373,534,0,9,Graduate,Organic,2023-05-05
CUST009145,46,Male,Tier 3,Kottayam,Self Employed,86206,740,0,10,School,Social Media,2022-02-08
CUST009146,27,Male,Tier 2,Aligarh,Gig Worker,23476,571,0,14,Graduate,Social Media,2022-05-28
CUST009147,28,Male,Tier 3,Kozhikode,Gig Worker,17728,521,0,19,Postgraduate,Organic,2022-08-15
CUST009148,25,Female,Tier 2,Muzaffarnagar,Gig Worker,12123,643,0,9,Graduate,Social Media,2022-12-08
CUST009149,37,Male,Tier 2,Haldia,Gig Worker,12169,594,1,17,Postgraduate,Social Media,2022-11-06
CUST009150,31,Female,Tier 1,Karimnagar,Gig Worker,33179,666,0,18,Graduate,Social Media,2023-11-18
CUST009151,36,Female,Tier 3,Parbhani,Gig Worker,22870,563,0,3,Graduate,DSA Agent,2022-08-25
CUST009152,34,Female,Tier 3,Jaunpur,Gig Worker,26901,503,0,15,School,DSA Agent,2023-08-24
CUST009153,30,Male,Tier 1,Ongole,Salaried,120000,728,1,3,Postgraduate,Social Media,2023-10-05
CUST009154,29,Male,Tier 2,Hazaribagh,Gig Worker,16702,626,1,6,Graduate,Organic,2022-08-11
CUST009155,45,Female,Tier 3,Navi Mumbai,Salaried,47410,816,1,25,School,Social Media,2022-12-25
CUST009156,38,Male,Tier 1,Nellore,Salaried,54624,768,1,3,Graduate,Referral,2022-05-10
CUST009157,50,Male,Tier 2,Yamunanagar,Business Owner,171553,623,2,37,Postgraduate,Social Media,2022-11-25
CUST009158,34,Male,Tier 3,South Dumdum,Self Employed,39064,677,1,18,Graduate,Social Media,2022-08-17
CUST009159,39,Male,Tier 3,Chandigarh,Self Employed,20796,635,1,12,Postgraduate,Referral,2023-04-22
CUST009160,34,Male,Tier 2,Tiruchirappalli,Gig Worker,19539,621,0,9,Graduate,Social Media,2023-12-15
CUST009161,40,Female,Tier 2,Bhind,Business Owner,159176,789,0,2,Graduate,Social Media,2022-02-12
CUST009162,40,Male,Tier 3,Durg,Self Employed,95524,725,0,39,Postgraduate,Social Media,2023-06-20
CUST009163,40,Female,Tier 3,Eluru,Self Employed,39762,630,1,29,Graduate,Social Media,2023-02-06
CUST009164,28,Male,Tier 2,Mau,Gig Worker,27725,577,1,19,Postgraduate,Organic,2023-12-03
CUST009165,32,Female,Tier 2,Vijayanagaram,Business Owner,98027,714,1,21,Graduate,Social Media,2022-04-21
CUST009166,21,Female,Tier 2,Bidar,Student,14490,559,0,0,Graduate,Social Media,2022-12-27
CUST009167,22,Male,Tier 3,Noida,Student,12073,567,0,0,Graduate,DSA Agent,2023-10-07
CUST009168,36,Male,Tier 1,Jaunpur,Salaried,128636,727,0,12,Postgraduate,Organic,2023-05-17
CUST009169,42,Male,Tier 1,Muzaffarnagar,Salaried,139774,714,1,17,Postgraduate,Organic,2022-12-17
CUST009170,36,Female,Tier 1,Kochi,Salaried,61384,780,0,12,Postgraduate,Referral,2022-03-12
CUST009171,31,Female,Tier 1,Ambala,Salaried,90527,743,0,12,Graduate,Social Media,2023-07-16
CUST009172,19,Female,Tier 2,Saharanpur,Student,16553,463,0,0,Graduate,Organic,2023-01-24
CUST009173,29,Male,Tier 2,Ambattur,Salaried,48294,829,0,19,Postgraduate,DSA Agent,2022-03-29
CUST009174,36,Male,Tier 1,Chapra,Salaried,125869,810,0,23,Graduate,Organic,2022-05-20
CUST009175,33,Male,Tier 2,Vadodara,Salaried,61262,817,1,28,Graduate,DSA Agent,2023-08-28
CUST009176,35,Male,Tier 1,Satna,Salaried,76918,839,0,25,Postgraduate,Referral,2023-03-31
CUST009177,28,Female,Tier 3,Hosur,Salaried,79303,708,0,3,Postgraduate,Social Media,2023-12-30
CUST009178,41,Male,Tier 3,Pimpri-Chinchwad,Self Employed,80887,712,0,11,Postgraduate,DSA Agent,2023-11-26
CUST009179,38,Female,Tier 2,Kirari Suleman Nagar,Gig Worker,16504,500,1,8,Graduate,Organic,2023-06-25
CUST009180,38,Female,Tier 1,Amaravati,Salaried,56924,745,0,26,School,Organic,2023-03-01
CUST009181,25,Female,Tier 2,Rampur,Gig Worker,26697,618,2,18,Postgraduate,Social Media,2022-04-16
CUST009182,28,Male,Tier 2,Raiganj,Gig Worker,34135,603,0,3,Graduate,DSA Agent,2022-11-02
CUST009183,36,Female,Tier 2,Mehsana,Salaried,131783,803,0,11,Postgraduate,Organic,2022-11-18
CUST009184,42,Other,Tier 2,Satara,Self Employed,64630,707,0,15,School,Organic,2022-09-09
CUST009185,29,Female,Tier 3,Guntakal,Self Employed,74410,628,0,38,School,Referral,2022-12-17
CUST009186,33,Female,Tier 3,Tinsukia,Self Employed,29239,631,0,9,Graduate,Organic,2022-01-20
CUST009187,36,Female,Tier 1,Bidhannagar,Self Employed,73387,654,0,17,Graduate,Social Media,2022-05-19
CUST009188,42,Female,Tier 2,Surendranagar Dudhrej,Salaried,138061,712,0,5,Graduate,Referral,2022-12-19
CUST009189,49,Male,Tier 1,Nagercoil,Business Owner,41142,741,0,37,Graduate,Referral,2023-04-04
CUST009190,18,Female,Tier 2,Pondicherry,Student,0,566,0,0,School,Social Media,2023-11-28
CUST009191,43,Female,Tier 2,Madanapalle,Business Owner,149312,797,0,26,Postgraduate,Organic,2023-07-08
CUST009192,31,Other,Tier 1,Proddatur,Salaried,72786,815,0,11,School,Referral,2023-11-27
CUST009193,37,Female,Tier 3,Uluberia,Business Owner,91153,714,0,30,School,Social Media,2022-06-06
CUST009194,21,Male,Tier 2,Rourkela,Student,0,411,0,0,Graduate,Referral,2023-11-17
CUST009195,23,Female,Tier 2,Jamalpur,Student,0,475,0,0,Graduate,Organic,2022-12-20
CUST009196,25,Other,Tier 1,Dibrugarh,Salaried,119028,846,0,26,School,Organic,2022-03-12
CUST009197,42,Male,Tier 1,Jamalpur,Self Employed,74800,735,1,7,Graduate,DSA Agent,2022-07-14
CUST009198,32,Male,Tier 1,Bulandshahr,Business Owner,168047,692,0,31,Postgraduate,Social Media,2022-09-09
CUST009199,47,Female,Tier 2,Loni,Self Employed,47612,679,1,10,Postgraduate,Organic,2023-06-22
CUST009200,37,Male,Tier 3,Bhatpara,Gig Worker,25363,672,0,2,School,Referral,2023-05-19
CUST009201,47,Male,Tier 3,Nangloi Jat,Business Owner,185153,611,0,26,Graduate,Referral,2023-12-06
CUST009202,23,Male,Tier 3,Vijayawada,Gig Worker,33481,540,2,19,Postgraduate,DSA Agent,2023-07-07
CUST009203,35,Female,Tier 1,Patiala,Gig Worker,25961,561,0,9,Graduate,Referral,2023-09-11
CUST009204,35,Male,Tier 2,Moradabad,Gig Worker,20608,661,0,14,Postgraduate,Referral,2022-05-08
CUST009205,52,Male,Tier 2,Raipur,Business Owner,119840,737,0,6,School,Referral,2023-07-12
CUST009206,37,Female,Tier 1,Thoothukudi,Salaried,108894,850,0,11,Postgraduate,Organic,2023-07-24
CUST009207,29,Female,Tier 2,Motihari,Gig Worker,29378,649,1,8,Graduate,Social Media,2022-04-06
CUST009208,43,Other,Tier 3,Bhatpara,Self Employed,28730,550,1,5,Postgraduate,Organic,2022-03-12
CUST009209,29,Male,Tier 2,Navi Mumbai,Self Employed,71072,612,2,8,Graduate,Organic,2022-03-30
CUST009210,27,Female,Tier 2,Indore,Gig Worker,13746,599,0,8,School,DSA Agent,2023-07-03
CUST009211,43,Male,Tier 2,Chennai,Business Owner,109298,644,1,21,Graduate,Organic,2022-12-16
CUST009212,49,Female,Tier 1,Munger,Business Owner,111550,722,3,7,Graduate,Social Media,2023-05-08
CUST009213,40,Female,Tier 1,Kochi,Salaried,135234,744,0,25,Postgraduate,DSA Agent,2022-10-09
CUST009214,28,Male,Tier 1,Malda,Gig Worker,21883,532,0,1,Postgraduate,Organic,2022-03-08
CUST009215,29,Female,Tier 1,Muzaffarnagar,Salaried,97149,804,0,28,Postgraduate,Social Media,2023-02-11
CUST009216,43,Male,Tier 2,Siliguri,Salaried,145588,780,1,6,Graduate,Social Media,2023-07-04
CUST009217,28,Female,Tier 2,Munger,Gig Worker,32443,599,0,17,Postgraduate,Social Media,2022-10-26
CUST009218,37,Male,Tier 2,Rajahmundry,Business Owner,52639,658,1,19,Graduate,Social Media,2023-07-19
CUST009219,18,Female,Tier 2,Sasaram,Student,0,502,0,0,School,Referral,2023-09-07
CUST009220,33,Male,Tier 1,Avadi,Salaried,137252,712,0,12,Graduate,Social Media,2023-02-02
CUST009221,33,Male,Tier 2,Ranchi,Salaried,53016,739,0,15,Graduate,Social Media,2023-04-21
CUST009222,23,Other,Tier 1,Satna,Gig Worker,34262,622,1,4,Graduate,Organic,2022-05-05
CUST009223,25,Female,Tier 2,Bidar,Gig Worker,23283,585,3,7,School,DSA Agent,2022-10-22
CUST009224,36,Other,Tier 1,Khammam,Salaried,82937,811,0,14,Graduate,DSA Agent,2023-03-04
CUST009225,18,Male,Tier 2,Sasaram,Student,0,551,0,0,Graduate,Referral,2022-10-23
CUST009226,46,Male,Tier 2,Kadapa,Business Owner,95506,800,0,16,Graduate,DSA Agent,2022-02-04
CUST009227,34,Female,Tier 3,Jhansi,Gig Worker,14551,557,0,3,Postgraduate,Social Media,2023-08-20
CUST009228,26,Female,Tier 3,Raichur,Student,0,589,0,0,Graduate,Social Media,2022-05-13
CUST009229,31,Male,Tier 2,Ahmedabad,Gig Worker,20596,662,1,16,Graduate,DSA Agent,2023-12-10
CUST009230,30,Female,Tier 2,Mango,Self Employed,71351,564,0,21,Postgraduate,Social Media,2022-09-18
CUST009231,30,Male,Tier 2,Salem,Gig Worker,19854,609,0,3,School,Organic,2023-03-16
CUST009232,42,Male,Tier 2,Bellary,Salaried,41469,792,0,11,Graduate,Referral,2023-11-08
CUST009233,37,Male,Tier 3,North Dumdum,Business Owner,91210,629,1,38,School,Organic,2023-05-28
CUST009234,36,Female,Tier 2,Mau,Gig Worker,30500,636,1,2,Postgraduate,Social Media,2023-11-02
CUST009235,50,Female,Tier 3,Ratlam,Self Employed,68248,707,0,21,Postgraduate,Referral,2022-04-27
CUST009236,33,Female,Tier 3,Patna,Gig Worker,21718,658,0,5,Graduate,Organic,2022-05-06
CUST009237,34,Female,Tier 1,Warangal,Salaried,108134,806,0,22,School,DSA Agent,2023-11-06
CUST009238,41,Male,Tier 1,Loni,Salaried,69210,805,0,19,Graduate,Referral,2022-04-23
CUST009239,31,Female,Tier 2,Tadipatri,Gig Worker,32749,607,0,14,School,DSA Agent,2022-05-19
CUST009240,47,Female,Tier 1,Hazaribagh,Self Employed,93529,630,0,32,Graduate,Organic,2023-08-21
CUST009241,43,Female,Tier 1,Parbhani,Salaried,45928,782,0,6,Graduate,Organic,2023-07-08
CUST009242,50,Male,Tier 3,Varanasi,Self Employed,43793,608,0,35,Graduate,Referral,2022-02-09
CUST009243,48,Female,Tier 3,Arrah,Self Employed,39530,552,0,2,Graduate,Referral,2022-11-22
CUST009244,35,Female,Tier 3,Vasai-Virar,Self Employed,56502,688,0,35,Postgraduate,Referral,2022-08-28
CUST009245,26,Other,Tier 2,Bijapur,Gig Worker,15356,560,1,6,Postgraduate,DSA Agent,2022-08-29
CUST009246,34,Other,Tier 2,Aizawl,Business Owner,47274,661,0,24,Postgraduate,Organic,2023-07-22
CUST009247,28,Female,Tier 3,Faridabad,Gig Worker,15936,571,1,3,Postgraduate,DSA Agent,2023-08-21
CUST009248,32,Male,Tier 3,Jamnagar,Gig Worker,22124,609,0,6,Graduate,Referral,2022-12-13
CUST009249,35,Female,Tier 1,North Dumdum,Salaried,61228,827,0,10,Graduate,DSA Agent,2022-08-13
CUST009250,40,Female,Tier 2,Davanagere,Salaried,134474,787,1,14,Graduate,Organic,2023-05-02
CUST009251,32,Female,Tier 2,Jorhat,Salaried,106013,730,1,6,Graduate,Social Media,2022-05-21
CUST009252,35,Male,Tier 1,Raipur,Self Employed,41972,683,1,15,Postgraduate,Referral,2022-04-02
CUST009253,39,Male,Tier 2,Singrauli,Salaried,128715,733,0,2,Graduate,Organic,2023-11-29
CUST009254,35,Male,Tier 2,Agra,Salaried,85588,705,1,12,Postgraduate,Social Media,2022-04-13
CUST009255,48,Male,Tier 3,Hospet,Self Employed,95270,596,0,22,School,Referral,2022-06-07
CUST009256,31,Male,Tier 3,Siwan,Salaried,70434,737,0,24,Graduate,Organic,2022-01-03
CUST009257,26,Female,Tier 2,Ajmer,Salaried,46499,800,1,20,School,Referral,2023-04-29
CUST009258,43,Male,Tier 1,Barasat,Salaried,145680,786,0,5,Graduate,DSA Agent,2023-08-18
CUST009259,34,Male,Tier 2,Raurkela Industrial Township,Self Employed,50373,749,0,27,Professional,Organic,2022-07-16
CUST009260,33,Male,Tier 1,Anand,Salaried,97848,770,1,8,Graduate,DSA Agent,2022-01-10
CUST009261,37,Male,Tier 3,Firozabad,Gig Worker,27944,608,1,2,Graduate,Social Media,2022-12-23
CUST009262,34,Other,Tier 2,Bhalswa Jahangir Pur,Gig Worker,30641,606,1,6,Graduate,Organic,2023-01-22
CUST009263,38,Male,Tier 2,Nagpur,Self Employed,81016,590,2,25,Graduate,Social Media,2023-10-27
CUST009264,49,Male,Tier 2,Bhusawal,Self Employed,51639,632,0,22,Graduate,Social Media,2023-01-23
CUST009265,22,Female,Tier 1,Bihar Sharif,Student,0,534,0,0,Graduate,Organic,2023-02-27
CUST009266,42,Female,Tier 1,Amritsar,Salaried,120810,771,0,6,Postgraduate,Referral,2023-09-20
CUST009267,37,Male,Tier 2,Bellary,Salaried,96600,730,0,5,Graduate,Social Media,2022-01-05
CUST009268,25,Female,Tier 1,Pudukkottai,Salaried,58889,770,0,4,Professional,Social Media,2023-04-18
CUST009269,43,Female,Tier 2,Nangloi Jat,Salaried,146047,719,0,15,Graduate,Social Media,2023-11-17
CUST009270,37,Female,Tier 1,Panchkula,Salaried,73981,753,0,3,Graduate,DSA Agent,2023-01-19
CUST009271,38,Female,Tier 2,Kochi,Salaried,96678,824,2,1,School,Social Media,2022-07-04
CUST009272,25,Other,Tier 3,Ballia,Gig Worker,32825,658,0,4,Graduate,Organic,2022-06-18
CUST009273,40,Male,Tier 2,Ambarnath,Self Employed,29647,679,1,37,Graduate,DSA Agent,2023-04-03
CUST009274,37,Male,Tier 3,Nanded,Gig Worker,24054,623,1,2,Postgraduate,Referral,2023-05-28
CUST009275,35,Male,Tier 3,Bahraich,Self Employed,92637,688,0,34,Graduate,Organic,2023-01-05
CUST009276,41,Male,Tier 3,Vasai-Virar,Salaried,121996,755,0,13,School,Organic,2022-12-19
CUST009277,44,Female,Tier 1,Karaikudi,Salaried,117015,828,0,5,Graduate,Social Media,2022-11-15
CUST009278,34,Female,Tier 3,Agra,Gig Worker,23651,577,0,10,Graduate,Organic,2022-12-10
CUST009279,25,Male,Tier 2,Buxar,Salaried,135691,757,0,15,Graduate,Referral,2022-03-03
CUST009280,29,Male,Tier 2,Bathinda,Salaried,99587,739,0,30,Graduate,Organic,2023-04-12
CUST009281,22,Male,Tier 1,Avadi,Gig Worker,25953,533,0,18,School,Social Media,2023-04-12
CUST009282,41,Other,Tier 2,Ambattur,Business Owner,101479,675,3,17,Graduate,Social Media,2022-01-06
CUST009283,36,Female,Tier 2,Akola,Self Employed,74429,687,0,23,School,Referral,2022-07-10
CUST009284,44,Female,Tier 3,Mysore,Salaried,94792,772,2,18,Postgraduate,Referral,2023-11-17
CUST009285,19,Female,Tier 1,Serampore,Student,0,493,0,0,Professional,Social Media,2023-03-02
CUST009286,43,Female,Tier 3,Jamalpur,Self Employed,90190,588,0,19,Graduate,Organic,2022-08-05
CUST009287,32,Female,Tier 2,Rohtak,Self Employed,88978,715,0,14,School,Social Media,2023-04-27
CUST009288,19,Male,Tier 1,Ballia,Student,0,596,0,0,Graduate,Social Media,2023-05-04
CUST009289,25,Female,Tier 1,Pali,Gig Worker,15077,657,1,11,School,Referral,2023-03-10
CUST009290,38,Female,Tier 1,Kirari Suleman Nagar,Salaried,53110,791,0,15,Postgraduate,Social Media,2023-09-30
CUST009291,36,Female,Tier 3,Dewas,Gig Worker,15346,546,0,6,Graduate,Social Media,2023-10-03
CUST009292,37,Other,Tier 3,Yamunanagar,Gig Worker,22333,557,2,12,Postgraduate,Social Media,2022-06-11
CUST009293,25,Female,Tier 3,Rohtak,Gig Worker,12410,551,0,0,Graduate,Organic,2022-02-07
CUST009294,38,Female,Tier 3,Belgaum,Gig Worker,14474,541,0,19,Graduate,Referral,2022-05-24
CUST009295,31,Female,Tier 3,Hapur,Business Owner,37609,626,0,33,Graduate,Referral,2022-04-26
CUST009296,46,Male,Tier 1,Tinsukia,Business Owner,170787,780,2,14,Postgraduate,DSA Agent,2022-02-12
CUST009297,21,Female,Tier 2,Gwalior,Student,0,528,0,0,Postgraduate,Organic,2023-05-23
CUST009298,19,Female,Tier 2,Agartala,Student,0,510,0,0,Graduate,DSA Agent,2022-09-29
CUST009299,42,Male,Tier 2,Khandwa,Business Owner,160804,750,1,36,School,DSA Agent,2022-01-29
CUST009300,42,Female,Tier 2,Mango,Salaried,136383,722,0,7,School,Referral,2022-04-23
CUST009301,37,Female,Tier 1,Naihati,Salaried,48796,847,0,5,Postgraduate,Organic,2023-10-26
CUST009302,32,Female,Tier 2,Nanded,Gig Worker,19652,588,2,9,School,DSA Agent,2022-01-26
CUST009303,21,Other,Tier 1,Solapur,Student,0,477,0,0,Graduate,Social Media,2023-06-03
CUST009304,26,Male,Tier 2,Machilipatnam,Gig Worker,25926,649,0,14,Graduate,Social Media,2023-03-26
CUST009305,50,Female,Tier 2,Baranagar,Self Employed,29344,728,1,21,Graduate,Social Media,2023-10-13
CUST009306,36,Female,Tier 2,Ambattur,Salaried,145965,728,0,4,School,DSA Agent,2023-04-14
CUST009307,39,Male,Tier 2,Panipat,Salaried,85880,732,0,14,Graduate,Organic,2022-08-20
CUST009308,41,Male,Tier 2,Kharagpur,Self Employed,76000,668,1,34,Postgraduate,Social Media,2022-09-15
CUST009309,28,Female,Tier 2,Gudivada,Salaried,77717,748,0,16,Graduate,Social Media,2023-12-16
CUST009310,34,Female,Tier 3,Kishanganj,Gig Worker,32046,586,0,11,Graduate,DSA Agent,2022-03-10
CUST009311,33,Female,Tier 1,Morbi,Salaried,84599,836,0,15,Graduate,Social Media,2022-02-08
CUST009312,27,Female,Tier 2,Tumkur,Salaried,135396,848,0,23,School,Organic,2022-03-26
CUST009313,28,Male,Tier 2,Warangal,Self Employed,67435,614,0,27,School,Referral,2022-11-20
CUST009314,33,Male,Tier 3,Jorhat,Gig Worker,30608,533,0,6,Graduate,Social Media,2022-05-19
CUST009315,24,Male,Tier 3,Tumkur,Gig Worker,32280,549,2,13,Graduate,Referral,2022-05-06
CUST009316,35,Other,Tier 1,Panihati,Salaried,92962,842,0,19,Graduate,DSA Agent,2023-06-07
CUST009317,23,Male,Tier 2,Saharanpur,Student,13651,500,0,0,Graduate,Organic,2022-08-09
CUST009318,25,Other,Tier 3,Karnal,Gig Worker,17926,674,1,0,Postgraduate,Social Media,2023-04-20
CUST009319,46,Other,Tier 3,Ramgarh,Self Employed,63588,720,2,11,Graduate,Social Media,2023-05-29
CUST009320,44,Other,Tier 3,Gaya,Self Employed,96855,590,0,12,Graduate,Social Media,2023-06-22
CUST009321,39,Male,Tier 1,Proddatur,Salaried,118379,833,2,19,Postgraduate,DSA Agent,2023-06-28
CUST009322,24,Other,Tier 2,Vijayanagaram,Student,0,523,0,0,Graduate,DSA Agent,2023-04-08
CUST009323,49,Male,Tier 2,Bidhannagar,Self Employed,49090,609,1,35,School,Referral,2023-03-21
CUST009324,31,Male,Tier 2,Amravati,Gig Worker,34659,675,0,6,Graduate,Organic,2023-09-04
CUST009325,40,Male,Tier 2,Vijayanagaram,Salaried,133684,807,0,30,Graduate,Organic,2023-03-13
CUST009326,51,Female,Tier 1,Raebareli,Business Owner,86987,704,1,37,Graduate,Organic,2022-05-18
CUST009327,41,Male,Tier 3,Mumbai,Self Employed,38874,570,0,35,School,Social Media,2022-12-20
CUST009328,31,Female,Tier 2,Satara,Salaried,126770,780,0,11,School,Organic,2023-08-06
CUST009329,31,Male,Tier 3,New Delhi,Salaried,137256,716,0,13,Graduate,Social Media,2023-03-26
CUST009330,23,Male,Tier 3,Akola,Student,4052,436,1,0,Professional,Referral,2022-10-07
CUST009331,40,Male,Tier 2,Guntur,Self Employed,31447,721,0,22,School,Social Media,2023-12-25
CUST009332,35,Female,Tier 1,Guntur,Self Employed,91339,709,0,22,Graduate,Social Media,2022-01-28
CUST009333,30,Female,Tier 1,Agartala,Gig Worker,31798,626,2,19,Professional,Organic,2022-03-14
CUST009334,30,Female,Tier 2,Srinagar,Self Employed,53386,711,1,17,Graduate,Organic,2023-08-20
CUST009335,31,Female,Tier 3,Bahraich,Gig Worker,26700,665,1,1,Graduate,Social Media,2022-08-21
CUST009336,33,Other,Tier 2,Begusarai,Salaried,127608,814,0,13,Graduate,Organic,2022-09-08
CUST009337,28,Female,Tier 2,Bidar,Self Employed,46682,688,1,23,Graduate,Referral,2022-10-14
CUST009338,43,Female,Tier 2,Secunderabad,Business Owner,130935,600,1,30,School,Organic,2023-11-29
CUST009339,41,Female,Tier 1,Bareilly,Salaried,75094,733,0,26,Graduate,DSA Agent,2022-10-22
CUST009340,34,Female,Tier 2,Bidhannagar,Gig Worker,23132,652,1,1,Graduate,DSA Agent,2023-09-30
CUST009341,46,Female,Tier 3,Khammam,Self Employed,71340,703,1,39,Postgraduate,Organic,2022-02-22
CUST009342,22,Female,Tier 3,Avadi,Gig Worker,22291,586,0,3,Postgraduate,Organic,2023-08-13
CUST009343,21,Female,Tier 3,Sambhal,Student,0,540,0,0,School,Organic,2022-11-28
CUST009344,42,Female,Tier 1,Panipat,Self Employed,78550,661,0,14,Postgraduate,DSA Agent,2023-10-18
CUST009345,37,Male,Tier 1,Indore,Salaried,50280,781,0,9,Graduate,Organic,2023-03-04
CUST009346,38,Female,Tier 3,Rajpur Sonarpur,Business Owner,34755,748,0,39,School,Social Media,2022-02-20
CUST009347,48,Male,Tier 2,Etawah,Self Employed,22333,677,0,8,School,Referral,2022-08-16
CUST009348,20,Female,Tier 2,Berhampore,Student,0,430,0,0,Graduate,Organic,2023-01-01
CUST009349,35,Female,Tier 1,Tenali,Self Employed,30223,711,0,19,Postgraduate,Referral,2022-04-15
CUST009350,21,Other,Tier 1,Raebareli,Student,0,428,0,0,School,Organic,2022-04-05
CUST009351,33,Male,Tier 1,Kolhapur,Salaried,126552,768,0,23,Graduate,Social Media,2023-06-24
CUST009352,33,Male,Tier 1,Faridabad,Salaried,135473,824,0,9,Graduate,Organic,2023-10-30
CUST009353,22,Male,Tier 1,Jamalpur,Student,0,430,0,0,Postgraduate,Organic,2022-08-02
CUST009354,44,Male,Tier 1,Shahjahanpur,Salaried,51364,745,0,28,School,Organic,2022-09-13
CUST009355,36,Female,Tier 1,Warangal,Salaried,61760,717,0,7,Postgraduate,Referral,2023-02-14
CUST009356,36,Female,Tier 1,Bellary,Self Employed,46938,614,0,33,Graduate,Organic,2022-11-18
CUST009357,21,Female,Tier 3,Tezpur,Student,13035,423,0,0,Postgraduate,DSA Agent,2023-02-12
CUST009358,45,Female,Tier 1,Eluru,Salaried,72688,720,0,6,Graduate,Organic,2022-06-12
CUST009359,20,Male,Tier 2,Raurkela Industrial Township,Student,3156,436,1,0,Graduate,Organic,2023-06-25
CUST009360,40,Male,Tier 2,South Dumdum,Self Employed,81515,704,0,14,Professional,Social Media,2022-06-12
CUST009361,33,Male,Tier 3,Bahraich,Gig Worker,31328,563,1,12,Postgraduate,Organic,2023-04-21
CUST009362,18,Female,Tier 1,Firozabad,Student,0,489,1,0,Graduate,Organic,2022-02-15
CUST009363,32,Female,Tier 2,Bihar Sharif,Gig Worker,20240,679,0,6,Graduate,Referral,2022-03-26
CUST009364,43,Female,Tier 2,Indore,Salaried,113526,812,1,26,Graduate,Referral,2023-03-20
CUST009365,39,Male,Tier 2,Motihari,Salaried,95068,783,0,11,Graduate,Organic,2023-07-21
CUST009366,29,Male,Tier 3,Delhi,Gig Worker,31427,678,1,7,Graduate,Social Media,2023-05-04
CUST009367,35,Female,Tier 2,Thanjavur,Gig Worker,33024,557,1,14,Graduate,Social Media,2023-02-15
CUST009368,20,Male,Tier 1,Rajkot,Student,7084,505,0,0,Graduate,DSA Agent,2022-03-10
CUST009369,39,Female,Tier 2,Gopalpur,Self Employed,40964,623,0,36,Graduate,Referral,2023-01-11
CUST009370,35,Male,Tier 3,Rohtak,Gig Worker,21303,514,0,6,Graduate,Organic,2023-07-17
CUST009371,36,Male,Tier 3,Ongole,Self Employed,77852,586,1,36,Postgraduate,Referral,2023-06-19
CUST009372,42,Female,Tier 2,Bokaro,Salaried,68579,714,0,7,Postgraduate,Organic,2023-04-15
CUST009373,32,Male,Tier 1,Chapra,Salaried,96928,744,0,1,Graduate,Organic,2023-12-27
CUST009374,22,Female,Tier 3,Dewas,Student,0,453,0,0,Graduate,Referral,2023-09-05
CUST009375,30,Female,Tier 1,New Delhi,Salaried,137228,736,0,14,School,Social Media,2023-07-03
CUST009376,30,Female,Tier 1,Amritsar,Salaried,123523,785,0,11,Postgraduate,DSA Agent,2022-08-12
CUST009377,47,Female,Tier 2,Karimnagar,Self Employed,91470,586,0,8,School,Organic,2022-11-28
CUST009378,38,Female,Tier 1,Burhanpur,Gig Worker,27569,524,0,17,Graduate,Social Media,2023-04-18
CUST009379,23,Male,Tier 2,Dindigul,Student,0,445,0,0,School,Organic,2023-10-21
CUST009380,27,Female,Tier 1,Jalna,Salaried,80102,777,0,16,Graduate,Social Media,2022-09-03
CUST009381,27,Female,Tier 2,Jalgaon,Salaried,68908,778,1,5,Graduate,Organic,2022-07-21
CUST009382,26,Male,Tier 1,Tiruchirappalli,Salaried,72553,846,0,2,Postgraduate,Organic,2023-02-13
CUST009383,38,Female,Tier 3,Bhilwara,Gig Worker,21236,544,1,18,Graduate,Social Media,2023-03-23
CUST009384,27,Female,Tier 3,Hajipur,Gig Worker,17717,602,0,11,Postgraduate,Social Media,2023-04-30
CUST009385,35,Female,Tier 2,Giridih,Gig Worker,15549,502,1,7,School,Organic,2022-10-02
CUST009386,21,Female,Tier 2,Kakinada,Student,0,542,0,0,Graduate,Social Media,2023-12-22
CUST009387,38,Male,Tier 1,Guntur,Business Owner,65567,626,0,16,Graduate,Social Media,2022-04-11
CUST009388,29,Female,Tier 2,Ramagundam,Salaried,132858,777,0,13,Graduate,DSA Agent,2023-04-23
CUST009389,38,Male,Tier 3,Ballia,Gig Worker,18588,510,0,13,Professional,Referral,2023-03-14
CUST009390,27,Male,Tier 3,Baranagar,Gig Worker,21941,666,0,5,Graduate,Referral,2023-01-21
CUST009391,38,Female,Tier 3,Gandhidham,Business Owner,136299,747,1,12,School,Social Media,2023-02-08
CUST009392,49,Female,Tier 3,Raebareli,Business Owner,134281,776,1,3,School,Social Media,2023-07-21
CUST009393,44,Male,Tier 3,Bareilly,Salaried,137236,848,0,6,Postgraduate,DSA Agent,2023-05-06
CUST009394,38,Female,Tier 2,Faridabad,Self Employed,55232,572,1,8,School,Referral,2023-01-22
CUST009395,26,Other,Tier 3,Ambala,Gig Worker,16419,524,1,19,Postgraduate,Organic,2023-01-18
CUST009396,36,Female,Tier 1,Allahabad,Salaried,61382,782,1,15,Graduate,Social Media,2023-09-20
CUST009397,30,Female,Tier 1,Jorhat,Salaried,53163,818,0,3,Postgraduate,Social Media,2022-05-20
CUST009398,34,Female,Tier 3,Latur,Gig Worker,32876,675,1,15,Postgraduate,Organic,2023-11-18
CUST009399,37,Male,Tier 2,Bijapur,Gig Worker,21857,644,0,5,Graduate,Referral,2023-04-19
CUST009400,40,Male,Tier 3,Ballia,Salaried,108418,722,0,4,Postgraduate,Organic,2022-06-30
CUST009401,32,Female,Tier 2,Anantapur,Self Employed,61104,712,0,21,Graduate,Social Media,2023-07-05
CUST009402,29,Female,Tier 2,Amritsar,Salaried,62831,752,1,1,Graduate,DSA Agent,2022-08-14
CUST009403,30,Female,Tier 2,Berhampur,Gig Worker,31688,576,0,19,Graduate,Referral,2022-05-31
CUST009404,30,Female,Tier 2,Ongole,Salaried,132016,815,1,6,Postgraduate,Referral,2022-01-02
CUST009405,28,Female,Tier 2,Tirunelveli,Salaried,46301,796,0,22,School,Organic,2022-04-02
CUST009406,33,Male,Tier 2,Kanpur,Gig Worker,30319,603,0,15,Postgraduate,Social Media,2022-01-19
CUST009407,38,Male,Tier 1,Motihari,Salaried,131925,842,0,14,Postgraduate,Referral,2022-12-28
CUST009408,31,Male,Tier 3,Motihari,Gig Worker,34427,660,0,3,Graduate,Referral,2023-05-01
CUST009409,27,Female,Tier 1,Jalandhar,Salaried,44408,769,0,4,Postgraduate,DSA Agent,2023-09-11
CUST009410,34,Male,Tier 1,Srikakulam,Gig Worker,32995,509,0,6,Postgraduate,Organic,2022-04-02
CUST009411,41,Female,Tier 1,Loni,Salaried,141253,754,0,4,Graduate,Referral,2023-07-27
CUST009412,46,Male,Tier 1,Bhusawal,Self Employed,74346,666,0,9,Graduate,Organic,2023-10-21
CUST009413,48,Female,Tier 3,Warangal,Self Employed,53801,743,1,24,Postgraduate,Social Media,2022-06-11
CUST009414,29,Male,Tier 1,Malda,Salaried,54976,704,0,27,Professional,Social Media,2023-09-14
CUST009415,37,Female,Tier 2,Vellore,Gig Worker,15172,500,2,16,Graduate,Organic,2023-04-23
CUST009416,45,Male,Tier 1,Asansol,Salaried,90073,767,0,23,Graduate,DSA Agent,2022-11-19
CUST009417,38,Male,Tier 2,Adoni,Gig Worker,25388,561,0,8,Graduate,Social Media,2022-11-18
CUST009418,45,Female,Tier 1,Sambalpur,Salaried,76429,701,1,18,Graduate,Organic,2022-02-05
CUST009419,37,Male,Tier 2,Serampore,Gig Worker,23071,671,0,19,Postgraduate,Social Media,2022-09-17
CUST009420,35,Female,Tier 3,Mangalore,Gig Worker,24263,591,2,6,Graduate,Organic,2022-09-29
CUST009421,35,Female,Tier 2,Ahmedabad,Business Owner,172711,763,0,2,Postgraduate,Social Media,2023-03-12
CUST009422,37,Female,Tier 2,Visakhapatnam,Gig Worker,25864,598,0,0,Professional,Social Media,2023-09-19
CUST009423,36,Female,Tier 3,Udaipur,Gig Worker,31690,638,1,14,Postgraduate,Social Media,2023-05-11
CUST009424,33,Male,Tier 2,Meerut,Gig Worker,25520,613,3,10,School,Referral,2022-06-14
CUST009425,41,Female,Tier 1,Ambala,Business Owner,132365,635,0,22,School,Referral,2022-01-09
CUST009426,45,Male,Tier 1,Thanjavur,Self Employed,26179,705,0,27,Graduate,Referral,2023-05-13
CUST009427,30,Male,Tier 2,Surat,Salaried,99929,833,0,25,Graduate,DSA Agent,2022-06-06
CUST009428,18,Male,Tier 1,Durgapur,Student,0,568,2,0,Graduate,Referral,2023-06-20
CUST009429,26,Male,Tier 3,Tumkur,Gig Worker,28868,652,0,14,School,Social Media,2022-08-07
CUST009430,24,Female,Tier 2,Jalandhar,Student,0,586,0,0,Graduate,Organic,2022-07-17
CUST009431,26,Female,Tier 3,Jamnagar,Student,2895,456,1,0,Graduate,Organic,2023-09-06
CUST009432,44,Male,Tier 2,Sambhal,Salaried,128544,817,0,10,Graduate,Organic,2022-02-22
CUST009433,38,Male,Tier 1,Nangloi Jat,Self Employed,48095,581,0,16,Postgraduate,Referral,2022-08-28
CUST009434,28,Male,Tier 1,Kota,Salaried,87468,743,0,23,Professional,DSA Agent,2022-08-22
CUST009435,37,Male,Tier 1,Aurangabad,Salaried,142212,770,0,2,Postgraduate,Organic,2023-01-29
CUST009436,32,Female,Tier 2,Imphal,Salaried,106167,785,0,21,Graduate,Organic,2023-03-04
CUST009437,38,Male,Tier 2,Surat,Self Employed,81353,588,0,25,Graduate,Referral,2022-09-09
CUST009438,35,Male,Tier 1,Rewa,Salaried,52114,817,0,7,Graduate,Social Media,2023-08-19
CUST009439,43,Female,Tier 2,Kulti,Salaried,115395,828,0,20,Professional,DSA Agent,2022-01-05
CUST009440,33,Female,Tier 3,Kadapa,Self Employed,50267,599,1,23,Graduate,DSA Agent,2022-03-30
CUST009441,29,Female,Tier 2,Warangal,Salaried,54855,755,0,28,Postgraduate,Social Media,2023-06-17
CUST009442,29,Female,Tier 2,Bhavnagar,Salaried,102528,724,0,19,Graduate,Social Media,2022-09-16
CUST009443,27,Male,Tier 1,Agra,Salaried,62624,795,0,29,Graduate,Referral,2022-09-23
CUST009444,32,Male,Tier 2,Imphal,Gig Worker,26983,672,0,2,School,Social Media,2022-11-04
CUST009445,26,Male,Tier 2,Dharmavaram,Gig Worker,29004,659,1,11,Graduate,DSA Agent,2023-07-17
CUST009446,26,Male,Tier 2,Udaipur,Salaried,82052,786,0,9,Graduate,Social Media,2023-03-18
CUST009447,39,Female,Tier 3,Nashik,Business Owner,90929,641,1,5,School,Referral,2023-04-24
CUST009448,28,Female,Tier 3,Burhanpur,Self Employed,56357,614,2,10,School,Social Media,2022-01-23
CUST009449,27,Male,Tier 1,Bhopal,Salaried,116111,798,0,27,Professional,Social Media,2023-10-09
CUST009450,39,Male,Tier 1,Srikakulam,Salaried,78130,840,0,6,Postgraduate,Organic,2022-05-17
CUST009451,32,Male,Tier 2,Aurangabad,Gig Worker,21402,589,0,11,Postgraduate,Referral,2022-05-31
CUST009452,49,Female,Tier 2,Dhule,Self Employed,93537,635,1,28,Graduate,Social Media,2022-09-14
CUST009453,31,Male,Tier 1,Deoghar,Salaried,52197,755,0,2,School,Organic,2023-10-10
CUST009454,27,Male,Tier 3,Bhagalpur,Salaried,125352,779,0,25,School,Organic,2022-09-20
CUST009455,23,Female,Tier 3,Ramgarh,Student,0,600,1,0,Graduate,Organic,2023-12-18
CUST009456,39,Male,Tier 1,Nellore,Salaried,101380,711,0,5,Postgraduate,Referral,2023-06-07
CUST009457,23,Male,Tier 2,Akola,Gig Worker,24266,627,2,15,Postgraduate,Referral,2023-01-08
CUST009458,23,Male,Tier 3,Bokaro,Student,6079,410,1,0,Graduate,Organic,2023-12-13
CUST009459,48,Male,Tier 1,Bhiwandi,Self Employed,44736,686,1,3,Graduate,Organic,2023-01-04
CUST009460,35,Male,Tier 3,Kozhikode,Salaried,56947,709,0,10,Postgraduate,DSA Agent,2023-09-12
CUST009461,36,Male,Tier 2,Khora ,Self Employed,76987,714,1,1,Graduate,Social Media,2022-01-28
CUST009462,40,Female,Tier 1,Thanjavur,Salaried,106023,729,0,20,Graduate,DSA Agent,2023-05-17
CUST009463,34,Female,Tier 3,Anantapuram,Self Employed,86658,576,0,12,Graduate,Social Media,2022-04-16
CUST009464,38,Female,Tier 2,Cuttack,Gig Worker,15791,550,1,0,Postgraduate,Social Media,2023-01-09
CUST009465,26,Female,Tier 2,Avadi,Student,0,558,1,0,School,DSA Agent,2022-05-01
CUST009466,51,Male,Tier 3,Orai,Business Owner,103817,639,1,8,Postgraduate,DSA Agent,2023-05-03
CUST009467,34,Female,Tier 1,Bihar Sharif,Business Owner,179379,619,0,6,Graduate,Organic,2022-12-24
CUST009468,47,Male,Tier 3,Phagwara,Business Owner,199356,788,0,25,Professional,Social Media,2023-11-24
CUST009469,33,Male,Tier 2,Haldia,Gig Worker,22186,508,1,12,Graduate,Social Media,2023-11-04
CUST009470,26,Male,Tier 2,Malegaon,Gig Worker,28074,627,1,16,Graduate,Social Media,2023-02-22
CUST009471,33,Male,Tier 2,Ballia,Gig Worker,31015,514,1,4,Graduate,Organic,2023-11-27
CUST009472,33,Other,Tier 2,Haldia,Self Employed,96888,629,1,27,Postgraduate,DSA Agent,2022-09-18
CUST009473,21,Male,Tier 2,Agartala,Student,0,446,0,0,Graduate,Organic,2022-12-26
CUST009474,37,Male,Tier 1,Meerut,Salaried,129253,803,0,11,Graduate,Organic,2023-09-01
CUST009475,36,Male,Tier 3,Shahjahanpur,Business Owner,100321,717,0,15,Postgraduate,Referral,2023-09-25
CUST009476,22,Male,Tier 2,Malda,Student,0,588,0,0,Professional,DSA Agent,2022-11-18
CUST009477,42,Male,Tier 2,Latur,Business Owner,59232,770,0,21,Graduate,Organic,2023-12-22
CUST009478,22,Male,Tier 1,Chapra,Student,0,533,1,0,Graduate,Social Media,2023-07-31
CUST009479,26,Male,Tier 2,Belgaum,Salaried,50875,844,0,22,Graduate,Organic,2022-02-13
CUST009480,44,Female,Tier 1,Ahmednagar,Salaried,57087,798,0,24,Postgraduate,Social Media,2023-10-11
CUST009481,36,Male,Tier 1,Machilipatnam,Salaried,143827,725,0,29,Graduate,Referral,2023-02-09
CUST009482,45,Male,Tier 1,Thanjavur,Salaried,146878,704,0,13,Postgraduate,DSA Agent,2022-08-21
CUST009483,50,Female,Tier 2,Yamunanagar,Self Employed,79363,582,0,33,Graduate,Organic,2023-03-15
CUST009484,22,Other,Tier 3,Uluberia,Student,0,566,0,0,School,Social Media,2023-07-18
CUST009485,25,Male,Tier 2,Phusro,Student,9272,470,0,0,School,Referral,2023-06-11
CUST009486,37,Male,Tier 1,Shimoga,Self Employed,91957,636,1,28,Postgraduate,Organic,2022-09-03
CUST009487,31,Other,Tier 1,Pali,Salaried,125549,756,0,30,Graduate,Organic,2023-03-08
CUST009488,25,Male,Tier 1,Uluberia,Salaried,121739,712,0,15,Graduate,Organic,2023-02-21
CUST009489,38,Female,Tier 2,Sasaram,Salaried,41629,841,0,5,Postgraduate,Organic,2022-01-15
CUST009490,37,Male,Tier 3,Udupi,Gig Worker,20538,513,0,1,Graduate,Organic,2022-06-11
CUST009491,22,Female,Tier 2,Erode,Gig Worker,23137,680,1,12,Graduate,Organic,2023-03-25
CUST009492,34,Other,Tier 2,Vasai-Virar,Salaried,129070,785,0,20,Postgraduate,Social Media,2023-06-17
CUST009493,27,Female,Tier 3,Bhalswa Jahangir Pur,Salaried,63609,834,0,13,Graduate,Social Media,2022-09-15
CUST009494,35,Male,Tier 2,Muzaffarnagar,Salaried,50907,824,0,23,School,Organic,2023-09-14
CUST009495,32,Male,Tier 1,Machilipatnam,Self Employed,90792,663,0,3,Graduate,Social Media,2023-12-13
CUST009496,23,Male,Tier 3,Kozhikode,Gig Worker,34969,521,0,4,School,Social Media,2023-11-21
CUST009497,31,Female,Tier 3,Mango,Gig Worker,18880,644,1,12,Graduate,Referral,2023-09-11
CUST009498,23,Female,Tier 2,Singrauli,Gig Worker,17931,667,2,10,School,DSA Agent,2022-10-02
CUST009499,30,Male,Tier 3,Ratlam,Business Owner,95453,751,0,9,Postgraduate,Referral,2022-02-21
CUST009500,44,Female,Tier 2,Sonipat,Salaried,47144,798,0,24,Graduate,Social Media,2022-04-26
CUST009501,31,Male,Tier 2,Kishanganj,Gig Worker,12987,605,2,3,Graduate,DSA Agent,2022-08-06
CUST009502,28,Male,Tier 2,Warangal,Self Employed,87111,666,1,14,Graduate,Referral,2023-10-16
CUST009503,22,Female,Tier 2,Kulti,Gig Worker,14691,654,0,9,Graduate,DSA Agent,2022-01-25
CUST009504,35,Male,Tier 2,Ramagundam,Business Owner,152655,722,0,5,Graduate,Organic,2022-09-21
CUST009505,26,Male,Tier 2,Munger,Gig Worker,17152,577,1,12,Postgraduate,Social Media,2022-10-19
CUST009506,33,Male,Tier 3,Guntakal,Gig Worker,31976,561,1,16,Graduate,Organic,2023-05-02
CUST009507,45,Female,Tier 2,Bihar Sharif,Salaried,65155,747,2,28,Graduate,Social Media,2023-02-19
CUST009508,42,Female,Tier 1,Sonipat,Self Employed,57217,557,0,10,Postgraduate,Organic,2023-10-17
CUST009509,39,Other,Tier 2,Jodhpur,Salaried,51207,744,1,7,Professional,DSA Agent,2022-05-09
CUST009510,30,Female,Tier 1,Berhampore,Salaried,119999,814,0,3,Graduate,DSA Agent,2023-03-20
CUST009511,38,Female,Tier 2,Thiruvananthapuram,Gig Worker,29059,508,0,2,Postgraduate,Referral,2023-04-16
CUST009512,34,Male,Tier 2,North Dumdum,Gig Worker,19219,617,0,4,Graduate,Organic,2022-10-30
CUST009513,42,Other,Tier 1,Rajpur Sonarpur,Salaried,97755,757,0,19,Graduate,Organic,2022-05-26
CUST009514,32,Female,Tier 2,Bulandshahr,Self Employed,80452,653,0,38,Postgraduate,Referral,2023-04-08
CUST009515,47,Female,Tier 2,Orai,Self Employed,29359,604,0,4,School,Social Media,2022-04-01
CUST009516,37,Female,Tier 2,Shahjahanpur,Salaried,108902,826,0,15,Graduate,Organic,2023-11-03
CUST009517,24,Female,Tier 2,Haridwar,Gig Worker,32144,664,1,5,School,Organic,2023-08-31
CUST009518,33,Male,Tier 2,Singrauli,Self Employed,67221,557,1,38,Postgraduate,Social Media,2023-08-07
CUST009519,31,Male,Tier 3,Sagar,Gig Worker,23820,549,4,19,Graduate,Organic,2022-08-28
CUST009520,35,Female,Tier 3,Gudivada,Gig Worker,27756,501,1,19,Graduate,Social Media,2023-07-02
CUST009521,39,Female,Tier 1,Tadepalligudem,Salaried,76985,837,0,24,School,DSA Agent,2023-10-29
CUST009522,32,Female,Tier 1,Vijayanagaram,Self Employed,38681,654,2,38,School,Referral,2022-09-02
CUST009523,50,Male,Tier 2,Raichur,Business Owner,130459,661,1,5,Postgraduate,DSA Agent,2023-07-06
CUST009524,44,Male,Tier 2,Orai,Self Employed,81306,711,0,32,Postgraduate,Organic,2022-01-25
CUST009525,27,Female,Tier 3,Salem,Salaried,114913,739,0,3,Postgraduate,DSA Agent,2022-07-30
CUST009526,29,Female,Tier 3,Kottayam,Gig Worker,29427,536,0,18,School,Social Media,2022-11-18
CUST009527,18,Female,Tier 2,Surendranagar Dudhrej,Student,2239,581,1,0,Graduate,Social Media,2022-03-09
CUST009528,39,Male,Tier 2,Bhopal,Salaried,96682,723,0,4,Postgraduate,Organic,2023-01-22
CUST009529,50,Female,Tier 2,Lucknow,Business Owner,179545,719,0,3,School,DSA Agent,2023-11-13
CUST009530,37,Female,Tier 1,Dhule,Business Owner,167234,747,2,29,Graduate,Social Media,2022-07-04
CUST009531,25,Female,Tier 1,Bikaner,Salaried,109755,700,0,11,Postgraduate,Organic,2022-10-16
CUST009532,38,Male,Tier 3,Allahabad,Business Owner,40910,629,0,14,School,Social Media,2022-12-18
CUST009533,31,Male,Tier 3,Rourkela,Gig Worker,20377,516,0,13,School,Organic,2023-10-07
CUST009534,20,Female,Tier 3,Bareilly,Student,0,481,0,0,School,Social Media,2022-08-24
CUST009535,23,Male,Tier 2,Jorhat,Gig Worker,34833,647,2,5,Postgraduate,Organic,2022-06-17
CUST009536,34,Female,Tier 1,Ongole,Gig Worker,22185,623,0,12,Professional,Social Media,2023-02-12
CUST009537,45,Female,Tier 3,Miryalaguda,Self Employed,72631,578,0,18,Graduate,Organic,2022-08-23
CUST009538,31,Female,Tier 1,Kharagpur,Self Employed,84973,642,1,37,School,Organic,2022-05-16
CUST009539,34,Male,Tier 2,Chapra,Salaried,56278,770,0,6,Graduate,Organic,2022-03-29
CUST009540,26,Male,Tier 2,Kochi,Gig Worker,12566,538,0,1,School,DSA Agent,2022-10-18
CUST009541,42,Female,Tier 1,Bhilai,Salaried,55575,732,1,11,School,Social Media,2023-09-02
CUST009542,32,Female,Tier 3,Sikar,Salaried,129866,733,0,23,Graduate,Organic,2022-01-30
CUST009543,36,Male,Tier 3,Guntakal,Salaried,149205,741,0,1,Postgraduate,DSA Agent,2023-08-28
CUST009544,32,Male,Tier 2,Mango,Gig Worker,20632,665,0,8,Graduate,Social Media,2022-06-06
CUST009545,29,Other,Tier 2,Udaipur,Salaried,139268,759,0,7,Graduate,Social Media,2023-12-11
CUST009546,25,Male,Tier 1,Alwar,Salaried,146460,759,0,21,Graduate,Social Media,2022-03-13
CUST009547,32,Female,Tier 1,Adoni,Salaried,95943,805,0,9,School,Organic,2022-12-11
CUST009548,29,Male,Tier 2,Munger,Salaried,53999,746,1,9,School,DSA Agent,2023-01-29
CUST009549,22,Female,Tier 2,Hapur,Gig Worker,17967,590,1,10,Graduate,DSA Agent,2022-01-20
CUST009550,36,Female,Tier 1,Tiruppur,Business Owner,137479,661,0,4,Postgraduate,Organic,2023-09-13
CUST009551,41,Female,Tier 2,Khora ,Salaried,108675,729,0,3,Graduate,Referral,2023-01-10
CUST009552,39,Male,Tier 2,Jaunpur,Business Owner,180029,737,0,15,Postgraduate,Social Media,2023-12-04
CUST009553,48,Female,Tier 2,Bhimavaram,Self Employed,61662,610,1,37,Graduate,Referral,2023-01-24
CUST009554,50,Male,Tier 3,Hyderabad,Self Employed,83263,573,1,9,School,Social Media,2022-04-30
CUST009555,29,Female,Tier 2,Tenali,Self Employed,94886,595,0,27,Graduate,Social Media,2022-05-28
CUST009556,25,Female,Tier 3,Dibrugarh,Student,4563,486,0,0,Postgraduate,Social Media,2022-09-22
CUST009557,39,Female,Tier 1,Bhubaneswar,Salaried,84730,721,0,28,School,Referral,2023-12-19
CUST009558,31,Male,Tier 2,Haridwar,Gig Worker,17232,513,0,15,Graduate,Referral,2023-01-11
CUST009559,35,Female,Tier 1,Jalna,Self Employed,28853,595,1,21,Graduate,Social Media,2023-07-23
CUST009560,34,Male,Tier 2,Hubli–Dharwad,Gig Worker,34665,609,1,11,Professional,DSA Agent,2023-11-10
CUST009561,26,Male,Tier 2,Bidhannagar,Student,0,576,0,0,Graduate,Referral,2023-02-11
CUST009562,28,Male,Tier 1,Bulandshahr,Salaried,91433,757,0,1,Graduate,Organic,2022-08-30
CUST009563,32,Male,Tier 1,Bellary,Self Employed,44412,645,0,8,Graduate,DSA Agent,2023-08-26
CUST009564,25,Male,Tier 1,Muzaffarnagar,Gig Worker,33589,647,0,12,Graduate,Organic,2022-09-12
CUST009565,31,Male,Tier 3,Patna,Gig Worker,12873,658,0,17,Postgraduate,DSA Agent,2022-04-22
CUST009566,37,Female,Tier 1,Pali,Salaried,113489,783,0,20,Professional,Referral,2023-08-21
CUST009567,31,Male,Tier 2,Gulbarga,Self Employed,80661,591,0,30,School,DSA Agent,2023-11-09
CUST009568,19,Female,Tier 1,Aurangabad,Student,0,511,0,0,Graduate,Referral,2022-03-18
CUST009569,33,Male,Tier 3,Raipur,Gig Worker,23872,556,1,12,Graduate,Referral,2023-10-01
CUST009570,21,Female,Tier 2,Shahjahanpur,Student,17453,449,0,0,Graduate,Organic,2023-12-30
CUST009571,35,Female,Tier 2,Bhimavaram,Gig Worker,33575,661,0,18,School,Social Media,2023-02-05
CUST009572,41,Other,Tier 2,Jodhpur,Salaried,104456,807,0,8,School,Social Media,2023-06-10
CUST009573,37,Female,Tier 2,Kamarhati,Salaried,101381,724,0,13,School,Organic,2022-04-14
CUST009574,26,Male,Tier 1,Darbhanga,Salaried,50208,713,0,6,Graduate,Social Media,2022-06-09
CUST009575,24,Female,Tier 2,Thrissur,Gig Worker,13126,535,0,3,Graduate,Referral,2023-07-17
CUST009576,28,Male,Tier 1,Gurgaon,Salaried,65233,714,0,30,Professional,DSA Agent,2022-01-29
CUST009577,49,Female,Tier 2,Tiruppur,Self Employed,24367,625,0,14,Postgraduate,Social Media,2022-12-23
CUST009578,41,Male,Tier 2,Deoghar,Self Employed,52825,707,0,36,Graduate,Organic,2022-10-29
CUST009579,26,Male,Tier 2,Ichalkaranji,Salaried,107292,820,0,27,Graduate,Organic,2023-07-09
CUST009580,36,Male,Tier 2,Phusro,Salaried,143376,847,1,23,Graduate,Social Media,2023-11-03
CUST009581,43,Female,Tier 2,Hubli–Dharwad,Salaried,60680,796,0,2,Graduate,Organic,2023-02-10
CUST009582,23,Female,Tier 1,Madurai,Gig Worker,28992,611,0,5,Graduate,Social Media,2022-03-31
CUST009583,42,Female,Tier 2,Kumbakonam,Salaried,53090,719,1,19,Graduate,Organic,2022-01-04
CUST009584,34,Female,Tier 1,Agra,Salaried,112557,842,0,13,Postgraduate,Referral,2022-08-30
CUST009585,37,Male,Tier 3,Chandrapur,Business Owner,167088,672,0,17,Graduate,Organic,2023-12-26
CUST009586,25,Female,Tier 3,Vasai-Virar,Student,0,539,0,0,School,Referral,2022-02-04
CUST009587,29,Female,Tier 1,Hyderabad,Salaried,41221,705,0,3,Graduate,Social Media,2023-06-18
CUST009588,32,Female,Tier 3,Adoni,Gig Worker,26245,590,0,7,School,Social Media,2023-10-21
CUST009589,28,Female,Tier 3,Nagpur,Gig Worker,34479,549,0,11,School,Organic,2023-04-07
CUST009590,31,Female,Tier 3,Bijapur,Self Employed,41783,626,0,17,Graduate,DSA Agent,2023-11-09
CUST009591,35,Female,Tier 2,Agra,Gig Worker,22730,628,1,10,School,Organic,2022-03-09
CUST009592,35,Male,Tier 3,Bettiah,Salaried,84198,705,0,3,Postgraduate,Organic,2022-09-16
CUST009593,35,Male,Tier 3,Erode,Self Employed,98900,665,0,1,School,Organic,2022-12-29
CUST009594,28,Male,Tier 2,Sambhal,Gig Worker,28492,511,0,14,Professional,Social Media,2023-11-22
CUST009595,25,Male,Tier 3,Srinagar,Salaried,51000,809,0,30,Postgraduate,Social Media,2022-02-05
CUST009596,28,Male,Tier 2,Shahjahanpur,Gig Worker,27749,601,1,15,Graduate,Organic,2022-03-22
CUST009597,30,Other,Tier 2,Asansol,Gig Worker,28672,542,1,11,School,Referral,2023-02-09
CUST009598,27,Male,Tier 2,Kollam,Salaried,112150,814,0,19,Graduate,Social Media,2023-08-19
CUST009599,41,Female,Tier 2,Orai,Salaried,40163,724,0,21,Graduate,Referral,2023-05-27
CUST009600,33,Female,Tier 3,Barasat,Gig Worker,12395,659,2,16,Graduate,DSA Agent,2023-08-03
CUST009601,39,Male,Tier 3,Bhatpara,Salaried,87385,756,0,14,Graduate,Referral,2022-08-31
CUST009602,30,Male,Tier 2,Bhagalpur,Self Employed,57160,600,2,20,Graduate,Social Media,2022-01-18
CUST009603,38,Female,Tier 1,Davanagere,Salaried,115761,808,0,1,Graduate,Social Media,2023-03-25
CUST009604,39,Female,Tier 1,Khandwa,Salaried,109974,771,0,2,Graduate,Organic,2023-08-13
CUST009605,41,Other,Tier 3,Morena,Self Employed,41018,575,2,33,Graduate,DSA Agent,2022-08-31
CUST009606,45,Male,Tier 2,Shivpuri,Self Employed,39144,578,1,21,Professional,Social Media,2023-05-12
CUST009607,22,Female,Tier 1,Tiruppur,Student,0,548,1,0,Graduate,Referral,2023-11-24
CUST009608,27,Male,Tier 2,Allahabad,Gig Worker,12105,674,0,8,Graduate,Social Media,2022-06-12
CUST009609,40,Female,Tier 2,North Dumdum,Salaried,105931,715,0,15,Postgraduate,DSA Agent,2022-09-07
CUST009610,50,Female,Tier 2,Navi Mumbai,Self Employed,96338,576,0,9,Postgraduate,Social Media,2022-06-05
CUST009611,39,Male,Tier 1,Shimla,Self Employed,77414,685,1,38,Graduate,Social Media,2022-05-30
CUST009612,28,Male,Tier 3,Kurnool,Salaried,78478,837,0,13,School,Organic,2022-08-11
CUST009613,31,Male,Tier 2,Navi Mumbai,Business Owner,171489,759,1,17,Graduate,Social Media,2022-08-03
CUST009614,43,Male,Tier 2,Pune,Salaried,142034,703,0,25,Graduate,Organic,2023-02-18
CUST009615,47,Female,Tier 2,Avadi,Business Owner,89565,708,2,22,Graduate,Referral,2022-09-05
CUST009616,18,Male,Tier 3,Kolkata,Student,0,600,0,0,School,Social Media,2023-08-24
CUST009617,42,Female,Tier 2,Saharsa,Self Employed,93647,677,1,14,School,Social Media,2022-12-09
CUST009618,44,Male,Tier 2,Ramagundam,Business Owner,33853,799,0,31,Graduate,Social Media,2023-06-06
CUST009619,47,Female,Tier 2,Jamshedpur,Self Employed,66746,702,1,4,Postgraduate,Organic,2022-04-02
CUST009620,32,Female,Tier 2,Deoghar,Salaried,122896,775,0,3,Graduate,Social Media,2022-07-31
CUST009621,28,Female,Tier 3,Dewas,Gig Worker,34405,568,0,7,Postgraduate,DSA Agent,2022-04-26
CUST009622,30,Female,Tier 1,Bhavnagar,Salaried,86091,791,0,12,Postgraduate,DSA Agent,2022-05-03
CUST009623,25,Male,Tier 1,Aurangabad,Gig Worker,12786,648,1,16,Graduate,Organic,2022-08-01
CUST009624,47,Female,Tier 2,Junagadh,Self Employed,83345,556,1,1,Graduate,Social Media,2022-03-30
CUST009625,37,Male,Tier 3,Sasaram,Gig Worker,15682,643,0,12,Postgraduate,Social Media,2022-01-12
CUST009626,40,Male,Tier 1,Pallavaram,Salaried,65044,772,0,26,Postgraduate,Social Media,2023-04-29
CUST009627,28,Male,Tier 2,Durg,Gig Worker,32540,664,1,12,Graduate,Social Media,2023-03-11
CUST009628,23,Female,Tier 1,Maheshtala,Student,0,405,1,0,Postgraduate,DSA Agent,2023-02-04
CUST009629,27,Female,Tier 1,Mathura,Salaried,106421,708,0,3,School,Organic,2022-03-21
CUST009630,29,Female,Tier 2,Agra,Gig Worker,31014,653,1,12,Postgraduate,DSA Agent,2022-06-10
CUST009631,32,Male,Tier 3,Barasat,Salaried,118148,778,1,25,Graduate,Social Media,2023-02-26
CUST009632,36,Male,Tier 1,Nadiad,Self Employed,83870,596,0,37,Graduate,Organic,2022-09-30
CUST009633,29,Female,Tier 1,Gangtok,Salaried,47775,783,0,16,Postgraduate,Organic,2023-03-03
CUST009634,29,Female,Tier 3,Gulbarga,Self Employed,43875,560,0,16,Graduate,Organic,2022-09-05
CUST009635,29,Male,Tier 1,Saharanpur,Salaried,98848,770,1,1,Graduate,Organic,2022-07-30
CUST009636,36,Female,Tier 3,Karnal,Salaried,140900,841,0,20,Graduate,Organic,2022-04-20
CUST009637,53,Male,Tier 2,Nashik,Business Owner,44979,793,3,27,Postgraduate,Referral,2023-07-02
CUST009638,25,Male,Tier 1,Patiala,Salaried,42703,741,0,6,School,Organic,2023-09-17
CUST009639,29,Male,Tier 3,Thanjavur,Gig Worker,14692,529,0,10,Postgraduate,DSA Agent,2022-08-09
CUST009640,31,Male,Tier 2,Bathinda,Salaried,71938,741,0,30,Postgraduate,DSA Agent,2023-03-22
CUST009641,24,Male,Tier 3,Bulandshahr,Gig Worker,28341,595,0,5,School,Organic,2022-07-10
CUST009642,30,Female,Tier 3,Udaipur,Gig Worker,29733,518,1,9,Graduate,Social Media,2022-05-14
CUST009643,35,Female,Tier 2,Jabalpur,Salaried,140133,833,1,3,Graduate,Social Media,2022-02-25
CUST009644,34,Female,Tier 1,Motihari,Salaried,140768,765,1,27,School,Referral,2022-08-30
CUST009645,34,Female,Tier 3,Hapur,Gig Worker,20802,527,1,10,Postgraduate,Social Media,2023-04-22
CUST009646,28,Female,Tier 1,Rourkela,Self Employed,61487,638,0,23,Graduate,Referral,2023-11-25
CUST009647,42,Male,Tier 1,Akola,Self Employed,30530,674,2,39,Graduate,Social Media,2022-09-21
CUST009648,28,Female,Tier 3,Bijapur,Gig Worker,24565,531,1,10,School,Social Media,2023-02-24
CUST009649,36,Female,Tier 2,Delhi,Gig Worker,22650,653,0,17,School,Social Media,2022-12-11
CUST009650,27,Male,Tier 2,Bharatpur,Salaried,63489,780,0,29,Graduate,Organic,2022-02-09
CUST009651,32,Male,Tier 3,Morbi,Salaried,136927,842,3,28,Postgraduate,Social Media,2022-04-12
CUST009652,25,Female,Tier 1,Kirari Suleman Nagar,Salaried,55921,709,1,24,Postgraduate,Referral,2022-01-23
CUST009653,32,Female,Tier 2,Saharsa,Salaried,40019,724,0,23,Graduate,Organic,2023-01-01
CUST009654,44,Male,Tier 1,Purnia,Salaried,75242,754,0,13,Graduate,Social Media,2023-12-03
CUST009655,23,Female,Tier 3,Mahbubnagar,Gig Worker,31291,510,0,13,School,Organic,2023-06-09
CUST009656,33,Female,Tier 3,Guna,Gig Worker,26056,519,0,7,Graduate,Organic,2022-02-09
CUST009657,35,Male,Tier 3,Howrah,Business Owner,175199,675,1,18,School,Social Media,2022-03-24
CUST009658,35,Female,Tier 1,Uluberia,Salaried,111966,801,0,19,Postgraduate,Referral,2022-10-25
CUST009659,50,Female,Tier 1,Gudivada,Self Employed,61277,721,0,13,Graduate,Social Media,2022-02-11
CUST009660,26,Male,Tier 2,Bhiwani,Student,0,457,0,0,Postgraduate,Referral,2022-03-08
CUST009661,29,Other,Tier 2,Karnal,Gig Worker,21408,514,0,17,Professional,DSA Agent,2022-11-28
CUST009662,31,Male,Tier 1,Dhule,Salaried,125248,718,0,24,School,Referral,2022-11-01
CUST009663,40,Male,Tier 2,Bharatpur,Salaried,43647,709,0,12,School,Social Media,2022-05-20
CUST009664,31,Male,Tier 2,Ulhasnagar,Salaried,78566,765,0,19,Graduate,Social Media,2023-07-02
CUST009665,37,Female,Tier 1,Sultan Pur Majra,Salaried,78075,705,0,23,Graduate,Organic,2023-04-09
CUST009666,42,Female,Tier 1,Sirsa,Self Employed,73365,644,0,34,School,Organic,2023-11-24
CUST009667,34,Male,Tier 2,Pali,Salaried,44219,777,0,5,Graduate,Referral,2023-04-06
CUST009668,41,Male,Tier 1,Guntur,Salaried,77888,783,1,2,Graduate,Referral,2023-05-04
CUST009669,35,Male,Tier 3,Machilipatnam,Self Employed,46377,727,1,5,School,DSA Agent,2023-10-12
CUST009670,30,Female,Tier 3,Indore,Self Employed,90423,661,0,27,Graduate,Organic,2023-06-21
CUST009671,29,Female,Tier 2,Eluru,Gig Worker,14275,535,1,1,Postgraduate,DSA Agent,2023-06-28
CUST009672,29,Female,Tier 3,Fatehpur,Self Employed,23529,611,0,28,Graduate,Referral,2022-12-13
CUST009673,34,Female,Tier 3,Kalyan-Dombivli,Gig Worker,27856,655,1,3,Postgraduate,Organic,2023-04-24
CUST009674,27,Female,Tier 1,Durg,Salaried,145569,703,1,29,Graduate,DSA Agent,2022-10-04
CUST009675,22,Male,Tier 3,Bhubaneswar,Gig Worker,13381,593,2,5,Postgraduate,Organic,2022-08-31
CUST009676,31,Male,Tier 2,Kolkata,Gig Worker,26626,583,2,18,Graduate,Referral,2022-09-16
CUST009677,53,Female,Tier 2,Danapur,Business Owner,188288,632,0,37,Postgraduate,Social Media,2023-09-27
CUST009678,31,Female,Tier 1,Bokaro,Salaried,65849,746,0,13,Postgraduate,DSA Agent,2022-06-03
CUST009679,30,Male,Tier 3,Thane,Gig Worker,34969,513,2,3,School,Referral,2023-07-08
CUST009680,35,Female,Tier 2,Kota,Salaried,44517,847,0,14,Graduate,Organic,2023-08-13
CUST009681,23,Female,Tier 3,Delhi,Gig Worker,34166,611,0,8,Postgraduate,Organic,2023-06-06
CUST009682,37,Male,Tier 2,Alappuzha,Salaried,140175,776,0,1,School,DSA Agent,2023-09-21
CUST009683,29,Female,Tier 2,Darbhanga,Salaried,114255,826,1,30,School,Organic,2023-02-19
CUST009684,26,Female,Tier 2,Shivpuri,Student,0,407,0,0,Graduate,Organic,2022-03-03
CUST009685,35,Male,Tier 2,Jorhat,Gig Worker,17847,613,0,0,Professional,Organic,2023-12-18
CUST009686,31,Female,Tier 3,Chennai,Gig Worker,18665,509,0,18,Postgraduate,Referral,2023-08-11
CUST009687,43,Male,Tier 1,Vellore,Salaried,68360,803,0,13,Graduate,Organic,2023-08-17
CUST009688,39,Male,Tier 1,Nellore,Salaried,130809,794,0,2,Graduate,Social Media,2022-12-28
CUST009689,31,Female,Tier 2,Bhilai,Gig Worker,12224,612,1,18,Graduate,Organic,2023-03-18
CUST009690,18,Male,Tier 1,Nanded,Student,0,424,0,0,Graduate,Referral,2022-04-13
CUST009691,43,Male,Tier 2,Berhampur,Business Owner,135226,693,0,26,Graduate,Organic,2022-03-14
CUST009692,29,Male,Tier 1,Suryapet,Gig Worker,27447,547,0,2,School,Referral,2023-09-24
CUST009693,35,Male,Tier 2,Bokaro,Gig Worker,20313,608,0,19,Graduate,Organic,2023-09-16
CUST009694,21,Male,Tier 3,Miryalaguda,Student,0,520,0,0,Graduate,Social Media,2023-12-16
CUST009695,34,Female,Tier 3,Anantapuram,Gig Worker,28207,531,0,7,Postgraduate,DSA Agent,2023-06-27
CUST009696,27,Male,Tier 1,Jorhat,Gig Worker,16047,666,0,5,Professional,Social Media,2022-12-30
CUST009697,25,Female,Tier 2,Chittoor,Salaried,84258,823,0,28,School,Organic,2022-03-17
CUST009698,31,Female,Tier 3,Bhatpara,Self Employed,24924,627,0,5,School,Social Media,2022-12-20
CUST009699,34,Male,Tier 3,Secunderabad,Gig Worker,25399,630,0,10,Graduate,Social Media,2022-08-30
CUST009700,18,Female,Tier 2,Patna,Student,0,469,0,0,Graduate,Social Media,2023-06-16
CUST009701,45,Female,Tier 1,Darbhanga,Self Employed,59678,584,0,13,Graduate,Referral,2023-05-16
CUST009702,29,Male,Tier 1,Agra,Salaried,47760,766,0,4,Graduate,Organic,2023-07-06
CUST009703,39,Male,Tier 1,Bidhannagar,Self Employed,62926,604,2,28,School,Social Media,2023-08-19
CUST009704,24,Female,Tier 1,Ambattur,Student,0,448,0,0,Graduate,Organic,2022-12-28
CUST009705,37,Other,Tier 3,Kota,Salaried,98340,743,0,9,Graduate,Social Media,2023-01-01
CUST009706,34,Male,Tier 1,Shahjahanpur,Salaried,104567,741,0,18,Graduate,Organic,2022-06-29
CUST009707,29,Male,Tier 1,Ludhiana,Salaried,49441,790,0,3,Graduate,Organic,2022-06-23
CUST009708,24,Male,Tier 2,Jammu,Gig Worker,13577,543,0,3,School,Social Media,2022-04-22
CUST009709,34,Male,Tier 3,Mango,Gig Worker,24323,668,0,19,Graduate,Social Media,2023-10-31
CUST009710,37,Female,Tier 3,Dehradun,Gig Worker,32262,667,2,6,Graduate,Organic,2023-11-27
CUST009711,25,Male,Tier 1,Chennai,Salaried,65920,702,2,6,Postgraduate,Social Media,2023-04-25
CUST009712,20,Male,Tier 2,Ramagundam,Student,19138,464,0,0,Postgraduate,Referral,2022-07-20
CUST009713,34,Male,Tier 1,Karimnagar,Salaried,61875,821,1,10,School,Referral,2023-12-11
CUST009714,42,Male,Tier 1,Miryalaguda,Salaried,134703,800,0,4,Graduate,Referral,2022-10-10
CUST009715,25,Male,Tier 3,Khora ,Gig Worker,32237,545,0,12,Graduate,Organic,2022-11-01
CUST009716,24,Male,Tier 3,Loni,Gig Worker,30236,625,1,16,Postgraduate,Referral,2022-05-23
CUST009717,32,Male,Tier 1,Bhopal,Salaried,134476,724,0,24,Postgraduate,DSA Agent,2023-06-28
CUST009718,44,Female,Tier 1,Panvel,Salaried,67030,725,0,16,Graduate,Referral,2023-12-14
CUST009719,27,Female,Tier 1,Srinagar,Salaried,147215,773,1,7,Graduate,Organic,2023-06-01
CUST009720,45,Male,Tier 2,Dewas,Self Employed,64527,749,1,9,Professional,Social Media,2022-09-14
CUST009721,48,Female,Tier 3,Tumkur,Self Employed,90462,719,2,21,Graduate,Social Media,2023-09-05
CUST009722,36,Male,Tier 3,Latur,Gig Worker,29664,672,1,14,Postgraduate,Social Media,2023-10-31
CUST009723,37,Female,Tier 2,Solapur,Self Employed,75891,715,0,23,Postgraduate,Referral,2023-11-17
CUST009724,48,Male,Tier 2,Cuttack,Self Employed,21232,584,1,2,Postgraduate,Organic,2022-09-10
CUST009725,43,Male,Tier 1,Firozabad,Salaried,72542,839,0,21,Postgraduate,Organic,2022-12-19
CUST009726,54,Female,Tier 2,Nandyal,Business Owner,39661,643,0,14,Graduate,Social Media,2023-01-14
CUST009727,19,Male,Tier 3,Malda,Student,10532,524,0,0,Graduate,DSA Agent,2022-01-24
CUST009728,43,Male,Tier 1,Warangal,Salaried,124911,794,0,8,Graduate,Organic,2022-02-20
CUST009729,26,Female,Tier 1,Akola,Salaried,60343,750,0,24,Postgraduate,Social Media,2023-01-05
CUST009730,41,Female,Tier 1,Sasaram,Salaried,122588,772,1,17,School,Social Media,2022-03-29
CUST009731,40,Female,Tier 2,Lucknow,Salaried,69696,850,0,18,Graduate,Organic,2022-09-30
CUST009732,35,Male,Tier 1,Korba,Self Employed,71867,665,1,21,Graduate,Organic,2023-01-07
CUST009733,36,Female,Tier 2,Mehsana,Gig Worker,12998,548,0,0,Postgraduate,Organic,2022-12-25
CUST009734,45,Male,Tier 1,Ambattur,Self Employed,81946,646,0,16,School,Referral,2023-10-19
CUST009735,44,Male,Tier 2,Proddatur,Self Employed,74760,730,0,28,Graduate,Social Media,2022-05-13
CUST009736,46,Female,Tier 3,Ulhasnagar,Self Employed,77633,667,1,1,Graduate,Social Media,2022-08-08
CUST009737,33,Female,Tier 1,Korba,Self Employed,24812,648,0,10,Graduate,Social Media,2023-08-20
CUST009738,45,Female,Tier 2,Chandrapur,Salaried,143423,844,0,5,School,Social Media,2022-09-28
CUST009739,34,Female,Tier 2,Sambhal,Salaried,104422,760,0,20,Postgraduate,Organic,2023-04-15
CUST009740,41,Male,Tier 3,Imphal,Self Employed,79636,656,1,35,Graduate,Organic,2023-03-23
CUST009741,45,Male,Tier 1,Suryapet,Salaried,105377,771,1,15,Graduate,Social Media,2022-04-09
CUST009742,40,Male,Tier 1,Hapur,Salaried,89725,763,0,7,Graduate,Organic,2023-01-30
CUST009743,25,Female,Tier 1,Serampore,Student,0,471,0,0,Graduate,DSA Agent,2022-03-21
CUST009744,32,Male,Tier 3,Jaipur,Self Employed,97892,658,0,10,Graduate,Social Media,2022-11-12
CUST009745,29,Female,Tier 1,Gaya,Salaried,99812,785,0,25,School,Social Media,2023-09-28
CUST009746,35,Female,Tier 3,Gurgaon,Self Employed,59865,586,0,8,Graduate,Organic,2023-07-09
CUST009747,35,Female,Tier 3,Tezpur,Self Employed,42094,678,2,13,Postgraduate,Organic,2023-09-11
CUST009748,44,Female,Tier 2,Bihar Sharif,Salaried,65613,825,0,26,Graduate,Social Media,2022-03-25
CUST009749,27,Other,Tier 1,Jamnagar,Salaried,51239,829,1,16,Graduate,Referral,2022-09-11
CUST009750,54,Female,Tier 1,Kanpur,Business Owner,198435,659,0,32,Graduate,Referral,2023-03-08
CUST009751,27,Other,Tier 1,Jabalpur,Salaried,117693,758,0,4,Postgraduate,Referral,2023-05-20
CUST009752,26,Male,Tier 1,Munger,Salaried,55739,717,1,12,Postgraduate,DSA Agent,2022-02-25
CUST009753,28,Male,Tier 2,Bidar,Gig Worker,24609,577,0,3,Postgraduate,Organic,2023-09-08
CUST009754,45,Female,Tier 1,New Delhi,Self Employed,93005,715,1,3,Graduate,Organic,2022-08-23
CUST009755,45,Other,Tier 3,Bidhannagar,Salaried,66878,781,0,8,Graduate,Organic,2023-02-18
CUST009756,28,Male,Tier 2,Serampore,Salaried,47490,824,0,14,Graduate,Referral,2022-12-25
CUST009757,42,Male,Tier 1,Varanasi,Salaried,102487,790,0,30,Postgraduate,Referral,2022-11-08
CUST009758,51,Female,Tier 1,Silchar,Business Owner,180302,647,1,28,Graduate,Organic,2023-04-04
CUST009759,26,Female,Tier 1,Asansol,Salaried,69293,747,0,12,Professional,Referral,2022-11-18
CUST009760,26,Male,Tier 2,Vijayanagaram,Gig Worker,17038,536,0,12,Postgraduate,Referral,2022-07-05
CUST009761,53,Female,Tier 1,Rajahmundry,Business Owner,193340,672,0,30,Postgraduate,Social Media,2023-04-28
CUST009762,30,Other,Tier 2,Karaikudi,Salaried,132900,833,0,9,Graduate,Social Media,2022-07-09
CUST009763,47,Female,Tier 2,Dewas,Business Owner,117125,717,1,39,Graduate,Referral,2023-03-02
CUST009764,53,Male,Tier 2,Kolhapur,Business Owner,198433,716,0,7,Graduate,DSA Agent,2022-05-04
CUST009765,26,Male,Tier 3,Muzaffarnagar,Student,0,426,0,0,Graduate,Social Media,2023-01-10
CUST009766,27,Male,Tier 1,Anand,Salaried,84113,797,1,21,School,Organic,2022-10-26
CUST009767,36,Male,Tier 3,Jammu,Self Employed,32449,724,1,14,Postgraduate,Referral,2022-02-21
CUST009768,41,Male,Tier 2,Silchar,Self Employed,36629,645,1,9,Postgraduate,Organic,2022-09-22
CUST009769,32,Female,Tier 1,Pudukkottai,Business Owner,170156,704,2,14,Postgraduate,DSA Agent,2022-06-11
CUST009770,45,Male,Tier 2,Sagar,Salaried,127782,755,0,3,Graduate,DSA Agent,2023-09-25
CUST009771,41,Female,Tier 3,Barasat,Self Employed,23894,647,1,8,Graduate,Referral,2023-06-24
CUST009772,27,Female,Tier 2,Panchkula,Salaried,61863,777,0,5,Professional,Social Media,2023-04-05
CUST009773,26,Male,Tier 1,North Dumdum,Salaried,64521,719,0,30,Graduate,Organic,2022-12-01
CUST009774,29,Other,Tier 3,Katihar,Gig Worker,16549,537,1,9,Graduate,Organic,2023-09-02
CUST009775,47,Female,Tier 1,Udaipur,Self Employed,87232,559,2,37,Graduate,Organic,2022-12-05
CUST009776,31,Female,Tier 2,Ajmer,Gig Worker,23895,609,0,15,Postgraduate,Social Media,2023-03-17
CUST009777,22,Male,Tier 2,Akola,Gig Worker,24722,609,0,9,Graduate,Social Media,2023-09-04
CUST009778,30,Female,Tier 1,Barasat,Business Owner,125293,776,0,26,Graduate,Social Media,2022-09-23
CUST009779,32,Male,Tier 3,Patna,Gig Worker,17097,526,0,14,Postgraduate,Social Media,2023-02-27
CUST009780,41,Female,Tier 2,Vijayawada,Self Employed,79573,560,0,7,Postgraduate,Referral,2023-06-24
CUST009781,24,Male,Tier 3,Cuttack,Gig Worker,27421,663,0,18,Graduate,Social Media,2022-07-03
CUST009782,24,Female,Tier 3,Bhubaneswar,Gig Worker,33810,547,0,3,Graduate,Referral,2022-05-15
CUST009783,44,Male,Tier 1,Tiruvottiyur,Self Employed,34873,676,0,3,School,Social Media,2023-05-30
CUST009784,52,Male,Tier 2,Sikar,Business Owner,121050,744,3,28,School,Referral,2023-06-05
CUST009785,36,Female,Tier 2,Khammam,Gig Worker,13278,592,0,5,Graduate,Social Media,2022-03-02
CUST009786,29,Female,Tier 1,Satna,Self Employed,22318,731,1,15,Postgraduate,Organic,2023-07-29
CUST009787,27,Male,Tier 1,Ichalkaranji,Salaried,76345,728,0,1,Graduate,Referral,2023-12-25
CUST009788,41,Male,Tier 1,Yamunanagar,Salaried,63247,797,1,21,Postgraduate,Social Media,2023-07-07
CUST009789,38,Female,Tier 2,Panchkula,Gig Worker,33552,570,0,13,Graduate,Social Media,2023-03-22
CUST009790,38,Female,Tier 3,Kanpur,Salaried,63986,835,0,23,Graduate,Social Media,2023-10-12
CUST009791,31,Male,Tier 2,Alwar,Salaried,52769,783,2,15,Graduate,DSA Agent,2023-01-13
CUST009792,29,Female,Tier 2,Arrah,Gig Worker,15756,658,0,15,Graduate,Social Media,2022-03-30
CUST009793,45,Female,Tier 2,Ghaziabad,Salaried,81787,727,0,21,School,Organic,2023-04-05
CUST009794,30,Male,Tier 2,Kakinada,Salaried,111126,776,1,11,School,Social Media,2023-04-08
CUST009795,34,Female,Tier 1,Asansol,Gig Worker,24660,589,4,10,Postgraduate,Organic,2022-12-26
CUST009796,31,Female,Tier 2,Ghaziabad,Gig Worker,32520,543,1,19,Postgraduate,Referral,2022-09-10
CUST009797,30,Female,Tier 3,Secunderabad,Business Owner,189744,692,0,26,School,Organic,2023-03-08
CUST009798,41,Male,Tier 3,Korba,Self Employed,24583,603,0,14,Postgraduate,DSA Agent,2022-03-17
CUST009799,24,Female,Tier 2,Pondicherry,Gig Worker,28311,680,0,6,Graduate,Organic,2023-10-01
CUST009800,43,Male,Tier 3,Loni,Business Owner,170690,706,1,2,Graduate,Social Media,2022-12-12
CUST009801,49,Female,Tier 3,Kamarhati,Self Employed,81537,607,0,17,Graduate,Organic,2022-05-17
CUST009802,32,Male,Tier 3,Parbhani,Salaried,77473,791,0,12,Postgraduate,Social Media,2022-08-28
CUST009803,43,Female,Tier 3,Kolhapur,Salaried,88629,800,0,24,Postgraduate,Social Media,2022-11-12
CUST009804,48,Female,Tier 2,Katni,Self Employed,64166,593,1,14,School,Referral,2022-02-24
CUST009805,35,Male,Tier 1,Tadipatri,Gig Worker,18047,574,2,19,Graduate,Organic,2023-04-10
CUST009806,39,Female,Tier 2,Mango,Self Employed,54974,706,1,31,Graduate,Organic,2022-03-26
CUST009807,50,Female,Tier 3,Navi Mumbai,Self Employed,22360,718,0,27,School,Organic,2023-06-17
CUST009808,43,Male,Tier 2,Sagar,Self Employed,21099,705,0,11,School,Social Media,2023-09-25
CUST009809,30,Female,Tier 1,Ghaziabad,Business Owner,47922,628,0,33,Professional,Organic,2023-04-09
CUST009810,34,Female,Tier 2,Mira-Bhayandar,Gig Worker,23703,564,0,4,Graduate,Social Media,2023-08-23
CUST009811,43,Male,Tier 1,Barasat,Salaried,82536,719,0,22,Graduate,Social Media,2023-09-29
CUST009812,24,Other,Tier 1,Vellore,Student,0,523,0,0,Graduate,Referral,2022-10-22
CUST009813,36,Female,Tier 1,Hosur,Salaried,122189,744,1,13,Postgraduate,DSA Agent,2022-09-12
CUST009814,49,Male,Tier 3,Jamshedpur,Self Employed,58064,686,1,6,School,DSA Agent,2023-01-19
CUST009815,30,Female,Tier 3,New Delhi,Business Owner,31780,779,1,23,Graduate,Referral,2023-05-16
CUST009816,33,Male,Tier 2,Machilipatnam,Self Employed,48929,736,1,28,Postgraduate,DSA Agent,2023-05-28
CUST009817,24,Female,Tier 2,Mahbubnagar,Gig Worker,19869,531,0,16,Graduate,DSA Agent,2022-02-17
CUST009818,34,Female,Tier 1,Fatehpur,Gig Worker,12510,534,1,14,School,Referral,2022-03-12
CUST009819,30,Male,Tier 3,Tenali,Gig Worker,17784,673,3,7,Postgraduate,Organic,2022-06-19
CUST009820,37,Female,Tier 3,Cuttack,Gig Worker,16823,596,1,16,Professional,Referral,2023-09-27
CUST009821,45,Female,Tier 2,Patna,Self Employed,71521,593,0,25,Postgraduate,Referral,2022-04-18
CUST009822,34,Male,Tier 3,Bhilai,Self Employed,62319,692,0,27,Postgraduate,Social Media,2023-11-21
CUST009823,29,Female,Tier 2,Dharmavaram,Self Employed,79079,725,0,1,Graduate,Organic,2023-03-28
CUST009824,29,Female,Tier 2,Orai,Salaried,82532,752,0,15,Graduate,Organic,2023-12-03
CUST009825,29,Male,Tier 3,Barasat,Gig Worker,24629,561,1,0,Graduate,Organic,2023-08-10
CUST009826,40,Female,Tier 2,Chennai,Self Employed,64705,598,1,35,School,DSA Agent,2023-05-10
CUST009827,33,Male,Tier 2,Saharanpur,Gig Worker,18214,566,1,11,Graduate,Organic,2023-09-22
CUST009828,33,Male,Tier 3,Gurgaon,Gig Worker,28896,673,2,3,Graduate,Social Media,2022-01-01
CUST009829,50,Female,Tier 3,Bhimavaram,Self Employed,94349,735,1,32,Postgraduate,DSA Agent,2023-08-12
CUST009830,35,Female,Tier 3,Aligarh,Self Employed,78982,642,2,9,Graduate,Social Media,2022-04-24
CUST009831,38,Female,Tier 3,Latur,Gig Worker,32101,592,1,9,Professional,Referral,2023-05-29
CUST009832,23,Male,Tier 1,Dindigul,Student,0,483,1,0,Professional,Referral,2022-04-26
CUST009833,29,Female,Tier 2,Unnao,Salaried,54332,823,0,4,Graduate,DSA Agent,2022-12-18
CUST009834,33,Other,Tier 3,Guwahati,Business Owner,70513,617,0,33,School,Social Media,2023-02-17
CUST009835,38,Male,Tier 1,Delhi,Salaried,130671,761,1,16,Postgraduate,Organic,2022-08-15
CUST009836,41,Male,Tier 2,Lucknow,Salaried,73125,777,1,1,Postgraduate,DSA Agent,2022-10-30
CUST009837,23,Female,Tier 1,Amaravati,Student,0,477,0,0,Graduate,Social Media,2023-04-24
CUST009838,40,Male,Tier 1,Chinsurah,Salaried,91916,766,0,23,Postgraduate,Social Media,2023-03-25
CUST009839,39,Male,Tier 3,Gandhinagar,Self Employed,88407,675,0,14,Graduate,Social Media,2022-12-14
CUST009840,26,Female,Tier 1,Udaipur,Student,9480,596,0,0,Graduate,Organic,2022-06-01
CUST009841,22,Other,Tier 2,Gandhinagar,Student,16489,494,0,0,Graduate,Organic,2022-06-09
CUST009842,41,Female,Tier 2,Kumbakonam,Business Owner,189452,654,0,31,Graduate,Referral,2023-06-14
CUST009843,28,Female,Tier 1,Kottayam,Salaried,97044,804,0,17,Postgraduate,Organic,2023-11-13
CUST009844,28,Female,Tier 2,Raichur,Self Employed,32504,685,0,33,School,Social Media,2022-09-03
CUST009845,32,Female,Tier 2,Delhi,Salaried,127212,763,0,19,Graduate,Organic,2022-08-21
CUST009846,36,Male,Tier 2,Adoni,Gig Worker,26411,620,0,6,Graduate,Organic,2023-03-19
CUST009847,22,Male,Tier 3,Ambattur,Student,2608,463,0,0,Professional,DSA Agent,2023-09-09
CUST009848,28,Male,Tier 2,Baranagar,Gig Worker,22909,551,0,17,Graduate,DSA Agent,2023-12-11
CUST009849,34,Male,Tier 1,Bellary,Gig Worker,18673,524,1,19,Graduate,Organic,2023-06-12
CUST009850,37,Male,Tier 3,Muzaffarpur,Gig Worker,30009,586,1,16,Graduate,DSA Agent,2022-08-25
CUST009851,36,Male,Tier 2,Kharagpur,Self Employed,73094,618,0,29,School,Organic,2023-12-15
CUST009852,44,Male,Tier 3,Kirari Suleman Nagar,Business Owner,130667,764,1,26,Graduate,Social Media,2023-12-29
CUST009853,27,Male,Tier 1,Anantapuram,Salaried,95307,792,1,7,Professional,Social Media,2022-12-04
CUST009854,32,Female,Tier 2,Gandhinagar,Gig Worker,24889,600,0,15,Postgraduate,Social Media,2023-07-12
CUST009855,19,Male,Tier 1,Gandhidham,Student,8901,584,0,0,Graduate,Social Media,2023-12-12
CUST009856,26,Female,Tier 3,Sambalpur,Gig Worker,32993,655,0,1,Graduate,Social Media,2022-09-25
CUST009857,45,Male,Tier 1,Ahmedabad,Salaried,118541,780,0,24,Graduate,Referral,2022-03-11
CUST009858,23,Female,Tier 2,Srikakulam,Gig Worker,19079,583,3,12,Graduate,DSA Agent,2023-03-29
CUST009859,29,Female,Tier 3,Nagercoil,Salaried,44580,805,1,4,Professional,Organic,2022-01-07
CUST009860,31,Female,Tier 2,Srikakulam,Salaried,143267,806,1,26,Graduate,DSA Agent,2023-04-20
CUST009861,23,Female,Tier 1,Jodhpur,Student,16062,478,0,0,School,Referral,2023-02-01
CUST009862,22,Female,Tier 3,Panchkula,Gig Worker,24627,611,0,9,Graduate,Organic,2022-11-10
CUST009863,33,Male,Tier 2,Bidar,Business Owner,174283,724,1,32,Graduate,Organic,2023-10-21
CUST009864,23,Other,Tier 1,Mau,Student,0,440,0,0,School,Organic,2022-04-10
CUST009865,35,Female,Tier 2,Hapur,Self Employed,29919,556,0,30,Graduate,Social Media,2023-10-25
CUST009866,42,Female,Tier 3,Chittoor,Salaried,74450,737,0,17,Graduate,Social Media,2022-08-17
CUST009867,37,Male,Tier 3,Jabalpur,Gig Worker,20782,601,1,10,Postgraduate,Social Media,2022-02-18
CUST009868,32,Female,Tier 2,Indore,Salaried,112144,784,1,14,Graduate,Social Media,2022-10-14
CUST009869,39,Female,Tier 3,Begusarai,Business Owner,65875,701,0,10,Graduate,Referral,2023-12-01
CUST009870,35,Female,Tier 2,Pondicherry,Salaried,139177,808,0,14,Graduate,Referral,2023-03-03
CUST009871,38,Female,Tier 2,Motihari,Salaried,66243,750,0,7,Postgraduate,Social Media,2022-02-11
CUST009872,26,Male,Tier 3,Vellore,Gig Worker,30634,570,0,11,Postgraduate,Social Media,2022-01-01
CUST009873,42,Male,Tier 1,Allahabad,Salaried,83911,786,0,16,Postgraduate,Organic,2023-07-01
CUST009874,37,Male,Tier 2,Mira-Bhayandar,Salaried,102190,709,0,9,Postgraduate,Social Media,2023-03-11
CUST009875,28,Male,Tier 2,Coimbatore,Gig Worker,31631,648,0,9,Postgraduate,Organic,2023-09-30
CUST009876,30,Male,Tier 1,Katni,Salaried,49540,732,1,4,Graduate,Social Media,2022-10-07
CUST009877,37,Male,Tier 3,Motihari,Salaried,106881,730,0,8,Graduate,Social Media,2022-03-27
CUST009878,30,Male,Tier 2,Nagpur,Gig Worker,13196,582,0,4,School,DSA Agent,2023-10-31
CUST009879,36,Female,Tier 1,Morena,Self Employed,81303,727,2,3,School,Social Media,2022-08-08
CUST009880,25,Male,Tier 3,Kurnool,Gig Worker,29399,585,0,2,Graduate,Social Media,2023-11-04
CUST009881,36,Female,Tier 3,Sambalpur,Gig Worker,21352,598,0,2,Postgraduate,Social Media,2022-01-25
CUST009882,28,Female,Tier 2,Saharanpur,Gig Worker,16274,591,1,6,Graduate,Organic,2022-07-02
CUST009883,26,Female,Tier 3,Shivpuri,Gig Worker,34077,604,0,2,Postgraduate,Organic,2022-12-02
CUST009884,40,Male,Tier 2,Panvel,Business Owner,114282,744,2,23,Graduate,Social Media,2023-06-30
CUST009885,25,Female,Tier 1,Bhimavaram,Salaried,105901,737,0,23,School,Organic,2023-04-04
CUST009886,32,Female,Tier 3,Madurai,Self Employed,47353,649,0,27,Graduate,Social Media,2022-11-03
CUST009887,23,Other,Tier 2,Burhanpur,Student,15618,541,1,0,Postgraduate,Organic,2023-05-01
CUST009888,21,Female,Tier 3,Anand,Student,3749,571,0,0,Graduate,DSA Agent,2022-09-05
CUST009889,35,Female,Tier 1,Vijayanagaram,Salaried,84007,751,0,12,Graduate,Referral,2023-07-07
CUST009890,31,Female,Tier 2,Mehsana,Salaried,52755,722,0,29,Graduate,Organic,2022-10-25
CUST009891,40,Male,Tier 2,Gwalior,Self Employed,58904,550,0,10,Postgraduate,Organic,2022-11-12
CUST009892,34,Male,Tier 2,Saharanpur,Salaried,66756,849,0,11,Professional,Social Media,2022-10-24
CUST009893,24,Female,Tier 3,Nellore,Student,0,420,0,0,Graduate,Social Media,2022-12-05
CUST009894,41,Male,Tier 2,Thane,Self Employed,48424,669,0,9,Graduate,Social Media,2023-02-28
CUST009895,31,Male,Tier 3,Sambalpur,Self Employed,66475,649,1,9,School,Organic,2022-06-14
CUST009896,26,Female,Tier 1,Naihati,Salaried,136997,703,0,16,School,Referral,2023-05-30
CUST009897,44,Male,Tier 3,Jehanabad,Self Employed,65667,704,0,6,Graduate,Organic,2022-05-15
CUST009898,36,Female,Tier 1,Latur,Self Employed,98649,581,1,38,Graduate,DSA Agent,2023-01-04
CUST009899,26,Female,Tier 1,Dhule,Student,1924,430,0,0,Postgraduate,Social Media,2022-04-19
CUST009900,40,Male,Tier 1,Rampur,Salaried,144304,824,0,22,Graduate,DSA Agent,2022-05-27
CUST009901,29,Male,Tier 2,Hapur,Salaried,72927,838,0,7,Postgraduate,Social Media,2023-03-08
CUST009902,34,Male,Tier 2,Nadiad,Gig Worker,30290,614,0,6,Graduate,Social Media,2022-10-26
CUST009903,40,Male,Tier 1,Cuttack,Salaried,80729,767,1,30,School,Referral,2023-10-18
CUST009904,24,Male,Tier 2,Jorhat,Gig Worker,13845,572,0,9,Graduate,Organic,2023-12-20
CUST009905,35,Male,Tier 3,Kota,Business Owner,182774,620,0,10,Graduate,Social Media,2022-10-07
CUST009906,27,Male,Tier 2,Begusarai,Gig Worker,27770,547,0,4,Graduate,Organic,2023-10-15
CUST009907,18,Male,Tier 2,Mehsana,Student,17972,522,0,0,School,Referral,2022-11-21
CUST009908,40,Female,Tier 1,Tiruvottiyur,Salaried,125027,850,0,2,Postgraduate,DSA Agent,2022-04-30
CUST009909,39,Female,Tier 1,Mau,Salaried,65430,825,0,2,Graduate,Social Media,2022-08-13
CUST009910,33,Female,Tier 1,Loni,Salaried,114142,785,0,5,Graduate,Organic,2023-11-09
CUST009911,25,Female,Tier 1,Kalyan-Dombivli,Salaried,109062,845,0,2,Graduate,Social Media,2023-06-05
CUST009912,39,Male,Tier 1,Navi Mumbai,Business Owner,69195,794,2,10,Graduate,Social Media,2022-04-08
CUST009913,33,Female,Tier 3,Ludhiana,Salaried,121550,704,0,9,Graduate,Social Media,2022-04-15
CUST009914,47,Male,Tier 2,Nagercoil,Self Employed,64107,750,2,2,Graduate,Referral,2022-01-10
CUST009915,33,Male,Tier 3,Haldia,Gig Worker,20384,556,0,4,Graduate,Social Media,2022-02-25
CUST009916,41,Female,Tier 2,Jalna,Business Owner,67296,646,2,15,Graduate,Social Media,2023-05-19
CUST009917,35,Male,Tier 1,Chinsurah,Salaried,121508,819,0,26,Postgraduate,Organic,2022-01-13
CUST009918,29,Male,Tier 1,Muzaffarnagar,Salaried,75371,777,0,12,Graduate,Referral,2022-04-22
CUST009919,30,Female,Tier 3,Rajkot,Salaried,79764,757,0,27,Graduate,DSA Agent,2023-07-15
CUST009920,25,Female,Tier 2,Morbi,Gig Worker,28336,669,1,1,Graduate,Social Media,2023-11-19
CUST009921,32,Male,Tier 2,Parbhani,Salaried,46856,744,0,5,School,DSA Agent,2023-01-14
CUST009922,20,Male,Tier 2,Hapur,Student,0,425,0,0,Graduate,Organic,2023-05-27
CUST009923,42,Female,Tier 3,Kulti,Self Employed,21620,571,1,19,Graduate,Organic,2022-12-06
CUST009924,47,Female,Tier 2,Ambarnath,Self Employed,96958,708,0,35,Graduate,Social Media,2022-04-16
CUST009925,35,Male,Tier 3,Satara,Gig Worker,12330,580,0,0,Graduate,Social Media,2022-03-07
CUST009926,39,Female,Tier 1,Srikakulam,Salaried,64025,731,1,3,Graduate,Referral,2022-04-17
CUST009927,35,Female,Tier 1,Bulandshahr,Gig Worker,34806,549,0,0,Professional,DSA Agent,2023-05-14
CUST009928,32,Male,Tier 3,Dehri,Business Owner,166189,785,0,38,Postgraduate,Social Media,2023-09-18
CUST009929,26,Female,Tier 2,Sasaram,Student,0,517,0,0,Professional,Social Media,2022-11-20
CUST009930,22,Female,Tier 2,Giridih,Student,0,554,0,0,Postgraduate,Social Media,2023-10-31
CUST009931,23,Male,Tier 3,Kozhikode,Student,0,520,0,0,Graduate,Organic,2022-12-21
CUST009932,40,Female,Tier 1,Alwar,Salaried,125373,702,0,7,Postgraduate,Social Media,2023-11-26
CUST009933,42,Male,Tier 2,Arrah,Salaried,133216,721,1,3,Postgraduate,Organic,2023-09-05
CUST009934,36,Female,Tier 1,Lucknow,Salaried,68540,753,0,9,Postgraduate,Social Media,2023-06-25
CUST009935,28,Female,Tier 2,Vellore,Salaried,50820,798,0,17,School,Organic,2023-04-15
CUST009936,40,Male,Tier 2,Satna,Salaried,77129,818,0,5,Graduate,DSA Agent,2023-12-24
CUST009937,22,Female,Tier 3,Haridwar,Gig Worker,31132,649,0,15,School,DSA Agent,2022-11-27
CUST009938,31,Female,Tier 3,Tezpur,Self Employed,46206,671,2,17,Postgraduate,Referral,2023-04-30
CUST009939,25,Male,Tier 2,Khammam,Student,0,458,1,0,School,DSA Agent,2022-05-20
CUST009940,29,Male,Tier 3,Deoghar,Self Employed,43513,638,2,21,Graduate,Social Media,2022-12-19
CUST009941,44,Male,Tier 3,Bhubaneswar,Business Owner,168764,765,0,7,School,Organic,2023-01-31
CUST009942,35,Female,Tier 1,Meerut,Salaried,112086,755,0,17,Postgraduate,DSA Agent,2022-11-26
CUST009943,31,Other,Tier 2,Cuttack,Salaried,147897,782,0,3,Postgraduate,Organic,2023-03-05
CUST009944,40,Female,Tier 2,Erode,Self Employed,30989,628,0,19,Postgraduate,Organic,2023-09-29
CUST009945,39,Male,Tier 1,Mangalore,Salaried,57627,703,0,15,Graduate,Referral,2022-12-16
CUST009946,41,Female,Tier 1,Imphal,Salaried,148386,832,0,28,School,Organic,2022-10-26
CUST009947,39,Male,Tier 2,Srikakulam,Salaried,143583,825,0,16,Postgraduate,Social Media,2022-10-03
CUST009948,34,Male,Tier 1,Bhimavaram,Salaried,111610,800,0,2,Graduate,Social Media,2022-06-25
CUST009949,32,Female,Tier 3,Bardhaman,Gig Worker,15630,636,0,8,Graduate,Social Media,2022-05-25
CUST009950,30,Male,Tier 2,Durgapur,Gig Worker,31031,581,0,16,Graduate,Referral,2022-11-26
CUST009951,26,Female,Tier 2,Mira-Bhayandar,Gig Worker,22506,532,0,5,Graduate,Social Media,2023-04-15
CUST009952,31,Female,Tier 2,Barasat,Self Employed,55804,607,0,20,Professional,Social Media,2022-01-06
CUST009953,31,Female,Tier 3,Serampore,Gig Worker,22924,622,0,10,School,Social Media,2023-03-25
CUST009954,28,Female,Tier 1,Gaya,Salaried,90385,717,0,17,Graduate,Social Media,2023-01-22
CUST009955,41,Male,Tier 2,Thiruvananthapuram,Salaried,126788,833,0,22,Professional,Referral,2023-10-20
CUST009956,28,Other,Tier 2,Kumbakonam,Salaried,98126,738,0,16,Professional,Social Media,2023-07-22
CUST009957,45,Female,Tier 2,Jamalpur,Self Employed,51892,562,1,29,Graduate,Referral,2022-07-03
CUST009958,43,Female,Tier 2,Baranagar,Self Employed,29864,744,0,30,Postgraduate,Referral,2023-07-08
CUST009959,50,Male,Tier 2,Kumbakonam,Self Employed,55517,739,0,39,Graduate,Social Media,2023-01-25
CUST009960,35,Female,Tier 1,Durgapur,Salaried,57377,716,1,21,Graduate,Social Media,2022-07-29
CUST009961,36,Female,Tier 3,Bhiwandi,Gig Worker,17962,500,0,0,Graduate,Social Media,2022-11-16
CUST009962,31,Male,Tier 2,Faridabad,Gig Worker,17774,501,1,11,Graduate,Referral,2023-12-21
CUST009963,37,Female,Tier 2,Nagpur,Gig Worker,12214,661,2,16,Graduate,Social Media,2023-03-01
CUST009964,25,Female,Tier 2,Berhampur,Gig Worker,16416,619,1,15,Graduate,Organic,2023-03-24
CUST009965,25,Male,Tier 2,Tiruchirappalli,Gig Worker,27816,564,1,8,Postgraduate,Social Media,2022-10-13
CUST009966,29,Male,Tier 2,Bidhannagar,Gig Worker,24978,623,1,13,Postgraduate,Referral,2022-01-26
CUST009967,37,Female,Tier 3,Latur,Self Employed,42558,743,2,32,Graduate,Social Media,2022-01-30
CUST009968,28,Male,Tier 2,Raiganj,Salaried,104993,731,0,15,Professional,Organic,2023-03-18
CUST009969,29,Female,Tier 3,Pimpri-Chinchwad,Self Employed,42177,553,0,36,School,DSA Agent,2023-01-11
CUST009970,36,Female,Tier 1,Ratlam,Salaried,141678,844,0,15,Graduate,Referral,2023-07-02
CUST009971,34,Male,Tier 2,Tenali,Salaried,140330,743,0,3,Graduate,Organic,2022-10-14
CUST009972,45,Female,Tier 3,Silchar,Business Owner,125543,653,1,13,Postgraduate,Referral,2022-03-29
CUST009973,39,Female,Tier 3,Ahmedabad,Business Owner,133775,636,1,21,Graduate,Referral,2023-03-27
CUST009974,38,Female,Tier 2,Thiruvananthapuram,Salaried,90654,724,0,18,Graduate,Social Media,2023-01-10
CUST009975,27,Female,Tier 3,Muzaffarnagar,Gig Worker,26896,507,0,2,School,Social Media,2023-06-21
CUST009976,42,Female,Tier 2,Saharsa,Salaried,79948,720,0,9,Graduate,Organic,2022-03-04
CUST009977,32,Male,Tier 2,Kollam,Gig Worker,12253,502,0,13,Postgraduate,Social Media,2022-04-21
CUST009978,26,Male,Tier 1,Gorakhpur,Student,10475,446,0,0,Graduate,Social Media,2023-07-22
CUST009979,51,Male,Tier 3,Durgapur,Business Owner,108454,716,0,26,Professional,Organic,2023-07-23
CUST009980,41,Male,Tier 2,Indore,Self Employed,43397,592,0,38,Graduate,DSA Agent,2023-02-13
CUST009981,34,Female,Tier 2,Kadapa,Gig Worker,12950,549,0,13,Postgraduate,Organic,2023-10-30
CUST009982,29,Male,Tier 3,Ambala,Self Employed,71625,641,1,30,Graduate,Social Media,2023-08-06
CUST009983,30,Female,Tier 2,Cuttack,Salaried,105257,765,0,21,Graduate,DSA Agent,2023-08-28
CUST009984,52,Male,Tier 3,Nizamabad,Business Owner,118295,765,2,32,School,Organic,2022-08-06
CUST009985,25,Male,Tier 2,Kurnool,Student,0,478,0,0,School,Referral,2022-12-28
CUST009986,32,Female,Tier 3,Bhusawal,Gig Worker,24424,680,0,16,Graduate,Social Media,2023-02-06
CUST009987,29,Male,Tier 1,Gangtok,Salaried,50325,752,0,7,School,Referral,2022-03-02
CUST009988,26,Female,Tier 1,Lucknow,Salaried,58627,795,0,11,Graduate,Referral,2023-02-11
CUST009989,37,Male,Tier 1,Panvel,Salaried,95180,807,0,13,Graduate,Social Media,2023-11-23
CUST009990,20,Female,Tier 2,Panchkula,Student,0,473,0,0,Graduate,DSA Agent,2023-04-19
CUST009991,23,Female,Tier 2,Tiruppur,Gig Worker,33993,596,0,2,School,Organic,2022-03-10
CUST009992,38,Female,Tier 2,Bangalore,Salaried,130959,729,0,19,School,Organic,2022-07-10
CUST009993,24,Male,Tier 3,Nizamabad,Gig Worker,15009,601,1,16,Postgraduate,Referral,2023-01-02
CUST009994,18,Female,Tier 1,Raebareli,Student,0,529,0,0,Professional,Social Media,2023-05-05
CUST009995,27,Female,Tier 1,Nagpur,Salaried,95732,843,0,9,Postgraduate,DSA Agent,2023-07-31
CUST009996,22,Female,Tier 2,Gurgaon,Student,0,563,0,0,School,Social Media,2023-05-31
CUST009997,24,Male,Tier 3,Tezpur,Student,0,494,0,0,Graduate,Social Media,2023-06-04
CUST009998,40,Male,Tier 2,Raipur,Business Owner,184287,757,0,3,School,Social Media,2022-03-02
CUST009999,36,Male,Tier 3,Ulhasnagar,Gig Worker,13266,665,0,19,Postgraduate,Organic,2023-06-16
CUST010000,35,Male,Tier 3,Uluberia,Salaried,125782,777,0,7,Postgraduate,Organic,2023-05-08
