loan_id,customer_id,product_type,default_flag,days_to_default,default_month,total_amount_paid,total_amount_pending,recovery_amount,closure_date,write_off_flag
LOAN0000001,CUST006553,BNPL,0,,,29782.98,0.0,0.0,2023-10-02,0
LOAN0000002,CUST000807,Personal Loan,0,,,217439.56,0.0,0.0,2025-12-31,0
LOAN0000003,CUST002426,Personal Loan,0,,,24925.6,0.0,0.0,2025-11-07,0
LOAN0000004,CUST007746,BNPL,1,240.0,8.0,7214.24,0.0,0.0,2023-12-07,1
LOAN0000005,CUST005293,BNPL,0,,,43228.32,0.0,0.0,2024-03-26,0
LOAN0000006,CUST009283,Personal Loan,0,,,585449.8,0.0,0.0,2026-01-22,0
LOAN0000007,CUST004289,Personal Loan,0,,,486591.5,0.0,0.0,2026-07-13,0
LOAN0000008,CUST008710,Personal Loan,0,,,602074.2,0.0,0.0,2026-02-24,0
LOAN0000009,CUST004489,Personal Loan,0,,,129421.95,0.0,0.0,2025-02-28,0
LOAN0000010,CUST009793,Personal Loan,0,,,437249.36,0.0,0.0,2024-07-03,0
LOAN0000011,CUST009600,Personal Loan,0,,,46193.03,0.0,0.0,2024-09-10,0
LOAN0000012,CUST003292,Education Loan,0,,,948125.64,0.0,0.0,2025-07-06,0
LOAN0000013,CUST008870,Personal Loan,0,,,489116.14,0.0,0.0,2026-07-18,0
LOAN0000014,CUST008488,Personal Loan,0,,,120513.9,0.0,0.0,2025-10-15,0
LOAN0000015,CUST002111,Personal Loan,0,,,635930.96,0.0,0.0,2025-02-16,0
LOAN0000016,CUST006256,Personal Loan,0,,,403675.44,0.0,0.0,2024-07-26,0
LOAN0000017,CUST000737,Personal Loan,1,60.0,2.0,8909.0,186411.0,67218.25,2023-06-13,1
LOAN0000018,CUST008378,Personal Loan,0,,,382376.92,0.0,0.0,2026-08-09,0
LOAN0000019,CUST001757,SME Loan,0,,,231812.92,0.0,0.0,2025-02-09,0
LOAN0000020,CUST000717,Education Loan,0,,,565642.11,0.0,0.0,2026-01-10,0
LOAN0000021,CUST004009,BNPL,0,,,38001.36,0.0,0.0,2022-12-06,0
LOAN0000022,CUST005781,Personal Loan,0,,,55973.6,0.0,0.0,2026-01-16,0
LOAN0000023,CUST008560,Education Loan,1,90.0,3.0,61538.7,907464.3,283207.51,2023-10-16,1
LOAN0000024,CUST009743,Education Loan,0,,,1138103.2,0.0,0.0,2026-11-15,0
LOAN0000025,CUST004395,SME Loan,1,120.0,4.0,69743.73,528081.27,175014.76,2023-11-15,1
LOAN0000026,CUST000612,Personal Loan,1,60.0,2.0,13407.22,115595.78,34639.19,2022-08-13,1
LOAN0000027,CUST007505,Personal Loan,0,,,278218.43,0.0,0.0,2023-10-04,0
LOAN0000028,CUST005660,Personal Loan,0,,,534201.66,0.0,0.0,2025-05-17,0
LOAN0000029,CUST004479,BNPL,0,,,59137.66,0.0,0.0,2024-02-11,0
LOAN0000030,CUST003095,BNPL,0,,,58491.5,0.0,0.0,2024-05-22,0
LOAN0000031,CUST005032,BNPL,0,,,11728.53,0.0,0.0,2023-06-10,0
LOAN0000032,CUST003382,SME Loan,1,120.0,4.0,28087.05,70377.95,17567.92,2024-01-11,1
LOAN0000033,CUST007581,Personal Loan,0,,,70250.04,0.0,0.0,2025-07-19,0
LOAN0000034,CUST005445,BNPL,1,240.0,8.0,25410.07,5798.93,1282.93,2024-02-13,1
LOAN0000035,CUST008782,BNPL,1,120.0,4.0,21434.31,27295.69,4958.25,2022-11-28,1
LOAN0000036,CUST005441,Personal Loan,1,180.0,6.0,43195.35,141198.65,28096.6,2024-02-23,1
LOAN0000037,CUST002387,BNPL,1,180.0,6.0,47037.5,8957.5,994.54,2024-02-24,1
LOAN0000038,CUST008525,Personal Loan,0,,,632579.5,0.0,0.0,2026-11-28,0
LOAN0000039,CUST005581,Personal Loan,0,,,271621.35,0.0,0.0,2026-09-01,0
LOAN0000040,CUST002073,Personal Loan,0,,,688610.88,0.0,0.0,2026-12-14,0
LOAN0000041,CUST006248,Personal Loan,0,,,170229.12,0.0,0.0,2026-02-09,0
LOAN0000042,CUST003579,Personal Loan,0,,,452257.61,0.0,0.0,2025-10-25,0
LOAN0000043,CUST008454,Personal Loan,1,180.0,6.0,48132.6,208994.4,40800.4,2024-03-03,1
LOAN0000044,CUST004529,Personal Loan,1,210.0,7.0,100674.24,71059.76,15022.41,2023-06-13,1
LOAN0000045,CUST007282,BNPL,0,,,48051.8,0.0,0.0,2023-09-10,0
LOAN0000046,CUST000966,Personal Loan,0,,,302215.05,0.0,0.0,2025-07-21,0
LOAN0000047,CUST003966,Personal Loan,0,,,169322.72,0.0,0.0,2026-10-17,0
LOAN0000048,CUST009828,Personal Loan,1,240.0,8.0,59493.0,147639.0,53648.27,2023-07-31,1
LOAN0000049,CUST008099,Personal Loan,0,,,276495.84,0.0,0.0,2026-04-29,0
LOAN0000050,CUST001610,Personal Loan,0,,,463399.92,0.0,0.0,2025-10-26,0
LOAN0000051,CUST002779,Personal Loan,0,,,321511.86,0.0,0.0,2024-08-23,0
LOAN0000052,CUST003299,Personal Loan,1,210.0,7.0,93573.6,177091.4,63493.07,2024-02-29,1
LOAN0000053,CUST006512,Personal Loan,1,210.0,7.0,45070.14,107154.86,32833.29,2024-02-14,1
LOAN0000054,CUST007581,BNPL,0,,,57516.84,0.0,0.0,2023-09-01,0
LOAN0000055,CUST007509,Personal Loan,0,,,15120.28,0.0,0.0,2026-04-30,0
LOAN0000056,CUST005105,Personal Loan,0,,,188881.0,0.0,0.0,2023-08-27,0
LOAN0000057,CUST008121,Personal Loan,0,,,156470.02,0.0,0.0,2026-06-12,0
LOAN0000058,CUST004371,SME Loan,0,,,142755.4,0.0,0.0,2026-01-26,0
LOAN0000059,CUST001252,BNPL,0,,,12908.35,0.0,0.0,2024-06-14,0
LOAN0000060,CUST005652,Personal Loan,0,,,133319.0,0.0,0.0,2024-07-19,0
LOAN0000061,CUST009525,BNPL,0,,,46139.6,0.0,0.0,2024-06-20,0
LOAN0000062,CUST007942,SME Loan,0,,,82112.96,0.0,0.0,2026-06-21,0
LOAN0000063,CUST005800,Personal Loan,1,90.0,3.0,42775.6,372827.4,142800.19,2024-01-08,1
LOAN0000064,CUST006476,SME Loan,1,210.0,7.0,130226.4,301842.6,31810.19,2023-07-09,1
LOAN0000065,CUST009309,Personal Loan,0,,,27570.06,0.0,0.0,2025-02-17,0
LOAN0000066,CUST004285,Personal Loan,0,,,431467.65,0.0,0.0,2025-02-02,0
LOAN0000067,CUST003313,Personal Loan,1,210.0,7.0,68147.76,157074.24,52780.5,2023-06-11,1
LOAN0000068,CUST009775,Personal Loan,0,,,218135.58,0.0,0.0,2024-01-30,0
LOAN0000069,CUST008646,SME Loan,0,,,402327.04,0.0,0.0,2026-08-28,0
LOAN0000070,CUST003233,Personal Loan,1,120.0,4.0,66165.33,320576.67,67134.9,2023-06-28,1
LOAN0000071,CUST004637,SME Loan,0,,,239247.29,0.0,0.0,2025-05-26,0
LOAN0000072,CUST004158,Education Loan,1,120.0,4.0,55814.82,263857.18,87522.58,2024-04-12,1
LOAN0000073,CUST001502,Personal Loan,0,,,55812.24,0.0,0.0,2024-11-23,0
LOAN0000074,CUST009580,Personal Loan,0,,,298913.7,0.0,0.0,2026-06-05,0
LOAN0000075,CUST004050,Personal Loan,0,,,344411.1,0.0,0.0,2024-06-11,0
LOAN0000076,CUST008766,Education Loan,0,,,275573.58,0.0,0.0,2027-03-20,0
LOAN0000077,CUST001901,Personal Loan,0,,,372082.04,0.0,0.0,2025-10-18,0
LOAN0000078,CUST005486,SME Loan,1,60.0,2.0,31291.68,410521.32,67140.27,2024-01-07,1
LOAN0000079,CUST000249,SME Loan,0,,,553695.6,0.0,0.0,2024-07-26,0
LOAN0000080,CUST007654,Education Loan,0,,,869278.68,0.0,0.0,2026-05-18,0
LOAN0000081,CUST005824,SME Loan,0,,,444820.8,0.0,0.0,2025-11-28,0
LOAN0000082,CUST006270,Personal Loan,0,,,635252.83,0.0,0.0,2026-01-04,0
LOAN0000083,CUST000525,Personal Loan,0,,,315964.61,0.0,0.0,2024-09-18,0
LOAN0000084,CUST002115,Personal Loan,1,60.0,2.0,44255.49,440623.51,95800.55,2024-02-27,1
LOAN0000085,CUST000752,SME Loan,0,,,535698.36,0.0,0.0,2025-01-07,0
LOAN0000086,CUST002893,BNPL,0,,,36543.4,0.0,0.0,2022-11-01,0
LOAN0000087,CUST006288,Personal Loan,0,,,156702.35,0.0,0.0,2026-02-22,0
LOAN0000088,CUST005670,Personal Loan,0,,,439616.06,0.0,0.0,2025-03-23,0
LOAN0000089,CUST006135,BNPL,0,,,43319.26,0.0,0.0,2023-11-24,0
LOAN0000090,CUST005499,Personal Loan,0,,,437339.43,0.0,0.0,2026-07-13,0
LOAN0000091,CUST002732,Personal Loan,0,,,101593.92,0.0,0.0,2024-06-07,0
LOAN0000092,CUST002449,Personal Loan,0,,,193857.8,0.0,0.0,2025-04-03,0
LOAN0000093,CUST001383,SME Loan,1,240.0,8.0,336681.24,90166.76,16239.7,2024-08-13,1
LOAN0000094,CUST008506,Personal Loan,0,,,426708.37,0.0,0.0,2024-10-25,0
LOAN0000095,CUST006179,BNPL,0,,,59721.66,0.0,0.0,2024-09-01,0
LOAN0000096,CUST001876,SME Loan,0,,,686668.71,0.0,0.0,2023-11-27,0
LOAN0000097,CUST001783,BNPL,0,,,48784.48,0.0,0.0,2024-08-15,0
LOAN0000098,CUST008741,Personal Loan,0,,,325645.88,0.0,0.0,2026-03-19,0
LOAN0000099,CUST007444,SME Loan,0,,,292607.56,0.0,0.0,2026-03-14,0
LOAN0000100,CUST006602,BNPL,0,,,55699.5,0.0,0.0,2024-02-25,0
LOAN0000101,CUST004076,Personal Loan,0,,,473086.74,0.0,0.0,2025-07-24,0
LOAN0000102,CUST002625,Personal Loan,1,210.0,7.0,55090.56,181276.44,39016.44,2023-10-08,1
LOAN0000103,CUST009795,Personal Loan,0,,,123865.56,0.0,0.0,2023-11-07,0
LOAN0000104,CUST007986,SME Loan,0,,,404278.6,0.0,0.0,2025-08-31,0
LOAN0000105,CUST003020,Personal Loan,1,60.0,2.0,19709.39,389623.61,126114.78,2023-10-07,1
LOAN0000106,CUST008488,Personal Loan,1,150.0,5.0,83166.92,274019.08,56909.45,2023-08-19,1
LOAN0000107,CUST007601,BNPL,0,,,24365.4,0.0,0.0,2022-12-20,0
LOAN0000108,CUST002973,Personal Loan,0,,,509368.23,0.0,0.0,2025-09-13,0
LOAN0000109,CUST004267,Personal Loan,0,,,613834.33,0.0,0.0,2025-06-03,0
LOAN0000110,CUST001870,BNPL,0,,,49198.16,0.0,0.0,2024-04-22,0
LOAN0000111,CUST001125,Personal Loan,0,,,108927.84,0.0,0.0,2025-01-25,0
LOAN0000112,CUST007243,Personal Loan,0,,,631769.88,0.0,0.0,2024-10-25,0
LOAN0000113,CUST002677,BNPL,1,120.0,4.0,20310.69,25227.31,7765.86,2023-02-25,1
LOAN0000114,CUST008216,Personal Loan,0,,,442819.19,0.0,0.0,2025-11-26,0
LOAN0000115,CUST009957,SME Loan,0,,,274613.1,0.0,0.0,2023-12-29,0
LOAN0000116,CUST000775,SME Loan,0,,,348445.5,0.0,0.0,2024-09-22,0
LOAN0000117,CUST004728,BNPL,0,,,36961.6,0.0,0.0,2024-05-10,0
LOAN0000118,CUST008033,BNPL,0,,,10314.57,0.0,0.0,2024-07-06,0
LOAN0000119,CUST007902,Personal Loan,0,,,282890.96,0.0,0.0,2025-09-16,0
LOAN0000120,CUST007612,Personal Loan,0,,,91813.32,0.0,0.0,2026-06-12,0
LOAN0000121,CUST003485,BNPL,1,120.0,4.0,2619.84,0.0,0.0,2023-09-29,1
LOAN0000122,CUST004535,Personal Loan,0,,,268162.64,0.0,0.0,2024-05-16,0
LOAN0000123,CUST005961,BNPL,1,60.0,2.0,1885.61,13059.39,3224.38,2024-02-06,1
LOAN0000124,CUST009739,Personal Loan,0,,,441071.92,0.0,0.0,2025-08-17,0
LOAN0000125,CUST003275,Education Loan,1,180.0,6.0,90610.05,268445.95,77664.14,2023-11-17,1
LOAN0000126,CUST009235,SME Loan,0,,,80633.04,0.0,0.0,2023-11-30,0
LOAN0000127,CUST002695,SME Loan,0,,,278857.75,0.0,0.0,2025-08-10,0
LOAN0000128,CUST009887,Education Loan,0,,,277942.52,0.0,0.0,2026-10-14,0
LOAN0000129,CUST006709,Personal Loan,0,,,258822.94,0.0,0.0,2025-03-06,0
LOAN0000130,CUST004633,Education Loan,1,210.0,7.0,186879.66,795594.34,265917.2,2024-06-03,1
LOAN0000131,CUST006147,BNPL,1,180.0,6.0,54182.2,0.0,0.0,2023-11-06,1
LOAN0000132,CUST002726,Personal Loan,0,,,116211.8,0.0,0.0,2024-10-28,0
LOAN0000133,CUST002744,Personal Loan,0,,,137103.84,0.0,0.0,2025-04-06,0
LOAN0000134,CUST001148,Personal Loan,0,,,449275.68,0.0,0.0,2024-11-19,0
LOAN0000135,CUST001153,BNPL,1,60.0,2.0,1118.75,6417.25,1161.86,2023-09-14,1
LOAN0000136,CUST003472,Personal Loan,0,,,220584.63,0.0,0.0,2025-09-25,0
LOAN0000137,CUST007640,Personal Loan,0,,,268580.31,0.0,0.0,2025-08-04,0
LOAN0000138,CUST006091,BNPL,1,240.0,8.0,34029.1,0.0,0.0,2024-08-04,1
LOAN0000139,CUST001038,Personal Loan,0,,,411245.73,0.0,0.0,2024-06-05,0
LOAN0000140,CUST008535,Personal Loan,0,,,24296.03,0.0,0.0,2024-08-07,0
LOAN0000141,CUST006027,Education Loan,0,,,196305.54,0.0,0.0,2026-08-17,0
LOAN0000142,CUST009610,Personal Loan,1,210.0,7.0,43736.7,84913.3,33104.54,2024-06-28,1
LOAN0000143,CUST006708,Personal Loan,0,,,202877.91,0.0,0.0,2024-09-14,0
LOAN0000144,CUST001763,SME Loan,0,,,402394.23,0.0,0.0,2025-09-19,0
LOAN0000145,CUST004736,Personal Loan,0,,,213213.77,0.0,0.0,2024-02-03,0
LOAN0000146,CUST006491,SME Loan,1,90.0,3.0,19798.36,159360.64,57962.16,2023-04-13,1
LOAN0000147,CUST000290,SME Loan,0,,,578819.36,0.0,0.0,2026-01-08,0
LOAN0000148,CUST000158,Personal Loan,0,,,337384.6,0.0,0.0,2026-08-27,0
LOAN0000149,CUST001306,Education Loan,0,,,301479.36,0.0,0.0,2026-08-27,0
LOAN0000150,CUST002519,Personal Loan,0,,,19600.37,0.0,0.0,2026-01-22,0
LOAN0000151,CUST004297,Personal Loan,0,,,67944.96,0.0,0.0,2025-11-21,0
LOAN0000152,CUST004882,Personal Loan,1,60.0,2.0,7040.41,61304.59,7127.38,2023-08-07,1
LOAN0000153,CUST001394,Personal Loan,0,,,310889.64,0.0,0.0,2023-12-11,0
LOAN0000154,CUST006744,Education Loan,0,,,744058.22,0.0,0.0,2026-03-27,0
LOAN0000155,CUST005973,Education Loan,0,,,969063.2,0.0,0.0,2027-01-12,0
LOAN0000156,CUST002948,Personal Loan,0,,,94141.11,0.0,0.0,2026-05-08,0
LOAN0000157,CUST000144,Personal Loan,0,,,358883.4,0.0,0.0,2024-11-02,0
LOAN0000158,CUST000785,BNPL,0,,,30370.14,0.0,0.0,2024-07-02,0
LOAN0000159,CUST003921,Personal Loan,0,,,458025.22,0.0,0.0,2026-09-03,0
LOAN0000160,CUST001550,Personal Loan,0,,,504581.16,0.0,0.0,2024-06-12,0
LOAN0000161,CUST003773,SME Loan,0,,,191956.6,0.0,0.0,2024-07-21,0
LOAN0000162,CUST006296,Education Loan,0,,,886262.16,0.0,0.0,2026-07-15,0
LOAN0000163,CUST005479,BNPL,1,120.0,4.0,9268.47,15247.53,5286.85,2023-04-21,1
LOAN0000164,CUST002319,Personal Loan,0,,,518130.34,0.0,0.0,2025-12-26,0
LOAN0000165,CUST003436,Personal Loan,0,,,184890.5,0.0,0.0,2026-01-27,0
LOAN0000166,CUST006152,BNPL,1,120.0,4.0,31590.06,0.0,0.0,2024-01-06,1
LOAN0000167,CUST008620,Personal Loan,0,,,311749.68,0.0,0.0,2025-12-23,0
LOAN0000168,CUST007545,Personal Loan,0,,,398978.2,0.0,0.0,2024-10-18,0
LOAN0000169,CUST005540,Personal Loan,0,,,382007.76,0.0,0.0,2025-12-18,0
LOAN0000170,CUST003624,Education Loan,0,,,793407.72,0.0,0.0,2024-02-22,0
LOAN0000171,CUST003651,SME Loan,0,,,104115.12,0.0,0.0,2025-09-20,0
LOAN0000172,CUST008806,Education Loan,0,,,1022795.76,0.0,0.0,2025-06-08,0
LOAN0000173,CUST000398,Personal Loan,1,180.0,6.0,39797.9,175332.1,35255.22,2024-05-18,1
LOAN0000174,CUST009878,Personal Loan,1,150.0,5.0,54333.96,297826.04,58391.44,2024-05-18,1
LOAN0000175,CUST006649,Personal Loan,1,90.0,3.0,43498.76,187429.24,62388.72,2023-08-17,1
LOAN0000176,CUST006826,Education Loan,0,,,418145.31,0.0,0.0,2026-09-13,0
LOAN0000177,CUST000385,SME Loan,0,,,376838.4,0.0,0.0,2024-08-16,0
LOAN0000178,CUST006066,BNPL,0,,,8119.62,0.0,0.0,2024-03-13,0
LOAN0000179,CUST004854,BNPL,0,,,13739.94,0.0,0.0,2024-06-28,0
LOAN0000180,CUST001068,BNPL,0,,,32572.35,0.0,0.0,2024-09-30,0
LOAN0000181,CUST002781,BNPL,0,,,23426.32,0.0,0.0,2023-11-02,0
LOAN0000182,CUST008914,Personal Loan,0,,,236398.25,0.0,0.0,2024-07-18,0
LOAN0000183,CUST005506,BNPL,1,150.0,5.0,20572.44,9620.56,2694.78,2024-01-18,1
LOAN0000184,CUST004141,Personal Loan,0,,,255038.56,0.0,0.0,2022-12-28,0
LOAN0000185,CUST000737,Personal Loan,0,,,392263.95,0.0,0.0,2024-08-29,0
LOAN0000186,CUST007159,SME Loan,1,60.0,2.0,4738.87,88802.13,20566.55,2023-11-28,1
LOAN0000187,CUST007047,Personal Loan,0,,,206296.0,0.0,0.0,2024-10-10,0
LOAN0000188,CUST006152,Personal Loan,0,,,300609.24,0.0,0.0,2023-05-08,0
LOAN0000189,CUST005109,Personal Loan,0,,,280752.32,0.0,0.0,2023-12-03,0
LOAN0000190,CUST004341,Personal Loan,0,,,521386.2,0.0,0.0,2026-05-29,0
LOAN0000191,CUST005943,Personal Loan,0,,,627590.37,0.0,0.0,2026-06-06,0
LOAN0000192,CUST002340,BNPL,0,,,37385.88,0.0,0.0,2024-03-08,0
LOAN0000193,CUST009415,SME Loan,0,,,75749.74,0.0,0.0,2026-07-12,0
LOAN0000194,CUST005900,BNPL,0,,,59719.7,0.0,0.0,2024-09-05,0
LOAN0000195,CUST003113,SME Loan,0,,,297831.06,0.0,0.0,2024-08-26,0
LOAN0000196,CUST004495,SME Loan,0,,,541288.8,0.0,0.0,2025-09-15,0
LOAN0000197,CUST008072,BNPL,0,,,39775.19,0.0,0.0,2023-04-25,0
LOAN0000198,CUST001626,Personal Loan,0,,,179784.36,0.0,0.0,2023-12-13,0
LOAN0000199,CUST002932,Personal Loan,0,,,601966.8,0.0,0.0,2025-01-18,0
LOAN0000200,CUST006808,Personal Loan,0,,,387848.1,0.0,0.0,2026-04-07,0
LOAN0000201,CUST003155,BNPL,0,,,27418.0,0.0,0.0,2024-09-13,0
LOAN0000202,CUST007939,Personal Loan,0,,,123956.76,0.0,0.0,2023-08-21,0
LOAN0000203,CUST001317,BNPL,1,120.0,4.0,6924.9,6712.1,2347.3,2022-12-07,1
LOAN0000204,CUST007638,SME Loan,0,,,107293.41,0.0,0.0,2024-07-17,0
LOAN0000205,CUST000692,Personal Loan,0,,,663137.92,0.0,0.0,2025-05-13,0
LOAN0000206,CUST000132,Personal Loan,0,,,267393.86,0.0,0.0,2025-09-11,0
LOAN0000207,CUST008990,BNPL,0,,,17684.46,0.0,0.0,2024-06-05,0
LOAN0000208,CUST005828,Personal Loan,1,240.0,8.0,94660.16,52748.84,13330.38,2024-04-21,1
LOAN0000209,CUST003517,SME Loan,0,,,168522.77,0.0,0.0,2025-01-27,0
LOAN0000210,CUST002333,Personal Loan,0,,,269410.22,0.0,0.0,2026-07-16,0
LOAN0000211,CUST006183,Personal Loan,1,120.0,4.0,46141.77,300974.23,89194.48,2023-05-02,1
LOAN0000212,CUST005097,Education Loan,0,,,661413.9,0.0,0.0,2026-09-12,0
LOAN0000213,CUST009914,SME Loan,0,,,87134.4,0.0,0.0,2025-10-12,0
LOAN0000214,CUST009828,SME Loan,0,,,562196.91,0.0,0.0,2023-02-23,0
LOAN0000215,CUST006359,SME Loan,0,,,241065.36,0.0,0.0,2023-08-02,0
LOAN0000216,CUST004430,Personal Loan,0,,,255520.86,0.0,0.0,2023-11-12,0
LOAN0000217,CUST004923,Personal Loan,0,,,34730.66,0.0,0.0,2024-08-25,0
LOAN0000218,CUST006840,SME Loan,1,180.0,6.0,158362.35,304941.65,101597.43,2024-02-25,1
LOAN0000219,CUST001026,Personal Loan,1,120.0,4.0,72627.12,378245.88,48906.59,2024-04-07,1
LOAN0000220,CUST003283,Education Loan,0,,,784903.68,0.0,0.0,2027-01-05,0
LOAN0000221,CUST000761,BNPL,0,,,56550.92,0.0,0.0,2024-01-10,0
LOAN0000222,CUST000743,BNPL,0,,,48229.7,0.0,0.0,2023-10-25,0
LOAN0000223,CUST001962,Personal Loan,1,210.0,7.0,384716.16,0.0,0.0,2024-07-11,1
LOAN0000224,CUST004860,Education Loan,0,,,316883.4,0.0,0.0,2023-11-05,0
LOAN0000225,CUST007858,SME Loan,0,,,334515.78,0.0,0.0,2024-01-10,0
LOAN0000226,CUST004862,Education Loan,0,,,269741.36,0.0,0.0,2025-01-30,0
LOAN0000227,CUST003352,BNPL,0,,,53866.8,0.0,0.0,2024-07-09,0
LOAN0000228,CUST000832,BNPL,0,,,16747.76,0.0,0.0,2024-06-23,0
LOAN0000229,CUST005510,Personal Loan,0,,,502799.22,0.0,0.0,2025-04-22,0
LOAN0000230,CUST002714,Personal Loan,1,60.0,2.0,19456.88,377399.12,52052.15,2023-04-06,1
LOAN0000231,CUST006163,BNPL,0,,,53985.84,0.0,0.0,2023-06-20,0
LOAN0000232,CUST009775,BNPL,0,,,11453.52,0.0,0.0,2023-12-23,0
LOAN0000233,CUST001127,Personal Loan,0,,,601283.44,0.0,0.0,2026-07-14,0
LOAN0000234,CUST002126,Personal Loan,0,,,635161.48,0.0,0.0,2026-06-13,0
LOAN0000235,CUST004729,Personal Loan,0,,,387608.98,0.0,0.0,2025-10-23,0
LOAN0000236,CUST009687,Personal Loan,0,,,547234.8,0.0,0.0,2025-06-26,0
LOAN0000237,CUST007727,Personal Loan,0,,,550225.8,0.0,0.0,2026-06-27,0
LOAN0000238,CUST008990,BNPL,0,,,35962.2,0.0,0.0,2024-04-03,0
LOAN0000239,CUST003334,Personal Loan,0,,,540745.66,0.0,0.0,2024-03-12,0
LOAN0000240,CUST009919,Personal Loan,0,,,230524.5,0.0,0.0,2025-02-08,0
LOAN0000241,CUST001041,BNPL,0,,,56001.12,0.0,0.0,2024-07-12,0
LOAN0000242,CUST000539,Personal Loan,0,,,224507.47,0.0,0.0,2024-11-26,0
LOAN0000243,CUST008567,Personal Loan,0,,,430257.92,0.0,0.0,2026-06-30,0
LOAN0000244,CUST009275,Personal Loan,0,,,309485.55,0.0,0.0,2024-02-29,0
LOAN0000245,CUST000915,SME Loan,0,,,713603.29,0.0,0.0,2026-04-05,0
LOAN0000246,CUST001147,Personal Loan,0,,,307090.08,0.0,0.0,2024-06-14,0
LOAN0000247,CUST000338,Personal Loan,0,,,374358.04,0.0,0.0,2024-02-16,0
LOAN0000248,CUST001057,Personal Loan,0,,,14807.45,0.0,0.0,2026-09-12,0
LOAN0000249,CUST002098,Personal Loan,0,,,641565.55,0.0,0.0,2026-03-31,0
LOAN0000250,CUST009701,Personal Loan,0,,,313074.84,0.0,0.0,2025-10-17,0
LOAN0000251,CUST006687,Personal Loan,1,210.0,7.0,133049.34,194149.66,54397.53,2024-07-01,1
LOAN0000252,CUST007794,Personal Loan,0,,,52745.04,0.0,0.0,2026-08-09,0
LOAN0000253,CUST007769,BNPL,0,,,25478.8,0.0,0.0,2024-05-06,0
LOAN0000254,CUST005359,Education Loan,0,,,312884.16,0.0,0.0,2024-11-22,0
LOAN0000255,CUST007988,BNPL,0,,,32772.46,0.0,0.0,2024-04-18,0
LOAN0000256,CUST005969,SME Loan,0,,,188808.48,0.0,0.0,2023-04-22,0
LOAN0000257,CUST003148,SME Loan,0,,,503412.6,0.0,0.0,2024-05-03,0
LOAN0000258,CUST005618,Personal Loan,0,,,371833.67,0.0,0.0,2024-07-22,0
LOAN0000259,CUST005343,Personal Loan,0,,,14697.28,0.0,0.0,2025-04-07,0
LOAN0000260,CUST008248,Personal Loan,1,180.0,6.0,85108.4,353807.6,139884.49,2023-10-24,1
LOAN0000261,CUST009816,BNPL,0,,,8773.6,0.0,0.0,2024-04-23,0
LOAN0000262,CUST004119,Personal Loan,0,,,137324.25,0.0,0.0,2024-07-12,0
LOAN0000263,CUST007645,BNPL,0,,,39497.82,0.0,0.0,2022-10-12,0
LOAN0000264,CUST001006,SME Loan,1,240.0,8.0,86578.31,79242.69,25859.56,2024-07-30,1
LOAN0000265,CUST007776,BNPL,0,,,57815.46,0.0,0.0,2024-02-04,0
LOAN0000266,CUST003717,Personal Loan,0,,,372407.75,0.0,0.0,2024-09-06,0
LOAN0000267,CUST000399,Personal Loan,0,,,139220.64,0.0,0.0,2026-03-29,0
LOAN0000268,CUST003633,BNPL,0,,,5328.32,0.0,0.0,2024-08-24,0
LOAN0000269,CUST006119,SME Loan,0,,,768492.48,0.0,0.0,2026-08-17,0
LOAN0000270,CUST001207,Personal Loan,0,,,591534.57,0.0,0.0,2025-05-16,0
LOAN0000271,CUST009243,Personal Loan,0,,,632568.44,0.0,0.0,2026-04-24,0
LOAN0000272,CUST000786,SME Loan,0,,,546860.76,0.0,0.0,2024-12-31,0
LOAN0000273,CUST009303,Education Loan,0,,,246430.8,0.0,0.0,2025-03-07,0
LOAN0000274,CUST007087,Personal Loan,0,,,68013.6,0.0,0.0,2024-05-21,0
LOAN0000275,CUST003298,SME Loan,0,,,596987.58,0.0,0.0,2025-07-28,0
LOAN0000276,CUST003910,BNPL,0,,,28501.92,0.0,0.0,2024-08-06,0
LOAN0000277,CUST007424,Personal Loan,0,,,331860.57,0.0,0.0,2025-05-16,0
LOAN0000278,CUST006028,Personal Loan,0,,,308843.73,0.0,0.0,2024-03-12,0
LOAN0000279,CUST006724,Personal Loan,0,,,114591.78,0.0,0.0,2026-03-31,0
LOAN0000280,CUST003895,Personal Loan,1,90.0,3.0,43121.46,428755.54,82276.08,2023-01-19,1
LOAN0000281,CUST004887,Personal Loan,0,,,313812.8,0.0,0.0,2024-12-30,0
LOAN0000282,CUST009895,SME Loan,0,,,216286.92,0.0,0.0,2024-06-05,0
LOAN0000283,CUST002144,Personal Loan,0,,,94515.84,0.0,0.0,2024-10-20,0
LOAN0000284,CUST004186,BNPL,0,,,46518.57,0.0,0.0,2023-10-11,0
LOAN0000285,CUST002923,Personal Loan,0,,,285656.03,0.0,0.0,2023-09-13,0
LOAN0000286,CUST007662,Personal Loan,0,,,594691.02,0.0,0.0,2024-11-22,0
LOAN0000287,CUST007651,Personal Loan,0,,,369427.68,0.0,0.0,2025-05-31,0
LOAN0000288,CUST002929,Personal Loan,1,120.0,4.0,6858.51,47895.49,17101.71,2023-08-11,1
LOAN0000289,CUST000822,Personal Loan,1,180.0,6.0,45011.8,168922.2,21216.32,2024-06-22,1
LOAN0000290,CUST000120,Personal Loan,1,210.0,7.0,84755.94,41509.06,12334.32,2024-07-25,1
LOAN0000291,CUST004276,Personal Loan,0,,,79965.4,0.0,0.0,2024-10-24,0
LOAN0000292,CUST004112,BNPL,0,,,28745.28,0.0,0.0,2024-04-21,0
LOAN0000293,CUST009881,BNPL,0,,,53329.38,0.0,0.0,2023-06-11,0
LOAN0000294,CUST004696,Education Loan,0,,,678801.28,0.0,0.0,2026-07-07,0
LOAN0000295,CUST002569,Education Loan,0,,,151944.37,0.0,0.0,2027-07-29,0
LOAN0000296,CUST008922,Personal Loan,0,,,622471.77,0.0,0.0,2024-06-13,0
LOAN0000297,CUST004922,Personal Loan,0,,,632706.93,0.0,0.0,2025-10-20,0
LOAN0000298,CUST006004,Personal Loan,1,210.0,7.0,33201.24,76953.76,29744.7,2022-12-30,1
LOAN0000299,CUST000967,SME Loan,0,,,74188.92,0.0,0.0,2024-11-21,0
LOAN0000300,CUST003835,BNPL,1,90.0,3.0,8678.0,32407.0,5864.33,2024-02-29,1
LOAN0000301,CUST009444,Personal Loan,0,,,631000.65,0.0,0.0,2026-10-05,0
LOAN0000302,CUST005906,Personal Loan,0,,,472099.99,0.0,0.0,2026-04-25,0
LOAN0000303,CUST003443,Personal Loan,0,,,506942.0,0.0,0.0,2026-01-13,0
LOAN0000304,CUST006271,Personal Loan,0,,,239776.5,0.0,0.0,2025-02-19,0
LOAN0000305,CUST009112,BNPL,1,180.0,6.0,42405.04,0.0,0.0,2024-06-27,1
LOAN0000306,CUST002742,BNPL,0,,,10836.56,0.0,0.0,2023-08-01,0
LOAN0000307,CUST005057,Personal Loan,0,,,483454.05,0.0,0.0,2024-03-22,0
LOAN0000308,CUST009590,Personal Loan,0,,,183012.33,0.0,0.0,2026-05-21,0
LOAN0000309,CUST001735,Personal Loan,1,150.0,5.0,64500.24,137445.76,50624.7,2024-02-11,1
LOAN0000310,CUST007210,Personal Loan,0,,,591877.44,0.0,0.0,2026-07-29,0
LOAN0000311,CUST006158,BNPL,0,,,44485.29,0.0,0.0,2024-01-20,0
LOAN0000312,CUST006811,Personal Loan,0,,,264527.94,0.0,0.0,2024-05-21,0
LOAN0000313,CUST003509,Education Loan,0,,,592015.63,0.0,0.0,2025-06-04,0
LOAN0000314,CUST003141,SME Loan,1,60.0,2.0,9810.33,76910.67,25502.77,2023-07-07,1
LOAN0000315,CUST006860,BNPL,0,,,54029.22,0.0,0.0,2024-03-01,0
LOAN0000316,CUST002161,SME Loan,1,60.0,2.0,8695.73,61505.27,12002.83,2023-06-19,1
LOAN0000317,CUST004203,SME Loan,0,,,677116.88,0.0,0.0,2025-02-28,0
LOAN0000318,CUST001891,Personal Loan,0,,,172955.16,0.0,0.0,2024-07-20,0
LOAN0000319,CUST000088,Personal Loan,0,,,319249.97,0.0,0.0,2023-12-17,0
LOAN0000320,CUST009701,Personal Loan,0,,,74286.5,0.0,0.0,2025-08-23,0
LOAN0000321,CUST004320,BNPL,0,,,2652.48,0.0,0.0,2024-06-29,0
LOAN0000322,CUST009695,BNPL,1,210.0,7.0,20578.5,9177.5,2805.1,2024-06-10,1
LOAN0000323,CUST001418,Personal Loan,1,180.0,6.0,137715.3,357985.7,111426.45,2024-06-02,1
LOAN0000324,CUST005886,Personal Loan,0,,,268143.2,0.0,0.0,2023-03-26,0
LOAN0000325,CUST002015,BNPL,1,90.0,3.0,3872.16,3686.84,1198.26,2023-01-09,1
LOAN0000326,CUST007913,Personal Loan,0,,,210783.43,0.0,0.0,2024-11-29,0
LOAN0000327,CUST007848,Personal Loan,0,,,408702.72,0.0,0.0,2025-06-14,0
LOAN0000328,CUST001139,BNPL,1,240.0,8.0,25739.0,0.0,0.0,2024-02-28,1
LOAN0000329,CUST009128,BNPL,0,,,5306.1,0.0,0.0,2024-06-28,0
LOAN0000330,CUST001950,Personal Loan,1,150.0,5.0,29647.84,105713.16,41605.41,2024-01-25,1
LOAN0000331,CUST006143,Personal Loan,1,180.0,6.0,7156.85,26500.15,5374.08,2024-03-09,1
LOAN0000332,CUST009852,SME Loan,0,,,753934.0,0.0,0.0,2026-01-29,0
LOAN0000333,CUST008836,SME Loan,1,60.0,2.0,29115.92,523576.08,173483.6,2023-12-14,1
LOAN0000334,CUST009567,BNPL,0,,,33015.95,0.0,0.0,2024-05-08,0
LOAN0000335,CUST003426,Personal Loan,0,,,404696.96,0.0,0.0,2025-10-19,0
LOAN0000336,CUST001066,Personal Loan,0,,,164657.46,0.0,0.0,2024-08-30,0
LOAN0000337,CUST001892,Personal Loan,0,,,80238.4,0.0,0.0,2026-06-09,0
LOAN0000338,CUST005013,BNPL,1,240.0,8.0,35737.59,10048.41,3079.37,2024-08-01,1
LOAN0000339,CUST007945,Personal Loan,0,,,268343.46,0.0,0.0,2025-09-13,0
LOAN0000340,CUST001510,Personal Loan,1,240.0,8.0,7989.31,18607.69,2352.59,2024-07-29,1
LOAN0000341,CUST006605,BNPL,0,,,15607.95,0.0,0.0,2024-03-09,0
LOAN0000342,CUST003239,Personal Loan,0,,,385530.3,0.0,0.0,2024-07-01,0
LOAN0000343,CUST003413,Personal Loan,0,,,462429.9,0.0,0.0,2025-02-27,0
LOAN0000344,CUST006627,Education Loan,0,,,207437.04,0.0,0.0,2026-07-25,0
LOAN0000345,CUST004669,Personal Loan,0,,,81952.5,0.0,0.0,2026-11-01,0
LOAN0000346,CUST008134,BNPL,1,90.0,3.0,9857.32,14525.68,3092.75,2023-08-31,1
LOAN0000347,CUST001570,SME Loan,0,,,598380.8,0.0,0.0,2023-07-23,0
LOAN0000348,CUST007912,Personal Loan,0,,,134067.7,0.0,0.0,2024-04-06,0
LOAN0000349,CUST000650,Personal Loan,0,,,43690.47,0.0,0.0,2026-05-14,0
LOAN0000350,CUST001945,SME Loan,0,,,782668.98,0.0,0.0,2026-03-10,0
LOAN0000351,CUST006570,Personal Loan,1,90.0,3.0,40992.14,447914.86,86849.09,2024-02-05,1
LOAN0000352,CUST008560,BNPL,0,,,36881.1,0.0,0.0,2024-04-19,0
LOAN0000353,CUST002531,Personal Loan,0,,,69080.96,0.0,0.0,2024-12-30,0
LOAN0000354,CUST003271,Personal Loan,0,,,430475.4,0.0,0.0,2024-08-27,0
LOAN0000355,CUST005376,Personal Loan,1,90.0,3.0,15430.06,54362.94,20576.51,2024-03-05,1
LOAN0000356,CUST002121,BNPL,1,90.0,3.0,15685.88,15194.12,5136.66,2023-10-26,1
LOAN0000357,CUST008124,SME Loan,0,,,166082.5,0.0,0.0,2025-12-09,0
LOAN0000358,CUST007745,Personal Loan,1,210.0,7.0,10219.32,27969.68,8864.06,2024-07-28,1
LOAN0000359,CUST001468,BNPL,0,,,56098.96,0.0,0.0,2024-08-18,0
LOAN0000360,CUST004637,Personal Loan,0,,,644154.09,0.0,0.0,2026-05-09,0
LOAN0000361,CUST007756,SME Loan,0,,,193761.12,0.0,0.0,2025-01-20,0
LOAN0000362,CUST003370,SME Loan,0,,,90518.1,0.0,0.0,2024-08-20,0
LOAN0000363,CUST006340,SME Loan,0,,,200780.86,0.0,0.0,2025-02-17,0
LOAN0000364,CUST000509,Personal Loan,0,,,299847.96,0.0,0.0,2026-10-07,0
LOAN0000365,CUST006098,Education Loan,1,240.0,8.0,26811.26,128112.74,29332.02,2023-09-04,1
LOAN0000366,CUST001538,Personal Loan,0,,,204540.61,0.0,0.0,2025-07-03,0
LOAN0000367,CUST008319,Education Loan,0,,,119355.3,0.0,0.0,2025-03-18,0
LOAN0000368,CUST003557,Personal Loan,0,,,530802.3,0.0,0.0,2025-12-06,0
LOAN0000369,CUST002818,Personal Loan,0,,,590606.5,0.0,0.0,2025-10-07,0
LOAN0000370,CUST008417,Personal Loan,0,,,433910.38,0.0,0.0,2026-06-07,0
LOAN0000371,CUST000508,Education Loan,0,,,838060.29,0.0,0.0,2027-07-02,0
LOAN0000372,CUST003972,BNPL,1,240.0,8.0,56057.75,0.0,0.0,2023-09-15,1
LOAN0000373,CUST003701,SME Loan,0,,,153797.98,0.0,0.0,2023-07-14,0
LOAN0000374,CUST002850,BNPL,0,,,48120.72,0.0,0.0,2022-09-30,0
LOAN0000375,CUST009125,Personal Loan,0,,,259252.17,0.0,0.0,2024-10-15,0
LOAN0000376,CUST007524,SME Loan,0,,,170903.25,0.0,0.0,2025-01-19,0
LOAN0000377,CUST000647,BNPL,0,,,41686.22,0.0,0.0,2022-08-02,0
LOAN0000378,CUST007164,SME Loan,0,,,147110.62,0.0,0.0,2025-05-23,0
LOAN0000379,CUST005277,BNPL,0,,,18422.16,0.0,0.0,2024-03-02,0
LOAN0000380,CUST009018,BNPL,0,,,21124.5,0.0,0.0,2023-07-06,0
LOAN0000381,CUST003133,SME Loan,0,,,777531.75,0.0,0.0,2025-12-07,0
LOAN0000382,CUST005753,Personal Loan,0,,,398570.64,0.0,0.0,2024-12-24,0
LOAN0000383,CUST005015,Personal Loan,0,,,294824.92,0.0,0.0,2024-04-24,0
LOAN0000384,CUST004907,SME Loan,0,,,177031.2,0.0,0.0,2025-04-10,0
LOAN0000385,CUST004557,BNPL,0,,,52089.98,0.0,0.0,2023-03-20,0
LOAN0000386,CUST002060,Personal Loan,0,,,329856.03,0.0,0.0,2026-02-20,0
LOAN0000387,CUST007568,BNPL,0,,,36558.1,0.0,0.0,2024-05-05,0
LOAN0000388,CUST004510,SME Loan,0,,,310093.94,0.0,0.0,2024-04-14,0
LOAN0000389,CUST009588,BNPL,0,,,31289.36,0.0,0.0,2024-03-18,0
LOAN0000390,CUST002612,Personal Loan,0,,,31225.2,0.0,0.0,2024-05-28,0
LOAN0000391,CUST006844,Personal Loan,0,,,380083.28,0.0,0.0,2023-07-16,0
LOAN0000392,CUST009410,Personal Loan,0,,,379892.94,0.0,0.0,2024-08-07,0
LOAN0000393,CUST006641,Personal Loan,0,,,224916.9,0.0,0.0,2025-10-30,0
LOAN0000394,CUST008724,Personal Loan,0,,,423198.85,0.0,0.0,2024-05-05,0
LOAN0000395,CUST008288,Personal Loan,0,,,45396.9,0.0,0.0,2025-05-07,0
LOAN0000396,CUST003600,Personal Loan,0,,,480262.44,0.0,0.0,2024-09-30,0
LOAN0000397,CUST006014,Personal Loan,0,,,77343.5,0.0,0.0,2026-01-27,0
LOAN0000398,CUST001573,Personal Loan,0,,,398026.44,0.0,0.0,2026-02-28,0
LOAN0000399,CUST005363,Personal Loan,1,60.0,2.0,31952.76,335039.24,122612.05,2023-09-03,1
LOAN0000400,CUST002311,Personal Loan,0,,,451726.92,0.0,0.0,2024-06-12,0
LOAN0000401,CUST007453,Personal Loan,0,,,236630.1,0.0,0.0,2026-07-29,0
LOAN0000402,CUST005286,Personal Loan,0,,,265676.4,0.0,0.0,2025-05-28,0
LOAN0000403,CUST004120,Personal Loan,0,,,405634.64,0.0,0.0,2024-07-22,0
LOAN0000404,CUST002690,Personal Loan,0,,,264894.22,0.0,0.0,2025-08-11,0
LOAN0000405,CUST009986,Personal Loan,1,120.0,4.0,10663.2,31413.8,7015.01,2023-08-09,1
LOAN0000406,CUST000727,Personal Loan,0,,,398194.17,0.0,0.0,2025-09-21,0
LOAN0000407,CUST000442,SME Loan,0,,,339763.16,0.0,0.0,2025-10-11,0
LOAN0000408,CUST002178,Personal Loan,0,,,441947.76,0.0,0.0,2025-10-07,0
LOAN0000409,CUST009711,Personal Loan,0,,,66172.75,0.0,0.0,2023-12-09,0
LOAN0000410,CUST009793,Personal Loan,0,,,212562.84,0.0,0.0,2025-10-15,0
LOAN0000411,CUST006559,Personal Loan,1,150.0,5.0,66493.36,129337.64,27398.52,2024-02-13,1
LOAN0000412,CUST008813,Education Loan,0,,,378289.75,0.0,0.0,2025-09-11,0
LOAN0000413,CUST002145,Personal Loan,0,,,370452.68,0.0,0.0,2024-06-22,0
LOAN0000414,CUST009721,SME Loan,1,120.0,4.0,41136.09,233399.91,66777.65,2024-01-29,1
LOAN0000415,CUST001444,Personal Loan,0,,,552597.5,0.0,0.0,2023-10-09,0
LOAN0000416,CUST001021,Personal Loan,0,,,29163.0,0.0,0.0,2024-02-05,0
LOAN0000417,CUST001135,SME Loan,0,,,418547.12,0.0,0.0,2026-04-14,0
LOAN0000418,CUST005742,SME Loan,0,,,144465.42,0.0,0.0,2024-07-26,0
LOAN0000419,CUST007822,Personal Loan,0,,,251894.5,0.0,0.0,2025-02-28,0
LOAN0000420,CUST003667,Education Loan,0,,,1038259.56,0.0,0.0,2026-10-21,0
LOAN0000421,CUST009780,Personal Loan,0,,,169520.35,0.0,0.0,2025-06-07,0
LOAN0000422,CUST004347,Personal Loan,0,,,447172.6,0.0,0.0,2025-06-02,0
LOAN0000423,CUST001514,BNPL,0,,,37242.08,0.0,0.0,2024-07-05,0
LOAN0000424,CUST004659,Personal Loan,0,,,383628.83,0.0,0.0,2024-09-10,0
LOAN0000425,CUST006805,Personal Loan,1,180.0,6.0,102189.15,225872.85,63606.55,2023-10-27,1
LOAN0000426,CUST008335,Personal Loan,0,,,410685.24,0.0,0.0,2025-08-18,0
LOAN0000427,CUST004585,Personal Loan,0,,,88527.6,0.0,0.0,2025-09-21,0
LOAN0000428,CUST005947,Personal Loan,0,,,583577.28,0.0,0.0,2024-11-17,0
LOAN0000429,CUST002674,Personal Loan,0,,,442504.65,0.0,0.0,2024-01-19,0
LOAN0000430,CUST006467,BNPL,0,,,15579.93,0.0,0.0,2023-10-27,0
LOAN0000431,CUST009856,Personal Loan,0,,,266872.8,0.0,0.0,2024-03-19,0
LOAN0000432,CUST000496,Personal Loan,0,,,35531.76,0.0,0.0,2025-07-04,0
LOAN0000433,CUST008877,Personal Loan,0,,,510206.45,0.0,0.0,2024-10-25,0
LOAN0000434,CUST005631,BNPL,0,,,17566.74,0.0,0.0,2023-07-08,0
LOAN0000435,CUST002523,BNPL,0,,,26231.16,0.0,0.0,2024-02-06,0
LOAN0000436,CUST009553,Personal Loan,0,,,584729.6,0.0,0.0,2025-03-09,0
LOAN0000437,CUST004838,Personal Loan,0,,,492762.14,0.0,0.0,2025-12-11,0
LOAN0000438,CUST003316,Personal Loan,0,,,180446.98,0.0,0.0,2024-07-30,0
LOAN0000439,CUST001824,BNPL,0,,,8314.5,0.0,0.0,2024-06-06,0
LOAN0000440,CUST002449,Personal Loan,0,,,224625.08,0.0,0.0,2024-12-07,0
LOAN0000441,CUST008340,Personal Loan,0,,,213652.32,0.0,0.0,2024-02-08,0
LOAN0000442,CUST006157,SME Loan,0,,,354176.53,0.0,0.0,2025-02-01,0
LOAN0000443,CUST009138,Personal Loan,0,,,344488.0,0.0,0.0,2025-04-24,0
LOAN0000444,CUST002326,SME Loan,0,,,519663.33,0.0,0.0,2025-04-08,0
LOAN0000445,CUST001225,Personal Loan,0,,,239186.43,0.0,0.0,2024-05-02,0
LOAN0000446,CUST000064,Personal Loan,1,150.0,5.0,31291.4,121420.6,16639.99,2023-11-28,1
LOAN0000447,CUST005084,Personal Loan,0,,,386570.61,0.0,0.0,2026-03-27,0
LOAN0000448,CUST009981,Personal Loan,1,90.0,3.0,35345.04,270290.96,31337.71,2024-02-22,1
LOAN0000449,CUST006969,SME Loan,1,60.0,2.0,27136.21,476231.79,158328.67,2024-01-30,1
LOAN0000450,CUST003087,BNPL,0,,,4578.12,0.0,0.0,2023-07-19,0
LOAN0000451,CUST008783,BNPL,1,90.0,3.0,18538.92,34900.08,5523.98,2024-03-02,1
LOAN0000452,CUST007829,BNPL,1,180.0,6.0,26330.55,0.0,0.0,2024-01-07,1
LOAN0000453,CUST000162,SME Loan,0,,,354118.0,0.0,0.0,2026-01-13,0
LOAN0000454,CUST008183,Personal Loan,0,,,470278.05,0.0,0.0,2026-04-30,0
LOAN0000455,CUST003009,SME Loan,0,,,323666.01,0.0,0.0,2026-03-18,0
LOAN0000456,CUST001507,Personal Loan,0,,,278505.76,0.0,0.0,2024-08-23,0
LOAN0000457,CUST002270,Personal Loan,0,,,68286.05,0.0,0.0,2026-11-11,0
LOAN0000458,CUST004685,SME Loan,0,,,533840.91,0.0,0.0,2024-12-23,0
LOAN0000459,CUST004252,Personal Loan,0,,,301785.96,0.0,0.0,2025-09-11,0
LOAN0000460,CUST002892,SME Loan,0,,,715558.8,0.0,0.0,2025-08-31,0
LOAN0000461,CUST001734,Personal Loan,0,,,493216.16,0.0,0.0,2023-06-21,0
LOAN0000462,CUST007633,SME Loan,0,,,177778.7,0.0,0.0,2025-08-03,0
LOAN0000463,CUST009898,Personal Loan,0,,,433592.64,0.0,0.0,2025-03-02,0
LOAN0000464,CUST007787,BNPL,0,,,38758.9,0.0,0.0,2024-03-11,0
LOAN0000465,CUST002962,SME Loan,0,,,164634.2,0.0,0.0,2024-08-13,0
LOAN0000466,CUST002453,Personal Loan,1,210.0,7.0,139874.82,226942.18,80780.05,2023-07-27,1
LOAN0000467,CUST002181,Personal Loan,0,,,185555.3,0.0,0.0,2026-11-27,0
LOAN0000468,CUST001380,Personal Loan,1,150.0,5.0,175991.0,112279.0,36134.79,2023-08-30,1
LOAN0000469,CUST005520,Personal Loan,0,,,524928.3,0.0,0.0,2025-11-16,0
LOAN0000470,CUST006065,Personal Loan,0,,,410778.2,0.0,0.0,2024-11-19,0
LOAN0000471,CUST007073,Personal Loan,0,,,61160.64,0.0,0.0,2026-07-21,0
LOAN0000472,CUST006816,Personal Loan,0,,,397871.2,0.0,0.0,2024-07-27,0
LOAN0000473,CUST002929,SME Loan,1,150.0,5.0,27605.8,108971.2,14350.41,2024-05-02,1
LOAN0000474,CUST003303,Personal Loan,0,,,366980.32,0.0,0.0,2024-05-04,0
LOAN0000475,CUST006830,SME Loan,0,,,166695.48,0.0,0.0,2025-02-23,0
LOAN0000476,CUST003489,Personal Loan,0,,,330277.08,0.0,0.0,2025-05-04,0
LOAN0000477,CUST002131,Personal Loan,1,240.0,8.0,70569.38,14192.62,4637.5,2024-04-26,1
LOAN0000478,CUST003747,SME Loan,0,,,194442.82,0.0,0.0,2025-10-01,0
LOAN0000479,CUST002723,Personal Loan,0,,,200959.46,0.0,0.0,2024-03-09,0
LOAN0000480,CUST000891,BNPL,0,,,62731.62,0.0,0.0,2024-06-01,0
LOAN0000481,CUST008315,BNPL,1,150.0,5.0,11347.2,7813.8,2149.93,2024-05-28,1
LOAN0000482,CUST008544,SME Loan,0,,,673275.14,0.0,0.0,2024-12-09,0
LOAN0000483,CUST002202,SME Loan,1,60.0,2.0,28455.31,185124.69,45727.77,2024-02-04,1
LOAN0000484,CUST000654,Personal Loan,0,,,424865.02,0.0,0.0,2025-04-09,0
LOAN0000485,CUST007405,Personal Loan,0,,,314829.06,0.0,0.0,2025-02-28,0
LOAN0000486,CUST002121,Education Loan,0,,,935909.76,0.0,0.0,2026-10-16,0
LOAN0000487,CUST003938,Personal Loan,0,,,132231.24,0.0,0.0,2025-05-24,0
LOAN0000488,CUST000649,Personal Loan,0,,,326595.37,0.0,0.0,2024-11-19,0
LOAN0000489,CUST002269,Personal Loan,1,210.0,7.0,9840.36,17559.64,3288.93,2023-05-20,1
LOAN0000490,CUST007942,Personal Loan,0,,,189732.34,0.0,0.0,2024-11-19,0
LOAN0000491,CUST008059,BNPL,1,150.0,5.0,11765.88,16231.12,5508.25,2023-06-21,1
LOAN0000492,CUST002076,Education Loan,0,,,364591.8,0.0,0.0,2026-10-13,0
LOAN0000493,CUST003356,BNPL,0,,,54036.92,0.0,0.0,2023-10-11,0
LOAN0000494,CUST001355,BNPL,0,,,32534.96,0.0,0.0,2024-02-06,0
LOAN0000495,CUST000750,SME Loan,0,,,658518.52,0.0,0.0,2025-06-15,0
LOAN0000496,CUST009920,Personal Loan,0,,,55291.2,0.0,0.0,2026-08-22,0
LOAN0000497,CUST006566,BNPL,0,,,3396.56,0.0,0.0,2024-03-21,0
LOAN0000498,CUST005426,BNPL,0,,,49410.62,0.0,0.0,2024-02-12,0
LOAN0000499,CUST007664,Personal Loan,1,180.0,6.0,91117.15,309675.85,58519.75,2024-04-03,1
LOAN0000500,CUST008410,Personal Loan,0,,,481835.64,0.0,0.0,2026-02-04,0
LOAN0000501,CUST008080,Personal Loan,1,60.0,2.0,34670.58,317607.42,88353.79,2024-01-29,1
LOAN0000502,CUST000173,BNPL,1,210.0,7.0,22359.48,10544.52,2417.86,2024-06-30,1
LOAN0000503,CUST001878,BNPL,0,,,13877.88,0.0,0.0,2023-10-19,0
LOAN0000504,CUST006558,BNPL,0,,,59864.1,0.0,0.0,2023-12-11,0
LOAN0000505,CUST003762,BNPL,0,,,3274.2,0.0,0.0,2024-07-11,0
LOAN0000506,CUST009822,SME Loan,0,,,540914.36,0.0,0.0,2026-03-24,0
LOAN0000507,CUST006662,Personal Loan,0,,,520600.4,0.0,0.0,2025-09-25,0
LOAN0000508,CUST009567,Personal Loan,0,,,543954.95,0.0,0.0,2025-05-26,0
LOAN0000509,CUST002020,Personal Loan,0,,,306816.3,0.0,0.0,2024-10-03,0
LOAN0000510,CUST008652,Personal Loan,1,180.0,6.0,259715.55,213175.45,50985.17,2024-06-12,1
LOAN0000511,CUST003215,SME Loan,0,,,321295.74,0.0,0.0,2025-10-10,0
LOAN0000512,CUST009893,BNPL,1,120.0,4.0,28833.3,26757.7,7486.08,2024-03-19,1
LOAN0000513,CUST001587,Personal Loan,0,,,507076.43,0.0,0.0,2023-08-13,0
LOAN0000514,CUST005170,Personal Loan,0,,,109456.26,0.0,0.0,2024-01-23,0
LOAN0000515,CUST007941,SME Loan,1,90.0,3.0,31394.94,177361.06,37743.17,2024-01-31,1
LOAN0000516,CUST004329,SME Loan,0,,,335492.04,0.0,0.0,2024-12-23,0
LOAN0000517,CUST004679,Personal Loan,0,,,32055.12,0.0,0.0,2025-03-22,0
LOAN0000518,CUST009859,Personal Loan,0,,,294198.8,0.0,0.0,2026-02-23,0
LOAN0000519,CUST004257,SME Loan,0,,,454230.9,0.0,0.0,2026-03-29,0
LOAN0000520,CUST006053,BNPL,0,,,28922.5,0.0,0.0,2024-06-08,0
LOAN0000521,CUST000553,BNPL,1,150.0,5.0,2941.64,732.36,269.91,2023-05-09,1
LOAN0000522,CUST008432,Personal Loan,0,,,58065.02,0.0,0.0,2025-09-24,0
LOAN0000523,CUST006489,Personal Loan,1,210.0,7.0,40940.94,95327.06,19632.72,2023-02-14,1
LOAN0000524,CUST004046,BNPL,1,210.0,7.0,9155.52,0.0,0.0,2023-09-21,1
LOAN0000525,CUST000170,BNPL,1,90.0,3.0,9840.8,4826.2,1072.81,2023-01-10,1
LOAN0000526,CUST005927,SME Loan,0,,,439117.56,0.0,0.0,2025-12-08,0
LOAN0000527,CUST000133,Personal Loan,0,,,385461.05,0.0,0.0,2024-08-10,0
LOAN0000528,CUST000013,Education Loan,0,,,964647.63,0.0,0.0,2026-03-21,0
LOAN0000529,CUST006175,BNPL,1,60.0,2.0,1389.1,11841.9,2018.53,2022-07-02,1
LOAN0000530,CUST001899,BNPL,1,210.0,7.0,18742.59,0.0,0.0,2023-06-16,1
LOAN0000531,CUST001925,SME Loan,0,,,229965.0,0.0,0.0,2025-02-03,0
LOAN0000532,CUST006544,Personal Loan,0,,,137902.14,0.0,0.0,2024-08-23,0
LOAN0000533,CUST000545,Personal Loan,0,,,408678.9,0.0,0.0,2026-09-13,0
LOAN0000534,CUST003137,Personal Loan,0,,,27540.0,0.0,0.0,2024-12-02,0
LOAN0000535,CUST001505,BNPL,1,180.0,6.0,28683.05,4820.95,844.82,2023-09-25,1
LOAN0000536,CUST005818,BNPL,1,60.0,2.0,7372.53,51488.47,14748.83,2023-10-27,1
LOAN0000537,CUST006625,Personal Loan,0,,,148738.7,0.0,0.0,2024-04-26,0
LOAN0000538,CUST007226,SME Loan,1,90.0,3.0,26280.8,229781.2,44755.37,2024-02-23,1
LOAN0000539,CUST002557,Personal Loan,0,,,45224.8,0.0,0.0,2025-08-06,0
LOAN0000540,CUST000902,Personal Loan,0,,,323873.44,0.0,0.0,2024-11-05,0
LOAN0000541,CUST000794,Personal Loan,0,,,140619.0,0.0,0.0,2024-10-22,0
LOAN0000542,CUST004264,Personal Loan,0,,,471578.64,0.0,0.0,2026-03-23,0
LOAN0000543,CUST009461,Personal Loan,0,,,185312.16,0.0,0.0,2026-06-08,0
LOAN0000544,CUST002182,BNPL,1,90.0,3.0,1401.78,4702.22,640.4,2023-10-26,1
LOAN0000545,CUST002572,Personal Loan,0,,,283648.82,0.0,0.0,2024-07-30,0
LOAN0000546,CUST001018,BNPL,0,,,10007.16,0.0,0.0,2023-01-11,0
LOAN0000547,CUST006067,BNPL,0,,,60547.34,0.0,0.0,2024-01-22,0
LOAN0000548,CUST006813,Personal Loan,0,,,269554.48,0.0,0.0,2025-01-08,0
LOAN0000549,CUST006436,BNPL,0,,,32631.4,0.0,0.0,2024-08-26,0
LOAN0000550,CUST008623,Personal Loan,0,,,290737.92,0.0,0.0,2024-10-26,0
LOAN0000551,CUST004872,BNPL,0,,,9423.42,0.0,0.0,2024-01-27,0
LOAN0000552,CUST001357,SME Loan,1,120.0,4.0,33836.28,206562.72,40088.01,2024-03-07,1
LOAN0000553,CUST002897,Personal Loan,0,,,83745.76,0.0,0.0,2024-08-18,0
LOAN0000554,CUST006631,Personal Loan,0,,,416139.12,0.0,0.0,2024-10-16,0
LOAN0000555,CUST006145,Personal Loan,0,,,409322.56,0.0,0.0,2024-05-23,0
LOAN0000556,CUST005315,Personal Loan,0,,,473901.9,0.0,0.0,2024-01-27,0
LOAN0000557,CUST006847,BNPL,1,120.0,4.0,2859.24,3766.76,1007.91,2024-01-06,1
LOAN0000558,CUST006382,Personal Loan,0,,,309707.02,0.0,0.0,2025-04-23,0
LOAN0000559,CUST008825,Education Loan,0,,,230999.73,0.0,0.0,2027-02-27,0
LOAN0000560,CUST005873,Personal Loan,0,,,162817.05,0.0,0.0,2025-11-02,0
LOAN0000561,CUST007795,SME Loan,0,,,80642.14,0.0,0.0,2025-11-15,0
LOAN0000562,CUST002490,Personal Loan,0,,,397082.14,0.0,0.0,2025-06-02,0
LOAN0000563,CUST006795,SME Loan,1,60.0,2.0,21683.84,442736.16,105662.79,2024-02-08,1
LOAN0000564,CUST009031,BNPL,0,,,11124.72,0.0,0.0,2024-06-26,0
LOAN0000565,CUST003862,BNPL,0,,,16167.68,0.0,0.0,2024-01-09,0
LOAN0000566,CUST007801,Personal Loan,0,,,122877.93,0.0,0.0,2025-06-16,0
LOAN0000567,CUST007266,BNPL,0,,,56792.8,0.0,0.0,2024-03-12,0
LOAN0000568,CUST000604,BNPL,0,,,11925.72,0.0,0.0,2024-08-03,0
LOAN0000569,CUST005830,BNPL,0,,,24626.02,0.0,0.0,2024-02-21,0
LOAN0000570,CUST001315,BNPL,0,,,24890.04,0.0,0.0,2024-06-22,0
LOAN0000571,CUST009674,Personal Loan,0,,,92063.62,0.0,0.0,2023-10-27,0
LOAN0000572,CUST008128,Personal Loan,0,,,251801.55,0.0,0.0,2026-09-07,0
LOAN0000573,CUST001109,BNPL,0,,,40835.4,0.0,0.0,2023-12-27,0
LOAN0000574,CUST001230,BNPL,0,,,51515.25,0.0,0.0,2024-01-07,0
LOAN0000575,CUST005956,BNPL,0,,,21412.6,0.0,0.0,2023-12-23,0
LOAN0000576,CUST003448,Personal Loan,0,,,39223.2,0.0,0.0,2025-09-15,0
LOAN0000577,CUST000353,Personal Loan,0,,,411263.36,0.0,0.0,2026-07-02,0
LOAN0000578,CUST005422,Personal Loan,0,,,561558.96,0.0,0.0,2026-10-18,0
LOAN0000579,CUST003882,Personal Loan,0,,,336366.49,0.0,0.0,2025-11-19,0
LOAN0000580,CUST001020,Personal Loan,1,120.0,4.0,4077.45,26911.55,3744.8,2023-12-25,1
LOAN0000581,CUST008031,Personal Loan,1,150.0,5.0,28928.32,145187.68,50135.71,2024-03-21,1
LOAN0000582,CUST009153,SME Loan,0,,,674642.46,0.0,0.0,2026-05-05,0
LOAN0000583,CUST007577,BNPL,0,,,18134.88,0.0,0.0,2023-11-09,0
LOAN0000584,CUST008238,Personal Loan,0,,,448682.7,0.0,0.0,2024-10-12,0
LOAN0000585,CUST002169,SME Loan,0,,,685590.5,0.0,0.0,2024-11-27,0
LOAN0000586,CUST002639,SME Loan,0,,,514764.14,0.0,0.0,2025-05-21,0
LOAN0000587,CUST002090,BNPL,0,,,23934.15,0.0,0.0,2023-06-18,0
LOAN0000588,CUST007661,Personal Loan,0,,,424560.48,0.0,0.0,2025-12-10,0
LOAN0000589,CUST009484,Education Loan,0,,,117359.01,0.0,0.0,2026-02-12,0
LOAN0000590,CUST007184,SME Loan,0,,,425244.6,0.0,0.0,2025-12-04,0
LOAN0000591,CUST008827,Personal Loan,0,,,86953.13,0.0,0.0,2024-01-31,0
LOAN0000592,CUST006394,BNPL,0,,,56416.4,0.0,0.0,2023-02-19,0
LOAN0000593,CUST003881,Personal Loan,1,60.0,2.0,22653.87,179082.13,18704.03,2023-09-29,1
LOAN0000594,CUST004261,Personal Loan,0,,,391250.02,0.0,0.0,2026-04-15,0
LOAN0000595,CUST000762,Personal Loan,0,,,304390.94,0.0,0.0,2023-02-03,0
LOAN0000596,CUST000322,Personal Loan,0,,,335385.26,0.0,0.0,2025-02-28,0
LOAN0000597,CUST006974,BNPL,0,,,27197.76,0.0,0.0,2024-06-29,0
LOAN0000598,CUST004383,BNPL,0,,,26102.2,0.0,0.0,2024-05-22,0
LOAN0000599,CUST005528,Personal Loan,0,,,121792.44,0.0,0.0,2025-09-24,0
LOAN0000600,CUST005585,Personal Loan,1,150.0,5.0,71110.16,87994.84,30642.76,2022-12-23,1
LOAN0000601,CUST002776,SME Loan,0,,,426649.6,0.0,0.0,2023-09-30,0
LOAN0000602,CUST004758,Personal Loan,1,120.0,4.0,67462.77,300064.23,117957.27,2024-02-19,1
LOAN0000603,CUST004705,BNPL,0,,,25210.6,0.0,0.0,2024-04-19,0
LOAN0000604,CUST003889,Personal Loan,0,,,421251.84,0.0,0.0,2026-07-26,0
LOAN0000605,CUST008223,Personal Loan,0,,,26387.55,0.0,0.0,2025-03-08,0
LOAN0000606,CUST004508,Personal Loan,0,,,298653.03,0.0,0.0,2024-12-16,0
LOAN0000607,CUST006049,Education Loan,0,,,511685.07,0.0,0.0,2026-12-08,0
LOAN0000608,CUST008966,Personal Loan,0,,,414716.8,0.0,0.0,2025-07-14,0
LOAN0000609,CUST008673,BNPL,0,,,33203.65,0.0,0.0,2023-06-02,0
LOAN0000610,CUST008915,Personal Loan,0,,,284657.04,0.0,0.0,2023-06-02,0
LOAN0000611,CUST002700,Personal Loan,0,,,358844.07,0.0,0.0,2025-04-09,0
LOAN0000612,CUST000354,BNPL,0,,,29163.72,0.0,0.0,2024-04-17,0
LOAN0000613,CUST002615,Personal Loan,0,,,423775.8,0.0,0.0,2025-01-04,0
LOAN0000614,CUST002791,Personal Loan,0,,,185978.72,0.0,0.0,2024-04-16,0
LOAN0000615,CUST009101,Personal Loan,1,210.0,7.0,21411.72,51116.28,6045.61,2024-04-10,1
LOAN0000616,CUST006500,Personal Loan,0,,,143904.0,0.0,0.0,2024-11-17,0
LOAN0000617,CUST000825,Personal Loan,1,210.0,7.0,68978.28,27187.72,8230.85,2023-10-09,1
LOAN0000618,CUST001366,Personal Loan,0,,,96048.9,0.0,0.0,2023-08-28,0
LOAN0000619,CUST001568,BNPL,0,,,55434.56,0.0,0.0,2024-08-02,0
LOAN0000620,CUST006315,Personal Loan,0,,,180411.0,0.0,0.0,2025-02-08,0
LOAN0000621,CUST007371,SME Loan,0,,,94271.2,0.0,0.0,2024-02-09,0
LOAN0000622,CUST008606,Personal Loan,0,,,461670.03,0.0,0.0,2025-03-09,0
LOAN0000623,CUST009409,Personal Loan,0,,,314310.41,0.0,0.0,2025-08-19,0
LOAN0000624,CUST002022,Personal Loan,0,,,26217.94,0.0,0.0,2024-06-05,0
LOAN0000625,CUST003101,Personal Loan,0,,,381364.58,0.0,0.0,2025-07-14,0
LOAN0000626,CUST002406,Personal Loan,0,,,489123.0,0.0,0.0,2026-11-02,0
LOAN0000627,CUST003588,Personal Loan,0,,,186489.72,0.0,0.0,2026-05-14,0
LOAN0000628,CUST009150,Personal Loan,0,,,396585.29,0.0,0.0,2025-06-25,0
LOAN0000629,CUST005761,SME Loan,0,,,622373.64,0.0,0.0,2026-05-21,0
LOAN0000630,CUST007399,Personal Loan,0,,,376033.56,0.0,0.0,2025-04-14,0
LOAN0000631,CUST004912,Personal Loan,1,210.0,7.0,90860.16,300425.84,106992.73,2024-01-31,1
LOAN0000632,CUST000297,Personal Loan,0,,,528948.35,0.0,0.0,2026-07-29,0
LOAN0000633,CUST000649,SME Loan,0,,,84008.32,0.0,0.0,2025-02-24,0
LOAN0000634,CUST005385,BNPL,0,,,52092.96,0.0,0.0,2024-08-01,0
LOAN0000635,CUST007201,Personal Loan,0,,,137143.6,0.0,0.0,2024-04-20,0
LOAN0000636,CUST002159,Personal Loan,0,,,17787.99,0.0,0.0,2026-07-17,0
LOAN0000637,CUST007234,Personal Loan,0,,,217899.0,0.0,0.0,2025-05-25,0
LOAN0000638,CUST008120,BNPL,0,,,58419.9,0.0,0.0,2024-01-03,0
LOAN0000639,CUST004126,Personal Loan,0,,,520290.9,0.0,0.0,2025-12-12,0
LOAN0000640,CUST007478,BNPL,0,,,54536.8,0.0,0.0,2024-02-06,0
LOAN0000641,CUST004046,BNPL,0,,,36887.64,0.0,0.0,2024-02-10,0
LOAN0000642,CUST006798,Personal Loan,0,,,313942.65,0.0,0.0,2026-10-14,0
LOAN0000643,CUST007651,Personal Loan,0,,,582613.76,0.0,0.0,2026-06-05,0
LOAN0000644,CUST009918,BNPL,0,,,12545.2,0.0,0.0,2022-12-29,0
LOAN0000645,CUST003452,SME Loan,0,,,240888.06,0.0,0.0,2024-05-08,0
LOAN0000646,CUST004119,BNPL,0,,,26329.86,0.0,0.0,2023-01-08,0
LOAN0000647,CUST001664,Personal Loan,0,,,158976.16,0.0,0.0,2024-08-07,0
LOAN0000648,CUST002047,BNPL,1,240.0,8.0,54362.92,0.0,0.0,2024-02-16,1
LOAN0000649,CUST006955,BNPL,0,,,54971.21,0.0,0.0,2024-06-28,0
LOAN0000650,CUST009175,Personal Loan,1,240.0,8.0,64692.67,93495.33,32077.04,2024-07-07,1
LOAN0000651,CUST003950,Personal Loan,0,,,491921.02,0.0,0.0,2025-09-01,0
LOAN0000652,CUST001807,Personal Loan,0,,,267979.52,0.0,0.0,2024-07-05,0
LOAN0000653,CUST002852,Personal Loan,0,,,107315.28,0.0,0.0,2024-03-07,0
LOAN0000654,CUST004547,Personal Loan,0,,,600030.72,0.0,0.0,2026-06-03,0
LOAN0000655,CUST002911,Personal Loan,0,,,211025.92,0.0,0.0,2024-07-14,0
LOAN0000656,CUST002342,Personal Loan,0,,,553158.8,0.0,0.0,2024-04-27,0
LOAN0000657,CUST007377,BNPL,1,120.0,4.0,18703.29,28895.71,8895.87,2024-02-02,1
LOAN0000658,CUST000083,Personal Loan,0,,,114295.14,0.0,0.0,2024-05-09,0
LOAN0000659,CUST005397,Personal Loan,0,,,199802.75,0.0,0.0,2025-04-30,0
LOAN0000660,CUST007950,BNPL,0,,,28423.53,0.0,0.0,2022-08-30,0
LOAN0000661,CUST002664,Personal Loan,0,,,74739.0,0.0,0.0,2025-05-15,0
LOAN0000662,CUST006046,Personal Loan,0,,,91099.7,0.0,0.0,2025-06-02,0
LOAN0000663,CUST006696,Personal Loan,0,,,366056.79,0.0,0.0,2024-11-18,0
LOAN0000664,CUST006559,SME Loan,0,,,561569.54,0.0,0.0,2024-03-02,0
LOAN0000665,CUST004460,BNPL,0,,,33996.15,0.0,0.0,2023-06-19,0
LOAN0000666,CUST003462,Personal Loan,0,,,498716.25,0.0,0.0,2025-03-11,0
LOAN0000667,CUST008372,Personal Loan,0,,,109502.36,0.0,0.0,2024-09-17,0
LOAN0000668,CUST007594,Personal Loan,0,,,368822.63,0.0,0.0,2024-03-18,0
LOAN0000669,CUST003214,Personal Loan,0,,,333964.83,0.0,0.0,2025-07-18,0
LOAN0000670,CUST001042,BNPL,0,,,39587.94,0.0,0.0,2024-06-21,0
LOAN0000671,CUST000728,BNPL,1,210.0,7.0,59900.58,0.0,0.0,2024-04-04,1
LOAN0000672,CUST000954,SME Loan,1,180.0,6.0,158192.45,158158.55,16633.39,2024-01-17,1
LOAN0000673,CUST005841,BNPL,0,,,22195.32,0.0,0.0,2024-06-23,0
LOAN0000674,CUST000524,Education Loan,0,,,901113.78,0.0,0.0,2026-02-09,0
LOAN0000675,CUST003366,SME Loan,0,,,339187.2,0.0,0.0,2024-11-06,0
LOAN0000676,CUST007545,BNPL,1,240.0,8.0,48757.62,0.0,0.0,2024-08-06,1
LOAN0000677,CUST002947,BNPL,0,,,14970.76,0.0,0.0,2024-03-24,0
LOAN0000678,CUST007644,Personal Loan,0,,,336641.71,0.0,0.0,2026-05-07,0
LOAN0000679,CUST007469,Personal Loan,0,,,513022.65,0.0,0.0,2026-07-19,0
LOAN0000680,CUST002462,Education Loan,0,,,829546.06,0.0,0.0,2024-12-12,0
LOAN0000681,CUST007307,Education Loan,0,,,998106.46,0.0,0.0,2027-05-16,0
LOAN0000682,CUST007491,Personal Loan,1,180.0,6.0,21481.2,67949.8,8112.46,2024-06-03,1
LOAN0000683,CUST003980,BNPL,0,,,26095.9,0.0,0.0,2024-09-19,0
LOAN0000684,CUST002108,SME Loan,1,240.0,8.0,164464.72,256905.28,66793.69,2024-07-07,1
LOAN0000685,CUST005219,BNPL,0,,,28509.12,0.0,0.0,2024-08-18,0
LOAN0000686,CUST009218,SME Loan,1,180.0,6.0,92907.2,139183.8,54388.83,2024-03-13,1
LOAN0000687,CUST006403,Personal Loan,0,,,84215.16,0.0,0.0,2026-01-25,0
LOAN0000688,CUST001740,Personal Loan,0,,,339899.84,0.0,0.0,2025-11-10,0
LOAN0000689,CUST006844,Personal Loan,0,,,210405.36,0.0,0.0,2025-07-16,0
LOAN0000690,CUST004274,Personal Loan,0,,,62663.85,0.0,0.0,2024-03-31,0
LOAN0000691,CUST005926,Personal Loan,0,,,478662.12,0.0,0.0,2024-09-11,0
LOAN0000692,CUST007359,BNPL,0,,,41585.76,0.0,0.0,2024-08-25,0
LOAN0000693,CUST005155,Personal Loan,0,,,396571.35,0.0,0.0,2025-02-11,0
LOAN0000694,CUST008155,Personal Loan,0,,,557894.76,0.0,0.0,2024-04-01,0
LOAN0000695,CUST007237,Personal Loan,0,,,364739.36,0.0,0.0,2023-12-18,0
LOAN0000696,CUST006164,Personal Loan,1,210.0,7.0,145353.54,198380.46,43705.17,2023-12-05,1
LOAN0000697,CUST001517,SME Loan,0,,,600628.7,0.0,0.0,2024-09-05,0
LOAN0000698,CUST008372,Personal Loan,1,210.0,7.0,181833.06,121959.94,13602.68,2024-02-21,1
LOAN0000699,CUST009361,Personal Loan,0,,,224986.32,0.0,0.0,2026-02-28,0
LOAN0000700,CUST001382,Personal Loan,1,150.0,5.0,61944.36,248722.64,89846.21,2024-04-13,1
LOAN0000701,CUST004891,Personal Loan,0,,,276661.2,0.0,0.0,2024-06-07,0
LOAN0000702,CUST002593,BNPL,1,90.0,3.0,8137.96,27941.04,10186.16,2023-10-15,1
LOAN0000703,CUST007557,BNPL,0,,,8807.36,0.0,0.0,2024-03-27,0
LOAN0000704,CUST007232,Personal Loan,0,,,92438.23,0.0,0.0,2025-05-21,0
LOAN0000705,CUST001424,BNPL,0,,,12156.6,0.0,0.0,2023-12-29,0
LOAN0000706,CUST008784,Personal Loan,0,,,90138.3,0.0,0.0,2023-07-12,0
LOAN0000707,CUST001820,Personal Loan,0,,,534593.37,0.0,0.0,2025-11-27,0
LOAN0000708,CUST007987,BNPL,0,,,56028.21,0.0,0.0,2024-05-24,0
LOAN0000709,CUST004567,SME Loan,0,,,143772.8,0.0,0.0,2025-08-06,0
LOAN0000710,CUST003282,BNPL,0,,,22141.5,0.0,0.0,2023-11-25,0
LOAN0000711,CUST001591,BNPL,0,,,31346.7,0.0,0.0,2024-05-03,0
LOAN0000712,CUST001688,Personal Loan,0,,,21430.8,0.0,0.0,2026-04-30,0
LOAN0000713,CUST006627,BNPL,0,,,48719.36,0.0,0.0,2023-11-27,0
LOAN0000714,CUST005511,Personal Loan,0,,,343791.42,0.0,0.0,2023-02-20,0
LOAN0000715,CUST001235,Personal Loan,1,210.0,7.0,81436.8,7963.2,937.96,2024-05-21,1
LOAN0000716,CUST001140,Personal Loan,0,,,300780.36,0.0,0.0,2026-12-11,0
LOAN0000717,CUST000734,Personal Loan,0,,,201327.3,0.0,0.0,2024-07-03,0
LOAN0000718,CUST007454,Personal Loan,0,,,626544.9,0.0,0.0,2025-05-14,0
LOAN0000719,CUST007137,Education Loan,1,90.0,3.0,43664.08,288318.92,114854.25,2024-02-26,1
LOAN0000720,CUST000591,BNPL,0,,,18246.24,0.0,0.0,2023-10-19,0
LOAN0000721,CUST005609,BNPL,1,150.0,5.0,6179.56,7347.44,1154.11,2024-05-04,1
LOAN0000722,CUST000855,BNPL,0,,,19136.55,0.0,0.0,2023-09-03,0
LOAN0000723,CUST009047,BNPL,1,90.0,3.0,5174.24,15146.76,1584.25,2023-08-08,1
LOAN0000724,CUST009079,Personal Loan,0,,,379286.82,0.0,0.0,2024-09-27,0
LOAN0000725,CUST007003,Education Loan,1,180.0,6.0,65753.2,324545.8,38170.12,2024-04-22,1
LOAN0000726,CUST009264,Personal Loan,1,210.0,7.0,77508.72,56805.28,12415.22,2024-03-17,1
LOAN0000727,CUST008128,Personal Loan,0,,,244725.16,0.0,0.0,2026-02-06,0
LOAN0000728,CUST008298,Personal Loan,1,150.0,5.0,35236.64,172458.36,36513.87,2024-05-07,1
LOAN0000729,CUST005707,Personal Loan,0,,,68882.8,0.0,0.0,2024-09-22,0
LOAN0000730,CUST003063,Personal Loan,0,,,347869.71,0.0,0.0,2024-02-16,0
LOAN0000731,CUST002183,Personal Loan,0,,,450143.2,0.0,0.0,2026-01-27,0
LOAN0000732,CUST003271,BNPL,1,240.0,8.0,53760.03,0.0,0.0,2023-07-27,1
LOAN0000733,CUST006299,SME Loan,0,,,519476.76,0.0,0.0,2024-04-11,0
LOAN0000734,CUST001738,Personal Loan,0,,,273046.72,0.0,0.0,2024-01-11,0
LOAN0000735,CUST002590,Personal Loan,0,,,191390.4,0.0,0.0,2024-05-23,0
LOAN0000736,CUST004679,Personal Loan,0,,,167312.16,0.0,0.0,2025-08-06,0
LOAN0000737,CUST002337,Personal Loan,0,,,403108.42,0.0,0.0,2025-05-31,0
LOAN0000738,CUST005898,Personal Loan,0,,,203628.15,0.0,0.0,2024-04-10,0
LOAN0000739,CUST009235,Personal Loan,0,,,206597.4,0.0,0.0,2024-03-09,0
LOAN0000740,CUST007494,Personal Loan,0,,,277241.54,0.0,0.0,2025-04-28,0
LOAN0000741,CUST006672,Education Loan,0,,,310306.32,0.0,0.0,2025-12-24,0
LOAN0000742,CUST005840,Personal Loan,0,,,507092.74,0.0,0.0,2024-10-17,0
LOAN0000743,CUST004888,SME Loan,0,,,321417.92,0.0,0.0,2025-05-29,0
LOAN0000744,CUST001876,BNPL,1,60.0,2.0,6310.37,49455.63,18810.6,2023-02-25,1
LOAN0000745,CUST008958,BNPL,0,,,18212.08,0.0,0.0,2024-08-01,0
LOAN0000746,CUST002489,Personal Loan,0,,,270347.7,0.0,0.0,2024-11-25,0
LOAN0000747,CUST000922,BNPL,1,90.0,3.0,20480.6,30103.4,11683.39,2024-02-10,1
LOAN0000748,CUST007515,SME Loan,1,60.0,2.0,13221.37,216517.63,47662.5,2023-06-20,1
LOAN0000749,CUST001768,BNPL,1,180.0,6.0,26132.15,13792.85,1973.51,2024-06-15,1
LOAN0000750,CUST003722,Education Loan,1,210.0,7.0,245381.22,268775.78,60846.44,2023-10-22,1
LOAN0000751,CUST000290,BNPL,0,,,39648.64,0.0,0.0,2023-08-26,0
LOAN0000752,CUST001383,SME Loan,0,,,493124.06,0.0,0.0,2024-03-02,0
LOAN0000753,CUST001743,Personal Loan,0,,,614243.61,0.0,0.0,2025-07-11,0
LOAN0000754,CUST000551,Personal Loan,0,,,276130.8,0.0,0.0,2023-11-24,0
LOAN0000755,CUST006576,Personal Loan,0,,,151822.95,0.0,0.0,2024-11-06,0
LOAN0000756,CUST008381,BNPL,0,,,42846.34,0.0,0.0,2023-01-16,0
LOAN0000757,CUST003737,SME Loan,0,,,425706.16,0.0,0.0,2024-01-13,0
LOAN0000758,CUST008758,Personal Loan,0,,,599761.96,0.0,0.0,2026-03-16,0
LOAN0000759,CUST002138,Personal Loan,0,,,318159.8,0.0,0.0,2026-04-09,0
LOAN0000760,CUST003254,Personal Loan,0,,,468475.7,0.0,0.0,2023-11-07,0
LOAN0000761,CUST001517,Personal Loan,0,,,332013.9,0.0,0.0,2025-06-24,0
LOAN0000762,CUST006221,Personal Loan,0,,,136653.66,0.0,0.0,2025-06-17,0
LOAN0000763,CUST004206,Personal Loan,0,,,345914.57,0.0,0.0,2024-09-21,0
LOAN0000764,CUST006146,Personal Loan,0,,,292453.0,0.0,0.0,2024-04-19,0
LOAN0000765,CUST007628,SME Loan,1,60.0,2.0,37313.81,520450.19,66389.92,2023-10-20,1
LOAN0000766,CUST005465,Personal Loan,0,,,326061.68,0.0,0.0,2025-01-08,0
LOAN0000767,CUST006290,BNPL,1,120.0,4.0,2064.45,3281.55,1102.63,2023-09-28,1
LOAN0000768,CUST009355,Personal Loan,0,,,295343.28,0.0,0.0,2024-03-29,0
LOAN0000769,CUST002993,BNPL,1,240.0,8.0,23324.35,0.0,0.0,2024-03-19,1
LOAN0000770,CUST003593,BNPL,0,,,14970.78,0.0,0.0,2023-06-28,0
LOAN0000771,CUST007191,Personal Loan,0,,,28774.9,0.0,0.0,2024-08-19,0
LOAN0000772,CUST006127,BNPL,0,,,20803.7,0.0,0.0,2024-10-14,0
LOAN0000773,CUST001794,Personal Loan,0,,,481969.4,0.0,0.0,2026-03-29,0
LOAN0000774,CUST003766,Personal Loan,0,,,463989.69,0.0,0.0,2023-12-26,0
LOAN0000775,CUST004676,BNPL,1,180.0,6.0,50130.0,0.0,0.0,2023-06-15,1
LOAN0000776,CUST004200,SME Loan,0,,,296223.04,0.0,0.0,2025-12-20,0
LOAN0000777,CUST001792,SME Loan,0,,,213181.74,0.0,0.0,2025-02-20,0
LOAN0000778,CUST009247,BNPL,0,,,40917.36,0.0,0.0,2023-12-25,0
LOAN0000779,CUST007634,SME Loan,0,,,325790.8,0.0,0.0,2025-02-10,0
LOAN0000780,CUST004820,Personal Loan,1,180.0,6.0,94467.5,355239.5,107185.93,2023-12-16,1
LOAN0000781,CUST006814,Personal Loan,0,,,197802.72,0.0,0.0,2024-06-12,0
LOAN0000782,CUST008982,Personal Loan,0,,,681577.4,0.0,0.0,2026-11-27,0
LOAN0000783,CUST001375,BNPL,0,,,32606.18,0.0,0.0,2023-04-16,0
LOAN0000784,CUST002506,Personal Loan,0,,,156203.46,0.0,0.0,2024-12-10,0
LOAN0000785,CUST005432,BNPL,0,,,52880.76,0.0,0.0,2024-09-30,0
LOAN0000786,CUST008005,Personal Loan,1,240.0,8.0,118108.97,266670.03,65616.87,2023-10-27,1
LOAN0000787,CUST000365,SME Loan,1,60.0,2.0,5275.18,108907.82,20146.55,2024-02-18,1
LOAN0000788,CUST009836,Personal Loan,0,,,423809.4,0.0,0.0,2025-08-09,0
LOAN0000789,CUST004545,Personal Loan,0,,,210042.14,0.0,0.0,2025-07-05,0
LOAN0000790,CUST003593,BNPL,0,,,5385.3,0.0,0.0,2023-12-30,0
LOAN0000791,CUST002932,Personal Loan,0,,,314032.67,0.0,0.0,2024-12-19,0
LOAN0000792,CUST001755,Personal Loan,0,,,238209.75,0.0,0.0,2025-08-01,0
LOAN0000793,CUST007929,Personal Loan,0,,,338180.66,0.0,0.0,2025-04-21,0
LOAN0000794,CUST009557,Personal Loan,0,,,751773.24,0.0,0.0,2026-12-20,0
LOAN0000795,CUST004144,Education Loan,0,,,1099039.54,0.0,0.0,2027-05-14,0
LOAN0000796,CUST009526,BNPL,0,,,46418.9,0.0,0.0,2023-11-18,0
LOAN0000797,CUST008251,SME Loan,1,90.0,3.0,88103.44,268783.56,100622.5,2023-12-29,1
LOAN0000798,CUST004816,Personal Loan,0,,,19396.32,0.0,0.0,2026-04-16,0
LOAN0000799,CUST006750,Personal Loan,0,,,455327.53,0.0,0.0,2023-08-14,0
LOAN0000800,CUST004351,Personal Loan,0,,,662170.95,0.0,0.0,2026-08-24,0
LOAN0000801,CUST005595,BNPL,0,,,13517.28,0.0,0.0,2024-07-27,0
LOAN0000802,CUST000586,Personal Loan,0,,,71519.22,0.0,0.0,2025-11-05,0
LOAN0000803,CUST006981,Personal Loan,0,,,189108.36,0.0,0.0,2025-03-16,0
LOAN0000804,CUST000537,Education Loan,0,,,609348.96,0.0,0.0,2026-01-01,0
LOAN0000805,CUST008186,SME Loan,0,,,614273.99,0.0,0.0,2025-11-21,0
LOAN0000806,CUST008263,Personal Loan,0,,,648205.47,0.0,0.0,2026-02-06,0
LOAN0000807,CUST002375,SME Loan,0,,,465304.05,0.0,0.0,2024-12-01,0
LOAN0000808,CUST003240,BNPL,0,,,38185.12,0.0,0.0,2023-07-27,0
LOAN0000809,CUST004820,BNPL,0,,,37810.35,0.0,0.0,2024-01-19,0
LOAN0000810,CUST005980,BNPL,0,,,21886.47,0.0,0.0,2023-01-26,0
LOAN0000811,CUST002876,Personal Loan,0,,,319219.68,0.0,0.0,2024-01-14,0
LOAN0000812,CUST005935,BNPL,1,90.0,3.0,12623.16,12314.84,4425.37,2023-06-17,1
LOAN0000813,CUST002980,SME Loan,0,,,328527.21,0.0,0.0,2024-06-22,0
LOAN0000814,CUST000561,SME Loan,0,,,223364.16,0.0,0.0,2023-03-13,0
LOAN0000815,CUST000026,Personal Loan,0,,,399234.63,0.0,0.0,2025-05-12,0
LOAN0000816,CUST001021,Personal Loan,0,,,563541.42,0.0,0.0,2024-09-11,0
LOAN0000817,CUST007937,BNPL,0,,,9535.64,0.0,0.0,2024-03-04,0
LOAN0000818,CUST009617,Personal Loan,0,,,479761.27,0.0,0.0,2026-02-03,0
LOAN0000819,CUST004272,Personal Loan,0,,,386389.85,0.0,0.0,2024-11-27,0
LOAN0000820,CUST005133,Personal Loan,0,,,414146.6,0.0,0.0,2025-09-11,0
LOAN0000821,CUST001482,BNPL,0,,,40613.36,0.0,0.0,2024-01-13,0
LOAN0000822,CUST005517,Education Loan,1,150.0,5.0,64543.28,324537.72,37240.92,2024-01-03,1
LOAN0000823,CUST001461,Personal Loan,1,60.0,2.0,10258.42,173179.58,51615.34,2023-05-31,1
LOAN0000824,CUST006126,Personal Loan,0,,,542699.28,0.0,0.0,2026-10-04,0
LOAN0000825,CUST009334,Personal Loan,0,,,286176.24,0.0,0.0,2026-09-29,0
LOAN0000826,CUST001960,Personal Loan,0,,,217623.96,0.0,0.0,2024-10-13,0
LOAN0000827,CUST007657,Personal Loan,0,,,496690.88,0.0,0.0,2026-06-27,0
LOAN0000828,CUST000244,Personal Loan,0,,,382126.92,0.0,0.0,2026-03-20,0
LOAN0000829,CUST003759,Personal Loan,0,,,247156.7,0.0,0.0,2024-11-27,0
LOAN0000830,CUST001121,Education Loan,0,,,222743.52,0.0,0.0,2026-08-26,0
LOAN0000831,CUST003524,Personal Loan,0,,,638678.1,0.0,0.0,2025-09-02,0
LOAN0000832,CUST001746,Personal Loan,0,,,377404.93,0.0,0.0,2025-10-08,0
LOAN0000833,CUST003737,SME Loan,0,,,537832.95,0.0,0.0,2024-05-26,0
LOAN0000834,CUST004183,SME Loan,0,,,175660.32,0.0,0.0,2025-06-30,0
LOAN0000835,CUST003009,Personal Loan,0,,,255201.66,0.0,0.0,2025-07-11,0
LOAN0000836,CUST006575,Personal Loan,1,180.0,6.0,47597.5,53239.5,12075.46,2024-05-17,1
LOAN0000837,CUST009193,SME Loan,1,60.0,2.0,29099.42,514130.58,119972.67,2022-10-25,1
LOAN0000838,CUST004013,SME Loan,0,,,643470.0,0.0,0.0,2025-10-21,0
LOAN0000839,CUST001929,SME Loan,0,,,502647.46,0.0,0.0,2024-11-23,0
LOAN0000840,CUST002708,SME Loan,1,90.0,3.0,55241.82,166548.18,28281.39,2024-01-27,1
LOAN0000841,CUST008553,Personal Loan,0,,,88676.91,0.0,0.0,2024-12-15,0
LOAN0000842,CUST005728,Personal Loan,0,,,561036.9,0.0,0.0,2024-11-10,0
LOAN0000843,CUST004547,BNPL,0,,,50727.4,0.0,0.0,2024-05-09,0
LOAN0000844,CUST001507,Personal Loan,0,,,284336.39,0.0,0.0,2024-05-06,0
LOAN0000845,CUST004495,Personal Loan,0,,,549735.19,0.0,0.0,2025-07-31,0
LOAN0000846,CUST002789,SME Loan,0,,,94165.56,0.0,0.0,2024-11-26,0
LOAN0000847,CUST009433,SME Loan,0,,,278931.9,0.0,0.0,2024-04-30,0
LOAN0000848,CUST008853,BNPL,0,,,23201.48,0.0,0.0,2023-09-02,0
LOAN0000849,CUST000847,Personal Loan,0,,,481751.1,0.0,0.0,2024-09-16,0
LOAN0000850,CUST005173,Personal Loan,0,,,575924.05,0.0,0.0,2026-02-02,0
LOAN0000851,CUST002259,SME Loan,0,,,263334.39,0.0,0.0,2023-06-14,0
LOAN0000852,CUST004116,Personal Loan,0,,,228587.1,0.0,0.0,2024-02-20,0
LOAN0000853,CUST008782,Education Loan,0,,,743902.0,0.0,0.0,2027-02-11,0
LOAN0000854,CUST005280,Personal Loan,0,,,503342.35,0.0,0.0,2025-08-19,0
LOAN0000855,CUST003339,Personal Loan,0,,,227171.1,0.0,0.0,2026-06-24,0
LOAN0000856,CUST002085,Personal Loan,0,,,228050.57,0.0,0.0,2025-12-18,0
LOAN0000857,CUST008016,Personal Loan,0,,,458589.44,0.0,0.0,2026-02-09,0
LOAN0000858,CUST006258,Personal Loan,0,,,331384.97,0.0,0.0,2024-03-29,0
LOAN0000859,CUST004679,Personal Loan,0,,,332036.5,0.0,0.0,2025-09-21,0
LOAN0000860,CUST002180,SME Loan,0,,,312178.02,0.0,0.0,2024-05-18,0
LOAN0000861,CUST003339,Personal Loan,0,,,612516.08,0.0,0.0,2025-10-25,0
LOAN0000862,CUST009600,Personal Loan,1,180.0,6.0,35250.5,111265.5,18180.51,2024-03-17,1
LOAN0000863,CUST005208,Personal Loan,1,180.0,6.0,202854.25,217244.75,35914.19,2024-05-23,1
LOAN0000864,CUST004013,Personal Loan,0,,,453868.04,0.0,0.0,2026-10-24,0
LOAN0000865,CUST005222,Personal Loan,1,150.0,5.0,80831.92,88124.08,9148.12,2023-10-06,1
LOAN0000866,CUST007800,Personal Loan,0,,,153029.81,0.0,0.0,2026-01-31,0
LOAN0000867,CUST003400,Personal Loan,1,150.0,5.0,28114.8,86798.2,16489.4,2024-04-25,1
LOAN0000868,CUST001796,Personal Loan,0,,,78099.56,0.0,0.0,2024-06-25,0
LOAN0000869,CUST005864,BNPL,1,120.0,4.0,25028.61,15278.39,1857.65,2024-03-06,1
LOAN0000870,CUST006660,Personal Loan,0,,,564203.34,0.0,0.0,2025-04-27,0
LOAN0000871,CUST007146,Personal Loan,0,,,323197.0,0.0,0.0,2024-08-28,0
LOAN0000872,CUST008832,Personal Loan,0,,,344638.5,0.0,0.0,2026-06-30,0
LOAN0000873,CUST003714,Personal Loan,0,,,202422.5,0.0,0.0,2025-08-09,0
LOAN0000874,CUST000762,Personal Loan,0,,,170623.08,0.0,0.0,2023-07-15,0
LOAN0000875,CUST009587,Personal Loan,0,,,258654.66,0.0,0.0,2026-04-18,0
LOAN0000876,CUST004352,Personal Loan,0,,,613705.95,0.0,0.0,2026-09-01,0
LOAN0000877,CUST006246,Personal Loan,0,,,380098.95,0.0,0.0,2026-02-09,0
LOAN0000878,CUST006671,Personal Loan,0,,,303162.23,0.0,0.0,2026-03-22,0
LOAN0000879,CUST005473,SME Loan,0,,,189483.39,0.0,0.0,2024-04-17,0
LOAN0000880,CUST002058,Personal Loan,0,,,90784.98,0.0,0.0,2025-08-18,0
LOAN0000881,CUST007562,Personal Loan,0,,,308173.8,0.0,0.0,2025-08-08,0
LOAN0000882,CUST008053,SME Loan,1,60.0,2.0,3382.34,72229.66,15257.96,2024-02-05,1
LOAN0000883,CUST005535,Personal Loan,0,,,564471.45,0.0,0.0,2024-11-20,0
LOAN0000884,CUST004894,BNPL,0,,,26114.1,0.0,0.0,2023-11-24,0
LOAN0000885,CUST001152,Education Loan,1,120.0,4.0,79422.57,438367.43,92553.56,2024-02-27,1
LOAN0000886,CUST000848,SME Loan,0,,,344518.02,0.0,0.0,2024-02-26,0
LOAN0000887,CUST003393,Education Loan,0,,,181018.72,0.0,0.0,2024-12-14,0
LOAN0000888,CUST003110,Personal Loan,0,,,457147.9,0.0,0.0,2025-07-06,0
LOAN0000889,CUST009538,BNPL,0,,,60396.0,0.0,0.0,2023-09-04,0
LOAN0000890,CUST007848,Personal Loan,0,,,12421.86,0.0,0.0,2024-05-25,0
LOAN0000891,CUST006607,BNPL,0,,,20359.1,0.0,0.0,2024-03-16,0
LOAN0000892,CUST005184,SME Loan,0,,,386272.53,0.0,0.0,2025-09-11,0
LOAN0000893,CUST001684,Education Loan,0,,,756629.6,0.0,0.0,2025-07-02,0
LOAN0000894,CUST009785,Personal Loan,1,90.0,3.0,7520.34,91425.66,28532.93,2022-06-14,1
LOAN0000895,CUST003754,Personal Loan,0,,,45221.04,0.0,0.0,2023-11-18,0
LOAN0000896,CUST001081,Personal Loan,1,150.0,5.0,31518.2,111779.8,17803.83,2024-05-26,1
LOAN0000897,CUST004948,Personal Loan,0,,,177878.4,0.0,0.0,2026-02-24,0
LOAN0000898,CUST008750,BNPL,0,,,14365.68,0.0,0.0,2024-01-10,0
LOAN0000899,CUST008885,Education Loan,1,60.0,2.0,11433.64,417650.36,166829.05,2022-11-25,1
LOAN0000900,CUST000114,Education Loan,0,,,637872.97,0.0,0.0,2026-06-12,0
LOAN0000901,CUST008874,Personal Loan,0,,,274770.9,0.0,0.0,2024-11-22,0
LOAN0000902,CUST002716,BNPL,0,,,27822.75,0.0,0.0,2023-08-12,0
LOAN0000903,CUST000395,Personal Loan,0,,,139043.19,0.0,0.0,2025-08-26,0
LOAN0000904,CUST008491,Education Loan,0,,,1075937.43,0.0,0.0,2026-04-20,0
LOAN0000905,CUST008651,Personal Loan,0,,,427979.65,0.0,0.0,2026-08-15,0
LOAN0000906,CUST005974,Education Loan,0,,,635267.12,0.0,0.0,2027-03-18,0
LOAN0000907,CUST005756,BNPL,0,,,29967.36,0.0,0.0,2023-03-18,0
LOAN0000908,CUST008144,BNPL,1,210.0,7.0,24663.54,0.0,0.0,2023-07-25,1
LOAN0000909,CUST007876,Personal Loan,1,210.0,7.0,135642.9,182455.1,32912.64,2024-01-13,1
LOAN0000910,CUST008912,SME Loan,0,,,703583.04,0.0,0.0,2024-12-19,0
LOAN0000911,CUST005533,SME Loan,1,210.0,7.0,196304.94,155610.06,30084.57,2024-05-22,1
LOAN0000912,CUST009677,Personal Loan,0,,,176572.59,0.0,0.0,2026-07-10,0
LOAN0000913,CUST009961,Personal Loan,0,,,484552.3,0.0,0.0,2025-05-13,0
LOAN0000914,CUST001179,BNPL,0,,,30284.0,0.0,0.0,2023-01-06,0
LOAN0000915,CUST008511,SME Loan,0,,,229738.08,0.0,0.0,2025-01-19,0
LOAN0000916,CUST005007,SME Loan,0,,,459270.84,0.0,0.0,2025-12-16,0
LOAN0000917,CUST003880,Personal Loan,0,,,399162.7,0.0,0.0,2024-10-27,0
LOAN0000918,CUST006144,BNPL,0,,,4931.46,0.0,0.0,2024-03-09,0
LOAN0000919,CUST000566,Personal Loan,0,,,512154.64,0.0,0.0,2024-08-24,0
LOAN0000920,CUST005071,Personal Loan,0,,,16666.08,0.0,0.0,2024-08-11,0
LOAN0000921,CUST008720,BNPL,0,,,22066.92,0.0,0.0,2024-09-05,0
LOAN0000922,CUST002140,Education Loan,0,,,180053.88,0.0,0.0,2023-12-20,0
LOAN0000923,CUST004266,BNPL,1,120.0,4.0,43151.79,0.0,0.0,2023-10-18,1
LOAN0000924,CUST009398,Personal Loan,0,,,38953.38,0.0,0.0,2026-05-15,0
LOAN0000925,CUST004287,Education Loan,0,,,127586.1,0.0,0.0,2025-02-25,0
LOAN0000926,CUST003585,Personal Loan,1,240.0,8.0,93237.69,206144.31,59983.85,2024-03-20,1
LOAN0000927,CUST004407,SME Loan,1,90.0,3.0,62819.76,484609.24,86973.94,2023-01-06,1
LOAN0000928,CUST005202,Personal Loan,0,,,139815.18,0.0,0.0,2024-02-07,0
LOAN0000929,CUST006329,Personal Loan,0,,,277434.72,0.0,0.0,2025-05-05,0
LOAN0000930,CUST008019,Personal Loan,0,,,122350.8,0.0,0.0,2025-09-15,0
LOAN0000931,CUST004517,Personal Loan,0,,,237808.23,0.0,0.0,2026-05-11,0
LOAN0000932,CUST008190,Personal Loan,0,,,612425.45,0.0,0.0,2026-11-21,0
LOAN0000933,CUST005346,BNPL,0,,,31271.58,0.0,0.0,2024-02-05,0
LOAN0000934,CUST003381,Personal Loan,0,,,513297.18,0.0,0.0,2024-03-13,0
LOAN0000935,CUST006588,BNPL,0,,,27034.98,0.0,0.0,2024-07-06,0
LOAN0000936,CUST007191,BNPL,1,90.0,3.0,6918.84,23764.16,5007.15,2022-09-12,1
LOAN0000937,CUST005588,BNPL,0,,,30984.72,0.0,0.0,2024-08-03,0
LOAN0000938,CUST000572,SME Loan,0,,,211685.04,0.0,0.0,2024-03-04,0
LOAN0000939,CUST001709,SME Loan,0,,,538012.8,0.0,0.0,2024-11-22,0
LOAN0000940,CUST002855,BNPL,0,,,59052.56,0.0,0.0,2024-04-01,0
LOAN0000941,CUST002829,BNPL,1,150.0,5.0,1424.36,1367.64,517.93,2024-02-20,1
LOAN0000942,CUST006745,BNPL,1,210.0,7.0,30307.7,0.0,0.0,2023-07-06,1
LOAN0000943,CUST000192,Education Loan,0,,,468431.39,0.0,0.0,2026-01-30,0
LOAN0000944,CUST007568,Personal Loan,0,,,412315.5,0.0,0.0,2026-03-26,0
LOAN0000945,CUST002655,SME Loan,0,,,310141.66,0.0,0.0,2026-02-15,0
LOAN0000946,CUST003103,SME Loan,0,,,436377.92,0.0,0.0,2025-07-13,0
LOAN0000947,CUST005285,BNPL,0,,,30272.22,0.0,0.0,2023-10-22,0
LOAN0000948,CUST002163,Personal Loan,0,,,378727.8,0.0,0.0,2026-04-30,0
LOAN0000949,CUST008857,Personal Loan,0,,,374523.93,0.0,0.0,2026-08-21,0
LOAN0000950,CUST000862,BNPL,1,150.0,5.0,31300.96,7049.04,1180.16,2023-08-11,1
LOAN0000951,CUST004445,BNPL,0,,,18338.49,0.0,0.0,2023-10-29,0
LOAN0000952,CUST008509,SME Loan,1,210.0,7.0,188319.66,150572.34,18045.69,2023-01-22,1
LOAN0000953,CUST006172,SME Loan,0,,,267954.85,0.0,0.0,2024-01-10,0
LOAN0000954,CUST002929,SME Loan,0,,,705320.98,0.0,0.0,2025-01-09,0
LOAN0000955,CUST004214,Personal Loan,0,,,338271.12,0.0,0.0,2024-12-25,0
LOAN0000956,CUST007083,BNPL,1,150.0,5.0,30451.04,0.0,0.0,2023-04-29,1
LOAN0000957,CUST009733,Personal Loan,0,,,308588.52,0.0,0.0,2024-06-10,0
LOAN0000958,CUST008941,Personal Loan,0,,,46751.21,0.0,0.0,2023-12-20,0
LOAN0000959,CUST003424,Personal Loan,0,,,321935.88,0.0,0.0,2025-02-28,0
LOAN0000960,CUST009981,Personal Loan,0,,,336057.59,0.0,0.0,2024-11-29,0
LOAN0000961,CUST000037,Personal Loan,0,,,211039.02,0.0,0.0,2026-10-09,0
LOAN0000962,CUST000285,BNPL,1,150.0,5.0,10164.56,6944.44,727.66,2023-04-15,1
LOAN0000963,CUST008252,SME Loan,1,150.0,5.0,104173.64,178572.36,34000.42,2023-07-17,1
LOAN0000964,CUST001997,Personal Loan,0,,,334365.4,0.0,0.0,2025-06-03,0
LOAN0000965,CUST000616,Personal Loan,0,,,511954.69,0.0,0.0,2026-05-17,0
LOAN0000966,CUST002376,Personal Loan,0,,,341706.6,0.0,0.0,2023-12-18,0
LOAN0000967,CUST004264,Personal Loan,0,,,21208.38,0.0,0.0,2024-05-11,0
LOAN0000968,CUST007324,Personal Loan,0,,,379467.9,0.0,0.0,2025-09-09,0
LOAN0000969,CUST006256,BNPL,0,,,40231.9,0.0,0.0,2023-09-20,0
LOAN0000970,CUST002380,Personal Loan,0,,,470236.39,0.0,0.0,2024-09-26,0
LOAN0000971,CUST005040,SME Loan,0,,,89026.21,0.0,0.0,2024-08-15,0
LOAN0000972,CUST009264,Personal Loan,0,,,518872.4,0.0,0.0,2024-08-30,0
LOAN0000973,CUST008164,Personal Loan,1,240.0,8.0,99987.58,209452.42,44810.67,2024-08-21,1
LOAN0000974,CUST003235,BNPL,0,,,44002.24,0.0,0.0,2024-06-24,0
LOAN0000975,CUST009820,Personal Loan,0,,,317402.54,0.0,0.0,2026-02-07,0
LOAN0000976,CUST007104,SME Loan,0,,,666339.05,0.0,0.0,2025-01-16,0
LOAN0000977,CUST000632,Education Loan,0,,,805287.08,0.0,0.0,2026-01-18,0
LOAN0000978,CUST000356,SME Loan,0,,,357261.98,0.0,0.0,2025-02-08,0
LOAN0000979,CUST001694,Personal Loan,0,,,485711.63,0.0,0.0,2024-08-02,0
LOAN0000980,CUST007297,SME Loan,0,,,646595.52,0.0,0.0,2024-08-19,0
LOAN0000981,CUST001846,Personal Loan,0,,,561308.0,0.0,0.0,2025-05-02,0
LOAN0000982,CUST005121,Personal Loan,0,,,91618.2,0.0,0.0,2024-04-12,0
LOAN0000983,CUST000943,BNPL,0,,,20269.08,0.0,0.0,2023-08-21,0
LOAN0000984,CUST009212,SME Loan,0,,,249553.5,0.0,0.0,2026-01-25,0
LOAN0000985,CUST003437,Personal Loan,0,,,271358.36,0.0,0.0,2025-09-08,0
LOAN0000986,CUST009090,Personal Loan,0,,,221138.72,0.0,0.0,2023-03-30,0
LOAN0000987,CUST009451,Personal Loan,0,,,338377.69,0.0,0.0,2025-03-28,0
LOAN0000988,CUST000065,Personal Loan,0,,,332401.96,0.0,0.0,2024-10-26,0
LOAN0000989,CUST004640,Education Loan,0,,,362050.83,0.0,0.0,2025-08-17,0
LOAN0000990,CUST000257,SME Loan,0,,,248715.84,0.0,0.0,2024-07-10,0
LOAN0000991,CUST009094,Personal Loan,0,,,563256.96,0.0,0.0,2026-03-20,0
LOAN0000992,CUST005192,Personal Loan,0,,,484606.92,0.0,0.0,2024-10-08,0
LOAN0000993,CUST000758,BNPL,0,,,46926.45,0.0,0.0,2024-08-15,0
LOAN0000994,CUST001115,Personal Loan,0,,,696262.32,0.0,0.0,2026-07-11,0
LOAN0000995,CUST003841,Personal Loan,0,,,683189.92,0.0,0.0,2026-04-30,0
LOAN0000996,CUST009405,BNPL,0,,,7972.58,0.0,0.0,2023-05-30,0
LOAN0000997,CUST006951,BNPL,1,60.0,2.0,4040.9,31506.1,5883.83,2023-05-23,1
LOAN0000998,CUST008689,Personal Loan,0,,,66432.0,0.0,0.0,2025-03-09,0
LOAN0000999,CUST003665,Personal Loan,1,240.0,8.0,230334.09,106838.91,32227.35,2023-12-26,1
LOAN0001000,CUST000438,Education Loan,0,,,816219.72,0.0,0.0,2026-01-27,0
LOAN0001001,CUST009744,BNPL,0,,,45286.02,0.0,0.0,2023-08-13,0
LOAN0001002,CUST000179,Personal Loan,0,,,281476.82,0.0,0.0,2026-06-23,0
LOAN0001003,CUST009481,Personal Loan,0,,,571254.75,0.0,0.0,2026-06-27,0
LOAN0001004,CUST003687,SME Loan,1,120.0,4.0,134403.48,381610.52,132301.88,2024-02-23,1
LOAN0001005,CUST000104,Personal Loan,0,,,414223.92,0.0,0.0,2024-12-31,0
LOAN0001006,CUST006912,SME Loan,0,,,562641.17,0.0,0.0,2025-01-13,0
LOAN0001007,CUST009805,BNPL,1,180.0,6.0,7940.85,4723.15,1583.54,2024-05-08,1
LOAN0001008,CUST009658,Personal Loan,0,,,378747.45,0.0,0.0,2025-03-19,0
LOAN0001009,CUST001619,BNPL,1,210.0,7.0,27810.3,0.0,0.0,2023-11-01,1
LOAN0001010,CUST001822,Personal Loan,0,,,257649.0,0.0,0.0,2026-06-22,0
LOAN0001011,CUST005664,Personal Loan,0,,,243868.8,0.0,0.0,2024-08-07,0
LOAN0001012,CUST006382,SME Loan,0,,,512220.28,0.0,0.0,2024-08-16,0
LOAN0001013,CUST007411,Personal Loan,1,120.0,4.0,23243.46,146923.54,30416.56,2022-10-25,1
LOAN0001014,CUST001820,Personal Loan,0,,,155919.96,0.0,0.0,2025-05-03,0
LOAN0001015,CUST009593,Personal Loan,0,,,345835.26,0.0,0.0,2025-02-12,0
LOAN0001016,CUST006394,SME Loan,0,,,493395.36,0.0,0.0,2024-08-11,0
LOAN0001017,CUST008483,Personal Loan,1,240.0,8.0,15222.69,7451.31,958.12,2023-03-27,1
LOAN0001018,CUST005407,SME Loan,0,,,312562.7,0.0,0.0,2023-12-01,0
LOAN0001019,CUST004150,Personal Loan,0,,,364034.88,0.0,0.0,2025-11-28,0
LOAN0001020,CUST009775,Personal Loan,1,60.0,2.0,73820.79,412069.21,72897.87,2023-05-20,1
LOAN0001021,CUST005835,BNPL,0,,,50748.66,0.0,0.0,2024-08-09,0
LOAN0001022,CUST008680,BNPL,0,,,42885.18,0.0,0.0,2024-07-18,0
LOAN0001023,CUST009536,SME Loan,0,,,424637.96,0.0,0.0,2025-11-16,0
LOAN0001024,CUST006765,SME Loan,0,,,66870.96,0.0,0.0,2024-08-22,0
LOAN0001025,CUST005496,Personal Loan,0,,,179435.92,0.0,0.0,2024-07-04,0
LOAN0001026,CUST000037,Personal Loan,0,,,239173.33,0.0,0.0,2025-05-16,0
LOAN0001027,CUST000406,Education Loan,0,,,527952.24,0.0,0.0,2026-12-30,0
LOAN0001028,CUST002013,Personal Loan,0,,,27508.2,0.0,0.0,2024-06-30,0
LOAN0001029,CUST001870,BNPL,0,,,53417.52,0.0,0.0,2024-02-28,0
LOAN0001030,CUST002550,BNPL,0,,,58621.92,0.0,0.0,2023-06-07,0
LOAN0001031,CUST003051,Personal Loan,0,,,261696.26,0.0,0.0,2024-07-28,0
LOAN0001032,CUST003600,Personal Loan,0,,,102073.04,0.0,0.0,2023-12-16,0
LOAN0001033,CUST004212,Personal Loan,0,,,137967.06,0.0,0.0,2026-03-03,0
LOAN0001034,CUST000997,SME Loan,0,,,281216.28,0.0,0.0,2023-12-14,0
LOAN0001035,CUST000429,BNPL,0,,,53737.67,0.0,0.0,2024-06-14,0
LOAN0001036,CUST006750,Personal Loan,0,,,470408.61,0.0,0.0,2023-09-24,0
LOAN0001037,CUST005378,BNPL,1,60.0,2.0,9684.64,47459.36,8362.49,2023-12-19,1
LOAN0001038,CUST004444,BNPL,0,,,50001.6,0.0,0.0,2024-03-08,0
LOAN0001039,CUST006353,BNPL,1,180.0,6.0,16465.8,5800.2,1779.86,2024-05-08,1
LOAN0001040,CUST008290,Personal Loan,0,,,17533.11,0.0,0.0,2025-06-13,0
LOAN0001041,CUST004279,Personal Loan,0,,,245180.4,0.0,0.0,2024-06-24,0
LOAN0001042,CUST006419,Personal Loan,1,60.0,2.0,18826.38,292430.62,74755.81,2024-02-09,1
LOAN0001043,CUST009538,Personal Loan,0,,,253376.1,0.0,0.0,2024-08-27,0
LOAN0001044,CUST008405,BNPL,0,,,25419.08,0.0,0.0,2023-12-01,0
LOAN0001045,CUST004263,Personal Loan,0,,,137693.76,0.0,0.0,2025-05-12,0
LOAN0001046,CUST006454,Personal Loan,0,,,446439.35,0.0,0.0,2026-10-10,0
LOAN0001047,CUST001781,Personal Loan,0,,,474686.58,0.0,0.0,2024-04-20,0
LOAN0001048,CUST005612,Personal Loan,0,,,103022.8,0.0,0.0,2024-08-12,0
LOAN0001049,CUST009812,Education Loan,0,,,650428.2,0.0,0.0,2026-08-29,0
LOAN0001050,CUST005190,Personal Loan,0,,,22846.5,0.0,0.0,2024-05-26,0
LOAN0001051,CUST009279,Personal Loan,0,,,476224.4,0.0,0.0,2024-03-27,0
LOAN0001052,CUST004081,Personal Loan,0,,,521321.08,0.0,0.0,2025-02-02,0
LOAN0001053,CUST009987,Personal Loan,0,,,21405.48,0.0,0.0,2024-06-19,0
LOAN0001054,CUST005807,Personal Loan,1,90.0,3.0,78452.56,406895.44,134346.11,2024-01-28,1
LOAN0001055,CUST000428,Education Loan,0,,,712265.8,0.0,0.0,2025-08-21,0
LOAN0001056,CUST005880,BNPL,0,,,59709.58,0.0,0.0,2023-04-22,0
LOAN0001057,CUST002747,Personal Loan,1,90.0,3.0,13061.32,143048.68,34909.52,2024-03-24,1
LOAN0001058,CUST000331,Personal Loan,0,,,535942.56,0.0,0.0,2025-05-10,0
LOAN0001059,CUST008225,Personal Loan,0,,,23930.22,0.0,0.0,2025-04-15,0
LOAN0001060,CUST002759,Personal Loan,1,150.0,5.0,40924.68,130661.32,38756.47,2024-05-22,1
LOAN0001061,CUST007980,SME Loan,1,90.0,3.0,29795.86,156663.14,19715.43,2023-12-30,1
LOAN0001062,CUST002885,Personal Loan,0,,,217535.22,0.0,0.0,2024-11-18,0
LOAN0001063,CUST001947,SME Loan,0,,,311280.19,0.0,0.0,2024-10-26,0
LOAN0001064,CUST009739,BNPL,0,,,2695.7,0.0,0.0,2024-07-01,0
LOAN0001065,CUST003617,Personal Loan,0,,,370584.9,0.0,0.0,2025-12-07,0
LOAN0001066,CUST006027,Education Loan,1,180.0,6.0,109140.5,547862.5,158715.65,2024-06-10,1
LOAN0001067,CUST006113,SME Loan,0,,,702343.2,0.0,0.0,2023-06-18,0
LOAN0001068,CUST005611,Personal Loan,0,,,558587.68,0.0,0.0,2024-07-26,0
LOAN0001069,CUST009150,Personal Loan,1,90.0,3.0,14037.48,155975.52,58017.64,2024-03-10,1
LOAN0001070,CUST006755,Personal Loan,0,,,475903.8,0.0,0.0,2026-11-27,0
LOAN0001071,CUST004044,Personal Loan,0,,,45728.55,0.0,0.0,2025-01-30,0
LOAN0001072,CUST008637,Education Loan,1,180.0,6.0,115920.55,602682.45,62720.27,2024-05-13,1
LOAN0001073,CUST001820,Personal Loan,1,210.0,7.0,321341.16,126944.84,28002.16,2024-06-21,1
LOAN0001074,CUST005449,Personal Loan,0,,,21408.15,0.0,0.0,2024-03-25,0
LOAN0001075,CUST009509,Personal Loan,0,,,476325.36,0.0,0.0,2024-08-22,0
LOAN0001076,CUST006269,Personal Loan,1,150.0,5.0,108557.44,312307.56,102462.07,2024-05-29,1
LOAN0001077,CUST008184,SME Loan,0,,,660232.8,0.0,0.0,2025-07-08,0
LOAN0001078,CUST006547,Personal Loan,0,,,556175.7,0.0,0.0,2026-01-03,0
LOAN0001079,CUST008403,BNPL,0,,,58545.97,0.0,0.0,2024-07-02,0
LOAN0001080,CUST009447,SME Loan,0,,,564099.9,0.0,0.0,2025-11-02,0
LOAN0001081,CUST002731,Personal Loan,0,,,524008.32,0.0,0.0,2025-10-29,0
LOAN0001082,CUST001707,Personal Loan,0,,,26709.6,0.0,0.0,2026-07-15,0
LOAN0001083,CUST004846,Personal Loan,0,,,84177.1,0.0,0.0,2023-04-08,0
LOAN0001084,CUST007038,BNPL,1,60.0,2.0,12426.84,35934.16,5763.37,2023-11-26,1
LOAN0001085,CUST002277,SME Loan,0,,,99012.24,0.0,0.0,2025-04-16,0
LOAN0001086,CUST000043,BNPL,0,,,61139.48,0.0,0.0,2023-12-07,0
LOAN0001087,CUST003428,SME Loan,0,,,564420.84,0.0,0.0,2024-05-11,0
LOAN0001088,CUST009689,BNPL,0,,,46231.56,0.0,0.0,2024-02-06,0
LOAN0001089,CUST006969,SME Loan,0,,,234597.72,0.0,0.0,2024-12-05,0
LOAN0001090,CUST004021,Personal Loan,0,,,517421.04,0.0,0.0,2025-07-26,0
LOAN0001091,CUST001931,Personal Loan,0,,,421506.28,0.0,0.0,2025-01-27,0
LOAN0001092,CUST003564,Personal Loan,1,90.0,3.0,67817.88,268620.12,54487.01,2024-03-27,1
LOAN0001093,CUST001709,Personal Loan,0,,,480209.8,0.0,0.0,2025-09-10,0
LOAN0001094,CUST001075,Personal Loan,1,120.0,4.0,94650.42,206086.58,44482.04,2024-03-11,1
LOAN0001095,CUST009076,Personal Loan,0,,,251960.15,0.0,0.0,2024-04-22,0
LOAN0001096,CUST009975,BNPL,1,120.0,4.0,43418.85,13191.15,1448.83,2023-12-19,1
LOAN0001097,CUST001650,Personal Loan,0,,,290937.24,0.0,0.0,2026-03-15,0
LOAN0001098,CUST000552,Personal Loan,0,,,454563.18,0.0,0.0,2024-12-30,0
LOAN0001099,CUST003298,BNPL,0,,,50321.84,0.0,0.0,2024-03-30,0
LOAN0001100,CUST004613,Personal Loan,0,,,372011.34,0.0,0.0,2025-12-05,0
LOAN0001101,CUST002053,Personal Loan,0,,,139876.2,0.0,0.0,2024-06-23,0
LOAN0001102,CUST003017,Personal Loan,0,,,523303.68,0.0,0.0,2025-10-27,0
LOAN0001103,CUST002013,SME Loan,0,,,403560.69,0.0,0.0,2024-12-06,0
LOAN0001104,CUST007751,Personal Loan,0,,,368609.99,0.0,0.0,2024-05-27,0
LOAN0001105,CUST007144,SME Loan,0,,,116423.7,0.0,0.0,2023-11-13,0
LOAN0001106,CUST006358,BNPL,1,90.0,3.0,7063.22,3522.78,1182.61,2023-05-28,1
LOAN0001107,CUST003876,Personal Loan,0,,,575443.7,0.0,0.0,2026-02-28,0
LOAN0001108,CUST009098,SME Loan,0,,,92030.05,0.0,0.0,2026-01-25,0
LOAN0001109,CUST009696,Personal Loan,0,,,164124.78,0.0,0.0,2025-10-14,0
LOAN0001110,CUST001746,Personal Loan,0,,,561435.48,0.0,0.0,2026-11-16,0
LOAN0001111,CUST002238,Personal Loan,0,,,418235.07,0.0,0.0,2026-06-17,0
LOAN0001112,CUST005259,BNPL,1,120.0,4.0,24070.41,23614.59,2469.59,2024-02-17,1
LOAN0001113,CUST000922,Personal Loan,1,120.0,4.0,180884.73,252623.27,72743.78,2023-11-10,1
LOAN0001114,CUST004364,Personal Loan,0,,,496748.89,0.0,0.0,2024-09-14,0
LOAN0001115,CUST005832,BNPL,1,90.0,3.0,20350.28,19850.72,4179.89,2023-07-19,1
LOAN0001116,CUST005227,Personal Loan,0,,,143389.82,0.0,0.0,2025-09-27,0
LOAN0001117,CUST003309,Personal Loan,0,,,24021.9,0.0,0.0,2024-12-20,0
LOAN0001118,CUST005430,Personal Loan,0,,,298758.9,0.0,0.0,2024-09-15,0
LOAN0001119,CUST009591,Personal Loan,1,150.0,5.0,64510.4,288564.6,84086.47,2023-07-11,1
LOAN0001120,CUST002064,BNPL,1,210.0,7.0,45678.78,7411.22,831.7,2024-06-27,1
LOAN0001121,CUST006557,Personal Loan,0,,,496937.43,0.0,0.0,2026-02-20,0
LOAN0001122,CUST000439,Personal Loan,0,,,490514.83,0.0,0.0,2024-12-08,0
LOAN0001123,CUST000672,Education Loan,1,90.0,3.0,35064.52,329190.48,119594.39,2023-09-20,1
LOAN0001124,CUST005524,BNPL,1,240.0,8.0,9202.48,0.0,0.0,2024-08-25,1
LOAN0001125,CUST001060,SME Loan,0,,,702907.2,0.0,0.0,2026-07-05,0
LOAN0001126,CUST000232,Personal Loan,1,150.0,5.0,65379.52,226679.48,59401.96,2024-05-07,1
LOAN0001127,CUST001727,SME Loan,0,,,406725.88,0.0,0.0,2025-08-30,0
LOAN0001128,CUST005657,BNPL,0,,,26837.76,0.0,0.0,2024-01-17,0
LOAN0001129,CUST007052,BNPL,0,,,22590.63,0.0,0.0,2023-09-28,0
LOAN0001130,CUST002030,BNPL,0,,,8768.96,0.0,0.0,2024-04-24,0
LOAN0001131,CUST006691,BNPL,0,,,49462.0,0.0,0.0,2024-02-12,0
LOAN0001132,CUST001833,Personal Loan,0,,,338079.24,0.0,0.0,2024-10-25,0
LOAN0001133,CUST006148,Personal Loan,1,90.0,3.0,32461.74,170284.26,28565.42,2023-10-29,1
LOAN0001134,CUST004127,Personal Loan,0,,,347634.32,0.0,0.0,2025-06-19,0
LOAN0001135,CUST006548,Personal Loan,0,,,25862.4,0.0,0.0,2025-02-11,0
LOAN0001136,CUST009951,SME Loan,0,,,604328.62,0.0,0.0,2025-02-28,0
LOAN0001137,CUST009381,Personal Loan,0,,,374576.88,0.0,0.0,2024-12-29,0
LOAN0001138,CUST000045,Personal Loan,0,,,674802.15,0.0,0.0,2026-02-07,0
LOAN0001139,CUST008866,Personal Loan,0,,,420967.04,0.0,0.0,2025-08-26,0
LOAN0001140,CUST000673,SME Loan,0,,,540099.45,0.0,0.0,2023-07-20,0
LOAN0001141,CUST009533,Personal Loan,1,180.0,6.0,73262.7,317024.3,44056.5,2024-05-18,1
LOAN0001142,CUST002821,SME Loan,1,90.0,3.0,37534.98,136918.02,26959.24,2023-07-09,1
LOAN0001143,CUST003827,Personal Loan,0,,,327904.92,0.0,0.0,2025-02-16,0
LOAN0001144,CUST000925,Personal Loan,0,,,434734.72,0.0,0.0,2025-01-15,0
LOAN0001145,CUST001136,Personal Loan,0,,,446742.34,0.0,0.0,2024-07-03,0
LOAN0001146,CUST007285,Personal Loan,0,,,458517.19,0.0,0.0,2024-02-02,0
LOAN0001147,CUST009445,BNPL,0,,,43785.0,0.0,0.0,2024-01-27,0
LOAN0001148,CUST006120,SME Loan,0,,,176366.4,0.0,0.0,2025-11-23,0
LOAN0001149,CUST007174,SME Loan,0,,,787944.05,0.0,0.0,2026-07-21,0
LOAN0001150,CUST007631,BNPL,1,150.0,5.0,13725.28,20253.72,5137.96,2024-05-02,1
LOAN0001151,CUST002632,SME Loan,0,,,387205.44,0.0,0.0,2024-11-22,0
LOAN0001152,CUST000458,Personal Loan,0,,,759653.28,0.0,0.0,2026-12-06,0
LOAN0001153,CUST000020,Personal Loan,0,,,454460.67,0.0,0.0,2023-10-02,0
LOAN0001154,CUST003502,Education Loan,0,,,848521.74,0.0,0.0,2026-01-12,0
LOAN0001155,CUST002417,BNPL,0,,,57724.1,0.0,0.0,2024-10-21,0
LOAN0001156,CUST000631,Personal Loan,0,,,145746.75,0.0,0.0,2025-03-17,0
LOAN0001157,CUST001805,Personal Loan,1,180.0,6.0,23396.95,67078.05,21358.0,2024-04-03,1
LOAN0001158,CUST001258,BNPL,1,90.0,3.0,4902.74,0.0,0.0,2024-03-07,1
LOAN0001159,CUST009151,Personal Loan,0,,,173673.0,0.0,0.0,2026-02-21,0
LOAN0001160,CUST001417,Personal Loan,0,,,150767.89,0.0,0.0,2024-11-07,0
LOAN0001161,CUST005382,Personal Loan,1,120.0,4.0,20650.5,150331.5,56971.03,2024-01-20,1
LOAN0001162,CUST005941,BNPL,0,,,26048.9,0.0,0.0,2024-04-24,0
LOAN0001163,CUST005440,Education Loan,0,,,984105.64,0.0,0.0,2026-03-07,0
LOAN0001164,CUST000999,SME Loan,0,,,122541.76,0.0,0.0,2026-04-13,0
LOAN0001165,CUST003190,Personal Loan,0,,,528992.1,0.0,0.0,2026-06-09,0
LOAN0001166,CUST000520,Personal Loan,0,,,458555.8,0.0,0.0,2025-04-21,0
LOAN0001167,CUST003962,Personal Loan,1,180.0,6.0,32456.6,63835.4,11028.89,2024-06-25,1
LOAN0001168,CUST001895,BNPL,1,60.0,2.0,18858.23,18556.77,4608.76,2023-06-29,1
LOAN0001169,CUST005624,Personal Loan,0,,,304690.36,0.0,0.0,2025-10-23,0
LOAN0001170,CUST006949,Education Loan,0,,,1010000.64,0.0,0.0,2027-11-25,0
LOAN0001171,CUST005327,Personal Loan,0,,,317515.2,0.0,0.0,2025-02-09,0
LOAN0001172,CUST004345,Personal Loan,1,120.0,4.0,63463.71,407402.29,67132.46,2023-07-19,1
LOAN0001173,CUST003878,Education Loan,0,,,441886.76,0.0,0.0,2026-03-27,0
LOAN0001174,CUST008426,BNPL,0,,,56547.4,0.0,0.0,2024-10-27,0
LOAN0001175,CUST002198,Education Loan,1,210.0,7.0,68887.5,93983.5,35832.55,2024-03-10,1
LOAN0001176,CUST007361,Personal Loan,0,,,573463.65,0.0,0.0,2024-07-22,0
LOAN0001177,CUST007585,BNPL,1,60.0,2.0,11632.98,34045.02,10245.99,2023-09-30,1
LOAN0001178,CUST004198,BNPL,0,,,46774.2,0.0,0.0,2024-07-14,0
LOAN0001179,CUST002975,BNPL,1,60.0,2.0,1562.72,11782.28,3743.31,2023-12-30,1
LOAN0001180,CUST004704,BNPL,0,,,8991.5,0.0,0.0,2024-10-22,0
LOAN0001181,CUST000942,Personal Loan,0,,,568946.94,0.0,0.0,2026-03-03,0
LOAN0001182,CUST000464,BNPL,0,,,17264.1,0.0,0.0,2024-10-17,0
LOAN0001183,CUST001129,BNPL,1,60.0,2.0,18631.29,18514.71,4874.89,2022-11-11,1
LOAN0001184,CUST001881,Personal Loan,0,,,390379.5,0.0,0.0,2026-09-30,0
LOAN0001185,CUST005047,BNPL,0,,,5710.5,0.0,0.0,2023-05-28,0
LOAN0001186,CUST008506,Personal Loan,0,,,376527.36,0.0,0.0,2024-08-28,0
LOAN0001187,CUST002362,Personal Loan,0,,,210953.52,0.0,0.0,2026-06-22,0
LOAN0001188,CUST009353,Education Loan,0,,,316108.78,0.0,0.0,2027-01-02,0
LOAN0001189,CUST009553,Personal Loan,0,,,340108.72,0.0,0.0,2025-06-10,0
LOAN0001190,CUST009591,BNPL,1,180.0,6.0,38524.1,20970.9,7826.16,2024-06-05,1
LOAN0001191,CUST008386,BNPL,1,150.0,5.0,36399.2,7632.8,1663.42,2023-09-27,1
LOAN0001192,CUST003640,Personal Loan,1,180.0,6.0,83702.55,260054.45,96849.93,2024-02-07,1
LOAN0001193,CUST000737,Personal Loan,1,90.0,3.0,86851.12,191038.88,30945.18,2023-07-23,1
LOAN0001194,CUST005697,Personal Loan,1,90.0,3.0,21841.54,162060.46,30785.85,2024-03-29,1
LOAN0001195,CUST005595,Personal Loan,0,,,381456.3,0.0,0.0,2024-07-08,0
LOAN0001196,CUST008514,Personal Loan,0,,,447098.28,0.0,0.0,2024-11-23,0
LOAN0001197,CUST009960,Personal Loan,0,,,170540.58,0.0,0.0,2024-07-13,0
LOAN0001198,CUST005087,Personal Loan,0,,,355192.27,0.0,0.0,2025-03-06,0
LOAN0001199,CUST003450,Personal Loan,0,,,384742.5,0.0,0.0,2025-02-07,0
LOAN0001200,CUST001870,Personal Loan,0,,,571193.37,0.0,0.0,2025-09-22,0
LOAN0001201,CUST000050,BNPL,0,,,7722.55,0.0,0.0,2023-04-10,0
LOAN0001202,CUST005098,Personal Loan,1,210.0,7.0,76796.64,232881.36,46109.23,2024-03-04,1
LOAN0001203,CUST005562,SME Loan,0,,,671805.03,0.0,0.0,2024-06-18,0
LOAN0001204,CUST008263,Personal Loan,0,,,528383.16,0.0,0.0,2024-06-14,0
LOAN0001205,CUST005051,Personal Loan,0,,,640304.0,0.0,0.0,2025-11-17,0
LOAN0001206,CUST009167,Education Loan,0,,,927794.24,0.0,0.0,2025-09-07,0
LOAN0001207,CUST006295,Education Loan,0,,,125791.56,0.0,0.0,2025-10-31,0
LOAN0001208,CUST008412,SME Loan,0,,,494934.24,0.0,0.0,2025-02-25,0
LOAN0001209,CUST001495,Personal Loan,0,,,408603.3,0.0,0.0,2025-02-20,0
LOAN0001210,CUST008565,BNPL,0,,,23773.2,0.0,0.0,2023-02-01,0
LOAN0001211,CUST006763,Personal Loan,0,,,560503.87,0.0,0.0,2025-02-13,0
LOAN0001212,CUST001713,SME Loan,0,,,339650.8,0.0,0.0,2025-03-03,0
LOAN0001213,CUST001905,SME Loan,0,,,206968.77,0.0,0.0,2025-04-21,0
LOAN0001214,CUST009268,BNPL,1,150.0,5.0,12597.08,17203.92,5041.89,2023-12-09,1
LOAN0001215,CUST000328,BNPL,1,120.0,4.0,57458.73,0.0,0.0,2024-01-16,1
LOAN0001216,CUST004624,Personal Loan,0,,,356966.4,0.0,0.0,2026-04-13,0
LOAN0001217,CUST003138,Personal Loan,0,,,258013.76,0.0,0.0,2024-12-25,0
LOAN0001218,CUST006658,Personal Loan,0,,,415881.81,0.0,0.0,2023-03-27,0
LOAN0001219,CUST008405,Personal Loan,1,150.0,5.0,36000.6,131374.4,37781.63,2024-01-29,1
LOAN0001220,CUST003603,Personal Loan,0,,,204029.64,0.0,0.0,2026-10-11,0
LOAN0001221,CUST004271,Personal Loan,0,,,71615.5,0.0,0.0,2026-02-21,0
LOAN0001222,CUST009818,BNPL,1,120.0,4.0,15712.89,0.0,0.0,2023-03-26,1
LOAN0001223,CUST007851,Personal Loan,0,,,125820.0,0.0,0.0,2026-03-25,0
LOAN0001224,CUST008981,Personal Loan,0,,,53057.6,0.0,0.0,2024-10-28,0
LOAN0001225,CUST004386,BNPL,1,150.0,5.0,42376.8,0.0,0.0,2024-04-28,1
LOAN0001226,CUST002347,Personal Loan,0,,,144118.69,0.0,0.0,2025-01-05,0
LOAN0001227,CUST004126,SME Loan,0,,,717425.84,0.0,0.0,2025-03-08,0
LOAN0001228,CUST007177,Personal Loan,0,,,114292.86,0.0,0.0,2026-05-25,0
LOAN0001229,CUST001107,BNPL,1,60.0,2.0,4743.09,9271.91,2188.3,2022-12-20,1
LOAN0001230,CUST002705,Personal Loan,1,90.0,3.0,1783.22,21292.78,2614.84,2024-02-17,1
LOAN0001231,CUST000473,Personal Loan,0,,,215565.0,0.0,0.0,2024-05-14,0
LOAN0001232,CUST004325,Education Loan,0,,,829132.52,0.0,0.0,2025-08-26,0
LOAN0001233,CUST008287,Personal Loan,0,,,279851.33,0.0,0.0,2024-10-25,0
LOAN0001234,CUST000257,SME Loan,1,60.0,2.0,20483.6,381585.4,92330.87,2024-01-27,1
LOAN0001235,CUST006765,Personal Loan,0,,,483261.04,0.0,0.0,2025-01-18,0
LOAN0001236,CUST009327,Personal Loan,1,120.0,4.0,5920.62,38194.38,8559.32,2023-08-26,1
LOAN0001237,CUST002374,BNPL,0,,,27363.1,0.0,0.0,2023-08-20,0
LOAN0001238,CUST006957,BNPL,1,90.0,3.0,3991.88,9535.12,1013.67,2024-03-24,1
LOAN0001239,CUST009752,Personal Loan,0,,,192340.33,0.0,0.0,2023-11-21,0
LOAN0001240,CUST009624,Personal Loan,1,240.0,8.0,112716.8,239232.2,45126.04,2023-05-29,1
LOAN0001241,CUST002354,Education Loan,1,150.0,5.0,53981.88,251852.12,36512.97,2024-04-26,1
LOAN0001242,CUST001012,SME Loan,1,180.0,6.0,56829.9,185335.1,21712.77,2024-03-29,1
LOAN0001243,CUST001495,SME Loan,0,,,485284.32,0.0,0.0,2025-11-24,0
LOAN0001244,CUST007040,Personal Loan,0,,,573311.4,0.0,0.0,2026-03-09,0
LOAN0001245,CUST007275,BNPL,1,150.0,5.0,21618.2,25914.8,7933.83,2024-04-17,1
LOAN0001246,CUST006752,Personal Loan,1,120.0,4.0,35211.09,41852.91,15401.53,2023-10-08,1
LOAN0001247,CUST003357,Personal Loan,0,,,85164.16,0.0,0.0,2026-05-13,0
LOAN0001248,CUST001708,BNPL,0,,,50188.56,0.0,0.0,2024-03-22,0
LOAN0001249,CUST005823,SME Loan,0,,,217010.02,0.0,0.0,2025-01-22,0
LOAN0001250,CUST004843,Personal Loan,0,,,490337.82,0.0,0.0,2025-01-15,0
LOAN0001251,CUST007307,Education Loan,1,210.0,7.0,129836.34,617176.66,138106.67,2024-01-08,1
LOAN0001252,CUST004415,Personal Loan,0,,,529865.0,0.0,0.0,2023-07-08,0
LOAN0001253,CUST003382,Personal Loan,1,240.0,8.0,135115.4,104934.6,35787.96,2024-05-14,1
LOAN0001254,CUST002938,Personal Loan,1,240.0,8.0,95950.33,107250.67,17286.95,2024-04-09,1
LOAN0001255,CUST002120,Education Loan,1,60.0,2.0,24533.03,478266.97,113686.56,2024-02-20,1
LOAN0001256,CUST002660,BNPL,0,,,55613.6,0.0,0.0,2023-12-17,0
LOAN0001257,CUST000959,Personal Loan,0,,,405910.31,0.0,0.0,2024-07-29,0
LOAN0001258,CUST003465,BNPL,0,,,34957.77,0.0,0.0,2023-07-12,0
LOAN0001259,CUST000369,Personal Loan,0,,,372059.5,0.0,0.0,2024-08-30,0
LOAN0001260,CUST001875,Personal Loan,0,,,143327.16,0.0,0.0,2024-05-07,0
LOAN0001261,CUST007482,BNPL,0,,,47353.84,0.0,0.0,2023-10-14,0
LOAN0001262,CUST003255,Personal Loan,0,,,175697.1,0.0,0.0,2026-04-09,0
LOAN0001263,CUST006691,Personal Loan,0,,,111833.82,0.0,0.0,2026-02-22,0
LOAN0001264,CUST007184,SME Loan,0,,,657898.2,0.0,0.0,2026-02-27,0
LOAN0001265,CUST005827,Personal Loan,0,,,493596.9,0.0,0.0,2024-10-16,0
LOAN0001266,CUST009590,Personal Loan,0,,,349198.8,0.0,0.0,2025-11-22,0
LOAN0001267,CUST000223,BNPL,0,,,8813.98,0.0,0.0,2024-07-27,0
LOAN0001268,CUST007404,Personal Loan,0,,,362198.25,0.0,0.0,2023-04-06,0
LOAN0001269,CUST009590,Personal Loan,0,,,543486.78,0.0,0.0,2025-10-21,0
LOAN0001270,CUST008635,Personal Loan,0,,,359717.7,0.0,0.0,2024-03-05,0
LOAN0001271,CUST001690,Personal Loan,0,,,362039.8,0.0,0.0,2025-08-01,0
LOAN0001272,CUST003268,Personal Loan,0,,,501549.5,0.0,0.0,2024-10-25,0
LOAN0001273,CUST001736,Education Loan,0,,,761630.57,0.0,0.0,2026-10-19,0
LOAN0001274,CUST006026,Personal Loan,0,,,34875.2,0.0,0.0,2025-09-07,0
LOAN0001275,CUST007139,Personal Loan,0,,,112249.44,0.0,0.0,2026-02-21,0
LOAN0001276,CUST003171,Personal Loan,0,,,497515.0,0.0,0.0,2025-03-10,0
LOAN0001277,CUST005399,Personal Loan,0,,,694380.72,0.0,0.0,2025-09-21,0
LOAN0001278,CUST006930,Personal Loan,0,,,533791.61,0.0,0.0,2024-11-06,0
LOAN0001279,CUST004219,Personal Loan,0,,,542390.24,0.0,0.0,2025-12-30,0
LOAN0001280,CUST008553,SME Loan,0,,,691344.0,0.0,0.0,2024-06-02,0
LOAN0001281,CUST007724,SME Loan,0,,,477634.5,0.0,0.0,2025-03-24,0
LOAN0001282,CUST000653,BNPL,1,240.0,8.0,56380.56,0.0,0.0,2024-08-03,1
LOAN0001283,CUST006226,Personal Loan,1,60.0,2.0,1438.85,38414.15,6092.14,2024-02-11,1
LOAN0001284,CUST002359,Personal Loan,0,,,258842.1,0.0,0.0,2024-02-01,0
LOAN0001285,CUST005584,BNPL,1,240.0,8.0,29836.1,6545.9,1886.34,2024-05-19,1
LOAN0001286,CUST009571,BNPL,1,240.0,8.0,49215.6,0.0,0.0,2024-06-26,1
LOAN0001287,CUST008803,BNPL,1,90.0,3.0,17091.38,42333.62,7798.89,2023-01-21,1
LOAN0001288,CUST004052,BNPL,0,,,20563.8,0.0,0.0,2023-09-04,0
LOAN0001289,CUST002919,Personal Loan,0,,,120995.4,0.0,0.0,2024-06-12,0
LOAN0001290,CUST002349,BNPL,0,,,38921.22,0.0,0.0,2023-01-17,0
LOAN0001291,CUST005330,Personal Loan,0,,,81001.35,0.0,0.0,2026-03-29,0
LOAN0001292,CUST001155,BNPL,1,60.0,2.0,4008.11,11931.89,3244.3,2023-10-01,1
LOAN0001293,CUST005499,Personal Loan,1,210.0,7.0,74921.94,30168.06,9521.81,2023-07-26,1
LOAN0001294,CUST000015,Personal Loan,0,,,561918.89,0.0,0.0,2023-04-15,0
LOAN0001295,CUST003241,BNPL,0,,,11669.9,0.0,0.0,2024-03-21,0
LOAN0001296,CUST002203,BNPL,0,,,13817.94,0.0,0.0,2023-08-25,0
LOAN0001297,CUST009713,Personal Loan,0,,,455727.73,0.0,0.0,2025-07-20,0
LOAN0001298,CUST007290,Education Loan,0,,,265750.17,0.0,0.0,2025-04-18,0
LOAN0001299,CUST003491,BNPL,1,210.0,7.0,46590.1,0.0,0.0,2024-01-08,1
LOAN0001300,CUST000939,Personal Loan,0,,,486435.42,0.0,0.0,2024-04-30,0
LOAN0001301,CUST005175,Personal Loan,0,,,177706.72,0.0,0.0,2024-01-04,0
LOAN0001302,CUST002139,SME Loan,0,,,512189.26,0.0,0.0,2024-09-04,0
LOAN0001303,CUST005371,Personal Loan,1,120.0,4.0,102848.01,390214.99,111557.65,2024-04-16,1
LOAN0001304,CUST008367,Personal Loan,0,,,336470.64,0.0,0.0,2025-06-28,0
LOAN0001305,CUST006172,SME Loan,0,,,361008.6,0.0,0.0,2026-01-02,0
LOAN0001306,CUST006347,BNPL,0,,,44891.0,0.0,0.0,2023-09-25,0
LOAN0001307,CUST005416,BNPL,0,,,29221.5,0.0,0.0,2024-05-31,0
LOAN0001308,CUST009275,SME Loan,0,,,331131.51,0.0,0.0,2025-12-08,0
LOAN0001309,CUST009321,Personal Loan,0,,,190798.5,0.0,0.0,2026-02-11,0
LOAN0001310,CUST005134,Personal Loan,1,120.0,4.0,76629.18,280475.82,80977.58,2023-09-28,1
LOAN0001311,CUST003060,SME Loan,0,,,619703.14,0.0,0.0,2024-07-06,0
LOAN0001312,CUST004592,Personal Loan,0,,,365556.78,0.0,0.0,2026-07-16,0
LOAN0001313,CUST001876,Personal Loan,0,,,46208.68,0.0,0.0,2024-08-25,0
LOAN0001314,CUST006371,Personal Loan,0,,,188757.6,0.0,0.0,2025-08-30,0
LOAN0001315,CUST005009,Personal Loan,0,,,66072.58,0.0,0.0,2024-04-04,0
LOAN0001316,CUST001044,Personal Loan,0,,,131279.46,0.0,0.0,2026-01-01,0
LOAN0001317,CUST001981,Personal Loan,0,,,434185.44,0.0,0.0,2026-10-25,0
LOAN0001318,CUST004800,Personal Loan,0,,,402567.06,0.0,0.0,2025-02-11,0
LOAN0001319,CUST008887,Personal Loan,0,,,433478.3,0.0,0.0,2024-04-14,0
LOAN0001320,CUST005673,Personal Loan,0,,,504836.4,0.0,0.0,2026-05-06,0
LOAN0001321,CUST006830,Personal Loan,0,,,432499.44,0.0,0.0,2024-04-18,0
LOAN0001322,CUST003387,Personal Loan,0,,,12093.44,0.0,0.0,2024-06-19,0
LOAN0001323,CUST005726,Personal Loan,0,,,24867.75,0.0,0.0,2025-02-01,0
LOAN0001324,CUST004476,SME Loan,1,90.0,3.0,13617.56,155529.44,46329.09,2024-01-24,1
LOAN0001325,CUST006600,Personal Loan,1,120.0,4.0,2363.55,12825.45,3298.67,2023-12-25,1
LOAN0001326,CUST000512,Personal Loan,0,,,240396.66,0.0,0.0,2025-05-26,0
LOAN0001327,CUST004944,Personal Loan,0,,,423634.86,0.0,0.0,2024-05-19,0
LOAN0001328,CUST002963,BNPL,0,,,3452.7,0.0,0.0,2023-12-18,0
LOAN0001329,CUST003263,BNPL,0,,,13773.0,0.0,0.0,2024-05-22,0
LOAN0001330,CUST009610,SME Loan,0,,,97505.28,0.0,0.0,2024-06-13,0
LOAN0001331,CUST001836,Personal Loan,1,240.0,8.0,235868.94,0.0,0.0,2024-07-26,1
LOAN0001332,CUST003114,SME Loan,0,,,512699.25,0.0,0.0,2025-02-09,0
LOAN0001333,CUST005106,Personal Loan,0,,,423530.56,0.0,0.0,2026-07-30,0
LOAN0001334,CUST008642,BNPL,1,180.0,6.0,14653.95,0.0,0.0,2024-02-13,1
LOAN0001335,CUST004174,BNPL,0,,,30335.66,0.0,0.0,2023-09-16,0
LOAN0001336,CUST007454,Personal Loan,0,,,492807.15,0.0,0.0,2026-09-04,0
LOAN0001337,CUST008575,Education Loan,0,,,198550.32,0.0,0.0,2024-12-17,0
LOAN0001338,CUST003103,SME Loan,0,,,742673.0,0.0,0.0,2024-09-29,0
LOAN0001339,CUST003931,Personal Loan,0,,,185364.6,0.0,0.0,2026-04-01,0
LOAN0001340,CUST003567,Personal Loan,0,,,446888.3,0.0,0.0,2024-07-29,0
LOAN0001341,CUST008340,Personal Loan,0,,,607645.76,0.0,0.0,2026-06-30,0
LOAN0001342,CUST000449,BNPL,0,,,8156.08,0.0,0.0,2023-12-10,0
LOAN0001343,CUST003087,Personal Loan,0,,,550352.16,0.0,0.0,2026-09-10,0
LOAN0001344,CUST006808,Personal Loan,0,,,481642.14,0.0,0.0,2024-02-06,0
LOAN0001345,CUST005664,BNPL,0,,,51997.78,0.0,0.0,2022-12-01,0
LOAN0001346,CUST004363,Personal Loan,0,,,393071.2,0.0,0.0,2024-09-16,0
LOAN0001347,CUST005405,Personal Loan,0,,,369379.76,0.0,0.0,2024-07-09,0
LOAN0001348,CUST001980,Education Loan,0,,,968131.56,0.0,0.0,2027-07-19,0
LOAN0001349,CUST004308,Personal Loan,0,,,472437.68,0.0,0.0,2025-09-25,0
LOAN0001350,CUST005025,SME Loan,0,,,489418.56,0.0,0.0,2025-04-17,0
LOAN0001351,CUST009021,Personal Loan,0,,,469188.65,0.0,0.0,2026-08-21,0
LOAN0001352,CUST002613,Personal Loan,0,,,469755.91,0.0,0.0,2024-07-24,0
LOAN0001353,CUST008691,Personal Loan,0,,,411079.57,0.0,0.0,2024-10-05,0
LOAN0001354,CUST006449,Personal Loan,0,,,594190.25,0.0,0.0,2026-01-06,0
LOAN0001355,CUST000213,BNPL,1,240.0,8.0,16060.17,3957.83,794.79,2024-06-15,1
LOAN0001356,CUST007263,Personal Loan,0,,,620139.24,0.0,0.0,2025-06-10,0
LOAN0001357,CUST000360,BNPL,0,,,52059.15,0.0,0.0,2023-08-09,0
LOAN0001358,CUST009972,SME Loan,0,,,91876.2,0.0,0.0,2024-07-10,0
LOAN0001359,CUST008737,Personal Loan,1,210.0,7.0,78069.42,258219.58,67474.21,2023-12-23,1
LOAN0001360,CUST002975,Personal Loan,1,150.0,5.0,28862.8,152328.2,46990.57,2024-03-20,1
LOAN0001361,CUST002579,Personal Loan,0,,,374304.96,0.0,0.0,2025-12-05,0
LOAN0001362,CUST003820,BNPL,0,,,13258.24,0.0,0.0,2023-06-16,0
LOAN0001363,CUST003565,BNPL,1,210.0,7.0,50324.72,0.0,0.0,2024-02-05,1
LOAN0001364,CUST003728,Personal Loan,0,,,321568.52,0.0,0.0,2025-02-28,0
LOAN0001365,CUST003185,Personal Loan,1,180.0,6.0,19099.65,29858.35,6915.41,2023-10-06,1
LOAN0001366,CUST006226,Personal Loan,0,,,111354.49,0.0,0.0,2026-03-25,0
LOAN0001367,CUST001652,Personal Loan,0,,,309651.54,0.0,0.0,2026-02-28,0
LOAN0001368,CUST008472,Personal Loan,0,,,259747.08,0.0,0.0,2024-06-09,0
LOAN0001369,CUST008137,BNPL,0,,,53190.85,0.0,0.0,2024-04-23,0
LOAN0001370,CUST004763,Personal Loan,0,,,162834.0,0.0,0.0,2024-08-30,0
LOAN0001371,CUST008541,Personal Loan,0,,,75053.12,0.0,0.0,2026-07-18,0
LOAN0001372,CUST002475,Personal Loan,1,180.0,6.0,88242.45,245195.55,59747.81,2023-12-22,1
LOAN0001373,CUST000184,Education Loan,0,,,1067779.18,0.0,0.0,2026-04-21,0
LOAN0001374,CUST006209,Personal Loan,1,60.0,2.0,17019.67,192189.33,41283.94,2024-02-17,1
LOAN0001375,CUST004577,Personal Loan,1,180.0,6.0,130143.65,319969.35,36475.57,2024-05-23,1
LOAN0001376,CUST005681,Personal Loan,0,,,520645.62,0.0,0.0,2026-05-12,0
LOAN0001377,CUST009003,Personal Loan,0,,,377214.24,0.0,0.0,2025-12-19,0
LOAN0001378,CUST009699,Personal Loan,1,240.0,8.0,139638.94,297385.06,52679.41,2024-04-16,1
LOAN0001379,CUST006353,Personal Loan,0,,,184652.73,0.0,0.0,2024-04-21,0
LOAN0001380,CUST007652,Personal Loan,0,,,526681.87,0.0,0.0,2023-05-03,0
LOAN0001381,CUST000846,Personal Loan,0,,,382361.04,0.0,0.0,2025-05-02,0
LOAN0001382,CUST001618,SME Loan,0,,,667893.11,0.0,0.0,2025-05-21,0
LOAN0001383,CUST007350,Personal Loan,0,,,22439.2,0.0,0.0,2025-05-21,0
LOAN0001384,CUST004317,Personal Loan,0,,,506204.1,0.0,0.0,2026-01-25,0
LOAN0001385,CUST004461,BNPL,0,,,7310.8,0.0,0.0,2024-06-28,0
LOAN0001386,CUST003089,Personal Loan,0,,,161533.25,0.0,0.0,2026-04-01,0
LOAN0001387,CUST006086,Personal Loan,0,,,246776.4,0.0,0.0,2024-09-20,0
LOAN0001388,CUST001861,Personal Loan,0,,,288510.04,0.0,0.0,2026-03-02,0
LOAN0001389,CUST006283,Personal Loan,0,,,38386.44,0.0,0.0,2023-04-01,0
LOAN0001390,CUST001749,Personal Loan,0,,,263469.96,0.0,0.0,2024-03-28,0
LOAN0001391,CUST000647,Personal Loan,0,,,529471.8,0.0,0.0,2025-12-31,0
LOAN0001392,CUST003304,Personal Loan,0,,,258541.44,0.0,0.0,2026-06-23,0
LOAN0001393,CUST002318,Personal Loan,1,210.0,7.0,20936.76,73388.24,14725.34,2023-05-21,1
LOAN0001394,CUST008903,Personal Loan,0,,,59713.94,0.0,0.0,2025-06-02,0
LOAN0001395,CUST000556,Personal Loan,1,210.0,7.0,81174.18,99598.82,15767.39,2023-10-30,1
LOAN0001396,CUST001776,Personal Loan,0,,,513703.6,0.0,0.0,2024-09-19,0
LOAN0001397,CUST005494,BNPL,0,,,29727.66,0.0,0.0,2024-02-26,0
LOAN0001398,CUST004816,SME Loan,0,,,221111.7,0.0,0.0,2023-10-30,0
LOAN0001399,CUST000464,BNPL,0,,,37919.46,0.0,0.0,2024-05-18,0
LOAN0001400,CUST000077,SME Loan,0,,,457829.49,0.0,0.0,2025-04-14,0
LOAN0001401,CUST009878,Personal Loan,0,,,477091.16,0.0,0.0,2024-12-15,0
LOAN0001402,CUST006597,Personal Loan,1,210.0,7.0,20362.38,59291.62,14206.8,2024-01-07,1
LOAN0001403,CUST003655,Personal Loan,0,,,220133.25,0.0,0.0,2024-06-13,0
LOAN0001404,CUST004703,Personal Loan,0,,,137780.55,0.0,0.0,2024-08-02,0
LOAN0001405,CUST002668,BNPL,0,,,53749.3,0.0,0.0,2024-10-27,0
LOAN0001406,CUST003448,Personal Loan,0,,,112440.72,0.0,0.0,2024-02-12,0
LOAN0001407,CUST006497,BNPL,0,,,30162.37,0.0,0.0,2024-06-11,0
LOAN0001408,CUST008840,Personal Loan,1,90.0,3.0,93992.78,357310.22,119765.59,2023-11-16,1
LOAN0001409,CUST001850,Personal Loan,1,240.0,8.0,361153.94,12246.06,2425.02,2023-03-01,1
LOAN0001410,CUST008413,BNPL,1,180.0,6.0,25816.65,14936.35,5971.19,2023-02-14,1
LOAN0001411,CUST001229,SME Loan,0,,,655961.83,0.0,0.0,2025-04-18,0
LOAN0001412,CUST002155,SME Loan,0,,,487994.68,0.0,0.0,2025-09-28,0
LOAN0001413,CUST000376,Personal Loan,0,,,286484.48,0.0,0.0,2026-05-15,0
LOAN0001414,CUST001423,Personal Loan,0,,,524354.46,0.0,0.0,2026-06-02,0
LOAN0001415,CUST009178,BNPL,0,,,42084.16,0.0,0.0,2024-08-13,0
LOAN0001416,CUST004591,BNPL,0,,,14982.57,0.0,0.0,2024-05-25,0
LOAN0001417,CUST000785,Personal Loan,0,,,528107.8,0.0,0.0,2025-08-29,0
LOAN0001418,CUST009599,Personal Loan,0,,,346142.44,0.0,0.0,2025-02-20,0
LOAN0001419,CUST008802,Personal Loan,0,,,510925.14,0.0,0.0,2024-01-23,0
LOAN0001420,CUST007558,Personal Loan,1,150.0,5.0,33190.64,160728.36,62739.34,2024-03-24,1
LOAN0001421,CUST009336,Personal Loan,0,,,561333.36,0.0,0.0,2024-12-01,0
LOAN0001422,CUST002205,SME Loan,1,60.0,2.0,12450.07,164607.93,29241.54,2023-04-05,1
LOAN0001423,CUST008375,Personal Loan,0,,,217943.04,0.0,0.0,2024-08-29,0
LOAN0001424,CUST006921,SME Loan,0,,,305196.6,0.0,0.0,2023-11-11,0
LOAN0001425,CUST008710,Personal Loan,0,,,382993.64,0.0,0.0,2024-06-06,0
LOAN0001426,CUST007984,Personal Loan,0,,,143743.93,0.0,0.0,2025-02-08,0
LOAN0001427,CUST003461,Personal Loan,0,,,27580.3,0.0,0.0,2024-09-04,0
LOAN0001428,CUST007752,SME Loan,0,,,481048.74,0.0,0.0,2025-04-01,0
LOAN0001429,CUST002629,Personal Loan,1,120.0,4.0,17517.45,50279.55,7464.83,2023-10-17,1
LOAN0001430,CUST003286,Personal Loan,0,,,229923.33,0.0,0.0,2024-07-07,0
LOAN0001431,CUST001091,SME Loan,0,,,421441.28,0.0,0.0,2024-11-11,0
LOAN0001432,CUST009352,Personal Loan,1,240.0,8.0,19022.36,26638.64,6962.73,2024-07-08,1
LOAN0001433,CUST002915,Personal Loan,0,,,542291.0,0.0,0.0,2025-02-12,0
LOAN0001434,CUST005214,SME Loan,0,,,354989.03,0.0,0.0,2024-07-09,0
LOAN0001435,CUST003917,Personal Loan,0,,,360812.54,0.0,0.0,2024-07-22,0
LOAN0001436,CUST009601,Personal Loan,0,,,22724.66,0.0,0.0,2024-02-26,0
LOAN0001437,CUST003346,Personal Loan,1,120.0,4.0,30901.74,68912.26,22268.85,2023-03-22,1
LOAN0001438,CUST007794,BNPL,0,,,36198.18,0.0,0.0,2024-09-07,0
LOAN0001439,CUST008565,BNPL,1,180.0,6.0,4798.15,794.85,218.9,2022-11-03,1
LOAN0001440,CUST004356,BNPL,0,,,42389.44,0.0,0.0,2022-09-03,0
LOAN0001441,CUST003787,Personal Loan,1,90.0,3.0,30787.42,320154.58,50742.4,2024-03-19,1
LOAN0001442,CUST007491,Personal Loan,1,240.0,8.0,87355.1,228672.9,78871.42,2024-04-23,1
LOAN0001443,CUST009135,BNPL,0,,,30136.3,0.0,0.0,2024-01-12,0
LOAN0001444,CUST007561,BNPL,0,,,45025.38,0.0,0.0,2023-11-18,0
LOAN0001445,CUST002276,BNPL,0,,,25616.43,0.0,0.0,2024-09-10,0
LOAN0001446,CUST008896,Personal Loan,0,,,27237.24,0.0,0.0,2026-11-01,0
LOAN0001447,CUST003880,SME Loan,0,,,619585.47,0.0,0.0,2025-09-15,0
LOAN0001448,CUST005774,Personal Loan,0,,,311452.9,0.0,0.0,2025-07-26,0
LOAN0001449,CUST008329,Education Loan,0,,,575490.3,0.0,0.0,2025-07-27,0
LOAN0001450,CUST001893,Personal Loan,0,,,384441.54,0.0,0.0,2023-04-19,0
LOAN0001451,CUST007856,Personal Loan,0,,,126017.28,0.0,0.0,2025-04-04,0
LOAN0001452,CUST005973,Education Loan,1,240.0,8.0,220745.91,351304.09,66739.97,2024-07-27,1
LOAN0001453,CUST008943,Education Loan,1,150.0,5.0,33690.0,208686.0,72877.34,2022-11-20,1
LOAN0001454,CUST001732,Personal Loan,0,,,210815.88,0.0,0.0,2026-07-05,0
LOAN0001455,CUST004213,Personal Loan,1,120.0,4.0,16649.16,98833.84,15579.56,2024-02-04,1
LOAN0001456,CUST008340,Personal Loan,0,,,578252.92,0.0,0.0,2025-10-05,0
LOAN0001457,CUST000201,BNPL,0,,,18638.46,0.0,0.0,2024-04-14,0
LOAN0001458,CUST001135,Personal Loan,0,,,172773.12,0.0,0.0,2026-08-27,0
LOAN0001459,CUST009902,Personal Loan,0,,,403441.16,0.0,0.0,2025-10-14,0
LOAN0001460,CUST002808,Personal Loan,0,,,53840.4,0.0,0.0,2024-09-11,0
LOAN0001461,CUST009756,Personal Loan,0,,,538990.4,0.0,0.0,2025-03-16,0
LOAN0001462,CUST001834,Personal Loan,0,,,553689.1,0.0,0.0,2023-04-18,0
LOAN0001463,CUST003612,Personal Loan,1,240.0,8.0,117168.17,248146.83,90800.89,2024-04-07,1
LOAN0001464,CUST007541,BNPL,0,,,5624.82,0.0,0.0,2023-12-21,0
LOAN0001465,CUST006586,Personal Loan,1,90.0,3.0,8138.22,75188.78,14848.25,2022-12-16,1
LOAN0001466,CUST005826,Personal Loan,1,240.0,8.0,107705.08,239271.92,48283.44,2024-01-09,1
LOAN0001467,CUST005304,Education Loan,0,,,1051002.0,0.0,0.0,2025-09-26,0
LOAN0001468,CUST008445,Personal Loan,0,,,404084.07,0.0,0.0,2025-01-28,0
LOAN0001469,CUST002355,Personal Loan,0,,,465847.04,0.0,0.0,2025-07-07,0
LOAN0001470,CUST004426,Personal Loan,1,90.0,3.0,54007.54,295362.46,104757.46,2023-01-27,1
LOAN0001471,CUST001566,Personal Loan,1,150.0,5.0,15003.68,56356.32,6270.06,2023-07-03,1
LOAN0001472,CUST005971,SME Loan,0,,,682311.56,0.0,0.0,2025-02-06,0
LOAN0001473,CUST002508,Personal Loan,0,,,165340.36,0.0,0.0,2025-10-12,0
LOAN0001474,CUST003336,BNPL,0,,,31673.04,0.0,0.0,2024-08-09,0
LOAN0001475,CUST004710,SME Loan,0,,,647501.68,0.0,0.0,2026-02-23,0
LOAN0001476,CUST000277,SME Loan,0,,,192294.9,0.0,0.0,2025-03-20,0
LOAN0001477,CUST000928,Personal Loan,0,,,632708.72,0.0,0.0,2026-04-07,0
LOAN0001478,CUST006878,Personal Loan,0,,,65396.17,0.0,0.0,2024-03-02,0
LOAN0001479,CUST004291,BNPL,1,90.0,3.0,4024.88,11955.12,1509.46,2023-06-17,1
LOAN0001480,CUST008659,Personal Loan,0,,,81801.94,0.0,0.0,2024-10-25,0
LOAN0001481,CUST006966,Personal Loan,0,,,93877.11,0.0,0.0,2026-03-23,0
LOAN0001482,CUST000086,Personal Loan,1,120.0,4.0,29747.46,165871.54,18262.46,2022-08-05,1
LOAN0001483,CUST006181,Personal Loan,0,,,354994.74,0.0,0.0,2025-06-30,0
LOAN0001484,CUST000949,Education Loan,0,,,426846.65,0.0,0.0,2025-09-22,0
LOAN0001485,CUST007822,BNPL,0,,,18866.26,0.0,0.0,2022-12-26,0
LOAN0001486,CUST009914,Personal Loan,0,,,523663.58,0.0,0.0,2023-03-17,0
LOAN0001487,CUST005316,BNPL,1,90.0,3.0,50828.72,0.0,0.0,2023-06-03,1
LOAN0001488,CUST006844,Personal Loan,0,,,567761.28,0.0,0.0,2026-06-06,0
LOAN0001489,CUST002378,Personal Loan,0,,,383517.81,0.0,0.0,2025-01-17,0
LOAN0001490,CUST004375,Personal Loan,0,,,297370.44,0.0,0.0,2024-03-06,0
LOAN0001491,CUST008572,Personal Loan,1,150.0,5.0,93971.48,378324.52,81507.12,2024-03-22,1
LOAN0001492,CUST001685,Personal Loan,0,,,147449.16,0.0,0.0,2026-08-29,0
LOAN0001493,CUST002657,Education Loan,1,240.0,8.0,79606.45,368688.55,96754.21,2024-06-18,1
LOAN0001494,CUST004457,Personal Loan,0,,,672965.7,0.0,0.0,2026-09-01,0
LOAN0001495,CUST007140,Personal Loan,0,,,258201.57,0.0,0.0,2024-11-18,0
LOAN0001496,CUST003763,Personal Loan,0,,,607751.9,0.0,0.0,2026-07-27,0
LOAN0001497,CUST009281,Personal Loan,0,,,331379.07,0.0,0.0,2024-09-27,0
LOAN0001498,CUST000955,BNPL,0,,,9763.86,0.0,0.0,2024-01-15,0
LOAN0001499,CUST003711,Personal Loan,0,,,193797.44,0.0,0.0,2024-03-13,0
LOAN0001500,CUST007107,Personal Loan,0,,,362939.83,0.0,0.0,2024-11-09,0
LOAN0001501,CUST002267,Personal Loan,0,,,255638.25,0.0,0.0,2026-05-16,0
LOAN0001502,CUST006572,Personal Loan,0,,,468005.0,0.0,0.0,2023-10-15,0
LOAN0001503,CUST001651,Personal Loan,1,180.0,6.0,113020.0,186668.0,30549.23,2024-04-25,1
LOAN0001504,CUST000566,BNPL,0,,,28727.44,0.0,0.0,2024-08-04,0
LOAN0001505,CUST001224,SME Loan,0,,,643422.05,0.0,0.0,2025-01-08,0
LOAN0001506,CUST009303,Education Loan,0,,,885866.04,0.0,0.0,2024-06-12,0
LOAN0001507,CUST005524,SME Loan,0,,,598983.12,0.0,0.0,2024-12-24,0
LOAN0001508,CUST007978,Personal Loan,0,,,383309.73,0.0,0.0,2026-04-06,0
LOAN0001509,CUST003325,SME Loan,0,,,579709.44,0.0,0.0,2024-08-02,0
LOAN0001510,CUST005936,Personal Loan,0,,,465122.56,0.0,0.0,2026-08-07,0
LOAN0001511,CUST004958,Personal Loan,1,180.0,6.0,88798.85,179480.15,39235.88,2024-03-25,1
LOAN0001512,CUST009460,Personal Loan,0,,,53393.78,0.0,0.0,2025-08-12,0
LOAN0001513,CUST007489,Personal Loan,0,,,667272.9,0.0,0.0,2026-11-24,0
LOAN0001514,CUST007324,SME Loan,0,,,288738.75,0.0,0.0,2025-03-16,0
LOAN0001515,CUST000469,Personal Loan,0,,,125703.7,0.0,0.0,2024-04-15,0
LOAN0001516,CUST005503,Personal Loan,0,,,139715.66,0.0,0.0,2024-07-19,0
LOAN0001517,CUST004669,Personal Loan,0,,,311092.92,0.0,0.0,2026-12-22,0
LOAN0001518,CUST009281,Personal Loan,0,,,151819.2,0.0,0.0,2024-07-17,0
LOAN0001519,CUST002578,SME Loan,0,,,575925.91,0.0,0.0,2025-05-05,0
LOAN0001520,CUST002699,Personal Loan,0,,,451275.5,0.0,0.0,2026-01-22,0
LOAN0001521,CUST004122,Personal Loan,0,,,212217.57,0.0,0.0,2026-02-16,0
LOAN0001522,CUST002438,SME Loan,0,,,415725.2,0.0,0.0,2025-07-09,0
LOAN0001523,CUST001304,Personal Loan,0,,,26685.2,0.0,0.0,2024-07-28,0
LOAN0001524,CUST008586,BNPL,1,60.0,2.0,4430.41,29664.59,9111.76,2023-05-06,1
LOAN0001525,CUST005590,Personal Loan,0,,,219873.08,0.0,0.0,2026-03-25,0
LOAN0001526,CUST008626,Personal Loan,0,,,331820.44,0.0,0.0,2024-09-15,0
LOAN0001527,CUST008324,BNPL,0,,,26920.32,0.0,0.0,2023-07-02,0
LOAN0001528,CUST002823,Personal Loan,0,,,382571.28,0.0,0.0,2026-02-04,0
LOAN0001529,CUST005485,BNPL,0,,,35053.46,0.0,0.0,2024-02-11,0
LOAN0001530,CUST000840,SME Loan,0,,,749931.36,0.0,0.0,2025-12-03,0
LOAN0001531,CUST009155,Personal Loan,0,,,584875.5,0.0,0.0,2025-05-24,0
LOAN0001532,CUST004049,Education Loan,1,150.0,5.0,300485.12,639558.88,171732.72,2024-02-08,1
LOAN0001533,CUST003941,Personal Loan,1,210.0,7.0,94004.46,217550.54,60265.24,2024-05-02,1
LOAN0001534,CUST003029,SME Loan,0,,,97492.63,0.0,0.0,2025-06-14,0
LOAN0001535,CUST004602,BNPL,0,,,24884.78,0.0,0.0,2024-01-19,0
LOAN0001536,CUST002520,Personal Loan,0,,,547697.5,0.0,0.0,2026-06-07,0
LOAN0001537,CUST003752,SME Loan,0,,,135302.4,0.0,0.0,2026-07-13,0
LOAN0001538,CUST008013,Personal Loan,0,,,378190.4,0.0,0.0,2024-06-07,0
LOAN0001539,CUST008355,Personal Loan,0,,,417629.63,0.0,0.0,2025-09-06,0
LOAN0001540,CUST003044,BNPL,0,,,33891.92,0.0,0.0,2024-02-15,0
LOAN0001541,CUST004689,Personal Loan,1,90.0,3.0,9984.04,91485.96,28261.57,2023-12-19,1
LOAN0001542,CUST008748,Personal Loan,0,,,222589.86,0.0,0.0,2025-08-11,0
LOAN0001543,CUST000535,SME Loan,0,,,633736.08,0.0,0.0,2025-02-16,0
LOAN0001544,CUST008904,BNPL,0,,,49280.35,0.0,0.0,2024-04-04,0
LOAN0001545,CUST002196,BNPL,0,,,33829.74,0.0,0.0,2023-07-04,0
LOAN0001546,CUST006800,Personal Loan,0,,,138517.44,0.0,0.0,2024-11-19,0
LOAN0001547,CUST005839,Personal Loan,0,,,254233.98,0.0,0.0,2026-09-27,0
LOAN0001548,CUST005534,Personal Loan,0,,,510758.73,0.0,0.0,2025-11-30,0
LOAN0001549,CUST008604,Personal Loan,1,240.0,8.0,59259.69,122577.31,44622.3,2024-08-08,1
LOAN0001550,CUST001026,Personal Loan,0,,,570497.25,0.0,0.0,2026-01-07,0
LOAN0001551,CUST003466,BNPL,0,,,43612.92,0.0,0.0,2024-01-15,0
LOAN0001552,CUST005388,SME Loan,0,,,632426.74,0.0,0.0,2024-01-02,0
LOAN0001553,CUST008126,Personal Loan,0,,,58677.12,0.0,0.0,2026-01-22,0
LOAN0001554,CUST002169,Personal Loan,0,,,273196.44,0.0,0.0,2026-04-14,0
LOAN0001555,CUST008044,Personal Loan,0,,,629343.66,0.0,0.0,2026-09-05,0
LOAN0001556,CUST004003,Personal Loan,0,,,86536.0,0.0,0.0,2025-11-18,0
LOAN0001557,CUST001898,Personal Loan,0,,,215095.52,0.0,0.0,2024-02-27,0
LOAN0001558,CUST007601,Personal Loan,0,,,88935.6,0.0,0.0,2024-02-08,0
LOAN0001559,CUST000918,SME Loan,0,,,396677.6,0.0,0.0,2024-10-27,0
LOAN0001560,CUST005154,BNPL,0,,,13971.55,0.0,0.0,2023-08-24,0
LOAN0001561,CUST000647,Personal Loan,0,,,390724.32,0.0,0.0,2025-03-29,0
LOAN0001562,CUST003566,SME Loan,0,,,582082.0,0.0,0.0,2023-12-07,0
LOAN0001563,CUST006023,Education Loan,0,,,753059.0,0.0,0.0,2026-07-29,0
LOAN0001564,CUST005569,BNPL,0,,,3808.0,0.0,0.0,2024-02-06,0
LOAN0001565,CUST004053,Education Loan,0,,,975700.44,0.0,0.0,2025-03-16,0
LOAN0001566,CUST004292,Personal Loan,0,,,39098.25,0.0,0.0,2025-03-21,0
LOAN0001567,CUST002273,Personal Loan,0,,,226137.73,0.0,0.0,2024-05-06,0
LOAN0001568,CUST004555,BNPL,0,,,21693.55,0.0,0.0,2023-06-19,0
LOAN0001569,CUST009535,Personal Loan,0,,,55626.64,0.0,0.0,2025-06-29,0
LOAN0001570,CUST008520,BNPL,0,,,52605.16,0.0,0.0,2023-11-19,0
LOAN0001571,CUST001467,SME Loan,0,,,253105.2,0.0,0.0,2025-08-28,0
LOAN0001572,CUST000305,BNPL,0,,,6116.46,0.0,0.0,2023-03-23,0
LOAN0001573,CUST009337,Personal Loan,0,,,60733.8,0.0,0.0,2025-01-25,0
LOAN0001574,CUST005271,Personal Loan,1,120.0,4.0,123627.57,210866.43,36750.39,2023-08-08,1
LOAN0001575,CUST005384,Personal Loan,0,,,50621.34,0.0,0.0,2023-12-09,0
LOAN0001576,CUST007820,Personal Loan,0,,,20414.93,0.0,0.0,2025-07-23,0
LOAN0001577,CUST003149,BNPL,0,,,60847.38,0.0,0.0,2024-04-03,0
LOAN0001578,CUST004825,Personal Loan,0,,,395773.95,0.0,0.0,2025-07-01,0
LOAN0001579,CUST009688,SME Loan,0,,,689609.2,0.0,0.0,2025-04-08,0
LOAN0001580,CUST006729,SME Loan,0,,,724625.7,0.0,0.0,2026-06-20,0
LOAN0001581,CUST001548,Personal Loan,0,,,188167.66,0.0,0.0,2025-10-02,0
LOAN0001582,CUST001346,Personal Loan,0,,,607276.44,0.0,0.0,2026-11-30,0
LOAN0001583,CUST002048,Personal Loan,0,,,389444.02,0.0,0.0,2024-06-01,0
LOAN0001584,CUST007675,Personal Loan,0,,,556290.88,0.0,0.0,2025-10-11,0
LOAN0001585,CUST002956,SME Loan,0,,,195689.44,0.0,0.0,2024-10-13,0
LOAN0001586,CUST000222,BNPL,0,,,34614.93,0.0,0.0,2024-07-25,0
LOAN0001587,CUST009444,BNPL,0,,,5207.3,0.0,0.0,2024-01-14,0
LOAN0001588,CUST001707,Personal Loan,0,,,540694.56,0.0,0.0,2026-07-23,0
LOAN0001589,CUST000098,Personal Loan,0,,,222975.94,0.0,0.0,2024-10-12,0
LOAN0001590,CUST002375,Personal Loan,0,,,459096.12,0.0,0.0,2025-01-22,0
LOAN0001591,CUST002355,SME Loan,0,,,663887.85,0.0,0.0,2024-07-30,0
LOAN0001592,CUST004226,Personal Loan,0,,,282219.66,0.0,0.0,2025-10-05,0
LOAN0001593,CUST009208,Personal Loan,0,,,151764.9,0.0,0.0,2023-07-12,0
LOAN0001594,CUST008803,SME Loan,0,,,394361.28,0.0,0.0,2024-02-27,0
LOAN0001595,CUST004566,Personal Loan,0,,,72587.28,0.0,0.0,2024-04-22,0
LOAN0001596,CUST004118,Personal Loan,0,,,247514.74,0.0,0.0,2024-05-19,0
LOAN0001597,CUST005557,Personal Loan,1,120.0,4.0,66672.36,99231.64,12332.84,2023-11-20,1
LOAN0001598,CUST002439,Personal Loan,0,,,480430.67,0.0,0.0,2025-10-16,0
LOAN0001599,CUST000530,Education Loan,1,60.0,2.0,25357.61,913591.39,106168.15,2023-01-02,1
LOAN0001600,CUST009395,Personal Loan,0,,,512864.03,0.0,0.0,2023-11-06,0
LOAN0001601,CUST001877,Personal Loan,0,,,144764.55,0.0,0.0,2025-09-18,0
LOAN0001602,CUST001988,Personal Loan,1,90.0,3.0,31117.74,287869.26,99183.38,2023-09-13,1
LOAN0001603,CUST004721,Personal Loan,0,,,82006.54,0.0,0.0,2024-03-06,0
LOAN0001604,CUST004927,Personal Loan,0,,,326768.4,0.0,0.0,2025-08-14,0
LOAN0001605,CUST000194,BNPL,0,,,32908.24,0.0,0.0,2023-08-12,0
LOAN0001606,CUST001492,Personal Loan,0,,,261738.11,0.0,0.0,2025-03-25,0
LOAN0001607,CUST003787,Personal Loan,1,150.0,5.0,25486.12,114599.88,22536.86,2024-05-15,1
LOAN0001608,CUST006854,SME Loan,0,,,121744.44,0.0,0.0,2026-06-09,0
LOAN0001609,CUST002289,Personal Loan,1,150.0,5.0,43956.6,143318.4,50308.67,2024-03-30,1
LOAN0001610,CUST004235,BNPL,0,,,39203.88,0.0,0.0,2024-06-04,0
LOAN0001611,CUST005582,Personal Loan,0,,,163920.0,0.0,0.0,2024-11-22,0
LOAN0001612,CUST008899,Personal Loan,0,,,398813.74,0.0,0.0,2024-12-25,0
LOAN0001613,CUST003262,Personal Loan,0,,,149963.52,0.0,0.0,2023-11-15,0
LOAN0001614,CUST001348,BNPL,1,210.0,7.0,11590.92,7098.08,2799.26,2024-06-19,1
LOAN0001615,CUST004903,Personal Loan,0,,,567507.38,0.0,0.0,2024-06-30,0
LOAN0001616,CUST007482,SME Loan,0,,,591838.8,0.0,0.0,2024-06-11,0
LOAN0001617,CUST001111,Education Loan,1,60.0,2.0,59813.68,736668.32,251111.57,2022-12-06,1
LOAN0001618,CUST004251,Personal Loan,1,90.0,3.0,28188.18,299056.82,80446.38,2023-04-18,1
LOAN0001619,CUST000186,BNPL,1,60.0,2.0,13049.77,38818.23,13083.01,2023-10-07,1
LOAN0001620,CUST000342,Personal Loan,0,,,160771.52,0.0,0.0,2024-07-06,0
LOAN0001621,CUST004835,Personal Loan,1,240.0,8.0,137144.35,306933.65,91243.17,2024-07-20,1
LOAN0001622,CUST002984,Education Loan,0,,,456422.38,0.0,0.0,2025-11-30,0
LOAN0001623,CUST008461,Personal Loan,1,210.0,7.0,26953.32,66639.68,8076.58,2023-08-12,1
LOAN0001624,CUST006034,Personal Loan,0,,,504801.28,0.0,0.0,2026-08-13,0
LOAN0001625,CUST004536,Personal Loan,0,,,258158.46,0.0,0.0,2024-12-23,0
LOAN0001626,CUST004087,Personal Loan,0,,,23872.53,0.0,0.0,2026-09-15,0
LOAN0001627,CUST004980,Personal Loan,0,,,424953.1,0.0,0.0,2024-08-30,0
LOAN0001628,CUST000411,Personal Loan,0,,,521431.95,0.0,0.0,2024-06-18,0
LOAN0001629,CUST008938,Education Loan,0,,,492718.08,0.0,0.0,2026-03-23,0
LOAN0001630,CUST009981,Personal Loan,0,,,363921.89,0.0,0.0,2025-04-27,0
LOAN0001631,CUST001824,Personal Loan,0,,,655118.64,0.0,0.0,2026-11-28,0
LOAN0001632,CUST001218,SME Loan,0,,,675901.6,0.0,0.0,2024-07-03,0
LOAN0001633,CUST001451,BNPL,0,,,47395.74,0.0,0.0,2024-02-02,0
LOAN0001634,CUST006619,BNPL,0,,,11505.7,0.0,0.0,2023-10-20,0
LOAN0001635,CUST006622,Personal Loan,0,,,537189.66,0.0,0.0,2025-04-08,0
LOAN0001636,CUST008493,Personal Loan,0,,,453453.7,0.0,0.0,2026-08-02,0
LOAN0001637,CUST007532,Personal Loan,0,,,538049.4,0.0,0.0,2026-05-06,0
LOAN0001638,CUST004495,SME Loan,0,,,405002.6,0.0,0.0,2024-05-18,0
LOAN0001639,CUST006142,Personal Loan,0,,,337331.88,0.0,0.0,2024-08-11,0
LOAN0001640,CUST006903,Personal Loan,0,,,365033.41,0.0,0.0,2024-06-23,0
LOAN0001641,CUST005134,BNPL,0,,,58383.76,0.0,0.0,2023-11-18,0
LOAN0001642,CUST004755,Education Loan,0,,,1088603.0,0.0,0.0,2025-08-24,0
LOAN0001643,CUST006458,Personal Loan,1,210.0,7.0,113394.9,148385.1,17116.11,2024-07-02,1
LOAN0001644,CUST005583,Education Loan,0,,,710685.31,0.0,0.0,2025-02-18,0
LOAN0001645,CUST006446,Personal Loan,1,120.0,4.0,23401.23,93021.77,36679.86,2023-02-28,1
LOAN0001646,CUST006142,BNPL,0,,,55529.1,0.0,0.0,2023-03-21,0
LOAN0001647,CUST007206,Personal Loan,0,,,454802.88,0.0,0.0,2024-08-28,0
LOAN0001648,CUST006435,SME Loan,0,,,213325.42,0.0,0.0,2023-06-07,0
LOAN0001649,CUST005204,Personal Loan,0,,,369581.52,0.0,0.0,2025-12-03,0
LOAN0001650,CUST006833,Personal Loan,1,120.0,4.0,31485.33,225680.67,76112.22,2023-11-30,1
LOAN0001651,CUST004493,Personal Loan,0,,,413879.4,0.0,0.0,2024-06-02,0
LOAN0001652,CUST002419,Personal Loan,0,,,89076.0,0.0,0.0,2025-02-10,0
LOAN0001653,CUST000016,Personal Loan,0,,,357658.2,0.0,0.0,2026-07-07,0
LOAN0001654,CUST005606,Personal Loan,0,,,132754.68,0.0,0.0,2026-09-11,0
LOAN0001655,CUST005916,Personal Loan,0,,,369182.55,0.0,0.0,2026-02-24,0
LOAN0001656,CUST009721,Personal Loan,1,240.0,8.0,104055.42,188572.58,64644.6,2024-06-04,1
LOAN0001657,CUST003615,BNPL,1,90.0,3.0,2549.76,8670.24,2774.26,2023-12-08,1
LOAN0001658,CUST003945,Personal Loan,0,,,612297.6,0.0,0.0,2025-12-11,0
LOAN0001659,CUST002023,SME Loan,0,,,539131.78,0.0,0.0,2024-12-26,0
LOAN0001660,CUST000714,Personal Loan,1,120.0,4.0,43342.26,167830.74,37975.72,2024-01-15,1
LOAN0001661,CUST007737,SME Loan,0,,,72212.58,0.0,0.0,2023-11-24,0
LOAN0001662,CUST002499,SME Loan,1,180.0,6.0,202076.15,267253.85,94003.47,2024-02-22,1
LOAN0001663,CUST006101,Personal Loan,1,240.0,8.0,267450.33,162870.67,57549.62,2023-08-25,1
LOAN0001664,CUST006896,Education Loan,0,,,680258.88,0.0,0.0,2026-12-31,0
LOAN0001665,CUST004710,Personal Loan,0,,,327066.32,0.0,0.0,2024-11-05,0
LOAN0001666,CUST008776,Personal Loan,0,,,189787.26,0.0,0.0,2023-11-13,0
LOAN0001667,CUST004439,SME Loan,0,,,766822.28,0.0,0.0,2025-04-25,0
LOAN0001668,CUST002851,Personal Loan,0,,,262822.4,0.0,0.0,2023-12-08,0
LOAN0001669,CUST008970,Personal Loan,0,,,571094.72,0.0,0.0,2026-04-30,0
LOAN0001670,CUST008628,Education Loan,0,,,1047286.02,0.0,0.0,2025-09-07,0
LOAN0001671,CUST001649,SME Loan,1,240.0,8.0,104332.69,215951.31,32051.81,2023-10-13,1
LOAN0001672,CUST000269,Personal Loan,1,240.0,8.0,210920.29,158132.71,33278.56,2024-06-20,1
LOAN0001673,CUST000910,Personal Loan,0,,,262900.8,0.0,0.0,2026-01-02,0
LOAN0001674,CUST002868,Personal Loan,0,,,106928.25,0.0,0.0,2023-12-29,0
LOAN0001675,CUST009723,BNPL,0,,,18437.12,0.0,0.0,2024-04-05,0
LOAN0001676,CUST005593,BNPL,0,,,59442.84,0.0,0.0,2023-11-14,0
LOAN0001677,CUST003737,Personal Loan,0,,,127826.16,0.0,0.0,2025-10-26,0
LOAN0001678,CUST008900,SME Loan,0,,,705929.6,0.0,0.0,2025-10-29,0
LOAN0001679,CUST004527,Personal Loan,0,,,301685.89,0.0,0.0,2024-01-10,0
LOAN0001680,CUST003153,BNPL,0,,,8727.3,0.0,0.0,2023-02-14,0
LOAN0001681,CUST009414,BNPL,0,,,55222.5,0.0,0.0,2024-05-15,0
LOAN0001682,CUST008510,Personal Loan,0,,,252150.0,0.0,0.0,2025-03-27,0
LOAN0001683,CUST008447,Personal Loan,0,,,415700.39,0.0,0.0,2024-11-24,0
LOAN0001684,CUST005129,Personal Loan,0,,,346435.32,0.0,0.0,2026-08-24,0
LOAN0001685,CUST007908,BNPL,0,,,36651.42,0.0,0.0,2024-03-15,0
LOAN0001686,CUST001803,BNPL,1,150.0,5.0,2813.96,1242.04,154.24,2024-01-04,1
LOAN0001687,CUST005743,BNPL,1,210.0,7.0,14783.52,4083.48,549.3,2023-05-28,1
LOAN0001688,CUST009833,Personal Loan,1,120.0,4.0,53291.37,320497.63,55041.49,2023-11-28,1
LOAN0001689,CUST002914,SME Loan,1,240.0,8.0,161294.7,313849.3,89192.2,2024-02-08,1
LOAN0001690,CUST007957,Personal Loan,0,,,256801.3,0.0,0.0,2025-09-07,0
LOAN0001691,CUST004916,SME Loan,0,,,645449.52,0.0,0.0,2025-11-19,0
LOAN0001692,CUST000403,Personal Loan,0,,,280603.26,0.0,0.0,2025-04-11,0
LOAN0001693,CUST007641,BNPL,0,,,11096.28,0.0,0.0,2023-11-15,0
LOAN0001694,CUST001696,BNPL,0,,,14922.32,0.0,0.0,2024-04-07,0
LOAN0001695,CUST006324,Personal Loan,1,60.0,2.0,57927.07,406316.93,99239.89,2023-09-03,1
LOAN0001696,CUST000864,BNPL,1,150.0,5.0,31440.33,0.0,0.0,2023-02-23,1
LOAN0001697,CUST009471,Personal Loan,0,,,109049.43,0.0,0.0,2025-09-06,0
LOAN0001698,CUST002922,SME Loan,0,,,379623.69,0.0,0.0,2023-07-01,0
LOAN0001699,CUST002271,Personal Loan,0,,,105162.0,0.0,0.0,2025-07-19,0
LOAN0001700,CUST001304,BNPL,1,120.0,4.0,10964.43,7185.57,1522.51,2024-02-28,1
LOAN0001701,CUST009463,SME Loan,1,60.0,2.0,12621.58,251748.42,71192.84,2022-10-22,1
LOAN0001702,CUST007137,BNPL,0,,,57359.19,0.0,0.0,2024-07-18,0
LOAN0001703,CUST007431,Personal Loan,0,,,231098.35,0.0,0.0,2026-09-05,0
LOAN0001704,CUST005002,BNPL,0,,,19914.66,0.0,0.0,2024-01-21,0
LOAN0001705,CUST004745,Personal Loan,0,,,353438.5,0.0,0.0,2025-11-30,0
LOAN0001706,CUST001114,Personal Loan,0,,,291085.39,0.0,0.0,2024-07-03,0
LOAN0001707,CUST005605,SME Loan,0,,,330512.04,0.0,0.0,2024-09-21,0
LOAN0001708,CUST002472,SME Loan,0,,,195651.9,0.0,0.0,2026-06-09,0
LOAN0001709,CUST009774,BNPL,1,240.0,8.0,35772.6,0.0,0.0,2024-06-03,1
LOAN0001710,CUST007980,Personal Loan,1,180.0,6.0,34758.65,84026.35,10349.37,2023-07-26,1
LOAN0001711,CUST004137,Personal Loan,0,,,307593.36,0.0,0.0,2024-04-12,0
LOAN0001712,CUST001524,Personal Loan,0,,,331971.0,0.0,0.0,2024-09-15,0
LOAN0001713,CUST007865,Personal Loan,0,,,97163.5,0.0,0.0,2025-08-28,0
LOAN0001714,CUST001235,Personal Loan,0,,,275393.04,0.0,0.0,2024-06-23,0
LOAN0001715,CUST001901,BNPL,0,,,22719.15,0.0,0.0,2024-03-15,0
LOAN0001716,CUST002120,BNPL,0,,,57353.61,0.0,0.0,2024-03-29,0
LOAN0001717,CUST005577,Personal Loan,0,,,223892.0,0.0,0.0,2025-04-20,0
LOAN0001718,CUST007883,Personal Loan,0,,,221262.08,0.0,0.0,2025-09-24,0
LOAN0001719,CUST003146,BNPL,0,,,11306.04,0.0,0.0,2024-03-07,0
LOAN0001720,CUST000855,Personal Loan,0,,,131426.32,0.0,0.0,2023-06-02,0
LOAN0001721,CUST004645,Personal Loan,0,,,458021.16,0.0,0.0,2024-02-18,0
LOAN0001722,CUST007494,Personal Loan,1,90.0,3.0,44350.34,405197.66,50802.22,2024-03-25,1
LOAN0001723,CUST002223,Personal Loan,0,,,138390.82,0.0,0.0,2026-04-20,0
LOAN0001724,CUST002203,BNPL,0,,,50482.86,0.0,0.0,2023-10-25,0
LOAN0001725,CUST009475,SME Loan,0,,,159299.84,0.0,0.0,2024-08-03,0
LOAN0001726,CUST009544,Personal Loan,0,,,357155.1,0.0,0.0,2024-07-25,0
LOAN0001727,CUST009902,BNPL,0,,,34334.04,0.0,0.0,2023-10-30,0
LOAN0001728,CUST008090,BNPL,1,240.0,8.0,36583.54,13374.46,1738.49,2023-08-10,1
LOAN0001729,CUST001891,Personal Loan,0,,,160600.55,0.0,0.0,2023-09-09,0
LOAN0001730,CUST002125,Personal Loan,0,,,131312.74,0.0,0.0,2025-01-17,0
LOAN0001731,CUST003401,Personal Loan,1,120.0,4.0,70833.06,346967.94,78846.86,2024-01-01,1
LOAN0001732,CUST003184,Personal Loan,0,,,179351.9,0.0,0.0,2026-04-24,0
LOAN0001733,CUST009567,Personal Loan,0,,,374080.96,0.0,0.0,2025-03-18,0
LOAN0001734,CUST007903,Personal Loan,0,,,424550.72,0.0,0.0,2024-05-21,0
LOAN0001735,CUST007257,Personal Loan,0,,,315806.7,0.0,0.0,2025-10-26,0
LOAN0001736,CUST001870,Personal Loan,0,,,344895.35,0.0,0.0,2025-11-27,0
LOAN0001737,CUST009102,Personal Loan,0,,,301554.96,0.0,0.0,2024-12-30,0
LOAN0001738,CUST008292,Personal Loan,0,,,360657.75,0.0,0.0,2025-02-14,0
LOAN0001739,CUST001646,SME Loan,1,90.0,3.0,5286.36,45400.64,10602.81,2024-03-21,1
LOAN0001740,CUST008723,BNPL,0,,,17036.65,0.0,0.0,2023-10-26,0
LOAN0001741,CUST002724,Personal Loan,0,,,251605.2,0.0,0.0,2024-02-29,0
LOAN0001742,CUST000817,BNPL,0,,,57717.72,0.0,0.0,2024-02-03,0
LOAN0001743,CUST006577,SME Loan,0,,,626141.76,0.0,0.0,2026-02-27,0
LOAN0001744,CUST006548,Personal Loan,1,210.0,7.0,53398.98,193770.02,19687.88,2024-01-17,1
LOAN0001745,CUST000960,Personal Loan,0,,,492025.14,0.0,0.0,2025-07-22,0
LOAN0001746,CUST003190,SME Loan,0,,,376849.28,0.0,0.0,2026-06-26,0
LOAN0001747,CUST009927,Personal Loan,1,60.0,2.0,1687.35,37829.65,6733.19,2023-07-31,1
LOAN0001748,CUST006799,Personal Loan,1,210.0,7.0,87635.88,0.0,0.0,2024-03-28,1
LOAN0001749,CUST007320,SME Loan,0,,,690120.2,0.0,0.0,2025-07-02,0
LOAN0001750,CUST002134,BNPL,0,,,39742.8,0.0,0.0,2023-10-11,0
LOAN0001751,CUST000796,Education Loan,1,150.0,5.0,16968.6,110615.4,15998.02,2024-04-28,1
LOAN0001752,CUST002771,Personal Loan,1,90.0,3.0,14116.38,151046.62,21567.5,2023-08-18,1
LOAN0001753,CUST002493,Personal Loan,1,60.0,2.0,9682.98,196539.02,50131.88,2023-11-21,1
LOAN0001754,CUST002351,SME Loan,1,210.0,7.0,244931.46,119526.54,18272.79,2024-07-22,1
LOAN0001755,CUST001933,Personal Loan,0,,,188187.0,0.0,0.0,2023-08-15,0
LOAN0001756,CUST005758,Personal Loan,1,60.0,2.0,16219.68,336039.32,36708.69,2023-09-20,1
LOAN0001757,CUST003281,BNPL,0,,,3413.94,0.0,0.0,2024-06-29,0
LOAN0001758,CUST008219,Personal Loan,0,,,553421.4,0.0,0.0,2025-11-20,0
LOAN0001759,CUST001849,Education Loan,1,150.0,5.0,74952.0,558500.0,194752.93,2024-04-28,1
LOAN0001760,CUST004646,Personal Loan,0,,,216992.0,0.0,0.0,2025-07-03,0
LOAN0001761,CUST000144,Personal Loan,1,90.0,3.0,24532.68,258849.32,64941.48,2023-11-14,1
LOAN0001762,CUST004824,BNPL,0,,,8073.75,0.0,0.0,2024-03-03,0
LOAN0001763,CUST000565,Personal Loan,1,180.0,6.0,31300.35,112494.65,25681.66,2024-02-26,1
LOAN0001764,CUST009779,Personal Loan,0,,,209723.02,0.0,0.0,2025-11-26,0
LOAN0001765,CUST007919,Personal Loan,0,,,150462.18,0.0,0.0,2026-09-20,0
LOAN0001766,CUST004912,Personal Loan,0,,,561310.16,0.0,0.0,2024-12-17,0
LOAN0001767,CUST000873,Personal Loan,1,240.0,8.0,116258.38,188347.62,46712.02,2024-07-12,1
LOAN0001768,CUST005935,Personal Loan,0,,,90051.12,0.0,0.0,2026-07-19,0
LOAN0001769,CUST007599,SME Loan,0,,,293979.97,0.0,0.0,2025-05-19,0
LOAN0001770,CUST001916,BNPL,1,60.0,2.0,7039.58,40782.42,14598.32,2023-01-13,1
LOAN0001771,CUST005692,Personal Loan,0,,,46907.0,0.0,0.0,2025-03-30,0
LOAN0001772,CUST008157,Personal Loan,1,210.0,7.0,67634.4,166095.6,30513.12,2023-04-26,1
LOAN0001773,CUST007690,Education Loan,0,,,512398.27,0.0,0.0,2025-02-12,0
LOAN0001774,CUST008044,Personal Loan,0,,,486006.6,0.0,0.0,2024-11-18,0
LOAN0001775,CUST008805,Personal Loan,0,,,70598.25,0.0,0.0,2025-04-01,0
LOAN0001776,CUST009379,Education Loan,0,,,460030.22,0.0,0.0,2024-12-06,0
LOAN0001777,CUST004063,Personal Loan,0,,,560630.79,0.0,0.0,2024-03-24,0
LOAN0001778,CUST005697,Personal Loan,0,,,741289.5,0.0,0.0,2026-09-28,0
LOAN0001779,CUST007920,BNPL,1,210.0,7.0,21940.86,12935.14,2936.02,2023-09-29,1
LOAN0001780,CUST006990,BNPL,0,,,60158.28,0.0,0.0,2024-03-19,0
LOAN0001781,CUST009956,Personal Loan,1,60.0,2.0,19990.95,437146.05,156951.36,2023-12-14,1
LOAN0001782,CUST000144,SME Loan,0,,,449770.52,0.0,0.0,2025-04-26,0
LOAN0001783,CUST003554,Personal Loan,1,60.0,2.0,12808.2,293342.8,65700.42,2023-09-09,1
LOAN0001784,CUST002813,Personal Loan,0,,,118539.99,0.0,0.0,2024-09-23,0
LOAN0001785,CUST002628,Personal Loan,0,,,189720.58,0.0,0.0,2024-11-20,0
LOAN0001786,CUST002233,SME Loan,0,,,698500.11,0.0,0.0,2025-11-17,0
LOAN0001787,CUST007110,Personal Loan,0,,,505365.44,0.0,0.0,2023-07-22,0
LOAN0001788,CUST000856,Personal Loan,0,,,459354.49,0.0,0.0,2026-05-03,0
LOAN0001789,CUST007431,Personal Loan,0,,,192808.56,0.0,0.0,2024-05-22,0
LOAN0001790,CUST006955,Education Loan,0,,,668532.72,0.0,0.0,2025-12-12,0
LOAN0001791,CUST002512,Education Loan,0,,,290172.5,0.0,0.0,2027-01-05,0
LOAN0001792,CUST002532,Education Loan,0,,,984516.19,0.0,0.0,2027-04-06,0
LOAN0001793,CUST006302,SME Loan,1,120.0,4.0,76335.78,447102.22,80764.82,2023-10-11,1
LOAN0001794,CUST007632,Personal Loan,0,,,195357.4,0.0,0.0,2024-07-23,0
LOAN0001795,CUST008778,Personal Loan,0,,,280653.34,0.0,0.0,2025-02-14,0
LOAN0001796,CUST008535,BNPL,1,60.0,2.0,7295.71,7132.29,794.15,2023-11-18,1
LOAN0001797,CUST009649,Personal Loan,1,90.0,3.0,18404.18,65096.82,25111.09,2023-12-23,1
LOAN0001798,CUST005829,BNPL,0,,,10760.85,0.0,0.0,2023-05-16,0
LOAN0001799,CUST009094,Personal Loan,0,,,365122.8,0.0,0.0,2026-04-11,0
LOAN0001800,CUST008099,Personal Loan,0,,,341622.4,0.0,0.0,2025-07-05,0
LOAN0001801,CUST008958,BNPL,0,,,51804.84,0.0,0.0,2024-04-15,0
LOAN0001802,CUST000121,Education Loan,0,,,850297.28,0.0,0.0,2024-09-03,0
LOAN0001803,CUST009661,BNPL,0,,,59727.0,0.0,0.0,2024-05-08,0
LOAN0001804,CUST004733,SME Loan,0,,,416725.56,0.0,0.0,2026-05-29,0
LOAN0001805,CUST007996,BNPL,0,,,45558.4,0.0,0.0,2024-04-30,0
LOAN0001806,CUST001284,Personal Loan,1,150.0,5.0,45578.04,181050.96,45806.11,2023-08-17,1
LOAN0001807,CUST003965,Personal Loan,0,,,229622.16,0.0,0.0,2025-09-06,0
LOAN0001808,CUST002716,BNPL,0,,,7146.8,0.0,0.0,2024-07-14,0
LOAN0001809,CUST002921,Personal Loan,1,180.0,6.0,50580.75,167205.25,60555.52,2024-06-13,1
LOAN0001810,CUST001246,BNPL,0,,,21787.85,0.0,0.0,2024-01-02,0
LOAN0001811,CUST008072,Personal Loan,0,,,366305.8,0.0,0.0,2025-05-18,0
LOAN0001812,CUST000096,Personal Loan,0,,,295901.32,0.0,0.0,2024-09-06,0
LOAN0001813,CUST003127,Personal Loan,0,,,174007.05,0.0,0.0,2024-06-02,0
LOAN0001814,CUST001755,SME Loan,0,,,65942.28,0.0,0.0,2023-11-16,0
LOAN0001815,CUST005901,Personal Loan,0,,,405599.67,0.0,0.0,2023-08-16,0
LOAN0001816,CUST002546,Personal Loan,0,,,95767.38,0.0,0.0,2025-10-19,0
LOAN0001817,CUST002593,BNPL,0,,,24678.04,0.0,0.0,2023-03-08,0
LOAN0001818,CUST004892,Personal Loan,0,,,433829.77,0.0,0.0,2024-11-04,0
LOAN0001819,CUST006537,Personal Loan,0,,,30634.4,0.0,0.0,2025-08-30,0
LOAN0001820,CUST001226,Personal Loan,0,,,589198.74,0.0,0.0,2026-02-10,0
LOAN0001821,CUST001767,BNPL,0,,,10855.2,0.0,0.0,2023-10-28,0
LOAN0001822,CUST002475,Personal Loan,0,,,207793.69,0.0,0.0,2025-06-24,0
LOAN0001823,CUST009737,Personal Loan,0,,,508352.21,0.0,0.0,2025-08-29,0
LOAN0001824,CUST003977,Personal Loan,1,240.0,8.0,104750.24,169104.76,25459.89,2023-06-25,1
LOAN0001825,CUST006001,Personal Loan,1,150.0,5.0,54216.68,255693.32,73410.5,2024-04-19,1
LOAN0001826,CUST002418,Personal Loan,0,,,99110.44,0.0,0.0,2025-05-27,0
LOAN0001827,CUST004916,SME Loan,0,,,622172.16,0.0,0.0,2025-03-02,0
LOAN0001828,CUST000750,SME Loan,0,,,484855.35,0.0,0.0,2025-09-27,0
LOAN0001829,CUST000351,Personal Loan,0,,,69382.3,0.0,0.0,2026-01-08,0
LOAN0001830,CUST004686,BNPL,0,,,34513.04,0.0,0.0,2023-10-06,0
LOAN0001831,CUST003994,SME Loan,0,,,143083.8,0.0,0.0,2025-11-12,0
LOAN0001832,CUST001382,BNPL,0,,,24828.51,0.0,0.0,2024-04-30,0
LOAN0001833,CUST006895,Personal Loan,0,,,247547.16,0.0,0.0,2024-08-30,0
LOAN0001834,CUST009927,BNPL,0,,,45805.97,0.0,0.0,2024-07-10,0
LOAN0001835,CUST003962,Personal Loan,1,120.0,4.0,36487.86,135727.14,17943.62,2024-04-14,1
LOAN0001836,CUST006258,SME Loan,0,,,506915.42,0.0,0.0,2025-10-27,0
LOAN0001837,CUST009631,Personal Loan,0,,,15041.92,0.0,0.0,2026-06-20,0
LOAN0001838,CUST008330,Personal Loan,0,,,649179.63,0.0,0.0,2025-04-24,0
LOAN0001839,CUST004633,Education Loan,0,,,707003.65,0.0,0.0,2025-03-01,0
LOAN0001840,CUST007391,Personal Loan,1,180.0,6.0,73492.75,176534.25,61872.2,2024-03-10,1
LOAN0001841,CUST001293,Personal Loan,0,,,227839.04,0.0,0.0,2026-06-08,0
LOAN0001842,CUST005127,Personal Loan,1,120.0,4.0,16982.79,81255.21,9265.42,2024-02-29,1
LOAN0001843,CUST002795,BNPL,1,120.0,4.0,9878.25,22444.75,6487.17,2023-09-05,1
LOAN0001844,CUST001621,Personal Loan,0,,,588224.11,0.0,0.0,2026-05-05,0
LOAN0001845,CUST004265,Personal Loan,0,,,449880.55,0.0,0.0,2026-11-15,0
LOAN0001846,CUST001324,Personal Loan,0,,,409120.36,0.0,0.0,2023-11-28,0
LOAN0001847,CUST007010,Personal Loan,0,,,504796.16,0.0,0.0,2024-05-15,0
LOAN0001848,CUST004558,BNPL,0,,,58669.55,0.0,0.0,2022-10-17,0
LOAN0001849,CUST005316,Personal Loan,0,,,62038.4,0.0,0.0,2026-06-04,0
LOAN0001850,CUST001478,BNPL,0,,,28763.1,0.0,0.0,2024-02-26,0
LOAN0001851,CUST001411,Personal Loan,1,90.0,3.0,21827.62,76898.38,29401.95,2024-03-17,1
LOAN0001852,CUST005848,Personal Loan,0,,,416479.7,0.0,0.0,2025-11-26,0
LOAN0001853,CUST009847,Education Loan,0,,,1064978.66,0.0,0.0,2027-09-04,0
LOAN0001854,CUST000972,SME Loan,0,,,344488.56,0.0,0.0,2025-12-17,0
LOAN0001855,CUST002860,Personal Loan,0,,,515222.24,0.0,0.0,2025-04-12,0
LOAN0001856,CUST008707,Personal Loan,0,,,33397.04,0.0,0.0,2023-07-05,0
LOAN0001857,CUST000733,Personal Loan,0,,,89034.4,0.0,0.0,2025-01-13,0
LOAN0001858,CUST008772,BNPL,0,,,29423.2,0.0,0.0,2023-12-02,0
LOAN0001859,CUST005246,Personal Loan,1,240.0,8.0,209227.76,183014.24,20951.92,2024-08-14,1
LOAN0001860,CUST004091,BNPL,1,240.0,8.0,23868.52,0.0,0.0,2024-07-23,1
LOAN0001861,CUST003100,BNPL,0,,,40006.75,0.0,0.0,2023-10-06,0
LOAN0001862,CUST002973,Personal Loan,0,,,45042.76,0.0,0.0,2025-02-09,0
LOAN0001863,CUST003060,Personal Loan,0,,,511280.44,0.0,0.0,2026-10-31,0
LOAN0001864,CUST008860,SME Loan,0,,,65151.96,0.0,0.0,2024-10-20,0
LOAN0001865,CUST007255,Personal Loan,0,,,70524.72,0.0,0.0,2026-04-02,0
LOAN0001866,CUST006703,SME Loan,0,,,141571.43,0.0,0.0,2024-11-26,0
LOAN0001867,CUST008002,Personal Loan,0,,,170515.44,0.0,0.0,2024-05-30,0
LOAN0001868,CUST002576,SME Loan,0,,,562929.5,0.0,0.0,2025-01-17,0
LOAN0001869,CUST006195,SME Loan,0,,,93827.16,0.0,0.0,2023-11-22,0
LOAN0001870,CUST004596,Personal Loan,1,240.0,8.0,254901.64,108473.36,27365.49,2024-04-30,1
LOAN0001871,CUST007837,Personal Loan,0,,,115285.5,0.0,0.0,2026-04-08,0
LOAN0001872,CUST003095,BNPL,0,,,30107.8,0.0,0.0,2024-09-15,0
LOAN0001873,CUST006439,Personal Loan,1,180.0,6.0,294204.05,35926.95,8483.3,2023-01-31,1
LOAN0001874,CUST008834,Personal Loan,0,,,378906.17,0.0,0.0,2025-06-27,0
LOAN0001875,CUST004029,Personal Loan,0,,,495749.1,0.0,0.0,2024-11-08,0
LOAN0001876,CUST000674,BNPL,0,,,35808.24,0.0,0.0,2024-04-03,0
LOAN0001877,CUST005167,Personal Loan,0,,,517925.07,0.0,0.0,2024-07-24,0
LOAN0001878,CUST003457,BNPL,0,,,40372.92,0.0,0.0,2024-05-30,0
LOAN0001879,CUST006730,Personal Loan,0,,,601820.76,0.0,0.0,2025-10-30,0
LOAN0001880,CUST009514,Personal Loan,0,,,569283.4,0.0,0.0,2026-02-08,0
LOAN0001881,CUST004864,Personal Loan,0,,,321025.14,0.0,0.0,2025-03-21,0
LOAN0001882,CUST004661,BNPL,0,,,6125.8,0.0,0.0,2024-08-24,0
LOAN0001883,CUST006556,Personal Loan,0,,,253620.73,0.0,0.0,2024-09-04,0
LOAN0001884,CUST001046,Personal Loan,0,,,431351.58,0.0,0.0,2026-07-16,0
LOAN0001885,CUST002539,Personal Loan,0,,,473290.08,0.0,0.0,2024-11-08,0
LOAN0001886,CUST009195,Education Loan,0,,,258393.33,0.0,0.0,2026-06-25,0
LOAN0001887,CUST006706,Education Loan,1,240.0,8.0,28502.81,78078.19,14370.86,2024-03-03,1
LOAN0001888,CUST000141,SME Loan,1,180.0,6.0,80941.2,298388.8,41560.64,2024-05-31,1
LOAN0001889,CUST002052,Personal Loan,0,,,162304.78,0.0,0.0,2024-07-27,0
LOAN0001890,CUST006845,SME Loan,0,,,562512.96,0.0,0.0,2025-12-14,0
LOAN0001891,CUST007656,Personal Loan,0,,,195544.75,0.0,0.0,2025-06-02,0
LOAN0001892,CUST008408,Personal Loan,0,,,588440.64,0.0,0.0,2025-12-17,0
LOAN0001893,CUST002927,Education Loan,0,,,518321.25,0.0,0.0,2027-07-16,0
LOAN0001894,CUST009313,Personal Loan,0,,,110048.64,0.0,0.0,2026-07-12,0
LOAN0001895,CUST005534,BNPL,0,,,17837.76,0.0,0.0,2024-03-07,0
LOAN0001896,CUST006984,Education Loan,0,,,857131.92,0.0,0.0,2024-04-19,0
LOAN0001897,CUST005980,Personal Loan,1,210.0,7.0,26496.0,58957.0,18523.93,2023-11-14,1
LOAN0001898,CUST001242,Personal Loan,0,,,28365.6,0.0,0.0,2024-12-13,0
LOAN0001899,CUST009632,Personal Loan,0,,,372095.08,0.0,0.0,2024-05-11,0
LOAN0001900,CUST001243,Personal Loan,0,,,147031.1,0.0,0.0,2024-04-27,0
LOAN0001901,CUST002552,Personal Loan,0,,,163621.09,0.0,0.0,2023-10-08,0
LOAN0001902,CUST008151,Personal Loan,0,,,361626.51,0.0,0.0,2023-04-14,0
LOAN0001903,CUST006202,Personal Loan,0,,,475772.08,0.0,0.0,2024-06-09,0
LOAN0001904,CUST008392,Personal Loan,0,,,218502.81,0.0,0.0,2024-09-16,0
LOAN0001905,CUST005163,Personal Loan,1,90.0,3.0,35383.52,417790.48,117037.93,2023-12-21,1
LOAN0001906,CUST003774,SME Loan,0,,,664471.78,0.0,0.0,2025-06-23,0
LOAN0001907,CUST009223,BNPL,0,,,6054.35,0.0,0.0,2024-05-19,0
LOAN0001908,CUST000365,SME Loan,0,,,590241.25,0.0,0.0,2024-10-01,0
LOAN0001909,CUST008572,Personal Loan,1,150.0,5.0,20401.32,97083.68,12752.92,2023-12-26,1
LOAN0001910,CUST002315,Personal Loan,1,120.0,4.0,2146.77,11729.23,3707.16,2023-10-02,1
LOAN0001911,CUST008501,Personal Loan,0,,,660912.9,0.0,0.0,2026-01-18,0
LOAN0001912,CUST001405,Personal Loan,0,,,361282.5,0.0,0.0,2023-12-18,0
LOAN0001913,CUST005818,Personal Loan,1,60.0,2.0,26679.58,374623.42,113078.05,2023-11-28,1
LOAN0001914,CUST008894,Personal Loan,0,,,66065.28,0.0,0.0,2024-11-28,0
LOAN0001915,CUST004733,SME Loan,0,,,133156.75,0.0,0.0,2025-07-23,0
LOAN0001916,CUST007480,BNPL,1,60.0,2.0,6107.07,36549.93,9165.43,2023-11-22,1
LOAN0001917,CUST008061,Personal Loan,0,,,87602.04,0.0,0.0,2026-04-16,0
LOAN0001918,CUST007381,Personal Loan,0,,,284541.79,0.0,0.0,2024-07-21,0
LOAN0001919,CUST009256,Personal Loan,0,,,20871.92,0.0,0.0,2025-08-14,0
LOAN0001920,CUST004470,Education Loan,0,,,842678.62,0.0,0.0,2024-04-23,0
LOAN0001921,CUST001742,Personal Loan,0,,,66083.14,0.0,0.0,2025-03-30,0
LOAN0001922,CUST000484,BNPL,0,,,4520.3,0.0,0.0,2024-01-07,0
LOAN0001923,CUST002468,Personal Loan,0,,,207589.28,0.0,0.0,2025-04-30,0
LOAN0001924,CUST001448,Education Loan,0,,,656292.6,0.0,0.0,2025-11-02,0
LOAN0001925,CUST005587,Personal Loan,0,,,396348.12,0.0,0.0,2025-03-13,0
LOAN0001926,CUST001860,Personal Loan,0,,,539703.9,0.0,0.0,2025-04-30,0
LOAN0001927,CUST000395,Personal Loan,0,,,573953.38,0.0,0.0,2024-04-05,0
LOAN0001928,CUST000363,BNPL,0,,,22603.65,0.0,0.0,2024-02-10,0
LOAN0001929,CUST008330,BNPL,0,,,52784.6,0.0,0.0,2024-09-19,0
LOAN0001930,CUST005924,Personal Loan,0,,,432670.6,0.0,0.0,2023-09-07,0
LOAN0001931,CUST003582,Education Loan,1,180.0,6.0,83884.85,155855.15,35675.93,2024-03-17,1
LOAN0001932,CUST008953,BNPL,0,,,43862.28,0.0,0.0,2023-02-20,0
LOAN0001933,CUST000711,Personal Loan,1,180.0,6.0,72205.25,195594.75,33446.18,2024-01-27,1
LOAN0001934,CUST009804,Personal Loan,0,,,559982.97,0.0,0.0,2026-02-04,0
LOAN0001935,CUST006177,Personal Loan,0,,,498162.24,0.0,0.0,2024-07-18,0
LOAN0001936,CUST001843,Personal Loan,0,,,419642.1,0.0,0.0,2026-02-28,0
LOAN0001937,CUST006805,SME Loan,1,60.0,2.0,7343.98,116765.02,29061.99,2023-08-22,1
LOAN0001938,CUST007645,Personal Loan,0,,,361389.92,0.0,0.0,2024-01-15,0
LOAN0001939,CUST004295,BNPL,0,,,14422.46,0.0,0.0,2023-11-15,0
LOAN0001940,CUST008629,Personal Loan,0,,,460743.0,0.0,0.0,2024-08-31,0
LOAN0001941,CUST001517,Personal Loan,0,,,203156.64,0.0,0.0,2026-02-07,0
LOAN0001942,CUST002793,Personal Loan,0,,,632278.8,0.0,0.0,2026-06-18,0
LOAN0001943,CUST000945,Personal Loan,0,,,291012.8,0.0,0.0,2026-10-15,0
LOAN0001944,CUST002114,Education Loan,0,,,347252.52,0.0,0.0,2024-03-10,0
LOAN0001945,CUST002390,Personal Loan,0,,,263952.91,0.0,0.0,2026-03-11,0
LOAN0001946,CUST009181,Personal Loan,0,,,135073.29,0.0,0.0,2026-05-11,0
LOAN0001947,CUST000789,BNPL,1,240.0,8.0,24363.93,0.0,0.0,2024-07-14,1
LOAN0001948,CUST004276,Personal Loan,0,,,373567.74,0.0,0.0,2025-09-06,0
LOAN0001949,CUST005330,BNPL,0,,,18803.75,0.0,0.0,2024-07-19,0
LOAN0001950,CUST008995,SME Loan,0,,,317393.52,0.0,0.0,2025-12-24,0
LOAN0001951,CUST009975,Personal Loan,0,,,53089.25,0.0,0.0,2025-08-13,0
LOAN0001952,CUST007547,Personal Loan,0,,,353239.2,0.0,0.0,2026-10-18,0
LOAN0001953,CUST009708,BNPL,0,,,49719.64,0.0,0.0,2023-12-07,0
LOAN0001954,CUST007883,Personal Loan,1,240.0,8.0,20047.44,39299.56,5605.09,2023-09-07,1
LOAN0001955,CUST009633,Personal Loan,0,,,249736.88,0.0,0.0,2024-08-09,0
LOAN0001956,CUST007088,Personal Loan,0,,,642366.36,0.0,0.0,2026-08-26,0
LOAN0001957,CUST000805,Personal Loan,0,,,488065.6,0.0,0.0,2025-04-12,0
LOAN0001958,CUST004027,Personal Loan,1,240.0,8.0,22995.49,36458.51,9526.98,2024-07-25,1
LOAN0001959,CUST006474,SME Loan,0,,,369113.5,0.0,0.0,2025-07-17,0
LOAN0001960,CUST003503,SME Loan,0,,,217263.8,0.0,0.0,2025-03-20,0
LOAN0001961,CUST002736,SME Loan,0,,,435589.0,0.0,0.0,2026-03-05,0
LOAN0001962,CUST005785,BNPL,0,,,23843.97,0.0,0.0,2024-09-09,0
LOAN0001963,CUST009336,BNPL,0,,,47754.35,0.0,0.0,2023-06-27,0
LOAN0001964,CUST000354,Personal Loan,0,,,169301.61,0.0,0.0,2023-07-02,0
LOAN0001965,CUST007700,Personal Loan,0,,,461897.04,0.0,0.0,2025-08-22,0
LOAN0001966,CUST007242,SME Loan,0,,,587987.46,0.0,0.0,2024-05-17,0
LOAN0001967,CUST009641,BNPL,1,180.0,6.0,29649.55,28218.45,8272.54,2024-02-16,1
LOAN0001968,CUST009310,Personal Loan,0,,,382424.46,0.0,0.0,2025-08-13,0
LOAN0001969,CUST007633,Personal Loan,0,,,133743.12,0.0,0.0,2025-07-10,0
LOAN0001970,CUST005212,Personal Loan,0,,,356101.05,0.0,0.0,2025-03-22,0
LOAN0001971,CUST002048,Personal Loan,0,,,350387.44,0.0,0.0,2024-12-04,0
LOAN0001972,CUST005459,SME Loan,1,60.0,2.0,2919.05,56405.95,20225.61,2023-12-15,1
LOAN0001973,CUST007663,Personal Loan,0,,,181320.3,0.0,0.0,2026-10-14,0
LOAN0001974,CUST008967,Personal Loan,0,,,399490.3,0.0,0.0,2024-04-20,0
LOAN0001975,CUST007910,Personal Loan,1,210.0,7.0,21274.86,74639.14,9244.43,2024-01-07,1
LOAN0001976,CUST001957,Personal Loan,0,,,533938.9,0.0,0.0,2024-06-28,0
LOAN0001977,CUST006009,BNPL,0,,,3564.2,0.0,0.0,2022-08-22,0
LOAN0001978,CUST003321,BNPL,0,,,21931.7,0.0,0.0,2023-03-17,0
LOAN0001979,CUST000095,Personal Loan,0,,,444941.49,0.0,0.0,2024-05-31,0
LOAN0001980,CUST002007,Personal Loan,1,120.0,4.0,16878.99,109869.01,30916.09,2024-03-17,1
LOAN0001981,CUST001145,Personal Loan,0,,,125581.4,0.0,0.0,2023-11-12,0
LOAN0001982,CUST008438,Personal Loan,0,,,77606.8,0.0,0.0,2023-09-01,0
LOAN0001983,CUST002588,Personal Loan,1,150.0,5.0,31021.56,166835.44,53775.16,2024-02-04,1
LOAN0001984,CUST002849,Personal Loan,1,210.0,7.0,36194.16,79876.84,18242.79,2024-06-06,1
LOAN0001985,CUST009601,BNPL,0,,,34374.12,0.0,0.0,2023-08-21,0
LOAN0001986,CUST003796,SME Loan,0,,,474636.04,0.0,0.0,2025-08-02,0
LOAN0001987,CUST000098,Personal Loan,0,,,552613.5,0.0,0.0,2025-03-02,0
LOAN0001988,CUST002841,Personal Loan,0,,,330867.54,0.0,0.0,2024-06-30,0
LOAN0001989,CUST001207,Personal Loan,1,240.0,8.0,27983.83,76936.17,28765.65,2023-05-29,1
LOAN0001990,CUST001040,Personal Loan,0,,,305426.4,0.0,0.0,2026-02-04,0
LOAN0001991,CUST000783,BNPL,0,,,5960.15,0.0,0.0,2023-09-12,0
LOAN0001992,CUST005943,Personal Loan,0,,,372805.2,0.0,0.0,2026-01-25,0
LOAN0001993,CUST001901,SME Loan,0,,,476646.45,0.0,0.0,2025-02-06,0
LOAN0001994,CUST003613,SME Loan,1,240.0,8.0,186157.44,247736.56,54333.46,2024-06-22,1
LOAN0001995,CUST008633,Personal Loan,1,240.0,8.0,93093.14,226769.86,33142.22,2024-07-13,1
LOAN0001996,CUST004247,Personal Loan,0,,,543867.89,0.0,0.0,2025-07-06,0
LOAN0001997,CUST009159,Personal Loan,0,,,359557.44,0.0,0.0,2026-01-15,0
LOAN0001998,CUST004987,SME Loan,0,,,705532.4,0.0,0.0,2025-07-27,0
LOAN0001999,CUST003996,Personal Loan,0,,,84450.8,0.0,0.0,2026-06-18,0
LOAN0002000,CUST007520,SME Loan,0,,,512568.4,0.0,0.0,2024-08-31,0
LOAN0002001,CUST000741,Personal Loan,0,,,110269.28,0.0,0.0,2023-10-22,0
LOAN0002002,CUST000904,BNPL,0,,,61222.64,0.0,0.0,2024-04-19,0
LOAN0002003,CUST006529,Personal Loan,0,,,381312.52,0.0,0.0,2025-06-30,0
LOAN0002004,CUST004877,BNPL,0,,,5426.88,0.0,0.0,2024-05-13,0
LOAN0002005,CUST007917,Personal Loan,0,,,28606.95,0.0,0.0,2024-11-26,0
LOAN0002006,CUST009164,SME Loan,0,,,91772.16,0.0,0.0,2026-08-14,0
LOAN0002007,CUST003889,Personal Loan,0,,,160111.36,0.0,0.0,2026-05-04,0
LOAN0002008,CUST005977,Personal Loan,0,,,595107.25,0.0,0.0,2024-12-12,0
LOAN0002009,CUST005014,SME Loan,0,,,457989.22,0.0,0.0,2026-02-14,0
LOAN0002010,CUST009815,SME Loan,0,,,128123.73,0.0,0.0,2025-02-05,0
LOAN0002011,CUST008324,BNPL,1,120.0,4.0,19601.16,39045.84,10613.54,2023-12-15,1
LOAN0002012,CUST009125,Personal Loan,1,120.0,4.0,2068.5,13091.5,3183.43,2023-07-21,1
LOAN0002013,CUST002546,BNPL,0,,,51826.84,0.0,0.0,2024-02-19,0
LOAN0002014,CUST007734,Education Loan,0,,,797761.04,0.0,0.0,2026-01-31,0
LOAN0002015,CUST002656,Personal Loan,0,,,244450.15,0.0,0.0,2026-06-10,0
LOAN0002016,CUST002092,SME Loan,0,,,584925.64,0.0,0.0,2025-04-28,0
LOAN0002017,CUST009445,Personal Loan,1,180.0,6.0,64005.2,219913.8,52175.78,2024-01-21,1
LOAN0002018,CUST000202,BNPL,1,210.0,7.0,40626.76,0.0,0.0,2024-01-11,1
LOAN0002019,CUST009655,BNPL,1,60.0,2.0,5487.29,48063.71,6044.69,2023-11-20,1
LOAN0002020,CUST001503,Personal Loan,1,60.0,2.0,62890.97,290242.03,51553.47,2023-10-21,1
LOAN0002021,CUST008211,SME Loan,1,90.0,3.0,96104.86,399728.14,111884.98,2024-03-26,1
LOAN0002022,CUST002761,Personal Loan,0,,,137105.4,0.0,0.0,2023-09-03,0
LOAN0002023,CUST003503,Personal Loan,0,,,199521.84,0.0,0.0,2025-05-28,0
LOAN0002024,CUST002171,Personal Loan,0,,,517137.5,0.0,0.0,2024-02-23,0
LOAN0002025,CUST005868,Personal Loan,0,,,200689.56,0.0,0.0,2025-05-10,0
LOAN0002026,CUST003477,SME Loan,0,,,315601.08,0.0,0.0,2025-11-21,0
LOAN0002027,CUST006583,Personal Loan,0,,,654517.8,0.0,0.0,2026-01-12,0
LOAN0002028,CUST000163,SME Loan,1,210.0,7.0,339207.78,134098.22,35821.72,2024-05-18,1
LOAN0002029,CUST000651,SME Loan,1,90.0,3.0,70106.52,300802.48,43123.78,2022-12-14,1
LOAN0002030,CUST001005,Education Loan,1,60.0,2.0,15928.06,314594.94,99013.49,2024-02-08,1
LOAN0002031,CUST004195,Personal Loan,0,,,210445.04,0.0,0.0,2026-04-11,0
LOAN0002032,CUST008162,BNPL,0,,,4199.28,0.0,0.0,2024-06-09,0
LOAN0002033,CUST008894,BNPL,0,,,55319.8,0.0,0.0,2024-04-09,0
LOAN0002034,CUST002453,SME Loan,1,60.0,2.0,26775.98,555930.02,221168.07,2022-11-06,1
LOAN0002035,CUST005755,SME Loan,0,,,446063.67,0.0,0.0,2024-12-30,0
LOAN0002036,CUST007692,Education Loan,0,,,394551.36,0.0,0.0,2025-12-27,0
LOAN0002037,CUST002892,Personal Loan,0,,,231683.04,0.0,0.0,2024-04-27,0
LOAN0002038,CUST004098,Personal Loan,0,,,148917.62,0.0,0.0,2025-04-29,0
LOAN0002039,CUST005244,SME Loan,1,90.0,3.0,7289.72,49630.28,16045.32,2023-11-30,1
LOAN0002040,CUST001362,Personal Loan,0,,,20208.0,0.0,0.0,2026-03-10,0
LOAN0002041,CUST000269,Personal Loan,0,,,166865.25,0.0,0.0,2024-10-26,0
LOAN0002042,CUST001539,Personal Loan,0,,,333778.24,0.0,0.0,2026-06-01,0
LOAN0002043,CUST006283,Personal Loan,0,,,487945.92,0.0,0.0,2026-07-23,0
LOAN0002044,CUST000745,BNPL,1,180.0,6.0,42353.92,0.0,0.0,2023-11-24,1
LOAN0002045,CUST001905,Personal Loan,0,,,103403.2,0.0,0.0,2024-11-28,0
LOAN0002046,CUST003375,Education Loan,0,,,190990.8,0.0,0.0,2026-02-10,0
LOAN0002047,CUST000787,Personal Loan,0,,,528913.19,0.0,0.0,2024-12-17,0
LOAN0002048,CUST001924,Personal Loan,0,,,296759.71,0.0,0.0,2024-08-04,0
LOAN0002049,CUST009121,Education Loan,0,,,502955.41,0.0,0.0,2026-05-28,0
LOAN0002050,CUST000202,Personal Loan,0,,,556719.66,0.0,0.0,2024-02-22,0
LOAN0002051,CUST006545,Personal Loan,0,,,317325.3,0.0,0.0,2023-10-30,0
LOAN0002052,CUST003849,SME Loan,1,180.0,6.0,168244.3,401705.7,79332.2,2024-03-27,1
LOAN0002053,CUST006736,Personal Loan,0,,,472498.5,0.0,0.0,2025-12-01,0
LOAN0002054,CUST005898,Personal Loan,0,,,227037.72,0.0,0.0,2025-11-12,0
LOAN0002055,CUST002243,Personal Loan,0,,,495952.0,0.0,0.0,2025-12-15,0
LOAN0002056,CUST008485,SME Loan,0,,,662469.92,0.0,0.0,2025-04-03,0
LOAN0002057,CUST004931,BNPL,1,180.0,6.0,12732.05,11992.95,4204.6,2024-01-16,1
LOAN0002058,CUST008239,Personal Loan,0,,,389478.72,0.0,0.0,2024-07-03,0
LOAN0002059,CUST004069,Personal Loan,0,,,204698.5,0.0,0.0,2023-05-17,0
LOAN0002060,CUST009844,Personal Loan,0,,,47304.12,0.0,0.0,2023-12-07,0
LOAN0002061,CUST007712,Personal Loan,0,,,172067.0,0.0,0.0,2026-01-17,0
LOAN0002062,CUST009661,BNPL,0,,,49561.08,0.0,0.0,2023-08-19,0
LOAN0002063,CUST005149,SME Loan,0,,,619360.3,0.0,0.0,2025-01-27,0
LOAN0002064,CUST004735,BNPL,0,,,17252.0,0.0,0.0,2023-11-20,0
LOAN0002065,CUST007565,Personal Loan,0,,,197297.8,0.0,0.0,2023-11-12,0
LOAN0002066,CUST008815,BNPL,0,,,49006.6,0.0,0.0,2024-01-16,0
LOAN0002067,CUST009643,Personal Loan,0,,,578690.64,0.0,0.0,2024-12-18,0
LOAN0002068,CUST003247,BNPL,1,240.0,8.0,14919.62,0.0,0.0,2023-03-16,1
LOAN0002069,CUST008002,Personal Loan,0,,,472749.64,0.0,0.0,2024-09-17,0
LOAN0002070,CUST002111,SME Loan,0,,,491654.3,0.0,0.0,2024-02-08,0
LOAN0002071,CUST005463,BNPL,0,,,40976.15,0.0,0.0,2023-12-18,0
LOAN0002072,CUST001807,Personal Loan,0,,,235709.36,0.0,0.0,2023-03-03,0
LOAN0002073,CUST003469,Education Loan,0,,,217540.48,0.0,0.0,2025-03-12,0
LOAN0002074,CUST009316,Personal Loan,0,,,114997.92,0.0,0.0,2025-09-13,0
LOAN0002075,CUST001475,Personal Loan,0,,,290756.51,0.0,0.0,2024-11-25,0
LOAN0002076,CUST006333,Personal Loan,1,90.0,3.0,34050.38,303635.62,83538.48,2023-10-25,1
LOAN0002077,CUST005939,Personal Loan,1,90.0,3.0,10328.98,101473.02,33337.86,2022-11-10,1
LOAN0002078,CUST001221,SME Loan,0,,,200762.4,0.0,0.0,2024-12-21,0
LOAN0002079,CUST003261,Personal Loan,0,,,508992.8,0.0,0.0,2025-08-16,0
LOAN0002080,CUST005638,Education Loan,0,,,150955.68,0.0,0.0,2023-10-16,0
LOAN0002081,CUST001881,Personal Loan,0,,,198203.46,0.0,0.0,2025-08-19,0
LOAN0002082,CUST008019,BNPL,0,,,23383.2,0.0,0.0,2024-03-29,0
LOAN0002083,CUST009722,Personal Loan,1,90.0,3.0,15387.76,188801.24,37875.16,2024-03-23,1
LOAN0002084,CUST002152,Personal Loan,0,,,155948.24,0.0,0.0,2024-03-16,0
LOAN0002085,CUST001879,Personal Loan,0,,,70113.25,0.0,0.0,2024-12-25,0
LOAN0002086,CUST004546,Education Loan,0,,,368608.52,0.0,0.0,2026-03-16,0
LOAN0002087,CUST007491,BNPL,0,,,13530.05,0.0,0.0,2023-10-23,0
LOAN0002088,CUST002819,Personal Loan,0,,,123766.2,0.0,0.0,2024-10-10,0
LOAN0002089,CUST000208,SME Loan,0,,,297541.99,0.0,0.0,2023-09-22,0
LOAN0002090,CUST005417,Personal Loan,0,,,162197.6,0.0,0.0,2024-06-04,0
LOAN0002091,CUST009568,Education Loan,0,,,355315.8,0.0,0.0,2025-04-29,0
LOAN0002092,CUST003917,Personal Loan,0,,,181598.08,0.0,0.0,2023-10-14,0
LOAN0002093,CUST004208,Personal Loan,0,,,450243.29,0.0,0.0,2024-05-02,0
LOAN0002094,CUST009690,Education Loan,0,,,473931.25,0.0,0.0,2025-02-21,0
LOAN0002095,CUST006965,SME Loan,0,,,561596.28,0.0,0.0,2026-04-27,0
LOAN0002096,CUST007206,BNPL,0,,,3497.74,0.0,0.0,2023-09-16,0
LOAN0002097,CUST005635,Personal Loan,1,240.0,8.0,117843.46,259382.54,86779.61,2024-06-21,1
LOAN0002098,CUST009746,BNPL,0,,,6484.88,0.0,0.0,2024-06-21,0
LOAN0002099,CUST006910,BNPL,0,,,38464.56,0.0,0.0,2023-10-18,0
LOAN0002100,CUST008962,BNPL,1,150.0,5.0,35664.8,0.0,0.0,2023-06-09,1
LOAN0002101,CUST007015,Personal Loan,0,,,334747.52,0.0,0.0,2026-07-20,0
LOAN0002102,CUST007368,Personal Loan,0,,,98083.96,0.0,0.0,2024-07-04,0
LOAN0002103,CUST002907,SME Loan,0,,,637133.64,0.0,0.0,2024-08-21,0
LOAN0002104,CUST003037,BNPL,0,,,16556.4,0.0,0.0,2022-12-21,0
LOAN0002105,CUST007841,Personal Loan,1,150.0,5.0,18534.44,49910.56,12280.68,2024-05-18,1
LOAN0002106,CUST002970,Personal Loan,0,,,528323.52,0.0,0.0,2026-02-13,0
LOAN0002107,CUST005636,BNPL,0,,,29312.12,0.0,0.0,2024-04-15,0
LOAN0002108,CUST002496,Personal Loan,1,150.0,5.0,64020.48,229041.52,23282.48,2024-02-24,1
LOAN0002109,CUST008184,SME Loan,0,,,537445.04,0.0,0.0,2025-09-04,0
LOAN0002110,CUST001118,Education Loan,0,,,337628.16,0.0,0.0,2025-11-13,0
LOAN0002111,CUST008309,Personal Loan,1,120.0,4.0,31852.56,186042.44,33556.33,2023-10-30,1
LOAN0002112,CUST006040,Education Loan,0,,,349154.85,0.0,0.0,2026-09-24,0
LOAN0002113,CUST001879,Personal Loan,0,,,479951.8,0.0,0.0,2025-03-07,0
LOAN0002114,CUST005426,Personal Loan,0,,,443668.8,0.0,0.0,2023-12-19,0
LOAN0002115,CUST002829,BNPL,1,90.0,3.0,3442.04,6756.96,1786.53,2023-09-10,1
LOAN0002116,CUST003238,Personal Loan,0,,,168255.1,0.0,0.0,2024-08-28,0
LOAN0002117,CUST003513,Personal Loan,0,,,617184.72,0.0,0.0,2026-10-13,0
LOAN0002118,CUST000640,Personal Loan,0,,,262158.96,0.0,0.0,2025-08-30,0
LOAN0002119,CUST009856,SME Loan,1,150.0,5.0,292959.68,299504.32,32601.17,2023-04-14,1
LOAN0002120,CUST000322,SME Loan,1,90.0,3.0,79572.28,482915.72,183845.37,2024-03-30,1
LOAN0002121,CUST006632,Personal Loan,0,,,301056.47,0.0,0.0,2024-07-21,0
LOAN0002122,CUST003714,Personal Loan,1,150.0,5.0,77309.6,355853.4,98019.22,2023-11-28,1
LOAN0002123,CUST006469,Personal Loan,0,,,611245.2,0.0,0.0,2026-03-22,0
LOAN0002124,CUST003565,BNPL,1,60.0,2.0,5032.91,4938.09,817.55,2023-08-19,1
LOAN0002125,CUST006747,Personal Loan,0,,,510317.36,0.0,0.0,2026-02-28,0
LOAN0002126,CUST007312,Personal Loan,0,,,599163.18,0.0,0.0,2026-02-05,0
LOAN0002127,CUST006927,Personal Loan,1,90.0,3.0,12874.1,108847.9,17309.03,2023-08-24,1
LOAN0002128,CUST001153,Personal Loan,0,,,561795.61,0.0,0.0,2025-04-30,0
LOAN0002129,CUST006578,Personal Loan,0,,,330940.44,0.0,0.0,2023-11-26,0
LOAN0002130,CUST002804,SME Loan,0,,,504146.5,0.0,0.0,2024-07-30,0
LOAN0002131,CUST000296,BNPL,0,,,50860.14,0.0,0.0,2023-11-29,0
LOAN0002132,CUST004156,Personal Loan,0,,,146610.0,0.0,0.0,2026-12-05,0
LOAN0002133,CUST004338,SME Loan,0,,,346472.0,0.0,0.0,2025-07-15,0
LOAN0002134,CUST004670,Personal Loan,0,,,21058.07,0.0,0.0,2023-07-24,0
LOAN0002135,CUST007066,SME Loan,0,,,500113.7,0.0,0.0,2026-04-01,0
LOAN0002136,CUST003091,Personal Loan,0,,,349757.11,0.0,0.0,2026-02-15,0
LOAN0002137,CUST003154,BNPL,0,,,45829.16,0.0,0.0,2024-01-23,0
LOAN0002138,CUST000613,SME Loan,0,,,230651.64,0.0,0.0,2024-08-22,0
LOAN0002139,CUST006888,Personal Loan,0,,,185434.6,0.0,0.0,2024-03-16,0
LOAN0002140,CUST005687,Personal Loan,0,,,454337.31,0.0,0.0,2025-09-13,0
LOAN0002141,CUST003489,BNPL,1,60.0,2.0,927.28,5430.72,1333.76,2022-12-20,1
LOAN0002142,CUST007071,Personal Loan,1,60.0,2.0,3723.66,50558.34,12794.31,2023-07-17,1
LOAN0002143,CUST005379,Education Loan,0,,,843069.6,0.0,0.0,2025-11-28,0
LOAN0002144,CUST004691,BNPL,0,,,33554.22,0.0,0.0,2024-04-28,0
LOAN0002145,CUST005119,Personal Loan,0,,,195701.45,0.0,0.0,2025-10-29,0
LOAN0002146,CUST006371,Personal Loan,0,,,357785.4,0.0,0.0,2026-04-29,0
LOAN0002147,CUST006608,BNPL,1,150.0,5.0,8801.4,8646.6,1380.23,2023-12-29,1
LOAN0002148,CUST002893,Personal Loan,0,,,70263.52,0.0,0.0,2025-12-12,0
LOAN0002149,CUST001422,Personal Loan,0,,,157815.42,0.0,0.0,2026-07-28,0
LOAN0002150,CUST001578,BNPL,0,,,42669.08,0.0,0.0,2024-03-29,0
LOAN0002151,CUST006401,Personal Loan,0,,,122239.51,0.0,0.0,2025-06-27,0
LOAN0002152,CUST008740,Personal Loan,1,90.0,3.0,6548.48,68913.52,21888.27,2023-10-29,1
LOAN0002153,CUST004103,SME Loan,0,,,108200.25,0.0,0.0,2023-11-10,0
LOAN0002154,CUST001706,Personal Loan,0,,,476489.25,0.0,0.0,2026-02-22,0
LOAN0002155,CUST007577,BNPL,0,,,56738.15,0.0,0.0,2024-02-13,0
LOAN0002156,CUST008338,Personal Loan,1,210.0,7.0,130063.56,314978.44,65029.2,2023-06-14,1
LOAN0002157,CUST008817,Personal Loan,1,120.0,4.0,35072.13,128728.87,21519.04,2024-02-08,1
LOAN0002158,CUST006080,Personal Loan,0,,,212404.15,0.0,0.0,2026-05-03,0
LOAN0002159,CUST008618,Personal Loan,0,,,324390.3,0.0,0.0,2024-11-04,0
LOAN0002160,CUST000162,Personal Loan,0,,,72734.31,0.0,0.0,2026-09-16,0
LOAN0002161,CUST001083,Personal Loan,0,,,131548.16,0.0,0.0,2025-03-06,0
LOAN0002162,CUST000935,Personal Loan,0,,,598974.09,0.0,0.0,2026-06-21,0
LOAN0002163,CUST007144,BNPL,0,,,40998.24,0.0,0.0,2024-01-24,0
LOAN0002164,CUST000704,BNPL,1,240.0,8.0,42959.84,14905.16,4389.57,2024-02-23,1
LOAN0002165,CUST004971,Personal Loan,0,,,516152.75,0.0,0.0,2024-09-08,0
LOAN0002166,CUST004724,BNPL,0,,,30296.94,0.0,0.0,2023-06-22,0
LOAN0002167,CUST003109,Personal Loan,0,,,316183.84,0.0,0.0,2024-02-17,0
LOAN0002168,CUST008716,Education Loan,0,,,863391.72,0.0,0.0,2023-10-02,0
LOAN0002169,CUST001714,Personal Loan,1,210.0,7.0,102356.52,340203.48,96325.03,2024-06-25,1
LOAN0002170,CUST003524,SME Loan,0,,,256047.29,0.0,0.0,2025-01-10,0
LOAN0002171,CUST007750,SME Loan,1,120.0,4.0,139416.3,406907.7,111989.36,2023-07-04,1
LOAN0002172,CUST000311,Personal Loan,0,,,411030.6,0.0,0.0,2025-07-01,0
LOAN0002173,CUST006739,Personal Loan,0,,,183804.0,0.0,0.0,2025-02-16,0
LOAN0002174,CUST008177,Personal Loan,0,,,233646.84,0.0,0.0,2026-03-20,0
LOAN0002175,CUST009324,Personal Loan,0,,,500197.88,0.0,0.0,2026-02-14,0
LOAN0002176,CUST008776,BNPL,0,,,45574.47,0.0,0.0,2023-04-07,0
LOAN0002177,CUST003196,Personal Loan,1,90.0,3.0,28830.36,336472.64,81556.44,2023-11-11,1
LOAN0002178,CUST005877,Education Loan,0,,,655118.49,0.0,0.0,2027-01-03,0
LOAN0002179,CUST000781,Personal Loan,0,,,195778.52,0.0,0.0,2023-02-07,0
LOAN0002180,CUST002583,Personal Loan,0,,,507332.4,0.0,0.0,2024-10-30,0
LOAN0002181,CUST000953,Personal Loan,0,,,47149.48,0.0,0.0,2026-02-04,0
LOAN0002182,CUST003153,Personal Loan,0,,,68561.6,0.0,0.0,2023-01-23,0
LOAN0002183,CUST008764,Education Loan,0,,,668477.76,0.0,0.0,2026-08-06,0
LOAN0002184,CUST003467,Personal Loan,0,,,451649.16,0.0,0.0,2025-04-24,0
LOAN0002185,CUST005627,Personal Loan,1,150.0,5.0,59048.56,307679.44,114779.12,2023-09-17,1
LOAN0002186,CUST004337,BNPL,0,,,45328.95,0.0,0.0,2022-10-22,0
LOAN0002187,CUST004586,SME Loan,0,,,511808.4,0.0,0.0,2024-12-06,0
LOAN0002188,CUST009696,Personal Loan,0,,,274317.0,0.0,0.0,2025-10-14,0
LOAN0002189,CUST002965,BNPL,0,,,38132.76,0.0,0.0,2023-11-12,0
LOAN0002190,CUST006287,Education Loan,0,,,669655.6,0.0,0.0,2026-11-03,0
LOAN0002191,CUST004207,Personal Loan,0,,,433875.4,0.0,0.0,2025-11-30,0
LOAN0002192,CUST000620,Personal Loan,0,,,173568.96,0.0,0.0,2025-06-20,0
LOAN0002193,CUST004903,BNPL,0,,,36002.97,0.0,0.0,2024-01-02,0
LOAN0002194,CUST008147,Personal Loan,0,,,225282.42,0.0,0.0,2025-11-06,0
LOAN0002195,CUST000995,Personal Loan,0,,,273832.8,0.0,0.0,2024-12-01,0
LOAN0002196,CUST000705,BNPL,0,,,16991.92,0.0,0.0,2023-10-18,0
LOAN0002197,CUST001547,Education Loan,0,,,143140.95,0.0,0.0,2025-01-25,0
LOAN0002198,CUST007656,SME Loan,0,,,563704.08,0.0,0.0,2023-11-28,0
LOAN0002199,CUST007257,Personal Loan,1,120.0,4.0,51308.04,321081.96,128022.29,2024-04-18,1
LOAN0002200,CUST005659,SME Loan,0,,,516167.63,0.0,0.0,2024-07-08,0
LOAN0002201,CUST004680,Personal Loan,0,,,456182.72,0.0,0.0,2025-03-22,0
LOAN0002202,CUST008896,SME Loan,0,,,135498.12,0.0,0.0,2024-01-02,0
LOAN0002203,CUST007675,BNPL,0,,,52975.79,0.0,0.0,2024-07-21,0
LOAN0002204,CUST008133,SME Loan,1,120.0,4.0,74119.8,332991.2,78188.65,2024-01-21,1
LOAN0002205,CUST008146,BNPL,0,,,57187.35,0.0,0.0,2024-05-18,0
LOAN0002206,CUST006435,Personal Loan,0,,,453115.76,0.0,0.0,2024-08-18,0
LOAN0002207,CUST004577,Personal Loan,0,,,38168.0,0.0,0.0,2024-10-20,0
LOAN0002208,CUST008657,Personal Loan,1,240.0,8.0,178733.66,122358.34,35604.18,2024-08-07,1
LOAN0002209,CUST009263,Personal Loan,0,,,495536.8,0.0,0.0,2025-07-15,0
LOAN0002210,CUST000247,Personal Loan,0,,,15248.8,0.0,0.0,2025-11-21,0
LOAN0002211,CUST000522,SME Loan,1,90.0,3.0,15115.6,53156.4,18172.12,2023-12-16,1
LOAN0002212,CUST009590,Personal Loan,0,,,143506.43,0.0,0.0,2025-11-05,0
LOAN0002213,CUST002774,BNPL,0,,,53308.17,0.0,0.0,2024-03-19,0
LOAN0002214,CUST008743,Personal Loan,0,,,255950.08,0.0,0.0,2026-01-25,0
LOAN0002215,CUST003892,BNPL,0,,,11755.92,0.0,0.0,2023-12-02,0
LOAN0002216,CUST001206,Personal Loan,0,,,247788.1,0.0,0.0,2024-08-11,0
LOAN0002217,CUST000812,BNPL,0,,,18990.25,0.0,0.0,2024-02-02,0
LOAN0002218,CUST001576,Personal Loan,0,,,480427.08,0.0,0.0,2025-02-28,0
LOAN0002219,CUST002501,Education Loan,0,,,209528.25,0.0,0.0,2026-11-20,0
LOAN0002220,CUST004894,Personal Loan,1,90.0,3.0,44506.62,310968.38,84520.79,2023-06-25,1
LOAN0002221,CUST007035,BNPL,1,150.0,5.0,13861.32,17208.68,4962.65,2023-10-23,1
LOAN0002222,CUST009860,Personal Loan,0,,,124605.13,0.0,0.0,2024-11-21,0
LOAN0002223,CUST004416,Personal Loan,0,,,186759.0,0.0,0.0,2026-08-13,0
LOAN0002224,CUST005189,Personal Loan,0,,,124226.24,0.0,0.0,2026-05-13,0
LOAN0002225,CUST005225,Personal Loan,0,,,76599.72,0.0,0.0,2024-11-26,0
LOAN0002226,CUST005399,Personal Loan,0,,,58813.56,0.0,0.0,2025-03-06,0
LOAN0002227,CUST005185,SME Loan,0,,,146622.72,0.0,0.0,2025-11-08,0
LOAN0002228,CUST000092,Personal Loan,0,,,433920.5,0.0,0.0,2025-06-09,0
LOAN0002229,CUST000019,Personal Loan,1,210.0,7.0,59590.26,172117.74,35624.44,2022-11-10,1
LOAN0002230,CUST000986,Personal Loan,0,,,527353.65,0.0,0.0,2025-02-22,0
LOAN0002231,CUST001026,Personal Loan,0,,,177845.76,0.0,0.0,2026-07-25,0
LOAN0002232,CUST007068,BNPL,1,180.0,6.0,60938.15,0.0,0.0,2024-02-14,1
LOAN0002233,CUST002055,Education Loan,0,,,726026.25,0.0,0.0,2025-08-09,0
LOAN0002234,CUST008958,BNPL,0,,,40424.88,0.0,0.0,2023-10-24,0
LOAN0002235,CUST009289,Personal Loan,0,,,157732.12,0.0,0.0,2026-05-31,0
LOAN0002236,CUST009760,Personal Loan,0,,,458122.25,0.0,0.0,2024-12-08,0
LOAN0002237,CUST009394,Personal Loan,0,,,345003.96,0.0,0.0,2025-12-10,0
LOAN0002238,CUST002721,Education Loan,1,210.0,7.0,165879.06,456385.94,93743.05,2024-03-26,1
LOAN0002239,CUST005104,Personal Loan,0,,,38482.56,0.0,0.0,2024-08-23,0
LOAN0002240,CUST001766,Personal Loan,0,,,85560.42,0.0,0.0,2025-08-10,0
LOAN0002241,CUST008076,BNPL,0,,,39792.3,0.0,0.0,2022-09-13,0
LOAN0002242,CUST008897,Personal Loan,0,,,238605.75,0.0,0.0,2024-11-25,0
LOAN0002243,CUST008527,SME Loan,0,,,457808.0,0.0,0.0,2026-02-12,0
LOAN0002244,CUST004337,BNPL,0,,,20920.2,0.0,0.0,2024-01-10,0
LOAN0002245,CUST007597,Personal Loan,0,,,122616.12,0.0,0.0,2024-12-12,0
LOAN0002246,CUST000985,SME Loan,0,,,450819.99,0.0,0.0,2023-10-06,0
LOAN0002247,CUST000409,SME Loan,0,,,533699.52,0.0,0.0,2024-12-17,0
LOAN0002248,CUST007545,SME Loan,1,90.0,3.0,51006.34,413317.66,101531.7,2024-03-23,1
LOAN0002249,CUST004258,BNPL,0,,,57754.2,0.0,0.0,2024-02-21,0
LOAN0002250,CUST009956,Personal Loan,0,,,567893.2,0.0,0.0,2024-10-02,0
LOAN0002251,CUST000982,Personal Loan,0,,,304883.26,0.0,0.0,2025-08-31,0
LOAN0002252,CUST008567,Personal Loan,0,,,66491.2,0.0,0.0,2026-04-13,0
LOAN0002253,CUST004804,SME Loan,0,,,380981.04,0.0,0.0,2025-07-11,0
LOAN0002254,CUST008285,BNPL,1,240.0,8.0,60701.69,0.0,0.0,2023-01-30,1
LOAN0002255,CUST008186,Personal Loan,0,,,440376.16,0.0,0.0,2026-09-13,0
LOAN0002256,CUST009162,SME Loan,0,,,470059.02,0.0,0.0,2025-05-06,0
LOAN0002257,CUST002981,Personal Loan,1,90.0,3.0,1257.9,13677.1,1393.28,2023-10-14,1
LOAN0002258,CUST009502,SME Loan,0,,,405013.78,0.0,0.0,2025-05-01,0
LOAN0002259,CUST001528,Personal Loan,0,,,57442.04,0.0,0.0,2025-01-18,0
LOAN0002260,CUST000829,Personal Loan,0,,,314005.52,0.0,0.0,2024-06-10,0
LOAN0002261,CUST004319,Personal Loan,0,,,588504.4,0.0,0.0,2025-10-22,0
LOAN0002262,CUST008297,SME Loan,0,,,262601.09,0.0,0.0,2025-01-23,0
LOAN0002263,CUST004732,Personal Loan,0,,,444333.69,0.0,0.0,2024-08-20,0
LOAN0002264,CUST008307,Personal Loan,0,,,335228.48,0.0,0.0,2024-10-11,0
LOAN0002265,CUST007316,SME Loan,1,120.0,4.0,88494.99,271972.01,45175.98,2023-10-06,1
LOAN0002266,CUST002098,BNPL,0,,,43722.0,0.0,0.0,2024-06-29,0
LOAN0002267,CUST009495,SME Loan,1,60.0,2.0,21687.36,207499.64,61306.63,2024-02-24,1
LOAN0002268,CUST000616,SME Loan,0,,,571301.04,0.0,0.0,2024-10-08,0
LOAN0002269,CUST008990,Personal Loan,0,,,221451.93,0.0,0.0,2025-09-06,0
LOAN0002270,CUST003046,Personal Loan,0,,,355759.92,0.0,0.0,2023-07-22,0
LOAN0002271,CUST005010,Personal Loan,1,150.0,5.0,100402.0,229313.0,28426.45,2023-05-09,1
LOAN0002272,CUST004229,Personal Loan,0,,,503671.5,0.0,0.0,2024-09-01,0
LOAN0002273,CUST001730,Personal Loan,0,,,93973.2,0.0,0.0,2023-10-16,0
LOAN0002274,CUST003582,Education Loan,1,120.0,4.0,153264.96,653633.04,120237.4,2023-11-11,1
LOAN0002275,CUST001934,BNPL,1,210.0,7.0,37556.16,0.0,0.0,2024-02-10,1
LOAN0002276,CUST002045,Education Loan,0,,,834959.16,0.0,0.0,2024-11-19,0
LOAN0002277,CUST001880,Personal Loan,1,210.0,7.0,107687.64,356122.36,60996.25,2022-11-13,1
LOAN0002278,CUST004900,Personal Loan,0,,,548767.8,0.0,0.0,2024-01-01,0
LOAN0002279,CUST007993,BNPL,0,,,9522.78,0.0,0.0,2023-01-20,0
LOAN0002280,CUST005698,Personal Loan,1,210.0,7.0,249807.48,151041.52,58086.24,2024-05-19,1
LOAN0002281,CUST008942,Personal Loan,0,,,127669.15,0.0,0.0,2026-10-02,0
LOAN0002282,CUST006373,SME Loan,0,,,704483.9,0.0,0.0,2024-11-26,0
LOAN0002283,CUST006915,Personal Loan,0,,,586296.55,0.0,0.0,2026-03-18,0
LOAN0002284,CUST006685,BNPL,1,240.0,8.0,39078.97,15763.03,4821.18,2024-08-24,1
LOAN0002285,CUST004493,BNPL,0,,,15691.55,0.0,0.0,2023-05-21,0
LOAN0002286,CUST006915,Personal Loan,0,,,62412.93,0.0,0.0,2025-03-03,0
LOAN0002287,CUST000706,SME Loan,0,,,461651.4,0.0,0.0,2025-04-13,0
LOAN0002288,CUST008608,Personal Loan,0,,,14124.6,0.0,0.0,2024-04-22,0
LOAN0002289,CUST007788,SME Loan,0,,,743102.67,0.0,0.0,2026-01-30,0
LOAN0002290,CUST002457,Personal Loan,1,150.0,5.0,41335.6,188225.4,23947.99,2023-11-16,1
LOAN0002291,CUST007687,Personal Loan,0,,,275356.41,0.0,0.0,2024-12-25,0
LOAN0002292,CUST000133,Personal Loan,1,180.0,6.0,95398.65,299370.35,83096.82,2024-03-06,1
LOAN0002293,CUST002178,Personal Loan,0,,,359194.83,0.0,0.0,2026-04-27,0
LOAN0002294,CUST000658,BNPL,0,,,38314.6,0.0,0.0,2024-06-05,0
LOAN0002295,CUST007815,BNPL,0,,,32579.2,0.0,0.0,2023-11-16,0
LOAN0002296,CUST007571,BNPL,1,60.0,2.0,18737.29,18557.71,1970.76,2023-08-30,1
LOAN0002297,CUST008151,BNPL,0,,,17297.46,0.0,0.0,2024-08-21,0
LOAN0002298,CUST000047,Personal Loan,0,,,279556.65,0.0,0.0,2025-01-09,0
LOAN0002299,CUST005021,BNPL,0,,,40919.83,0.0,0.0,2024-02-15,0
LOAN0002300,CUST007067,Personal Loan,0,,,377946.6,0.0,0.0,2024-10-27,0
LOAN0002301,CUST001566,Personal Loan,0,,,518132.85,0.0,0.0,2025-12-27,0
LOAN0002302,CUST006506,Education Loan,0,,,141502.43,0.0,0.0,2026-11-18,0
LOAN0002303,CUST000849,BNPL,0,,,30120.25,0.0,0.0,2024-03-06,0
LOAN0002304,CUST001823,SME Loan,0,,,480011.22,0.0,0.0,2024-12-14,0
LOAN0002305,CUST004757,Personal Loan,1,150.0,5.0,60940.52,178297.48,38774.49,2023-11-07,1
LOAN0002306,CUST006547,BNPL,1,120.0,4.0,2460.33,1560.67,268.61,2024-01-04,1
LOAN0002307,CUST001473,Education Loan,0,,,1009234.24,0.0,0.0,2025-12-13,0
LOAN0002308,CUST001862,Personal Loan,0,,,427454.02,0.0,0.0,2024-05-17,0
LOAN0002309,CUST002050,BNPL,0,,,57122.0,0.0,0.0,2023-09-13,0
LOAN0002310,CUST002390,Personal Loan,0,,,555832.81,0.0,0.0,2025-01-28,0
LOAN0002311,CUST002272,Personal Loan,0,,,50207.41,0.0,0.0,2026-02-27,0
LOAN0002312,CUST003958,Personal Loan,0,,,480434.24,0.0,0.0,2024-09-06,0
LOAN0002313,CUST006548,BNPL,0,,,10565.2,0.0,0.0,2024-01-27,0
LOAN0002314,CUST004380,Personal Loan,1,210.0,7.0,109435.62,275682.38,44543.29,2022-12-06,1
LOAN0002315,CUST007768,BNPL,1,240.0,8.0,12183.84,0.0,0.0,2024-02-02,1
LOAN0002316,CUST007207,Personal Loan,0,,,398100.45,0.0,0.0,2026-09-22,0
LOAN0002317,CUST001278,SME Loan,0,,,248146.79,0.0,0.0,2023-12-12,0
LOAN0002318,CUST000495,Personal Loan,0,,,174365.12,0.0,0.0,2026-01-20,0
LOAN0002319,CUST008792,Personal Loan,0,,,437039.46,0.0,0.0,2024-09-22,0
LOAN0002320,CUST000805,Personal Loan,0,,,134528.8,0.0,0.0,2026-04-17,0
LOAN0002321,CUST001496,Personal Loan,0,,,263191.32,0.0,0.0,2026-01-28,0
LOAN0002322,CUST000230,Personal Loan,0,,,611661.96,0.0,0.0,2026-02-05,0
LOAN0002323,CUST006297,Personal Loan,1,150.0,5.0,76623.88,202900.12,71729.28,2024-05-28,1
LOAN0002324,CUST005837,Education Loan,0,,,493260.32,0.0,0.0,2025-01-18,0
LOAN0002325,CUST009865,Personal Loan,0,,,165135.08,0.0,0.0,2025-10-26,0
LOAN0002326,CUST008881,BNPL,0,,,46384.06,0.0,0.0,2024-02-03,0
LOAN0002327,CUST004117,Personal Loan,0,,,113979.3,0.0,0.0,2026-05-21,0
LOAN0002328,CUST003719,Personal Loan,0,,,672645.74,0.0,0.0,2026-01-12,0
LOAN0002329,CUST002971,BNPL,0,,,14737.62,0.0,0.0,2023-12-07,0
LOAN0002330,CUST001535,Personal Loan,0,,,433836.72,0.0,0.0,2025-01-16,0
LOAN0002331,CUST001394,Personal Loan,0,,,598525.12,0.0,0.0,2025-07-15,0
LOAN0002332,CUST001336,Personal Loan,0,,,124109.16,0.0,0.0,2025-09-23,0
LOAN0002333,CUST001154,SME Loan,0,,,100596.16,0.0,0.0,2024-07-09,0
LOAN0002334,CUST002408,Personal Loan,0,,,247185.92,0.0,0.0,2025-04-30,0
LOAN0002335,CUST003070,SME Loan,0,,,526235.84,0.0,0.0,2025-05-24,0
LOAN0002336,CUST009618,SME Loan,1,90.0,3.0,52479.32,458778.68,107144.88,2024-03-27,1
LOAN0002337,CUST005797,Personal Loan,0,,,302723.08,0.0,0.0,2025-02-12,0
LOAN0002338,CUST009873,Personal Loan,0,,,57856.89,0.0,0.0,2024-12-13,0
LOAN0002339,CUST003729,BNPL,0,,,54787.77,0.0,0.0,2024-02-07,0
LOAN0002340,CUST004574,Personal Loan,0,,,80556.3,0.0,0.0,2026-08-01,0
LOAN0002341,CUST003247,Personal Loan,1,210.0,7.0,195928.8,49859.2,7222.05,2024-02-05,1
LOAN0002342,CUST001837,Personal Loan,0,,,353352.58,0.0,0.0,2024-05-10,0
LOAN0002343,CUST001447,SME Loan,1,150.0,5.0,42929.12,136109.88,18050.45,2024-02-13,1
LOAN0002344,CUST009453,Personal Loan,0,,,337645.28,0.0,0.0,2024-06-23,0
LOAN0002345,CUST009865,Personal Loan,0,,,204792.54,0.0,0.0,2024-06-19,0
LOAN0002346,CUST000454,Personal Loan,0,,,509315.31,0.0,0.0,2025-05-09,0
LOAN0002347,CUST001512,Personal Loan,0,,,286660.65,0.0,0.0,2024-07-03,0
LOAN0002348,CUST004240,BNPL,0,,,55897.84,0.0,0.0,2024-06-26,0
LOAN0002349,CUST001874,Education Loan,0,,,952955.74,0.0,0.0,2026-07-29,0
LOAN0002350,CUST003640,Personal Loan,0,,,412882.83,0.0,0.0,2023-10-10,0
LOAN0002351,CUST001304,Personal Loan,0,,,97870.63,0.0,0.0,2024-11-12,0
LOAN0002352,CUST004561,Personal Loan,0,,,222113.34,0.0,0.0,2026-01-21,0
LOAN0002353,CUST002718,SME Loan,0,,,81140.08,0.0,0.0,2024-02-24,0
LOAN0002354,CUST003518,Personal Loan,1,60.0,2.0,1730.9,30159.1,5738.86,2024-02-11,1
LOAN0002355,CUST000954,SME Loan,0,,,602685.98,0.0,0.0,2024-09-03,0
LOAN0002356,CUST004283,Personal Loan,0,,,626188.68,0.0,0.0,2026-09-07,0
LOAN0002357,CUST009828,BNPL,0,,,48156.88,0.0,0.0,2023-01-12,0
LOAN0002358,CUST003288,Education Loan,0,,,571075.92,0.0,0.0,2025-12-21,0
LOAN0002359,CUST008777,SME Loan,0,,,109814.6,0.0,0.0,2025-07-19,0
LOAN0002360,CUST008443,Personal Loan,0,,,79985.7,0.0,0.0,2024-10-07,0
LOAN0002361,CUST009522,SME Loan,0,,,231442.51,0.0,0.0,2024-08-29,0
LOAN0002362,CUST007913,Personal Loan,0,,,55284.48,0.0,0.0,2026-07-26,0
LOAN0002363,CUST006604,Education Loan,0,,,553074.75,0.0,0.0,2024-07-26,0
LOAN0002364,CUST008577,BNPL,0,,,4138.47,0.0,0.0,2022-12-18,0
LOAN0002365,CUST000765,Personal Loan,1,210.0,7.0,92945.82,144359.18,30929.07,2023-11-28,1
LOAN0002366,CUST004626,Personal Loan,1,150.0,5.0,192187.16,248124.84,62497.68,2024-01-24,1
LOAN0002367,CUST009889,Personal Loan,0,,,258452.02,0.0,0.0,2025-01-27,0
LOAN0002368,CUST007704,BNPL,0,,,4553.9,0.0,0.0,2024-10-23,0
LOAN0002369,CUST009623,BNPL,0,,,26656.0,0.0,0.0,2023-05-14,0
LOAN0002370,CUST007808,Education Loan,1,60.0,2.0,8578.85,310169.15,76948.23,2023-05-24,1
LOAN0002371,CUST008761,Personal Loan,0,,,115749.9,0.0,0.0,2024-04-19,0
LOAN0002372,CUST007082,Personal Loan,0,,,560227.78,0.0,0.0,2025-02-09,0
LOAN0002373,CUST007618,BNPL,0,,,60555.32,0.0,0.0,2024-06-26,0
LOAN0002374,CUST005237,Personal Loan,0,,,284215.2,0.0,0.0,2023-05-18,0
LOAN0002375,CUST009245,Personal Loan,0,,,587736.62,0.0,0.0,2025-07-10,0
LOAN0002376,CUST008264,BNPL,0,,,38876.68,0.0,0.0,2024-03-14,0
LOAN0002377,CUST008449,BNPL,0,,,27672.93,0.0,0.0,2024-08-09,0
LOAN0002378,CUST006740,SME Loan,1,90.0,3.0,57694.62,287758.38,59790.22,2024-03-28,1
LOAN0002379,CUST003047,BNPL,0,,,43397.7,0.0,0.0,2024-02-12,0
LOAN0002380,CUST000360,Personal Loan,0,,,67939.0,0.0,0.0,2025-11-11,0
LOAN0002381,CUST009359,Education Loan,0,,,1012915.8,0.0,0.0,2026-07-20,0
LOAN0002382,CUST005875,Personal Loan,0,,,344496.9,0.0,0.0,2025-05-15,0
LOAN0002383,CUST002983,Personal Loan,0,,,271968.12,0.0,0.0,2024-03-23,0
LOAN0002384,CUST001502,Personal Loan,0,,,173999.76,0.0,0.0,2023-12-11,0
LOAN0002385,CUST008309,Personal Loan,0,,,407350.95,0.0,0.0,2024-09-07,0
LOAN0002386,CUST008376,Personal Loan,1,60.0,2.0,15842.67,373859.33,47190.86,2024-02-09,1
LOAN0002387,CUST008159,Personal Loan,0,,,341059.68,0.0,0.0,2024-01-26,0
LOAN0002388,CUST006458,BNPL,1,240.0,8.0,13323.72,0.0,0.0,2024-03-10,1
LOAN0002389,CUST003661,BNPL,1,60.0,2.0,17574.64,35006.36,8714.08,2023-07-27,1
LOAN0002390,CUST003043,Personal Loan,0,,,520803.92,0.0,0.0,2025-12-25,0
LOAN0002391,CUST000090,Personal Loan,0,,,420959.82,0.0,0.0,2024-06-03,0
LOAN0002392,CUST008348,SME Loan,0,,,524919.69,0.0,0.0,2025-03-30,0
LOAN0002393,CUST000882,Personal Loan,0,,,257767.2,0.0,0.0,2025-01-29,0
LOAN0002394,CUST006318,Personal Loan,0,,,563473.75,0.0,0.0,2025-09-30,0
LOAN0002395,CUST005046,Personal Loan,0,,,212907.27,0.0,0.0,2026-02-20,0
LOAN0002396,CUST005270,Personal Loan,0,,,313862.7,0.0,0.0,2025-01-14,0
LOAN0002397,CUST009271,SME Loan,0,,,403063.46,0.0,0.0,2024-12-16,0
LOAN0002398,CUST000323,SME Loan,0,,,524405.64,0.0,0.0,2025-10-25,0
LOAN0002399,CUST007743,Personal Loan,0,,,269680.14,0.0,0.0,2024-03-11,0
LOAN0002400,CUST000528,BNPL,0,,,50158.38,0.0,0.0,2024-06-09,0
LOAN0002401,CUST000387,Personal Loan,0,,,331281.02,0.0,0.0,2024-05-03,0
LOAN0002402,CUST004300,Personal Loan,0,,,239207.0,0.0,0.0,2026-10-21,0
LOAN0002403,CUST000637,Personal Loan,1,210.0,7.0,48558.9,75972.1,25388.72,2024-04-28,1
LOAN0002404,CUST007904,Education Loan,1,240.0,8.0,64753.71,225281.29,83341.81,2023-05-17,1
LOAN0002405,CUST005301,SME Loan,0,,,235232.48,0.0,0.0,2026-03-09,0
LOAN0002406,CUST000298,SME Loan,0,,,628340.8,0.0,0.0,2023-11-09,0
LOAN0002407,CUST000412,SME Loan,0,,,764256.6,0.0,0.0,2025-03-23,0
LOAN0002408,CUST006140,Education Loan,0,,,578161.76,0.0,0.0,2025-10-17,0
LOAN0002409,CUST008075,Education Loan,0,,,842348.75,0.0,0.0,2025-09-30,0
LOAN0002410,CUST004377,BNPL,0,,,19851.33,0.0,0.0,2023-04-07,0
LOAN0002411,CUST005553,Personal Loan,0,,,56953.9,0.0,0.0,2024-08-24,0
LOAN0002412,CUST008012,Personal Loan,1,60.0,2.0,13043.47,298872.53,102214.2,2024-01-15,1
LOAN0002413,CUST006117,Personal Loan,0,,,194625.2,0.0,0.0,2025-09-17,0
LOAN0002414,CUST002257,Personal Loan,0,,,491709.78,0.0,0.0,2025-06-10,0
LOAN0002415,CUST006144,BNPL,1,150.0,5.0,29099.76,0.0,0.0,2024-05-20,1
LOAN0002416,CUST006297,Personal Loan,0,,,24559.39,0.0,0.0,2025-04-12,0
LOAN0002417,CUST007360,Education Loan,1,210.0,7.0,84859.26,441285.74,130606.71,2024-04-16,1
LOAN0002418,CUST006224,BNPL,1,90.0,3.0,19857.96,38726.04,12185.44,2024-02-21,1
LOAN0002419,CUST009693,Personal Loan,0,,,569155.07,0.0,0.0,2025-04-02,0
LOAN0002420,CUST001976,SME Loan,0,,,436574.32,0.0,0.0,2024-12-26,0
LOAN0002421,CUST009514,Personal Loan,0,,,159164.64,0.0,0.0,2026-09-08,0
LOAN0002422,CUST005389,Personal Loan,0,,,346404.5,0.0,0.0,2026-01-14,0
LOAN0002423,CUST006727,Personal Loan,0,,,80099.7,0.0,0.0,2026-02-09,0
LOAN0002424,CUST001003,Education Loan,0,,,856019.34,0.0,0.0,2025-05-16,0
LOAN0002425,CUST003812,Personal Loan,0,,,275932.23,0.0,0.0,2024-05-16,0
LOAN0002426,CUST007702,SME Loan,0,,,338521.2,0.0,0.0,2024-04-30,0
LOAN0002427,CUST007085,Personal Loan,0,,,258477.0,0.0,0.0,2026-04-25,0
LOAN0002428,CUST000407,Personal Loan,1,210.0,7.0,4029.9,10349.1,1617.94,2024-05-06,1
LOAN0002429,CUST005474,SME Loan,0,,,343046.38,0.0,0.0,2025-11-18,0
LOAN0002430,CUST000891,SME Loan,1,120.0,4.0,14691.93,69847.07,17472.53,2024-01-31,1
LOAN0002431,CUST009959,Personal Loan,1,150.0,5.0,288987.16,113104.84,11674.97,2024-04-24,1
LOAN0002432,CUST008982,Personal Loan,0,,,363174.02,0.0,0.0,2023-10-07,0
LOAN0002433,CUST000220,BNPL,0,,,46024.2,0.0,0.0,2024-05-03,0
LOAN0002434,CUST008597,Personal Loan,0,,,32548.68,0.0,0.0,2025-06-03,0
LOAN0002435,CUST009199,Personal Loan,0,,,90813.83,0.0,0.0,2025-03-21,0
LOAN0002436,CUST003537,Personal Loan,0,,,149292.88,0.0,0.0,2025-02-03,0
LOAN0002437,CUST007209,BNPL,0,,,16006.38,0.0,0.0,2024-03-10,0
LOAN0002438,CUST004422,SME Loan,0,,,390253.6,0.0,0.0,2024-11-29,0
LOAN0002439,CUST006562,Personal Loan,0,,,362466.9,0.0,0.0,2023-12-25,0
LOAN0002440,CUST003402,BNPL,0,,,27311.46,0.0,0.0,2023-06-15,0
LOAN0002441,CUST003228,Personal Loan,0,,,201220.02,0.0,0.0,2025-05-30,0
LOAN0002442,CUST004248,Personal Loan,0,,,539301.24,0.0,0.0,2025-08-02,0
LOAN0002443,CUST001470,SME Loan,0,,,180591.88,0.0,0.0,2025-12-31,0
LOAN0002444,CUST008324,Personal Loan,0,,,442399.86,0.0,0.0,2025-07-02,0
LOAN0002445,CUST003482,Personal Loan,1,60.0,2.0,2398.59,42470.41,14552.05,2023-08-15,1
LOAN0002446,CUST004008,Personal Loan,0,,,475437.27,0.0,0.0,2025-04-07,0
LOAN0002447,CUST008951,BNPL,0,,,46170.57,0.0,0.0,2023-06-08,0
LOAN0002448,CUST004973,BNPL,1,150.0,5.0,32237.55,0.0,0.0,2023-09-12,1
LOAN0002449,CUST005449,BNPL,1,90.0,3.0,14742.02,36114.98,9948.86,2023-03-02,1
LOAN0002450,CUST009567,BNPL,0,,,37072.62,0.0,0.0,2024-09-12,0
LOAN0002451,CUST008879,Personal Loan,0,,,80343.84,0.0,0.0,2025-01-21,0
LOAN0002452,CUST001705,Personal Loan,0,,,129918.18,0.0,0.0,2025-07-27,0
LOAN0002453,CUST004729,Personal Loan,0,,,509120.7,0.0,0.0,2026-02-27,0
LOAN0002454,CUST009714,Personal Loan,0,,,440448.32,0.0,0.0,2025-03-26,0
LOAN0002455,CUST003728,Personal Loan,0,,,478811.2,0.0,0.0,2026-08-29,0
LOAN0002456,CUST003719,Personal Loan,1,150.0,5.0,15117.88,82327.12,28677.9,2024-02-03,1
LOAN0002457,CUST001954,SME Loan,0,,,401542.96,0.0,0.0,2025-07-27,0
LOAN0002458,CUST001155,BNPL,0,,,47413.23,0.0,0.0,2023-12-17,0
LOAN0002459,CUST007420,Personal Loan,0,,,99904.98,0.0,0.0,2024-12-30,0
LOAN0002460,CUST007708,Personal Loan,1,210.0,7.0,191815.5,199794.5,70515.1,2024-04-04,1
LOAN0002461,CUST009692,Personal Loan,0,,,125309.94,0.0,0.0,2024-12-13,0
LOAN0002462,CUST007743,Personal Loan,0,,,379230.64,0.0,0.0,2023-11-28,0
LOAN0002463,CUST002438,Personal Loan,0,,,430264.8,0.0,0.0,2024-08-23,0
LOAN0002464,CUST000407,BNPL,1,180.0,6.0,28983.25,27864.75,8076.42,2024-04-14,1
LOAN0002465,CUST009850,Personal Loan,1,90.0,3.0,3176.86,36992.14,5084.9,2024-01-06,1
LOAN0002466,CUST003404,Personal Loan,1,60.0,2.0,2229.58,47376.42,17601.76,2024-01-23,1
LOAN0002467,CUST003123,Personal Loan,0,,,330088.2,0.0,0.0,2026-04-21,0
LOAN0002468,CUST009069,Personal Loan,0,,,463110.9,0.0,0.0,2023-10-13,0
LOAN0002469,CUST005865,Personal Loan,0,,,270952.14,0.0,0.0,2024-03-11,0
LOAN0002470,CUST002153,Personal Loan,0,,,507414.3,0.0,0.0,2024-10-29,0
LOAN0002471,CUST008904,Personal Loan,0,,,407685.3,0.0,0.0,2025-03-06,0
LOAN0002472,CUST009933,Personal Loan,0,,,241524.24,0.0,0.0,2025-10-23,0
LOAN0002473,CUST000874,BNPL,1,150.0,5.0,21030.68,9479.32,1814.05,2024-05-02,1
LOAN0002474,CUST008635,BNPL,0,,,49779.9,0.0,0.0,2023-01-07,0
LOAN0002475,CUST003908,Personal Loan,0,,,602141.04,0.0,0.0,2026-04-03,0
LOAN0002476,CUST005245,Personal Loan,0,,,325814.94,0.0,0.0,2026-03-15,0
LOAN0002477,CUST009151,Personal Loan,0,,,661719.24,0.0,0.0,2025-09-11,0
LOAN0002478,CUST009734,Personal Loan,0,,,271505.43,0.0,0.0,2024-08-28,0
LOAN0002479,CUST002627,SME Loan,0,,,269661.6,0.0,0.0,2026-05-30,0
LOAN0002480,CUST002134,Personal Loan,0,,,582750.48,0.0,0.0,2024-11-12,0
LOAN0002481,CUST000813,Personal Loan,0,,,318036.17,0.0,0.0,2025-01-07,0
LOAN0002482,CUST005626,Education Loan,0,,,705847.92,0.0,0.0,2027-02-26,0
LOAN0002483,CUST000143,Personal Loan,1,150.0,5.0,71072.68,28912.32,10189.98,2023-02-11,1
LOAN0002484,CUST004126,Personal Loan,0,,,100453.5,0.0,0.0,2025-07-23,0
LOAN0002485,CUST000743,Personal Loan,0,,,209122.0,0.0,0.0,2024-03-01,0
LOAN0002486,CUST004060,SME Loan,0,,,503230.14,0.0,0.0,2025-09-05,0
LOAN0002487,CUST000405,Personal Loan,1,240.0,8.0,55102.81,41300.19,13278.19,2024-05-20,1
LOAN0002488,CUST008366,Personal Loan,0,,,537652.8,0.0,0.0,2023-07-20,0
LOAN0002489,CUST002101,SME Loan,0,,,476322.6,0.0,0.0,2025-12-06,0
LOAN0002490,CUST003283,Education Loan,0,,,662357.39,0.0,0.0,2025-07-23,0
LOAN0002491,CUST008713,SME Loan,0,,,295108.0,0.0,0.0,2024-11-07,0
LOAN0002492,CUST007477,SME Loan,0,,,402907.6,0.0,0.0,2024-12-19,0
LOAN0002493,CUST002195,BNPL,1,240.0,8.0,32146.71,0.0,0.0,2024-05-24,1
LOAN0002494,CUST000729,Personal Loan,0,,,475861.8,0.0,0.0,2025-02-05,0
LOAN0002495,CUST007173,Personal Loan,0,,,167510.88,0.0,0.0,2024-04-20,0
LOAN0002496,CUST003910,Personal Loan,0,,,399921.06,0.0,0.0,2026-06-19,0
LOAN0002497,CUST007670,Personal Loan,0,,,360905.1,0.0,0.0,2024-12-22,0
LOAN0002498,CUST004455,BNPL,0,,,22127.63,0.0,0.0,2024-07-15,0
LOAN0002499,CUST003457,Personal Loan,0,,,218153.7,0.0,0.0,2025-02-12,0
LOAN0002500,CUST004509,Personal Loan,1,150.0,5.0,161766.12,201360.88,32993.68,2023-09-22,1
LOAN0002501,CUST007500,SME Loan,1,60.0,2.0,22765.43,331650.57,62488.72,2023-12-24,1
LOAN0002502,CUST009031,BNPL,0,,,2191.3,0.0,0.0,2024-04-30,0
LOAN0002503,CUST000504,Education Loan,0,,,801249.62,0.0,0.0,2027-09-27,0
LOAN0002504,CUST005245,SME Loan,0,,,639288.96,0.0,0.0,2025-10-17,0
LOAN0002505,CUST000334,Personal Loan,0,,,172763.6,0.0,0.0,2024-02-15,0
LOAN0002506,CUST004683,SME Loan,0,,,159101.82,0.0,0.0,2024-06-10,0
LOAN0002507,CUST008865,Personal Loan,0,,,298353.84,0.0,0.0,2023-05-06,0
LOAN0002508,CUST003616,Personal Loan,0,,,257590.22,0.0,0.0,2025-04-27,0
LOAN0002509,CUST009327,BNPL,0,,,4469.86,0.0,0.0,2023-12-06,0
LOAN0002510,CUST006317,SME Loan,0,,,738180.0,0.0,0.0,2025-06-21,0
LOAN0002511,CUST009342,Personal Loan,0,,,73864.75,0.0,0.0,2025-11-23,0
LOAN0002512,CUST007582,Personal Loan,0,,,23890.44,0.0,0.0,2024-05-07,0
LOAN0002513,CUST001046,Personal Loan,0,,,229192.44,0.0,0.0,2024-11-01,0
LOAN0002514,CUST002319,SME Loan,0,,,515070.82,0.0,0.0,2025-10-15,0
LOAN0002515,CUST003946,Personal Loan,0,,,156063.74,0.0,0.0,2026-03-23,0
LOAN0002516,CUST001711,Personal Loan,0,,,358473.22,0.0,0.0,2026-10-14,0
LOAN0002517,CUST004957,Personal Loan,0,,,559659.87,0.0,0.0,2025-08-23,0
LOAN0002518,CUST004711,BNPL,0,,,19782.77,0.0,0.0,2024-06-17,0
LOAN0002519,CUST009565,BNPL,1,180.0,6.0,39271.74,0.0,0.0,2023-04-25,1
LOAN0002520,CUST004340,BNPL,0,,,7112.92,0.0,0.0,2024-02-18,0
LOAN0002521,CUST007869,Personal Loan,0,,,368613.78,0.0,0.0,2025-10-24,0
LOAN0002522,CUST009420,BNPL,0,,,10406.3,0.0,0.0,2023-08-19,0
LOAN0002523,CUST008784,Personal Loan,0,,,586812.39,0.0,0.0,2026-04-25,0
LOAN0002524,CUST002091,Personal Loan,0,,,201617.0,0.0,0.0,2025-08-19,0
LOAN0002525,CUST004968,Personal Loan,0,,,187109.76,0.0,0.0,2025-12-31,0
LOAN0002526,CUST003473,Personal Loan,0,,,45099.21,0.0,0.0,2024-09-13,0
LOAN0002527,CUST004006,BNPL,0,,,57096.42,0.0,0.0,2023-08-22,0
LOAN0002528,CUST003609,Personal Loan,0,,,665229.5,0.0,0.0,2025-12-04,0
LOAN0002529,CUST008276,Personal Loan,0,,,561758.4,0.0,0.0,2025-09-28,0
LOAN0002530,CUST004517,Personal Loan,1,120.0,4.0,153555.96,252597.04,74011.02,2023-01-03,1
LOAN0002531,CUST005242,BNPL,0,,,24151.12,0.0,0.0,2024-02-25,0
LOAN0002532,CUST009822,SME Loan,0,,,310386.8,0.0,0.0,2024-10-23,0
LOAN0002533,CUST000608,Personal Loan,0,,,264234.0,0.0,0.0,2023-12-14,0
LOAN0002534,CUST004888,Personal Loan,0,,,336726.4,0.0,0.0,2023-03-01,0
LOAN0002535,CUST007749,BNPL,0,,,57163.62,0.0,0.0,2023-06-24,0
LOAN0002536,CUST001523,Personal Loan,1,120.0,4.0,38206.11,175738.89,60820.66,2024-04-24,1
LOAN0002537,CUST006129,Personal Loan,1,60.0,2.0,16714.87,446059.13,109352.88,2024-02-14,1
LOAN0002538,CUST002398,BNPL,0,,,51595.4,0.0,0.0,2024-09-25,0
LOAN0002539,CUST008686,BNPL,0,,,42044.24,0.0,0.0,2024-01-24,0
LOAN0002540,CUST003270,BNPL,0,,,55614.42,0.0,0.0,2023-12-04,0
LOAN0002541,CUST003291,Personal Loan,0,,,125765.22,0.0,0.0,2024-09-30,0
LOAN0002542,CUST005995,Personal Loan,0,,,83373.84,0.0,0.0,2025-11-08,0
LOAN0002543,CUST001844,BNPL,0,,,17193.6,0.0,0.0,2024-06-25,0
LOAN0002544,CUST002850,Personal Loan,0,,,430896.9,0.0,0.0,2026-05-14,0
LOAN0002545,CUST004174,BNPL,0,,,11503.45,0.0,0.0,2023-03-20,0
LOAN0002546,CUST003538,Personal Loan,0,,,417987.5,0.0,0.0,2023-09-04,0
LOAN0002547,CUST005251,SME Loan,0,,,632305.17,0.0,0.0,2025-07-13,0
LOAN0002548,CUST006009,BNPL,1,240.0,8.0,7621.32,0.0,0.0,2023-12-09,1
LOAN0002549,CUST005676,Personal Loan,0,,,53660.1,0.0,0.0,2024-12-08,0
LOAN0002550,CUST006552,Personal Loan,1,180.0,6.0,87151.8,375777.2,80925.71,2023-07-01,1
LOAN0002551,CUST003081,Personal Loan,1,90.0,3.0,36783.54,354656.46,120727.23,2023-09-21,1
LOAN0002552,CUST001276,Personal Loan,0,,,42058.56,0.0,0.0,2026-06-05,0
LOAN0002553,CUST007620,BNPL,1,150.0,5.0,28957.56,28264.44,2833.33,2024-05-06,1
LOAN0002554,CUST008523,Personal Loan,0,,,72695.37,0.0,0.0,2025-08-23,0
LOAN0002555,CUST002575,Personal Loan,0,,,307522.04,0.0,0.0,2024-08-20,0
LOAN0002556,CUST004079,Personal Loan,0,,,84949.41,0.0,0.0,2023-07-24,0
LOAN0002557,CUST004993,Personal Loan,0,,,358594.2,0.0,0.0,2026-08-22,0
LOAN0002558,CUST005341,Education Loan,0,,,932428.34,0.0,0.0,2026-07-14,0
LOAN0002559,CUST006603,Personal Loan,0,,,352378.08,0.0,0.0,2025-05-26,0
LOAN0002560,CUST000422,SME Loan,0,,,244655.04,0.0,0.0,2025-03-10,0
LOAN0002561,CUST007230,SME Loan,0,,,243315.24,0.0,0.0,2025-05-18,0
LOAN0002562,CUST000627,Personal Loan,0,,,444779.04,0.0,0.0,2025-10-25,0
LOAN0002563,CUST004681,SME Loan,0,,,665277.59,0.0,0.0,2024-10-24,0
LOAN0002564,CUST008290,Personal Loan,1,120.0,4.0,19419.51,70416.49,18744.62,2023-09-26,1
LOAN0002565,CUST004509,Personal Loan,0,,,591559.64,0.0,0.0,2024-11-04,0
LOAN0002566,CUST001502,SME Loan,0,,,310247.28,0.0,0.0,2024-08-13,0
LOAN0002567,CUST009847,Education Loan,0,,,796293.68,0.0,0.0,2026-02-16,0
LOAN0002568,CUST008905,Personal Loan,0,,,581200.4,0.0,0.0,2026-02-10,0
LOAN0002569,CUST007721,Personal Loan,0,,,349898.96,0.0,0.0,2024-06-04,0
LOAN0002570,CUST004123,SME Loan,0,,,717338.88,0.0,0.0,2025-09-16,0
LOAN0002571,CUST001847,BNPL,1,90.0,3.0,4120.5,11765.5,3073.05,2023-09-03,1
LOAN0002572,CUST009416,Personal Loan,0,,,464549.82,0.0,0.0,2025-11-01,0
LOAN0002573,CUST005329,BNPL,0,,,11618.18,0.0,0.0,2024-05-05,0
LOAN0002574,CUST008537,BNPL,0,,,11069.61,0.0,0.0,2023-07-28,0
LOAN0002575,CUST003421,SME Loan,0,,,331449.7,0.0,0.0,2026-02-27,0
LOAN0002576,CUST003349,BNPL,0,,,31501.28,0.0,0.0,2024-02-10,0
LOAN0002577,CUST009851,Personal Loan,0,,,52852.8,0.0,0.0,2025-08-21,0
LOAN0002578,CUST005225,Personal Loan,0,,,323632.32,0.0,0.0,2026-03-15,0
LOAN0002579,CUST001422,BNPL,1,240.0,8.0,54112.35,0.0,0.0,2024-04-03,1
LOAN0002580,CUST002201,SME Loan,1,150.0,5.0,158608.24,223764.76,54404.45,2024-05-16,1
LOAN0002581,CUST004826,Personal Loan,0,,,309257.6,0.0,0.0,2025-08-21,0
LOAN0002582,CUST000430,Personal Loan,0,,,149692.8,0.0,0.0,2025-10-24,0
LOAN0002583,CUST004624,BNPL,0,,,39947.65,0.0,0.0,2023-06-30,0
LOAN0002584,CUST004195,Personal Loan,1,120.0,4.0,21423.87,153877.13,45179.57,2023-07-03,1
LOAN0002585,CUST007804,Personal Loan,0,,,515175.4,0.0,0.0,2024-03-26,0
LOAN0002586,CUST003553,Personal Loan,0,,,14939.28,0.0,0.0,2025-09-10,0
LOAN0002587,CUST009822,SME Loan,1,90.0,3.0,31822.72,302768.28,89817.29,2024-03-09,1
LOAN0002588,CUST001818,Personal Loan,0,,,343136.25,0.0,0.0,2024-10-15,0
LOAN0002589,CUST005920,BNPL,1,60.0,2.0,23264.08,23201.92,8508.65,2023-05-04,1
LOAN0002590,CUST000907,Education Loan,0,,,869029.57,0.0,0.0,2027-02-07,0
LOAN0002591,CUST007356,Personal Loan,0,,,275038.4,0.0,0.0,2025-11-18,0
LOAN0002592,CUST009949,Personal Loan,0,,,193403.36,0.0,0.0,2024-04-29,0
LOAN0002593,CUST008206,Personal Loan,0,,,189880.2,0.0,0.0,2025-05-25,0
LOAN0002594,CUST005565,Personal Loan,0,,,526669.5,0.0,0.0,2025-08-05,0
LOAN0002595,CUST004853,Personal Loan,0,,,401528.48,0.0,0.0,2025-04-28,0
LOAN0002596,CUST008364,BNPL,0,,,31895.36,0.0,0.0,2024-06-25,0
LOAN0002597,CUST009362,Education Loan,0,,,815354.7,0.0,0.0,2025-10-06,0
LOAN0002598,CUST009889,Personal Loan,0,,,209088.36,0.0,0.0,2026-02-06,0
LOAN0002599,CUST003971,SME Loan,0,,,608641.88,0.0,0.0,2022-12-16,0
LOAN0002600,CUST009906,Personal Loan,0,,,256220.16,0.0,0.0,2026-07-13,0
LOAN0002601,CUST001570,BNPL,1,150.0,5.0,37649.62,0.0,0.0,2023-10-24,1
LOAN0002602,CUST002539,SME Loan,0,,,289794.34,0.0,0.0,2025-05-14,0
LOAN0002603,CUST000899,Personal Loan,0,,,320369.4,0.0,0.0,2025-02-21,0
LOAN0002604,CUST002719,Education Loan,0,,,342189.2,0.0,0.0,2027-04-14,0
LOAN0002605,CUST007687,Personal Loan,0,,,525010.42,0.0,0.0,2023-11-04,0
LOAN0002606,CUST008542,SME Loan,0,,,520582.05,0.0,0.0,2024-03-11,0
LOAN0002607,CUST007798,Personal Loan,0,,,91975.0,0.0,0.0,2025-04-26,0
LOAN0002608,CUST006321,Personal Loan,0,,,469729.04,0.0,0.0,2026-10-10,0
LOAN0002609,CUST005145,BNPL,1,150.0,5.0,8517.46,0.0,0.0,2024-03-26,1
LOAN0002610,CUST007104,Personal Loan,0,,,605577.4,0.0,0.0,2026-09-23,0
LOAN0002611,CUST003912,Personal Loan,0,,,271612.2,0.0,0.0,2026-06-01,0
LOAN0002612,CUST008421,Personal Loan,0,,,492601.01,0.0,0.0,2024-11-14,0
LOAN0002613,CUST006785,Personal Loan,0,,,48489.1,0.0,0.0,2025-11-13,0
LOAN0002614,CUST006998,SME Loan,0,,,122091.06,0.0,0.0,2025-10-10,0
LOAN0002615,CUST005367,BNPL,1,240.0,8.0,35149.38,0.0,0.0,2023-06-07,1
LOAN0002616,CUST008864,Personal Loan,0,,,418552.2,0.0,0.0,2026-04-27,0
LOAN0002617,CUST002522,Personal Loan,0,,,516685.05,0.0,0.0,2024-06-17,0
LOAN0002618,CUST003817,Personal Loan,0,,,101598.8,0.0,0.0,2025-08-01,0
LOAN0002619,CUST007786,Personal Loan,1,120.0,4.0,61965.21,383397.79,57209.76,2023-11-10,1
LOAN0002620,CUST004938,SME Loan,0,,,104907.36,0.0,0.0,2024-11-06,0
LOAN0002621,CUST008905,Personal Loan,0,,,144828.64,0.0,0.0,2024-06-18,0
LOAN0002622,CUST003460,Personal Loan,0,,,250677.56,0.0,0.0,2024-04-09,0
LOAN0002623,CUST003694,Personal Loan,0,,,42253.26,0.0,0.0,2025-01-06,0
LOAN0002624,CUST008901,Personal Loan,0,,,488876.51,0.0,0.0,2025-09-05,0
LOAN0002625,CUST004643,Personal Loan,0,,,426945.75,0.0,0.0,2025-12-30,0
LOAN0002626,CUST005168,Personal Loan,0,,,286884.8,0.0,0.0,2025-04-04,0
LOAN0002627,CUST003325,Personal Loan,0,,,313996.62,0.0,0.0,2024-05-15,0
LOAN0002628,CUST002769,Personal Loan,0,,,259524.85,0.0,0.0,2024-11-24,0
LOAN0002629,CUST006569,BNPL,0,,,51534.1,0.0,0.0,2024-05-09,0
LOAN0002630,CUST001212,Personal Loan,0,,,439208.04,0.0,0.0,2024-12-04,0
LOAN0002631,CUST008805,Personal Loan,0,,,177741.55,0.0,0.0,2025-11-24,0
LOAN0002632,CUST007803,Personal Loan,0,,,572489.62,0.0,0.0,2026-10-15,0
LOAN0002633,CUST001916,Personal Loan,0,,,261226.77,0.0,0.0,2025-07-13,0
LOAN0002634,CUST006960,SME Loan,1,210.0,7.0,67869.9,190735.1,54825.62,2024-07-16,1
LOAN0002635,CUST006039,Personal Loan,0,,,237155.04,0.0,0.0,2026-12-06,0
LOAN0002636,CUST001856,BNPL,1,150.0,5.0,16833.32,11687.68,4277.47,2023-11-22,1
LOAN0002637,CUST002733,BNPL,0,,,57806.84,0.0,0.0,2023-12-27,0
LOAN0002638,CUST004098,Personal Loan,0,,,363408.32,0.0,0.0,2024-09-09,0
LOAN0002639,CUST007013,Personal Loan,0,,,581755.24,0.0,0.0,2024-10-11,0
LOAN0002640,CUST006394,SME Loan,0,,,318848.52,0.0,0.0,2024-01-07,0
LOAN0002641,CUST005328,Personal Loan,0,,,226839.2,0.0,0.0,2024-12-31,0
LOAN0002642,CUST007693,Personal Loan,0,,,549946.72,0.0,0.0,2024-05-14,0
LOAN0002643,CUST007589,Personal Loan,0,,,282929.13,0.0,0.0,2024-10-26,0
LOAN0002644,CUST006193,Personal Loan,1,210.0,7.0,125776.68,207944.32,55188.44,2024-06-30,1
LOAN0002645,CUST007882,Personal Loan,0,,,510295.8,0.0,0.0,2024-05-17,0
LOAN0002646,CUST003339,Personal Loan,0,,,173123.53,0.0,0.0,2026-07-28,0
LOAN0002647,CUST008824,Personal Loan,0,,,529044.45,0.0,0.0,2024-06-24,0
LOAN0002648,CUST006163,Personal Loan,0,,,219180.72,0.0,0.0,2025-02-13,0
LOAN0002649,CUST008238,Personal Loan,0,,,433658.1,0.0,0.0,2026-04-04,0
LOAN0002650,CUST005470,Personal Loan,0,,,359667.0,0.0,0.0,2026-03-18,0
LOAN0002651,CUST002190,Personal Loan,0,,,568195.25,0.0,0.0,2024-07-02,0
LOAN0002652,CUST005430,SME Loan,0,,,543473.14,0.0,0.0,2024-04-10,0
LOAN0002653,CUST003713,SME Loan,0,,,331930.96,0.0,0.0,2022-11-16,0
LOAN0002654,CUST006995,SME Loan,1,150.0,5.0,38654.04,157919.96,50309.52,2022-09-01,1
LOAN0002655,CUST004757,Personal Loan,0,,,75279.36,0.0,0.0,2024-03-27,0
LOAN0002656,CUST008373,BNPL,0,,,28644.56,0.0,0.0,2024-03-26,0
LOAN0002657,CUST006795,Personal Loan,0,,,483714.98,0.0,0.0,2025-02-23,0
LOAN0002658,CUST006864,BNPL,0,,,13421.28,0.0,0.0,2024-01-28,0
LOAN0002659,CUST002177,Personal Loan,0,,,307257.36,0.0,0.0,2025-07-18,0
LOAN0002660,CUST009839,SME Loan,0,,,524777.3,0.0,0.0,2025-09-14,0
LOAN0002661,CUST008426,Personal Loan,0,,,489731.19,0.0,0.0,2025-01-18,0
LOAN0002662,CUST007902,Personal Loan,0,,,411814.48,0.0,0.0,2025-11-07,0
LOAN0002663,CUST003303,Personal Loan,0,,,206747.1,0.0,0.0,2024-12-04,0
LOAN0002664,CUST005364,Personal Loan,0,,,332449.27,0.0,0.0,2026-07-08,0
LOAN0002665,CUST001384,Personal Loan,0,,,62690.18,0.0,0.0,2024-10-13,0
LOAN0002666,CUST005390,Education Loan,0,,,518944.47,0.0,0.0,2026-05-21,0
LOAN0002667,CUST001473,Education Loan,0,,,816912.56,0.0,0.0,2026-05-04,0
LOAN0002668,CUST005536,Personal Loan,0,,,454998.65,0.0,0.0,2025-06-30,0
LOAN0002669,CUST006493,SME Loan,1,150.0,5.0,104654.0,354403.0,89215.06,2024-05-09,1
LOAN0002670,CUST003905,Education Loan,0,,,960908.34,0.0,0.0,2027-05-16,0
LOAN0002671,CUST004992,Personal Loan,0,,,24256.2,0.0,0.0,2024-12-20,0
LOAN0002672,CUST008769,Personal Loan,0,,,519290.85,0.0,0.0,2024-05-25,0
LOAN0002673,CUST001098,Personal Loan,0,,,379616.49,0.0,0.0,2024-10-23,0
LOAN0002674,CUST007932,SME Loan,0,,,464692.67,0.0,0.0,2024-12-28,0
LOAN0002675,CUST001718,Personal Loan,0,,,447637.73,0.0,0.0,2024-05-15,0
LOAN0002676,CUST000371,Personal Loan,0,,,144063.48,0.0,0.0,2026-09-02,0
LOAN0002677,CUST001865,Personal Loan,0,,,448619.8,0.0,0.0,2024-04-09,0
LOAN0002678,CUST007661,SME Loan,0,,,169288.65,0.0,0.0,2025-12-17,0
LOAN0002679,CUST004058,Personal Loan,0,,,514871.36,0.0,0.0,2025-04-30,0
LOAN0002680,CUST008736,SME Loan,0,,,450842.16,0.0,0.0,2024-05-26,0
LOAN0002681,CUST005250,Personal Loan,1,210.0,7.0,485487.3,0.0,0.0,2024-04-20,1
LOAN0002682,CUST000231,Personal Loan,0,,,45035.76,0.0,0.0,2024-04-24,0
LOAN0002683,CUST007183,SME Loan,0,,,599997.6,0.0,0.0,2025-02-28,0
LOAN0002684,CUST001115,Personal Loan,1,60.0,2.0,24360.06,446891.94,174066.51,2023-11-12,1
LOAN0002685,CUST007908,Personal Loan,0,,,420947.6,0.0,0.0,2024-08-21,0
LOAN0002686,CUST001692,Personal Loan,0,,,262480.75,0.0,0.0,2026-01-16,0
LOAN0002687,CUST003452,Personal Loan,0,,,663744.1,0.0,0.0,2025-09-13,0
LOAN0002688,CUST007625,BNPL,0,,,30932.64,0.0,0.0,2024-08-03,0
LOAN0002689,CUST009544,BNPL,0,,,53345.7,0.0,0.0,2024-04-23,0
LOAN0002690,CUST003717,BNPL,0,,,30858.5,0.0,0.0,2024-04-23,0
LOAN0002691,CUST008308,SME Loan,1,240.0,8.0,210972.16,30988.84,3733.16,2024-07-11,1
LOAN0002692,CUST001916,Personal Loan,0,,,103756.08,0.0,0.0,2025-03-02,0
LOAN0002693,CUST008085,Personal Loan,0,,,246249.92,0.0,0.0,2025-12-27,0
LOAN0002694,CUST006584,BNPL,0,,,17415.36,0.0,0.0,2023-04-07,0
LOAN0002695,CUST001932,Personal Loan,0,,,311899.2,0.0,0.0,2024-11-13,0
LOAN0002696,CUST003027,Personal Loan,0,,,522279.09,0.0,0.0,2024-09-16,0
LOAN0002697,CUST001331,Personal Loan,0,,,438569.17,0.0,0.0,2025-01-25,0
LOAN0002698,CUST003835,Personal Loan,0,,,399969.57,0.0,0.0,2025-11-23,0
LOAN0002699,CUST002042,BNPL,1,120.0,4.0,3282.15,3034.85,675.79,2022-12-19,1
LOAN0002700,CUST006447,SME Loan,0,,,680865.75,0.0,0.0,2026-02-24,0
LOAN0002701,CUST009946,Personal Loan,0,,,166516.86,0.0,0.0,2023-07-10,0
LOAN0002702,CUST000126,BNPL,0,,,38380.37,0.0,0.0,2024-07-18,0
LOAN0002703,CUST005415,SME Loan,0,,,460624.34,0.0,0.0,2025-01-28,0
LOAN0002704,CUST005748,SME Loan,0,,,309761.61,0.0,0.0,2026-01-03,0
LOAN0002705,CUST009147,BNPL,1,180.0,6.0,22882.3,12757.7,3091.13,2024-04-17,1
LOAN0002706,CUST005065,SME Loan,0,,,316832.57,0.0,0.0,2024-09-06,0
LOAN0002707,CUST005442,Personal Loan,0,,,37663.11,0.0,0.0,2024-05-11,0
LOAN0002708,CUST004713,BNPL,0,,,8467.2,0.0,0.0,2024-02-16,0
LOAN0002709,CUST002691,BNPL,0,,,17811.22,0.0,0.0,2024-02-29,0
LOAN0002710,CUST000566,Personal Loan,0,,,528296.96,0.0,0.0,2026-08-10,0
LOAN0002711,CUST004094,SME Loan,0,,,347924.92,0.0,0.0,2024-11-30,0
LOAN0002712,CUST000534,BNPL,1,60.0,2.0,8325.82,40677.18,9311.96,2022-09-24,1
LOAN0002713,CUST005512,Personal Loan,0,,,555902.25,0.0,0.0,2025-10-09,0
LOAN0002714,CUST003075,BNPL,0,,,54873.93,0.0,0.0,2024-02-23,0
LOAN0002715,CUST005345,SME Loan,0,,,277487.5,0.0,0.0,2023-06-01,0
LOAN0002716,CUST001355,Personal Loan,1,90.0,3.0,25814.66,210920.34,61129.22,2022-12-12,1
LOAN0002717,CUST009329,Personal Loan,0,,,198264.0,0.0,0.0,2026-01-30,0
LOAN0002718,CUST008957,Personal Loan,0,,,384891.48,0.0,0.0,2025-06-20,0
LOAN0002719,CUST001908,BNPL,0,,,54271.7,0.0,0.0,2024-03-23,0
LOAN0002720,CUST003433,SME Loan,0,,,201237.76,0.0,0.0,2026-08-17,0
LOAN0002721,CUST006148,Personal Loan,0,,,130514.93,0.0,0.0,2024-06-19,0
LOAN0002722,CUST000967,Personal Loan,0,,,91029.64,0.0,0.0,2026-02-28,0
LOAN0002723,CUST003548,BNPL,0,,,5969.22,0.0,0.0,2024-04-18,0
LOAN0002724,CUST002514,SME Loan,1,60.0,2.0,3316.3,68569.7,13052.47,2023-09-16,1
LOAN0002725,CUST009158,Personal Loan,0,,,63479.4,0.0,0.0,2023-12-14,0
LOAN0002726,CUST008539,BNPL,0,,,17415.86,0.0,0.0,2024-04-26,0
LOAN0002727,CUST005814,Personal Loan,1,60.0,2.0,20300.41,324628.59,84245.15,2024-02-12,1
LOAN0002728,CUST005211,SME Loan,0,,,248190.24,0.0,0.0,2024-02-22,0
LOAN0002729,CUST009310,Personal Loan,0,,,427615.0,0.0,0.0,2024-08-11,0
LOAN0002730,CUST009327,SME Loan,0,,,572329.28,0.0,0.0,2024-01-18,0
LOAN0002731,CUST009694,BNPL,1,90.0,3.0,9327.44,23293.56,7838.55,2024-03-25,1
LOAN0002732,CUST001267,SME Loan,0,,,407213.82,0.0,0.0,2023-08-08,0
LOAN0002733,CUST001616,Personal Loan,1,240.0,8.0,75328.68,138037.32,33434.94,2024-07-03,1
LOAN0002734,CUST006781,Personal Loan,1,90.0,3.0,17809.84,150236.16,55788.01,2023-08-20,1
LOAN0002735,CUST005420,Personal Loan,0,,,265109.44,0.0,0.0,2026-07-21,0
LOAN0002736,CUST000194,SME Loan,0,,,680107.2,0.0,0.0,2024-11-16,0
LOAN0002737,CUST000627,Personal Loan,0,,,393590.4,0.0,0.0,2026-02-28,0
LOAN0002738,CUST008893,SME Loan,1,90.0,3.0,5272.46,54834.54,17089.99,2023-03-25,1
LOAN0002739,CUST008700,Personal Loan,0,,,296280.72,0.0,0.0,2025-04-25,0
LOAN0002740,CUST003575,BNPL,0,,,38785.92,0.0,0.0,2024-02-27,0
LOAN0002741,CUST008921,Personal Loan,0,,,453863.2,0.0,0.0,2024-04-25,0
LOAN0002742,CUST005948,Personal Loan,0,,,634721.18,0.0,0.0,2026-10-18,0
LOAN0002743,CUST008073,Personal Loan,0,,,618410.52,0.0,0.0,2025-01-13,0
LOAN0002744,CUST004276,Personal Loan,0,,,35790.56,0.0,0.0,2024-11-21,0
LOAN0002745,CUST001147,Personal Loan,1,180.0,6.0,68049.55,243209.45,43752.68,2024-01-03,1
LOAN0002746,CUST004340,Personal Loan,0,,,558694.8,0.0,0.0,2025-12-19,0
LOAN0002747,CUST004571,Personal Loan,1,90.0,3.0,40801.26,302689.74,67541.61,2024-03-28,1
LOAN0002748,CUST005516,Personal Loan,0,,,237283.2,0.0,0.0,2024-10-19,0
LOAN0002749,CUST001066,Personal Loan,1,60.0,2.0,13654.2,304739.8,52324.49,2023-09-14,1
LOAN0002750,CUST009912,SME Loan,0,,,330267.21,0.0,0.0,2024-06-20,0
LOAN0002751,CUST002445,Personal Loan,0,,,542163.03,0.0,0.0,2026-01-30,0
LOAN0002752,CUST001989,BNPL,0,,,18308.7,0.0,0.0,2024-01-26,0
LOAN0002753,CUST005272,Personal Loan,0,,,553636.16,0.0,0.0,2023-09-24,0
LOAN0002754,CUST005377,Personal Loan,0,,,384204.08,0.0,0.0,2025-12-10,0
LOAN0002755,CUST004399,Personal Loan,0,,,526245.17,0.0,0.0,2023-08-11,0
LOAN0002756,CUST007728,Personal Loan,1,180.0,6.0,110688.6,172210.4,39564.41,2023-05-27,1
LOAN0002757,CUST005173,Personal Loan,0,,,568933.98,0.0,0.0,2025-01-26,0
LOAN0002758,CUST006109,Personal Loan,0,,,545435.88,0.0,0.0,2026-07-16,0
LOAN0002759,CUST007255,Personal Loan,0,,,523852.02,0.0,0.0,2024-01-23,0
LOAN0002760,CUST000260,Personal Loan,0,,,214658.43,0.0,0.0,2024-06-28,0
LOAN0002761,CUST005717,Personal Loan,0,,,207541.35,0.0,0.0,2024-08-02,0
LOAN0002762,CUST008854,Personal Loan,0,,,694299.2,0.0,0.0,2026-01-05,0
LOAN0002763,CUST000182,Personal Loan,0,,,47219.16,0.0,0.0,2022-09-22,0
LOAN0002764,CUST004059,Education Loan,0,,,387577.51,0.0,0.0,2027-11-20,0
LOAN0002765,CUST009264,Personal Loan,0,,,249579.12,0.0,0.0,2024-11-19,0
LOAN0002766,CUST003532,SME Loan,0,,,74040.4,0.0,0.0,2024-06-11,0
LOAN0002767,CUST004585,Personal Loan,0,,,423018.31,0.0,0.0,2024-08-01,0
LOAN0002768,CUST009814,Personal Loan,0,,,21877.65,0.0,0.0,2024-03-11,0
LOAN0002769,CUST001996,BNPL,0,,,47509.2,0.0,0.0,2023-09-30,0
LOAN0002770,CUST000659,BNPL,0,,,35335.36,0.0,0.0,2023-06-14,0
LOAN0002771,CUST008604,BNPL,0,,,24356.65,0.0,0.0,2024-05-26,0
LOAN0002772,CUST008697,SME Loan,0,,,72670.64,0.0,0.0,2024-08-27,0
LOAN0002773,CUST004717,BNPL,0,,,16009.0,0.0,0.0,2024-01-14,0
LOAN0002774,CUST005147,Personal Loan,0,,,513106.5,0.0,0.0,2025-03-23,0
LOAN0002775,CUST008370,BNPL,0,,,21085.26,0.0,0.0,2024-03-26,0
LOAN0002776,CUST007403,BNPL,0,,,39801.56,0.0,0.0,2023-12-08,0
LOAN0002777,CUST002653,Personal Loan,0,,,25921.44,0.0,0.0,2023-10-07,0
LOAN0002778,CUST000176,Personal Loan,1,180.0,6.0,59488.15,158159.85,32059.41,2024-06-02,1
LOAN0002779,CUST004800,SME Loan,1,90.0,3.0,92348.5,438863.5,140842.52,2023-11-15,1
LOAN0002780,CUST008600,Personal Loan,1,210.0,7.0,296004.0,0.0,0.0,2024-01-11,1
LOAN0002781,CUST008968,SME Loan,0,,,67531.24,0.0,0.0,2026-02-09,0
LOAN0002782,CUST009564,Personal Loan,0,,,153178.2,0.0,0.0,2024-05-22,0
LOAN0002783,CUST008807,Personal Loan,0,,,525393.96,0.0,0.0,2024-12-02,0
LOAN0002784,CUST005817,Personal Loan,0,,,197156.96,0.0,0.0,2024-08-23,0
LOAN0002785,CUST004448,Personal Loan,0,,,332087.68,0.0,0.0,2025-12-12,0
LOAN0002786,CUST007757,Personal Loan,0,,,204063.6,0.0,0.0,2024-08-24,0
LOAN0002787,CUST007415,Personal Loan,1,240.0,8.0,90087.62,125070.38,20303.66,2023-12-25,1
LOAN0002788,CUST005387,BNPL,0,,,38260.96,0.0,0.0,2024-01-20,0
LOAN0002789,CUST000881,Personal Loan,0,,,665362.75,0.0,0.0,2026-01-14,0
LOAN0002790,CUST009263,SME Loan,0,,,286004.76,0.0,0.0,2024-12-31,0
LOAN0002791,CUST004552,Personal Loan,0,,,33712.28,0.0,0.0,2024-02-26,0
LOAN0002792,CUST003634,Personal Loan,0,,,79575.3,0.0,0.0,2025-06-21,0
LOAN0002793,CUST006307,Personal Loan,0,,,633452.45,0.0,0.0,2025-03-09,0
LOAN0002794,CUST006749,SME Loan,0,,,327503.1,0.0,0.0,2024-12-23,0
LOAN0002795,CUST002111,BNPL,0,,,18120.24,0.0,0.0,2023-11-01,0
LOAN0002796,CUST008380,Personal Loan,0,,,140665.14,0.0,0.0,2024-11-30,0
LOAN0002797,CUST002902,Personal Loan,0,,,368463.2,0.0,0.0,2025-10-22,0
LOAN0002798,CUST001877,BNPL,0,,,56871.0,0.0,0.0,2024-04-18,0
LOAN0002799,CUST004073,BNPL,0,,,25493.02,0.0,0.0,2024-07-04,0
LOAN0002800,CUST007324,Personal Loan,0,,,208859.31,0.0,0.0,2026-01-13,0
LOAN0002801,CUST009656,Personal Loan,0,,,122008.74,0.0,0.0,2025-04-02,0
LOAN0002802,CUST008107,Personal Loan,0,,,594768.44,0.0,0.0,2024-10-01,0
LOAN0002803,CUST009406,Personal Loan,1,90.0,3.0,2141.48,22141.52,2631.61,2024-02-01,1
LOAN0002804,CUST001421,Personal Loan,0,,,314614.08,0.0,0.0,2024-08-20,0
LOAN0002805,CUST000721,SME Loan,0,,,324223.35,0.0,0.0,2024-12-26,0
LOAN0002806,CUST005585,BNPL,0,,,22904.1,0.0,0.0,2024-01-26,0
LOAN0002807,CUST002906,BNPL,0,,,29435.2,0.0,0.0,2024-09-14,0
LOAN0002808,CUST008294,Personal Loan,0,,,595092.72,0.0,0.0,2025-11-09,0
LOAN0002809,CUST006727,BNPL,0,,,59243.67,0.0,0.0,2024-02-14,0
LOAN0002810,CUST009708,Personal Loan,1,120.0,4.0,24087.63,131117.37,42080.25,2024-02-26,1
LOAN0002811,CUST002550,Personal Loan,1,180.0,6.0,27873.95,55869.05,21791.32,2024-06-25,1
LOAN0002812,CUST004866,Personal Loan,0,,,355035.8,0.0,0.0,2025-06-01,0
LOAN0002813,CUST005021,Personal Loan,0,,,267455.04,0.0,0.0,2024-11-26,0
LOAN0002814,CUST002394,Personal Loan,0,,,59679.81,0.0,0.0,2024-05-15,0
LOAN0002815,CUST005911,Personal Loan,1,180.0,6.0,64707.25,18616.75,5824.41,2024-03-26,1
LOAN0002816,CUST004433,BNPL,0,,,9894.32,0.0,0.0,2024-02-26,0
LOAN0002817,CUST004468,Personal Loan,0,,,117201.24,0.0,0.0,2025-04-11,0
LOAN0002818,CUST003629,Personal Loan,0,,,523554.39,0.0,0.0,2024-08-17,0
LOAN0002819,CUST000177,Personal Loan,0,,,82037.34,0.0,0.0,2025-09-03,0
LOAN0002820,CUST005227,Personal Loan,0,,,311514.72,0.0,0.0,2024-07-29,0
LOAN0002821,CUST003348,Personal Loan,0,,,246141.76,0.0,0.0,2026-08-22,0
LOAN0002822,CUST000015,SME Loan,1,240.0,8.0,71240.12,33291.88,10475.9,2024-07-14,1
LOAN0002823,CUST003083,BNPL,0,,,59521.14,0.0,0.0,2024-02-24,0
LOAN0002824,CUST002790,SME Loan,0,,,182149.0,0.0,0.0,2024-08-28,0
LOAN0002825,CUST003938,Personal Loan,0,,,188356.0,0.0,0.0,2025-04-22,0
LOAN0002826,CUST001332,Personal Loan,0,,,246886.5,0.0,0.0,2024-02-12,0
LOAN0002827,CUST005082,BNPL,0,,,50721.99,0.0,0.0,2023-12-16,0
LOAN0002828,CUST006945,BNPL,1,210.0,7.0,14982.3,7191.7,1539.29,2024-04-10,1
LOAN0002829,CUST006312,Personal Loan,1,210.0,7.0,9437.82,25276.18,7815.67,2024-03-02,1
LOAN0002830,CUST008053,SME Loan,0,,,551473.56,0.0,0.0,2024-08-19,0
LOAN0002831,CUST004516,Personal Loan,1,180.0,6.0,86737.5,190393.5,51261.04,2023-07-03,1
LOAN0002832,CUST005198,SME Loan,0,,,736693.11,0.0,0.0,2026-02-14,0
LOAN0002833,CUST008117,BNPL,0,,,44803.2,0.0,0.0,2023-07-25,0
LOAN0002834,CUST004279,Personal Loan,0,,,199391.0,0.0,0.0,2024-10-31,0
LOAN0002835,CUST007036,Education Loan,0,,,355526.08,0.0,0.0,2025-03-24,0
LOAN0002836,CUST004348,Personal Loan,1,90.0,3.0,40423.58,338257.42,129460.3,2023-08-22,1
LOAN0002837,CUST004185,BNPL,0,,,27336.24,0.0,0.0,2023-07-07,0
LOAN0002838,CUST007614,Personal Loan,0,,,280972.6,0.0,0.0,2025-08-22,0
LOAN0002839,CUST001760,Personal Loan,1,90.0,3.0,12748.56,86254.44,14608.21,2024-01-15,1
LOAN0002840,CUST003382,Personal Loan,0,,,191334.6,0.0,0.0,2026-08-02,0
LOAN0002841,CUST002250,Personal Loan,0,,,371819.04,0.0,0.0,2025-12-24,0
LOAN0002842,CUST003592,BNPL,0,,,36618.47,0.0,0.0,2024-01-11,0
LOAN0002843,CUST002311,Personal Loan,0,,,47092.29,0.0,0.0,2025-06-28,0
LOAN0002844,CUST005809,SME Loan,0,,,66155.67,0.0,0.0,2025-07-23,0
LOAN0002845,CUST007996,SME Loan,0,,,395299.58,0.0,0.0,2026-02-13,0
LOAN0002846,CUST007879,Personal Loan,0,,,429345.66,0.0,0.0,2026-06-27,0
LOAN0002847,CUST003646,Personal Loan,0,,,394163.88,0.0,0.0,2024-05-05,0
LOAN0002848,CUST009883,Personal Loan,0,,,69393.5,0.0,0.0,2025-09-13,0
LOAN0002849,CUST005950,BNPL,0,,,59892.72,0.0,0.0,2023-11-24,0
LOAN0002850,CUST004001,BNPL,1,180.0,6.0,48284.8,0.0,0.0,2023-12-17,1
LOAN0002851,CUST008368,Personal Loan,0,,,136477.4,0.0,0.0,2025-04-30,0
LOAN0002852,CUST007318,Personal Loan,0,,,554255.1,0.0,0.0,2025-06-06,0
LOAN0002853,CUST007507,Personal Loan,0,,,431668.25,0.0,0.0,2024-08-23,0
LOAN0002854,CUST001964,Personal Loan,1,180.0,6.0,12709.55,43723.45,12325.58,2023-09-17,1
LOAN0002855,CUST004681,Personal Loan,0,,,150856.38,0.0,0.0,2023-09-26,0
LOAN0002856,CUST008631,Personal Loan,0,,,490416.2,0.0,0.0,2023-10-13,0
LOAN0002857,CUST005046,SME Loan,0,,,189583.52,0.0,0.0,2024-07-27,0
LOAN0002858,CUST006851,Personal Loan,0,,,350962.28,0.0,0.0,2025-05-01,0
LOAN0002859,CUST005891,Personal Loan,0,,,407194.45,0.0,0.0,2025-01-08,0
LOAN0002860,CUST008434,Education Loan,1,150.0,5.0,37892.04,129100.96,50159.93,2024-04-03,1
LOAN0002861,CUST002848,Personal Loan,0,,,655973.76,0.0,0.0,2025-02-25,0
LOAN0002862,CUST005766,Personal Loan,0,,,157044.65,0.0,0.0,2026-10-13,0
LOAN0002863,CUST001246,Personal Loan,0,,,471491.51,0.0,0.0,2024-02-24,0
LOAN0002864,CUST006924,BNPL,1,210.0,7.0,5692.14,3232.86,721.49,2022-10-17,1
LOAN0002865,CUST007339,SME Loan,0,,,332602.32,0.0,0.0,2025-12-16,0
LOAN0002866,CUST000433,BNPL,1,180.0,6.0,49859.45,8430.55,3004.89,2024-02-12,1
LOAN0002867,CUST006772,Education Loan,0,,,155733.06,0.0,0.0,2025-01-18,0
LOAN0002868,CUST004154,Personal Loan,0,,,531778.25,0.0,0.0,2024-06-05,0
LOAN0002869,CUST001254,Personal Loan,0,,,531931.8,0.0,0.0,2024-12-07,0
LOAN0002870,CUST004206,Personal Loan,0,,,483062.28,0.0,0.0,2026-04-01,0
LOAN0002871,CUST001946,BNPL,1,210.0,7.0,58608.68,0.0,0.0,2023-02-05,1
LOAN0002872,CUST004163,Personal Loan,1,90.0,3.0,39546.62,455905.38,71377.23,2023-03-17,1
LOAN0002873,CUST003849,Personal Loan,0,,,419981.4,0.0,0.0,2024-02-05,0
LOAN0002874,CUST007402,Personal Loan,1,150.0,5.0,51035.28,239222.72,61034.46,2023-03-13,1
LOAN0002875,CUST007751,Personal Loan,1,90.0,3.0,3131.64,27701.36,8742.58,2024-01-01,1
LOAN0002876,CUST006082,SME Loan,0,,,261266.7,0.0,0.0,2026-04-22,0
LOAN0002877,CUST000234,BNPL,1,60.0,2.0,6953.0,20848.0,4765.41,2023-07-18,1
LOAN0002878,CUST009313,Personal Loan,0,,,175990.7,0.0,0.0,2024-08-08,0
LOAN0002879,CUST006881,BNPL,0,,,60240.94,0.0,0.0,2023-11-22,0
LOAN0002880,CUST000347,Personal Loan,0,,,121075.68,0.0,0.0,2025-04-25,0
LOAN0002881,CUST008204,Personal Loan,0,,,450873.28,0.0,0.0,2025-05-28,0
LOAN0002882,CUST002007,Personal Loan,0,,,280108.08,0.0,0.0,2025-08-02,0
LOAN0002883,CUST005807,Personal Loan,0,,,434920.15,0.0,0.0,2024-07-21,0
LOAN0002884,CUST004665,Education Loan,0,,,917467.88,0.0,0.0,2025-02-28,0
LOAN0002885,CUST004205,Personal Loan,0,,,284062.68,0.0,0.0,2024-10-30,0
LOAN0002886,CUST008908,Personal Loan,0,,,336338.55,0.0,0.0,2024-02-25,0
LOAN0002887,CUST004374,BNPL,0,,,28568.56,0.0,0.0,2024-03-25,0
LOAN0002888,CUST000762,Personal Loan,0,,,102883.25,0.0,0.0,2024-08-03,0
LOAN0002889,CUST009469,BNPL,0,,,61553.43,0.0,0.0,2024-08-16,0
LOAN0002890,CUST009209,Personal Loan,1,120.0,4.0,163733.46,321341.54,66027.6,2022-10-02,1
LOAN0002891,CUST006862,SME Loan,0,,,350306.66,0.0,0.0,2026-01-25,0
LOAN0002892,CUST004677,Personal Loan,0,,,423011.6,0.0,0.0,2024-05-11,0
LOAN0002893,CUST000939,Personal Loan,0,,,591040.5,0.0,0.0,2025-12-20,0
LOAN0002894,CUST007921,Personal Loan,1,210.0,7.0,47251.8,154251.2,31779.39,2024-03-13,1
LOAN0002895,CUST000764,Personal Loan,0,,,471926.84,0.0,0.0,2025-05-21,0
LOAN0002896,CUST000694,Personal Loan,0,,,156381.75,0.0,0.0,2025-03-20,0
LOAN0002897,CUST005379,Education Loan,0,,,228217.99,0.0,0.0,2024-02-13,0
LOAN0002898,CUST001612,Personal Loan,0,,,519244.32,0.0,0.0,2026-04-10,0
LOAN0002899,CUST000082,Personal Loan,0,,,457329.34,0.0,0.0,2026-01-05,0
LOAN0002900,CUST004236,Personal Loan,0,,,265935.12,0.0,0.0,2024-09-02,0
LOAN0002901,CUST001385,Personal Loan,0,,,383885.7,0.0,0.0,2024-09-02,0
LOAN0002902,CUST001616,Personal Loan,0,,,75546.16,0.0,0.0,2024-04-14,0
LOAN0002903,CUST000778,BNPL,0,,,11140.64,0.0,0.0,2024-06-29,0
LOAN0002904,CUST002056,BNPL,0,,,9667.2,0.0,0.0,2024-04-24,0
LOAN0002905,CUST007171,Personal Loan,0,,,595046.58,0.0,0.0,2026-07-25,0
LOAN0002906,CUST008103,Personal Loan,0,,,248562.0,0.0,0.0,2025-12-03,0
LOAN0002907,CUST004522,Personal Loan,0,,,290761.92,0.0,0.0,2025-04-24,0
LOAN0002908,CUST005071,SME Loan,0,,,607922.7,0.0,0.0,2024-05-01,0
LOAN0002909,CUST000332,Personal Loan,0,,,462651.26,0.0,0.0,2024-04-22,0
LOAN0002910,CUST000701,BNPL,0,,,51290.19,0.0,0.0,2024-02-17,0
LOAN0002911,CUST002580,Personal Loan,0,,,262501.44,0.0,0.0,2025-10-01,0
LOAN0002912,CUST005445,Personal Loan,0,,,434316.25,0.0,0.0,2025-01-19,0
LOAN0002913,CUST007412,BNPL,0,,,51828.03,0.0,0.0,2024-03-23,0
LOAN0002914,CUST006062,SME Loan,0,,,110355.38,0.0,0.0,2025-10-08,0
LOAN0002915,CUST003925,SME Loan,0,,,374236.38,0.0,0.0,2024-07-12,0
LOAN0002916,CUST001198,SME Loan,0,,,401237.32,0.0,0.0,2025-05-29,0
LOAN0002917,CUST007821,Personal Loan,0,,,135768.08,0.0,0.0,2024-06-22,0
LOAN0002918,CUST003639,Personal Loan,0,,,223970.04,0.0,0.0,2026-12-08,0
LOAN0002919,CUST007377,Personal Loan,1,60.0,2.0,47100.59,389367.41,143406.84,2023-09-16,1
LOAN0002920,CUST005136,BNPL,1,60.0,2.0,3580.77,30332.23,4957.45,2023-09-03,1
LOAN0002921,CUST007404,BNPL,0,,,8785.14,0.0,0.0,2023-11-14,0
LOAN0002922,CUST009081,Personal Loan,0,,,47058.4,0.0,0.0,2023-11-18,0
LOAN0002923,CUST009214,Personal Loan,0,,,318877.62,0.0,0.0,2025-11-02,0
LOAN0002924,CUST005360,BNPL,0,,,7972.38,0.0,0.0,2024-08-21,0
LOAN0002925,CUST005121,Personal Loan,0,,,176851.08,0.0,0.0,2024-01-07,0
LOAN0002926,CUST002659,SME Loan,0,,,455565.44,0.0,0.0,2024-02-29,0
LOAN0002927,CUST009360,SME Loan,0,,,292458.62,0.0,0.0,2024-12-11,0
LOAN0002928,CUST004577,BNPL,1,60.0,2.0,1088.09,7245.91,2166.81,2023-08-11,1
LOAN0002929,CUST001288,BNPL,0,,,19653.75,0.0,0.0,2024-02-24,0
LOAN0002930,CUST004330,Education Loan,0,,,934914.13,0.0,0.0,2027-06-01,0
LOAN0002931,CUST001282,Personal Loan,0,,,418416.92,0.0,0.0,2024-12-17,0
LOAN0002932,CUST005033,BNPL,0,,,21376.98,0.0,0.0,2024-07-05,0
LOAN0002933,CUST005620,Personal Loan,0,,,225766.46,0.0,0.0,2026-08-28,0
LOAN0002934,CUST003374,Personal Loan,0,,,366915.83,0.0,0.0,2025-02-22,0
LOAN0002935,CUST000726,Education Loan,1,60.0,2.0,7813.34,257823.66,37656.6,2023-02-05,1
LOAN0002936,CUST009437,SME Loan,0,,,649611.31,0.0,0.0,2024-08-12,0
LOAN0002937,CUST007743,SME Loan,0,,,625677.14,0.0,0.0,2024-12-23,0
LOAN0002938,CUST008398,Personal Loan,0,,,324799.32,0.0,0.0,2023-11-19,0
LOAN0002939,CUST003670,BNPL,1,150.0,5.0,9068.66,0.0,0.0,2024-01-29,1
LOAN0002940,CUST007620,BNPL,0,,,31133.58,0.0,0.0,2024-05-28,0
LOAN0002941,CUST004861,SME Loan,0,,,199685.25,0.0,0.0,2024-04-22,0
LOAN0002942,CUST002015,Personal Loan,0,,,196577.52,0.0,0.0,2025-09-25,0
LOAN0002943,CUST001257,BNPL,0,,,35920.6,0.0,0.0,2023-12-03,0
LOAN0002944,CUST003449,SME Loan,0,,,507060.4,0.0,0.0,2025-03-22,0
LOAN0002945,CUST001388,BNPL,0,,,45808.62,0.0,0.0,2023-04-08,0
LOAN0002946,CUST009981,BNPL,0,,,25134.69,0.0,0.0,2024-03-02,0
LOAN0002947,CUST000497,Personal Loan,0,,,412351.2,0.0,0.0,2026-05-06,0
LOAN0002948,CUST004413,Personal Loan,1,60.0,2.0,24088.08,444211.92,168829.64,2023-01-29,1
LOAN0002949,CUST004517,Personal Loan,1,210.0,7.0,267405.54,217172.46,85507.95,2023-10-05,1
LOAN0002950,CUST003009,Personal Loan,0,,,100178.11,0.0,0.0,2024-01-22,0
LOAN0002951,CUST005725,Personal Loan,0,,,165777.34,0.0,0.0,2025-01-23,0
LOAN0002952,CUST001509,Personal Loan,0,,,71088.15,0.0,0.0,2024-12-13,0
LOAN0002953,CUST007851,Personal Loan,0,,,179123.64,0.0,0.0,2025-07-23,0
LOAN0002954,CUST003323,SME Loan,1,210.0,7.0,151518.66,371840.34,40495.53,2024-02-11,1
LOAN0002955,CUST005924,BNPL,0,,,54333.6,0.0,0.0,2023-12-06,0
LOAN0002956,CUST007173,BNPL,0,,,53972.5,0.0,0.0,2024-07-21,0
LOAN0002957,CUST008903,SME Loan,0,,,231394.8,0.0,0.0,2024-08-12,0
LOAN0002958,CUST008370,BNPL,0,,,21328.62,0.0,0.0,2024-03-28,0
LOAN0002959,CUST006094,BNPL,0,,,17653.3,0.0,0.0,2024-08-10,0
LOAN0002960,CUST003889,Personal Loan,0,,,205374.4,0.0,0.0,2026-04-11,0
LOAN0002961,CUST005039,Personal Loan,0,,,344978.78,0.0,0.0,2025-03-31,0
LOAN0002962,CUST007696,SME Loan,0,,,237615.39,0.0,0.0,2024-12-28,0
LOAN0002963,CUST008788,Personal Loan,0,,,628717.32,0.0,0.0,2026-04-21,0
LOAN0002964,CUST001050,Personal Loan,0,,,94162.75,0.0,0.0,2023-10-17,0
LOAN0002965,CUST003854,SME Loan,0,,,634136.85,0.0,0.0,2025-03-09,0
LOAN0002966,CUST007769,SME Loan,0,,,547114.6,0.0,0.0,2025-06-09,0
LOAN0002967,CUST004319,Personal Loan,0,,,178270.47,0.0,0.0,2025-09-18,0
LOAN0002968,CUST003321,Personal Loan,0,,,549128.25,0.0,0.0,2024-05-14,0
LOAN0002969,CUST004122,BNPL,0,,,25098.42,0.0,0.0,2024-06-23,0
LOAN0002970,CUST006041,Personal Loan,1,180.0,6.0,148778.5,125779.5,41443.14,2023-11-18,1
LOAN0002971,CUST009999,Personal Loan,0,,,757286.64,0.0,0.0,2026-07-21,0
LOAN0002972,CUST004940,Personal Loan,0,,,23547.81,0.0,0.0,2023-09-11,0
LOAN0002973,CUST002090,Personal Loan,0,,,265709.5,0.0,0.0,2026-02-28,0
LOAN0002974,CUST001637,Personal Loan,1,210.0,7.0,99807.12,307114.88,112405.1,2023-09-03,1
LOAN0002975,CUST000429,SME Loan,0,,,759372.9,0.0,0.0,2026-06-24,0
LOAN0002976,CUST005596,Personal Loan,0,,,289588.53,0.0,0.0,2025-03-07,0
LOAN0002977,CUST005453,Personal Loan,0,,,685544.65,0.0,0.0,2026-03-19,0
LOAN0002978,CUST002057,Personal Loan,0,,,91606.06,0.0,0.0,2024-02-08,0
LOAN0002979,CUST006972,Personal Loan,0,,,531685.35,0.0,0.0,2025-04-19,0
LOAN0002980,CUST007426,Personal Loan,0,,,427241.16,0.0,0.0,2023-02-28,0
LOAN0002981,CUST002594,Personal Loan,0,,,183353.4,0.0,0.0,2025-06-22,0
LOAN0002982,CUST003438,Personal Loan,0,,,468507.13,0.0,0.0,2025-04-21,0
LOAN0002983,CUST009902,BNPL,1,240.0,8.0,7265.09,2546.91,610.44,2023-08-09,1
LOAN0002984,CUST003747,Personal Loan,0,,,206985.9,0.0,0.0,2026-09-11,0
LOAN0002985,CUST007620,Personal Loan,0,,,15184.8,0.0,0.0,2024-04-14,0
LOAN0002986,CUST004524,Personal Loan,1,120.0,4.0,33716.19,211621.81,50536.84,2024-04-27,1
LOAN0002987,CUST007946,Personal Loan,0,,,302119.37,0.0,0.0,2023-02-11,0
LOAN0002988,CUST007698,Personal Loan,0,,,224749.56,0.0,0.0,2024-03-13,0
LOAN0002989,CUST006687,Personal Loan,1,240.0,8.0,120716.68,340721.32,61502.76,2024-08-01,1
LOAN0002990,CUST008559,BNPL,0,,,3458.97,0.0,0.0,2023-05-17,0
LOAN0002991,CUST009395,BNPL,0,,,23323.58,0.0,0.0,2023-10-18,0
LOAN0002992,CUST005816,Personal Loan,0,,,386358.96,0.0,0.0,2025-07-14,0
LOAN0002993,CUST002379,Personal Loan,0,,,16660.38,0.0,0.0,2025-03-17,0
LOAN0002994,CUST003994,Personal Loan,0,,,35018.64,0.0,0.0,2026-03-16,0
LOAN0002995,CUST007593,Personal Loan,0,,,60164.85,0.0,0.0,2026-05-05,0
LOAN0002996,CUST006516,Personal Loan,0,,,537667.33,0.0,0.0,2025-05-25,0
LOAN0002997,CUST001788,BNPL,0,,,19046.82,0.0,0.0,2024-05-09,0
LOAN0002998,CUST000520,Personal Loan,0,,,468486.99,0.0,0.0,2024-09-06,0
LOAN0002999,CUST006847,BNPL,0,,,34471.92,0.0,0.0,2023-08-26,0
LOAN0003000,CUST002514,Personal Loan,0,,,134751.15,0.0,0.0,2024-12-01,0
LOAN0003001,CUST005004,Personal Loan,0,,,30944.92,0.0,0.0,2023-12-20,0
LOAN0003002,CUST007482,Personal Loan,0,,,603094.73,0.0,0.0,2025-08-27,0
LOAN0003003,CUST005635,Personal Loan,0,,,414385.2,0.0,0.0,2025-03-14,0
LOAN0003004,CUST000840,Personal Loan,0,,,68785.41,0.0,0.0,2025-11-19,0
LOAN0003005,CUST001865,SME Loan,1,90.0,3.0,26281.74,272527.26,84768.1,2023-04-16,1
LOAN0003006,CUST002198,Education Loan,0,,,669391.2,0.0,0.0,2026-05-09,0
LOAN0003007,CUST002583,SME Loan,0,,,685821.34,0.0,0.0,2025-07-30,0
LOAN0003008,CUST005663,Education Loan,1,210.0,7.0,162873.3,659314.7,124351.95,2024-03-13,1
LOAN0003009,CUST005046,Personal Loan,0,,,215311.46,0.0,0.0,2025-06-01,0
LOAN0003010,CUST002036,BNPL,0,,,54876.33,0.0,0.0,2024-09-28,0
LOAN0003011,CUST000684,BNPL,0,,,20066.08,0.0,0.0,2023-12-22,0
LOAN0003012,CUST001726,Personal Loan,0,,,611699.1,0.0,0.0,2026-03-06,0
LOAN0003013,CUST009840,Education Loan,0,,,964872.51,0.0,0.0,2025-03-14,0
LOAN0003014,CUST004685,Personal Loan,0,,,489035.61,0.0,0.0,2025-03-15,0
LOAN0003015,CUST008686,Personal Loan,1,180.0,6.0,111084.3,174154.7,66238.03,2023-10-11,1
LOAN0003016,CUST008501,BNPL,0,,,43253.44,0.0,0.0,2023-07-09,0
LOAN0003017,CUST005121,Personal Loan,0,,,571960.54,0.0,0.0,2025-11-09,0
LOAN0003018,CUST007083,BNPL,0,,,37329.42,0.0,0.0,2023-09-28,0
LOAN0003019,CUST001933,Personal Loan,1,150.0,5.0,64266.48,185165.52,31998.43,2023-05-06,1
LOAN0003020,CUST006904,Personal Loan,0,,,176182.08,0.0,0.0,2025-03-15,0
LOAN0003021,CUST002725,BNPL,0,,,39736.52,0.0,0.0,2023-11-11,0
LOAN0003022,CUST008334,BNPL,0,,,47441.94,0.0,0.0,2024-06-18,0
LOAN0003023,CUST000845,BNPL,0,,,6619.74,0.0,0.0,2023-10-21,0
LOAN0003024,CUST007741,Personal Loan,0,,,340699.23,0.0,0.0,2024-07-26,0
LOAN0003025,CUST001007,SME Loan,1,90.0,3.0,20379.46,131860.54,33956.92,2023-11-24,1
LOAN0003026,CUST008824,Personal Loan,0,,,341586.42,0.0,0.0,2025-09-10,0
LOAN0003027,CUST003044,Personal Loan,0,,,394750.62,0.0,0.0,2024-07-27,0
LOAN0003028,CUST006554,BNPL,0,,,44040.56,0.0,0.0,2024-04-08,0
LOAN0003029,CUST004882,BNPL,0,,,54581.25,0.0,0.0,2024-01-19,0
LOAN0003030,CUST003664,Personal Loan,0,,,365146.86,0.0,0.0,2025-01-13,0
LOAN0003031,CUST006462,Personal Loan,0,,,562689.54,0.0,0.0,2025-01-18,0
LOAN0003032,CUST009479,Personal Loan,0,,,507132.36,0.0,0.0,2024-01-16,0
LOAN0003033,CUST000420,Personal Loan,0,,,517848.45,0.0,0.0,2025-09-07,0
LOAN0003034,CUST009193,SME Loan,1,60.0,2.0,31883.96,393187.04,143493.84,2023-12-20,1
LOAN0003035,CUST006102,Personal Loan,0,,,91662.12,0.0,0.0,2024-08-14,0
LOAN0003036,CUST008086,Personal Loan,0,,,569564.5,0.0,0.0,2025-03-18,0
LOAN0003037,CUST003845,BNPL,0,,,8143.65,0.0,0.0,2023-11-22,0
LOAN0003038,CUST004715,Personal Loan,0,,,97435.03,0.0,0.0,2023-09-22,0
LOAN0003039,CUST008700,Personal Loan,0,,,334731.4,0.0,0.0,2024-03-12,0
LOAN0003040,CUST004156,Personal Loan,0,,,72986.0,0.0,0.0,2025-12-01,0
LOAN0003041,CUST005355,BNPL,0,,,43629.76,0.0,0.0,2024-02-11,0
LOAN0003042,CUST000212,BNPL,0,,,43342.25,0.0,0.0,2023-10-16,0
LOAN0003043,CUST001595,Personal Loan,0,,,81711.68,0.0,0.0,2026-08-23,0
LOAN0003044,CUST006425,SME Loan,1,240.0,8.0,244490.75,157241.25,26081.07,2024-05-06,1
LOAN0003045,CUST007185,Personal Loan,0,,,370478.22,0.0,0.0,2025-08-15,0
LOAN0003046,CUST005839,SME Loan,0,,,650144.64,0.0,0.0,2026-08-14,0
LOAN0003047,CUST001449,SME Loan,1,90.0,3.0,125177.74,400739.26,91850.12,2023-12-12,1
LOAN0003048,CUST004456,Personal Loan,0,,,511380.49,0.0,0.0,2026-04-23,0
LOAN0003049,CUST003554,Personal Loan,0,,,57493.44,0.0,0.0,2024-02-18,0
LOAN0003050,CUST004964,Personal Loan,0,,,495785.96,0.0,0.0,2024-06-08,0
LOAN0003051,CUST008715,BNPL,1,210.0,7.0,26796.78,0.0,0.0,2024-07-24,1
LOAN0003052,CUST007766,Personal Loan,1,210.0,7.0,172963.2,256943.8,88778.14,2024-07-06,1
LOAN0003053,CUST000848,SME Loan,0,,,409323.72,0.0,0.0,2024-05-02,0
LOAN0003054,CUST008914,Personal Loan,0,,,52093.92,0.0,0.0,2024-04-02,0
LOAN0003055,CUST004714,BNPL,0,,,6673.0,0.0,0.0,2024-03-28,0
LOAN0003056,CUST007454,SME Loan,1,180.0,6.0,85692.9,310025.1,32927.17,2024-04-22,1
LOAN0003057,CUST001415,Personal Loan,1,180.0,6.0,33564.95,14406.05,5092.39,2024-05-02,1
LOAN0003058,CUST006714,Education Loan,0,,,616392.64,0.0,0.0,2027-10-15,0
LOAN0003059,CUST002369,Personal Loan,0,,,229343.22,0.0,0.0,2024-11-14,0
LOAN0003060,CUST004383,Personal Loan,0,,,662620.53,0.0,0.0,2026-09-26,0
LOAN0003061,CUST000176,Personal Loan,0,,,521509.52,0.0,0.0,2024-08-30,0
LOAN0003062,CUST001527,Personal Loan,0,,,163239.3,0.0,0.0,2025-04-24,0
LOAN0003063,CUST000929,Personal Loan,0,,,53559.22,0.0,0.0,2024-05-01,0
LOAN0003064,CUST002400,BNPL,1,60.0,2.0,4395.39,21760.61,3397.65,2023-06-26,1
LOAN0003065,CUST001008,Education Loan,1,210.0,7.0,30718.62,114151.38,38621.92,2024-01-19,1
LOAN0003066,CUST006939,BNPL,0,,,25278.75,0.0,0.0,2023-06-03,0
LOAN0003067,CUST000298,Personal Loan,0,,,22662.75,0.0,0.0,2025-03-22,0
LOAN0003068,CUST006193,Personal Loan,0,,,380642.1,0.0,0.0,2024-03-06,0
LOAN0003069,CUST001422,BNPL,1,150.0,5.0,46126.8,11170.2,4441.43,2023-06-27,1
LOAN0003070,CUST009454,Personal Loan,0,,,643952.1,0.0,0.0,2026-07-10,0
LOAN0003071,CUST009333,SME Loan,0,,,509777.52,0.0,0.0,2023-07-24,0
LOAN0003072,CUST002263,Education Loan,0,,,144938.25,0.0,0.0,2025-02-05,0
LOAN0003073,CUST006157,SME Loan,0,,,662696.06,0.0,0.0,2024-05-20,0
LOAN0003074,CUST000288,BNPL,0,,,50684.48,0.0,0.0,2024-02-23,0
LOAN0003075,CUST009320,Personal Loan,0,,,343974.68,0.0,0.0,2024-09-25,0
LOAN0003076,CUST005235,BNPL,1,120.0,4.0,9579.0,0.0,0.0,2023-08-05,1
LOAN0003077,CUST000438,Education Loan,0,,,552745.81,0.0,0.0,2026-07-09,0
LOAN0003078,CUST003425,Education Loan,0,,,923953.36,0.0,0.0,2025-09-07,0
LOAN0003079,CUST000778,Personal Loan,1,210.0,7.0,159990.42,322515.58,89810.55,2024-07-23,1
LOAN0003080,CUST003933,SME Loan,0,,,119904.2,0.0,0.0,2025-06-04,0
LOAN0003081,CUST006705,Personal Loan,0,,,535228.8,0.0,0.0,2024-04-12,0
LOAN0003082,CUST004697,BNPL,1,90.0,3.0,22579.52,33047.48,4333.41,2023-12-22,1
LOAN0003083,CUST003843,BNPL,1,210.0,7.0,3663.86,0.0,0.0,2024-01-08,1
LOAN0003084,CUST001206,Personal Loan,0,,,340886.1,0.0,0.0,2024-06-19,0
LOAN0003085,CUST002454,SME Loan,0,,,623603.4,0.0,0.0,2025-02-28,0
LOAN0003086,CUST001010,BNPL,1,240.0,8.0,24223.64,9310.36,2866.02,2024-05-31,1
LOAN0003087,CUST008088,SME Loan,0,,,381412.24,0.0,0.0,2025-09-12,0
LOAN0003088,CUST001365,Personal Loan,0,,,320794.02,0.0,0.0,2024-07-08,0
LOAN0003089,CUST005964,Personal Loan,1,240.0,8.0,128958.97,4850.03,1077.23,2024-04-23,1
LOAN0003090,CUST003427,BNPL,0,,,39805.26,0.0,0.0,2024-03-26,0
LOAN0003091,CUST002267,Personal Loan,0,,,310080.12,0.0,0.0,2025-02-14,0
LOAN0003092,CUST006401,Personal Loan,0,,,212517.9,0.0,0.0,2024-05-05,0
LOAN0003093,CUST004568,Personal Loan,0,,,266903.6,0.0,0.0,2025-06-05,0
LOAN0003094,CUST004008,BNPL,1,210.0,7.0,48574.3,0.0,0.0,2024-05-10,1
LOAN0003095,CUST005938,BNPL,1,90.0,3.0,3199.82,9336.18,1005.47,2023-04-03,1
LOAN0003096,CUST004923,Personal Loan,1,120.0,4.0,111832.14,163323.86,29598.41,2023-07-09,1
LOAN0003097,CUST003037,Personal Loan,0,,,617378.46,0.0,0.0,2025-04-22,0
LOAN0003098,CUST005598,Personal Loan,0,,,301454.3,0.0,0.0,2026-11-19,0
LOAN0003099,CUST006702,Personal Loan,0,,,278249.1,0.0,0.0,2023-10-13,0
LOAN0003100,CUST000276,Personal Loan,0,,,91161.18,0.0,0.0,2025-04-23,0
LOAN0003101,CUST004658,Personal Loan,0,,,100976.08,0.0,0.0,2023-07-17,0
LOAN0003102,CUST000582,Personal Loan,0,,,396259.46,0.0,0.0,2026-10-20,0
LOAN0003103,CUST001875,Personal Loan,0,,,228857.49,0.0,0.0,2023-09-06,0
LOAN0003104,CUST005612,Personal Loan,0,,,508413.06,0.0,0.0,2025-04-25,0
LOAN0003105,CUST008673,Personal Loan,0,,,549806.7,0.0,0.0,2025-01-05,0
LOAN0003106,CUST008840,Personal Loan,0,,,586469.41,0.0,0.0,2025-11-04,0
LOAN0003107,CUST000709,SME Loan,0,,,96880.92,0.0,0.0,2024-11-09,0
LOAN0003108,CUST004197,Personal Loan,0,,,97338.12,0.0,0.0,2024-09-13,0
LOAN0003109,CUST005843,Personal Loan,0,,,675047.52,0.0,0.0,2026-06-02,0
LOAN0003110,CUST001484,BNPL,0,,,5578.8,0.0,0.0,2024-06-30,0
LOAN0003111,CUST007664,BNPL,0,,,3263.84,0.0,0.0,2024-02-22,0
LOAN0003112,CUST007458,BNPL,0,,,4326.75,0.0,0.0,2024-04-20,0
LOAN0003113,CUST009043,SME Loan,0,,,549017.8,0.0,0.0,2025-08-10,0
LOAN0003114,CUST000090,SME Loan,0,,,218932.86,0.0,0.0,2025-09-11,0
LOAN0003115,CUST002171,Personal Loan,0,,,247421.23,0.0,0.0,2024-01-20,0
LOAN0003116,CUST008285,Personal Loan,1,120.0,4.0,10802.37,14889.63,4981.98,2022-12-30,1
LOAN0003117,CUST006713,Personal Loan,0,,,237471.69,0.0,0.0,2025-06-21,0
LOAN0003118,CUST008955,BNPL,0,,,28612.8,0.0,0.0,2023-09-30,0
LOAN0003119,CUST000577,Personal Loan,0,,,553270.6,0.0,0.0,2023-04-27,0
LOAN0003120,CUST005982,BNPL,0,,,18436.5,0.0,0.0,2024-09-01,0
LOAN0003121,CUST005699,SME Loan,0,,,592398.27,0.0,0.0,2023-08-24,0
LOAN0003122,CUST000361,Personal Loan,0,,,177709.05,0.0,0.0,2023-10-25,0
LOAN0003123,CUST005141,SME Loan,0,,,586692.0,0.0,0.0,2024-03-30,0
LOAN0003124,CUST006107,BNPL,0,,,58228.48,0.0,0.0,2024-02-25,0
LOAN0003125,CUST001920,Personal Loan,0,,,212810.75,0.0,0.0,2025-11-27,0
LOAN0003126,CUST002735,Personal Loan,0,,,480707.52,0.0,0.0,2025-11-25,0
LOAN0003127,CUST006412,BNPL,1,90.0,3.0,9750.98,27459.02,3424.83,2023-07-31,1
LOAN0003128,CUST004681,BNPL,0,,,58572.25,0.0,0.0,2024-03-26,0
LOAN0003129,CUST008592,Personal Loan,1,60.0,2.0,6148.9,148984.1,43068.81,2023-10-26,1
LOAN0003130,CUST003423,Personal Loan,0,,,272828.21,0.0,0.0,2025-10-19,0
LOAN0003131,CUST002668,SME Loan,1,210.0,7.0,53512.68,91047.32,27706.47,2024-06-17,1
LOAN0003132,CUST009846,Personal Loan,0,,,482094.41,0.0,0.0,2025-05-12,0
LOAN0003133,CUST009119,SME Loan,0,,,136814.7,0.0,0.0,2026-06-06,0
LOAN0003134,CUST000298,SME Loan,0,,,575881.04,0.0,0.0,2025-11-04,0
LOAN0003135,CUST007714,Personal Loan,1,210.0,7.0,98428.86,228929.14,28923.77,2024-07-22,1
LOAN0003136,CUST001116,Personal Loan,0,,,591945.0,0.0,0.0,2025-06-17,0
LOAN0003137,CUST000283,Personal Loan,0,,,512959.34,0.0,0.0,2025-05-28,0
LOAN0003138,CUST002738,BNPL,1,60.0,2.0,14527.6,42714.4,10699.66,2023-03-07,1
LOAN0003139,CUST002694,Personal Loan,0,,,567010.08,0.0,0.0,2025-09-01,0
LOAN0003140,CUST008209,SME Loan,0,,,79485.51,0.0,0.0,2024-11-04,0
LOAN0003141,CUST007125,Personal Loan,0,,,613184.55,0.0,0.0,2026-01-06,0
LOAN0003142,CUST009815,SME Loan,0,,,329050.3,0.0,0.0,2024-10-24,0
LOAN0003143,CUST007133,Personal Loan,0,,,388917.62,0.0,0.0,2025-10-10,0
LOAN0003144,CUST004189,Personal Loan,0,,,535501.53,0.0,0.0,2026-01-17,0
LOAN0003145,CUST007009,Personal Loan,0,,,355936.5,0.0,0.0,2024-10-30,0
LOAN0003146,CUST009994,Personal Loan,0,,,390782.86,0.0,0.0,2026-01-28,0
LOAN0003147,CUST007120,Personal Loan,0,,,555882.0,0.0,0.0,2024-03-11,0
LOAN0003148,CUST007628,Personal Loan,0,,,294400.62,0.0,0.0,2025-04-29,0
LOAN0003149,CUST009386,Education Loan,0,,,625641.66,0.0,0.0,2027-06-30,0
LOAN0003150,CUST001149,Personal Loan,0,,,426665.33,0.0,0.0,2024-02-21,0
LOAN0003151,CUST007066,BNPL,0,,,60094.0,0.0,0.0,2024-01-13,0
LOAN0003152,CUST008523,Personal Loan,1,90.0,3.0,6746.92,49068.08,17332.93,2024-02-09,1
LOAN0003153,CUST009547,Personal Loan,0,,,329128.96,0.0,0.0,2024-05-17,0
LOAN0003154,CUST002115,Personal Loan,0,,,515896.05,0.0,0.0,2025-03-21,0
LOAN0003155,CUST005045,Personal Loan,0,,,160243.84,0.0,0.0,2024-07-18,0
LOAN0003156,CUST006820,Personal Loan,0,,,533040.41,0.0,0.0,2025-06-22,0
LOAN0003157,CUST002478,SME Loan,0,,,247911.04,0.0,0.0,2026-08-31,0
LOAN0003158,CUST006017,Personal Loan,0,,,320551.68,0.0,0.0,2025-09-04,0
LOAN0003159,CUST002580,Personal Loan,0,,,514037.21,0.0,0.0,2024-08-18,0
LOAN0003160,CUST003331,SME Loan,0,,,533393.56,0.0,0.0,2025-01-27,0
LOAN0003161,CUST004416,Personal Loan,0,,,309384.46,0.0,0.0,2025-01-11,0
LOAN0003162,CUST005298,Personal Loan,0,,,20878.52,0.0,0.0,2025-06-17,0
LOAN0003163,CUST004492,Personal Loan,0,,,632132.2,0.0,0.0,2026-10-21,0
LOAN0003164,CUST004942,Personal Loan,0,,,428189.51,0.0,0.0,2024-11-07,0
LOAN0003165,CUST002988,BNPL,1,120.0,4.0,14440.14,31670.86,5663.04,2024-03-11,1
LOAN0003166,CUST001599,Personal Loan,0,,,122535.32,0.0,0.0,2025-09-16,0
LOAN0003167,CUST000481,SME Loan,0,,,336929.13,0.0,0.0,2024-03-06,0
LOAN0003168,CUST001963,BNPL,0,,,22019.6,0.0,0.0,2023-11-25,0
LOAN0003169,CUST005834,SME Loan,0,,,641868.26,0.0,0.0,2024-10-10,0
LOAN0003170,CUST007875,Personal Loan,0,,,275648.58,0.0,0.0,2024-08-18,0
LOAN0003171,CUST001704,BNPL,0,,,32696.56,0.0,0.0,2024-06-21,0
LOAN0003172,CUST001097,Personal Loan,0,,,233453.76,0.0,0.0,2024-09-21,0
LOAN0003173,CUST007507,SME Loan,0,,,95927.95,0.0,0.0,2025-02-28,0
LOAN0003174,CUST003053,BNPL,1,210.0,7.0,4323.66,1249.34,178.09,2024-04-06,1
LOAN0003175,CUST009518,Personal Loan,0,,,297355.52,0.0,0.0,2026-03-01,0
LOAN0003176,CUST007161,SME Loan,0,,,273576.0,0.0,0.0,2024-01-31,0
LOAN0003177,CUST003268,Personal Loan,0,,,298802.28,0.0,0.0,2025-12-22,0
LOAN0003178,CUST002899,Personal Loan,0,,,129497.76,0.0,0.0,2024-05-11,0
LOAN0003179,CUST005242,BNPL,0,,,33708.43,0.0,0.0,2023-10-24,0
LOAN0003180,CUST000799,SME Loan,0,,,521460.75,0.0,0.0,2025-03-17,0
LOAN0003181,CUST001190,Personal Loan,0,,,692765.36,0.0,0.0,2025-07-26,0
LOAN0003182,CUST001769,Personal Loan,0,,,256987.5,0.0,0.0,2026-09-27,0
LOAN0003183,CUST007756,SME Loan,0,,,58409.26,0.0,0.0,2024-12-09,0
LOAN0003184,CUST005144,Personal Loan,1,60.0,2.0,23681.83,437883.17,65917.65,2024-01-04,1
LOAN0003185,CUST000108,SME Loan,0,,,467871.25,0.0,0.0,2025-08-26,0
LOAN0003186,CUST006745,Personal Loan,1,210.0,7.0,143724.84,87738.16,17774.21,2023-05-18,1
LOAN0003187,CUST004241,Personal Loan,0,,,261337.93,0.0,0.0,2024-06-03,0
LOAN0003188,CUST005115,Personal Loan,0,,,283739.76,0.0,0.0,2025-05-13,0
LOAN0003189,CUST002146,Education Loan,0,,,383555.16,0.0,0.0,2025-01-20,0
LOAN0003190,CUST005524,Personal Loan,0,,,195891.2,0.0,0.0,2025-04-25,0
LOAN0003191,CUST009792,SME Loan,0,,,530199.45,0.0,0.0,2024-08-21,0
LOAN0003192,CUST000743,Personal Loan,1,210.0,7.0,12785.04,41942.96,4765.04,2024-02-04,1
LOAN0003193,CUST002842,SME Loan,0,,,601296.78,0.0,0.0,2025-07-03,0
LOAN0003194,CUST002434,Personal Loan,0,,,403831.68,0.0,0.0,2025-08-09,0
LOAN0003195,CUST002489,Personal Loan,1,210.0,7.0,214753.02,150640.98,16509.11,2024-05-14,1
LOAN0003196,CUST003793,Personal Loan,0,,,181334.72,0.0,0.0,2025-04-02,0
LOAN0003197,CUST008197,BNPL,0,,,45175.47,0.0,0.0,2023-12-30,0
LOAN0003198,CUST009135,Personal Loan,0,,,325298.93,0.0,0.0,2024-10-04,0
LOAN0003199,CUST002027,Personal Loan,0,,,35336.49,0.0,0.0,2024-11-06,0
LOAN0003200,CUST005435,Personal Loan,1,240.0,8.0,118745.76,256199.24,90343.56,2024-03-20,1
LOAN0003201,CUST006377,Personal Loan,0,,,24851.31,0.0,0.0,2024-07-11,0
LOAN0003202,CUST005225,BNPL,0,,,39802.17,0.0,0.0,2024-03-04,0
LOAN0003203,CUST004344,Education Loan,0,,,924438.42,0.0,0.0,2024-12-02,0
LOAN0003204,CUST001926,SME Loan,0,,,279027.98,0.0,0.0,2025-09-11,0
LOAN0003205,CUST004891,Personal Loan,0,,,645444.24,0.0,0.0,2025-09-10,0
LOAN0003206,CUST004020,SME Loan,1,240.0,8.0,94176.88,187880.12,72370.66,2024-06-12,1
LOAN0003207,CUST007970,Education Loan,0,,,158924.91,0.0,0.0,2025-11-01,0
LOAN0003208,CUST007647,Personal Loan,0,,,429129.36,0.0,0.0,2026-04-15,0
LOAN0003209,CUST001353,BNPL,0,,,33791.52,0.0,0.0,2023-04-30,0
LOAN0003210,CUST000894,Personal Loan,0,,,293669.2,0.0,0.0,2025-08-02,0
LOAN0003211,CUST009090,Personal Loan,0,,,624939.03,0.0,0.0,2025-05-18,0
LOAN0003212,CUST005363,Personal Loan,1,210.0,7.0,161259.9,169230.1,22767.01,2024-05-13,1
LOAN0003213,CUST008590,BNPL,0,,,17454.43,0.0,0.0,2023-08-01,0
LOAN0003214,CUST000587,BNPL,0,,,21933.42,0.0,0.0,2022-11-06,0
LOAN0003215,CUST005268,BNPL,0,,,45825.64,0.0,0.0,2023-08-25,0
LOAN0003216,CUST005399,Personal Loan,1,240.0,8.0,300473.53,17892.47,4466.4,2023-09-03,1
LOAN0003217,CUST008618,Personal Loan,0,,,164694.98,0.0,0.0,2026-07-16,0
LOAN0003218,CUST000985,Personal Loan,1,210.0,7.0,18573.6,51160.4,18368.58,2023-04-16,1
LOAN0003219,CUST002407,BNPL,0,,,6122.1,0.0,0.0,2024-05-16,0
LOAN0003220,CUST004074,Personal Loan,0,,,645682.2,0.0,0.0,2026-05-20,0
LOAN0003221,CUST008668,Personal Loan,0,,,594382.22,0.0,0.0,2026-10-21,0
LOAN0003222,CUST009391,Personal Loan,0,,,535380.1,0.0,0.0,2024-09-14,0
LOAN0003223,CUST009925,Personal Loan,1,60.0,2.0,16574.97,364795.03,131991.09,2022-06-02,1
LOAN0003224,CUST009594,BNPL,0,,,28102.92,0.0,0.0,2024-04-13,0
LOAN0003225,CUST000063,Education Loan,0,,,919945.29,0.0,0.0,2026-07-17,0
LOAN0003226,CUST000483,Personal Loan,0,,,437179.44,0.0,0.0,2025-08-03,0
LOAN0003227,CUST001489,Personal Loan,1,180.0,6.0,128442.4,17412.6,2596.18,2024-06-07,1
LOAN0003228,CUST003484,Personal Loan,0,,,522185.1,0.0,0.0,2024-05-23,0
LOAN0003229,CUST008313,Personal Loan,0,,,474000.24,0.0,0.0,2024-10-31,0
LOAN0003230,CUST008936,Personal Loan,0,,,108760.96,0.0,0.0,2024-09-19,0
LOAN0003231,CUST001878,BNPL,1,60.0,2.0,1270.46,8443.54,1406.77,2023-03-22,1
LOAN0003232,CUST006213,SME Loan,0,,,715317.0,0.0,0.0,2025-01-27,0
LOAN0003233,CUST009178,Personal Loan,0,,,490252.32,0.0,0.0,2025-04-04,0
LOAN0003234,CUST004636,SME Loan,0,,,637505.4,0.0,0.0,2024-12-17,0
LOAN0003235,CUST001047,BNPL,0,,,8692.8,0.0,0.0,2024-03-10,0
LOAN0003236,CUST004575,BNPL,0,,,52060.46,0.0,0.0,2024-01-22,0
LOAN0003237,CUST003763,Personal Loan,0,,,331002.99,0.0,0.0,2025-02-05,0
LOAN0003238,CUST005788,Education Loan,0,,,764467.33,0.0,0.0,2024-07-20,0
LOAN0003239,CUST004386,Personal Loan,1,60.0,2.0,30296.02,457955.98,101377.57,2023-12-08,1
LOAN0003240,CUST000181,Personal Loan,0,,,514306.1,0.0,0.0,2024-07-03,0
LOAN0003241,CUST009940,Personal Loan,0,,,318729.6,0.0,0.0,2026-01-08,0
LOAN0003242,CUST005441,Personal Loan,1,90.0,3.0,75655.42,202909.58,56856.07,2024-01-07,1
LOAN0003243,CUST004734,SME Loan,0,,,310285.92,0.0,0.0,2025-08-29,0
LOAN0003244,CUST009549,Personal Loan,1,120.0,4.0,15614.37,86688.63,23808.07,2023-11-12,1
LOAN0003245,CUST001570,SME Loan,1,150.0,5.0,103308.6,111615.4,43418.62,2022-10-05,1
LOAN0003246,CUST001900,Personal Loan,0,,,107486.72,0.0,0.0,2025-10-14,0
LOAN0003247,CUST008094,SME Loan,0,,,756352.88,0.0,0.0,2025-01-27,0
LOAN0003248,CUST002613,Personal Loan,0,,,346969.56,0.0,0.0,2025-10-03,0
LOAN0003249,CUST008006,BNPL,0,,,21960.63,0.0,0.0,2024-03-21,0
LOAN0003250,CUST002717,Personal Loan,0,,,670532.17,0.0,0.0,2026-05-31,0
LOAN0003251,CUST000338,SME Loan,0,,,588369.0,0.0,0.0,2025-12-17,0
LOAN0003252,CUST005177,BNPL,0,,,55231.36,0.0,0.0,2024-01-19,0
LOAN0003253,CUST001969,Personal Loan,1,60.0,2.0,11544.17,115439.83,24260.07,2022-11-16,1
LOAN0003254,CUST007588,SME Loan,0,,,399213.54,0.0,0.0,2025-04-12,0
LOAN0003255,CUST006420,Personal Loan,1,90.0,3.0,8189.14,99010.86,36831.84,2022-09-02,1
LOAN0003256,CUST009240,Personal Loan,0,,,613095.6,0.0,0.0,2026-04-18,0
LOAN0003257,CUST007841,Personal Loan,1,180.0,6.0,11589.45,45171.55,5756.63,2024-04-16,1
LOAN0003258,CUST001818,BNPL,0,,,48239.0,0.0,0.0,2022-12-25,0
LOAN0003259,CUST008015,Personal Loan,0,,,199806.49,0.0,0.0,2023-06-30,0
LOAN0003260,CUST006425,Personal Loan,0,,,312869.44,0.0,0.0,2024-11-30,0
LOAN0003261,CUST006697,SME Loan,0,,,308168.74,0.0,0.0,2025-01-31,0
LOAN0003262,CUST008336,BNPL,1,60.0,2.0,7741.93,37781.07,9703.94,2023-03-04,1
LOAN0003263,CUST005750,SME Loan,0,,,451212.0,0.0,0.0,2025-10-06,0
LOAN0003264,CUST004660,Personal Loan,0,,,525898.2,0.0,0.0,2025-07-13,0
LOAN0003265,CUST006374,SME Loan,0,,,190235.76,0.0,0.0,2023-11-15,0
LOAN0003266,CUST002982,BNPL,0,,,10781.4,0.0,0.0,2024-02-29,0
LOAN0003267,CUST001834,Personal Loan,1,120.0,4.0,81502.17,175169.83,64326.96,2024-04-19,1
LOAN0003268,CUST006180,Personal Loan,0,,,279983.2,0.0,0.0,2025-09-03,0
LOAN0003269,CUST002345,SME Loan,1,240.0,8.0,261238.88,127202.12,13626.81,2024-02-10,1
LOAN0003270,CUST000806,SME Loan,0,,,195399.36,0.0,0.0,2025-06-04,0
LOAN0003271,CUST000006,Personal Loan,0,,,249965.28,0.0,0.0,2023-09-10,0
LOAN0003272,CUST006094,Personal Loan,0,,,470096.88,0.0,0.0,2024-09-23,0
LOAN0003273,CUST003622,Personal Loan,0,,,228139.12,0.0,0.0,2024-11-29,0
LOAN0003274,CUST007537,SME Loan,0,,,294861.21,0.0,0.0,2025-04-20,0
LOAN0003275,CUST003756,Personal Loan,1,240.0,8.0,126263.2,84466.8,14198.81,2024-07-21,1
LOAN0003276,CUST004868,BNPL,0,,,35470.74,0.0,0.0,2023-11-24,0
LOAN0003277,CUST004079,BNPL,1,180.0,6.0,2944.3,2249.7,523.08,2022-08-31,1
LOAN0003278,CUST006514,SME Loan,0,,,202841.0,0.0,0.0,2025-08-29,0
LOAN0003279,CUST003564,BNPL,0,,,36829.14,0.0,0.0,2024-06-30,0
LOAN0003280,CUST009640,Personal Loan,0,,,255973.5,0.0,0.0,2025-10-25,0
LOAN0003281,CUST009364,Personal Loan,0,,,193386.9,0.0,0.0,2025-02-03,0
LOAN0003282,CUST008493,Personal Loan,0,,,550149.14,0.0,0.0,2026-03-11,0
LOAN0003283,CUST009207,BNPL,0,,,50229.48,0.0,0.0,2022-12-27,0
LOAN0003284,CUST004490,Personal Loan,0,,,239948.03,0.0,0.0,2024-02-15,0
LOAN0003285,CUST005371,Personal Loan,0,,,406794.96,0.0,0.0,2025-10-30,0
LOAN0003286,CUST007437,Personal Loan,0,,,102206.44,0.0,0.0,2026-04-08,0
LOAN0003287,CUST006979,SME Loan,0,,,546993.72,0.0,0.0,2026-02-27,0
LOAN0003288,CUST008917,Personal Loan,0,,,110851.26,0.0,0.0,2024-12-26,0
LOAN0003289,CUST007179,BNPL,1,150.0,5.0,27479.8,0.0,0.0,2023-05-21,1
LOAN0003290,CUST009977,BNPL,1,60.0,2.0,3198.34,9424.66,1695.09,2023-11-06,1
LOAN0003291,CUST003480,BNPL,0,,,54880.85,0.0,0.0,2023-11-02,0
LOAN0003292,CUST008342,Personal Loan,1,180.0,6.0,96178.6,333415.4,90221.9,2024-06-22,1
LOAN0003293,CUST006996,BNPL,0,,,49370.7,0.0,0.0,2023-10-25,0
LOAN0003294,CUST006935,SME Loan,1,210.0,7.0,148613.52,248146.48,35461.28,2024-07-23,1
LOAN0003295,CUST003259,BNPL,0,,,6605.75,0.0,0.0,2024-03-03,0
LOAN0003296,CUST007869,Personal Loan,1,60.0,2.0,15354.0,124282.0,35232.24,2023-08-03,1
LOAN0003297,CUST009012,BNPL,0,,,58035.1,0.0,0.0,2023-12-25,0
LOAN0003298,CUST002190,SME Loan,0,,,598794.6,0.0,0.0,2023-11-11,0
LOAN0003299,CUST006270,Personal Loan,0,,,245522.97,0.0,0.0,2024-10-23,0
LOAN0003300,CUST003925,Personal Loan,0,,,553948.64,0.0,0.0,2026-02-27,0
LOAN0003301,CUST009893,Education Loan,1,90.0,3.0,17463.94,98577.06,25507.28,2023-03-27,1
LOAN0003302,CUST004789,Personal Loan,1,180.0,6.0,29432.95,92015.05,36182.39,2024-05-01,1
LOAN0003303,CUST002289,Personal Loan,0,,,31955.91,0.0,0.0,2025-05-14,0
LOAN0003304,CUST003824,Personal Loan,0,,,72011.25,0.0,0.0,2024-07-26,0
LOAN0003305,CUST006549,BNPL,0,,,2044.32,0.0,0.0,2024-01-08,0
LOAN0003306,CUST000770,Education Loan,0,,,1026445.55,0.0,0.0,2024-08-02,0
LOAN0003307,CUST006048,BNPL,0,,,35923.06,0.0,0.0,2024-01-08,0
LOAN0003308,CUST009315,BNPL,0,,,59001.1,0.0,0.0,2022-12-29,0
LOAN0003309,CUST008519,SME Loan,0,,,464203.92,0.0,0.0,2026-06-23,0
LOAN0003310,CUST000686,Personal Loan,0,,,503954.64,0.0,0.0,2026-04-14,0
LOAN0003311,CUST009934,BNPL,0,,,31342.44,0.0,0.0,2024-01-21,0
LOAN0003312,CUST007007,SME Loan,0,,,352638.48,0.0,0.0,2024-12-02,0
LOAN0003313,CUST001632,Personal Loan,0,,,359546.5,0.0,0.0,2024-03-09,0
LOAN0003314,CUST000131,Personal Loan,0,,,184940.7,0.0,0.0,2025-04-15,0
LOAN0003315,CUST001725,Personal Loan,0,,,64764.21,0.0,0.0,2024-04-03,0
LOAN0003316,CUST008393,Personal Loan,1,240.0,8.0,118951.63,225723.37,25606.96,2024-05-13,1
LOAN0003317,CUST000225,Personal Loan,0,,,609853.86,0.0,0.0,2025-08-26,0
LOAN0003318,CUST002338,Personal Loan,0,,,298816.56,0.0,0.0,2024-12-17,0
LOAN0003319,CUST007583,Personal Loan,0,,,300274.7,0.0,0.0,2026-03-29,0
LOAN0003320,CUST005875,BNPL,1,180.0,6.0,45559.47,0.0,0.0,2024-03-20,1
LOAN0003321,CUST007839,BNPL,0,,,13383.32,0.0,0.0,2023-12-24,0
LOAN0003322,CUST007476,BNPL,1,150.0,5.0,9043.0,8196.0,2086.34,2022-11-04,1
LOAN0003323,CUST000512,Personal Loan,0,,,409610.32,0.0,0.0,2024-08-25,0
LOAN0003324,CUST008935,SME Loan,0,,,551824.32,0.0,0.0,2026-06-23,0
LOAN0003325,CUST002276,Personal Loan,0,,,71021.37,0.0,0.0,2024-01-24,0
LOAN0003326,CUST005540,BNPL,0,,,53510.31,0.0,0.0,2024-05-03,0
LOAN0003327,CUST006450,Personal Loan,0,,,370777.05,0.0,0.0,2026-11-13,0
LOAN0003328,CUST001697,SME Loan,0,,,206248.41,0.0,0.0,2024-09-11,0
LOAN0003329,CUST009765,Education Loan,1,150.0,5.0,107447.48,828573.52,286421.17,2023-12-03,1
LOAN0003330,CUST004890,BNPL,1,120.0,4.0,7177.8,15603.2,1569.19,2024-03-25,1
LOAN0003331,CUST000582,SME Loan,0,,,541740.59,0.0,0.0,2026-03-20,0
LOAN0003332,CUST009375,Personal Loan,0,,,110792.4,0.0,0.0,2026-01-28,0
LOAN0003333,CUST005876,Personal Loan,0,,,198305.77,0.0,0.0,2024-12-21,0
LOAN0003334,CUST007013,BNPL,0,,,32049.92,0.0,0.0,2023-01-04,0
LOAN0003335,CUST005254,Personal Loan,0,,,577353.42,0.0,0.0,2025-06-16,0
LOAN0003336,CUST008361,Education Loan,0,,,444555.0,0.0,0.0,2025-01-10,0
LOAN0003337,CUST000338,BNPL,1,210.0,7.0,16377.36,7677.64,2383.93,2023-10-31,1
LOAN0003338,CUST002686,Personal Loan,0,,,128480.67,0.0,0.0,2024-07-27,0
LOAN0003339,CUST004695,Personal Loan,0,,,549622.92,0.0,0.0,2025-10-31,0
LOAN0003340,CUST000775,SME Loan,1,180.0,6.0,222737.8,373332.2,52964.3,2024-05-06,1
LOAN0003341,CUST007077,Personal Loan,0,,,248407.74,0.0,0.0,2025-04-14,0
LOAN0003342,CUST003941,Personal Loan,0,,,444669.68,0.0,0.0,2024-07-14,0
LOAN0003343,CUST002728,Personal Loan,0,,,14677.0,0.0,0.0,2025-04-01,0
LOAN0003344,CUST000035,SME Loan,0,,,126545.4,0.0,0.0,2025-02-02,0
LOAN0003345,CUST007211,Personal Loan,0,,,412388.2,0.0,0.0,2022-11-19,0
LOAN0003346,CUST008350,Personal Loan,0,,,347852.68,0.0,0.0,2024-12-14,0
LOAN0003347,CUST003956,Education Loan,0,,,494029.44,0.0,0.0,2025-03-19,0
LOAN0003348,CUST005651,BNPL,1,210.0,7.0,11317.98,1863.02,230.12,2023-01-28,1
LOAN0003349,CUST002282,Personal Loan,0,,,383017.88,0.0,0.0,2025-05-02,0
LOAN0003350,CUST006236,Education Loan,0,,,362445.86,0.0,0.0,2024-09-07,0
LOAN0003351,CUST000128,Education Loan,0,,,1024669.8,0.0,0.0,2026-05-15,0
LOAN0003352,CUST004895,BNPL,1,180.0,6.0,38806.04,0.0,0.0,2024-01-10,1
LOAN0003353,CUST006449,Personal Loan,0,,,179547.06,0.0,0.0,2024-01-07,0
LOAN0003354,CUST009185,BNPL,0,,,54890.56,0.0,0.0,2024-01-06,0
LOAN0003355,CUST003820,Personal Loan,1,120.0,4.0,85551.42,218589.58,74483.28,2022-12-15,1
LOAN0003356,CUST007662,Personal Loan,0,,,527678.8,0.0,0.0,2024-03-11,0
LOAN0003357,CUST005990,Education Loan,0,,,916092.32,0.0,0.0,2025-10-29,0
LOAN0003358,CUST009273,SME Loan,0,,,420617.1,0.0,0.0,2025-02-15,0
LOAN0003359,CUST003991,Personal Loan,0,,,449447.36,0.0,0.0,2025-03-20,0
LOAN0003360,CUST003193,SME Loan,1,180.0,6.0,81424.05,183065.95,27233.33,2023-08-01,1
LOAN0003361,CUST008883,Personal Loan,0,,,550168.96,0.0,0.0,2026-03-05,0
LOAN0003362,CUST000498,BNPL,0,,,45702.78,0.0,0.0,2023-12-17,0
LOAN0003363,CUST001377,Personal Loan,0,,,44678.64,0.0,0.0,2023-05-07,0
LOAN0003364,CUST000832,SME Loan,0,,,162029.56,0.0,0.0,2024-11-18,0
LOAN0003365,CUST008442,Personal Loan,0,,,360338.68,0.0,0.0,2025-07-14,0
LOAN0003366,CUST000109,BNPL,1,90.0,3.0,37582.86,18139.14,2550.43,2024-02-21,1
LOAN0003367,CUST008629,BNPL,0,,,3163.05,0.0,0.0,2023-10-30,0
LOAN0003368,CUST004509,Personal Loan,0,,,52104.16,0.0,0.0,2024-07-28,0
LOAN0003369,CUST000042,Personal Loan,1,90.0,3.0,15626.48,128156.52,41785.11,2022-09-19,1
LOAN0003370,CUST004024,Education Loan,0,,,1031489.91,0.0,0.0,2025-12-08,0
LOAN0003371,CUST001878,Personal Loan,1,90.0,3.0,123242.5,318276.5,94025.0,2022-11-27,1
LOAN0003372,CUST006257,Personal Loan,0,,,236342.12,0.0,0.0,2026-01-03,0
LOAN0003373,CUST006807,Personal Loan,1,60.0,2.0,10626.61,112210.39,18676.74,2023-11-05,1
LOAN0003374,CUST004883,Education Loan,0,,,125034.0,0.0,0.0,2026-03-18,0
LOAN0003375,CUST000413,SME Loan,0,,,752718.72,0.0,0.0,2026-01-11,0
LOAN0003376,CUST006570,BNPL,1,120.0,4.0,23001.0,28660.0,9698.37,2024-02-03,1
LOAN0003377,CUST008431,Personal Loan,0,,,64420.92,0.0,0.0,2024-09-03,0
LOAN0003378,CUST007217,Personal Loan,0,,,453902.24,0.0,0.0,2024-05-29,0
LOAN0003379,CUST008313,BNPL,0,,,35263.72,0.0,0.0,2024-01-18,0
LOAN0003380,CUST002009,Personal Loan,0,,,493464.44,0.0,0.0,2026-09-20,0
LOAN0003381,CUST008902,SME Loan,0,,,315155.89,0.0,0.0,2025-10-14,0
LOAN0003382,CUST003224,BNPL,0,,,8409.96,0.0,0.0,2024-07-29,0
LOAN0003383,CUST000141,SME Loan,1,120.0,4.0,70910.73,198260.27,67584.56,2024-01-20,1
LOAN0003384,CUST008444,Personal Loan,0,,,76580.58,0.0,0.0,2026-09-20,0
LOAN0003385,CUST009420,Personal Loan,0,,,489267.99,0.0,0.0,2025-08-28,0
LOAN0003386,CUST006566,BNPL,0,,,28597.2,0.0,0.0,2024-02-09,0
LOAN0003387,CUST002321,SME Loan,0,,,454006.2,0.0,0.0,2025-04-24,0
LOAN0003388,CUST002520,SME Loan,0,,,753249.38,0.0,0.0,2025-09-01,0
LOAN0003389,CUST004664,Education Loan,0,,,346926.14,0.0,0.0,2026-06-26,0
LOAN0003390,CUST008986,Personal Loan,0,,,270274.42,0.0,0.0,2026-02-18,0
LOAN0003391,CUST001506,BNPL,0,,,40713.33,0.0,0.0,2024-07-02,0
LOAN0003392,CUST008274,BNPL,0,,,59776.1,0.0,0.0,2024-10-29,0
LOAN0003393,CUST002917,SME Loan,0,,,499431.79,0.0,0.0,2024-12-21,0
LOAN0003394,CUST008100,Personal Loan,0,,,574829.1,0.0,0.0,2025-02-06,0
LOAN0003395,CUST009207,Personal Loan,0,,,72792.06,0.0,0.0,2024-10-27,0
LOAN0003396,CUST004277,Personal Loan,0,,,499766.04,0.0,0.0,2023-04-18,0
LOAN0003397,CUST003651,SME Loan,0,,,299136.97,0.0,0.0,2024-09-15,0
LOAN0003398,CUST008035,Personal Loan,0,,,500809.13,0.0,0.0,2024-06-23,0
LOAN0003399,CUST005300,Personal Loan,0,,,211558.38,0.0,0.0,2025-08-25,0
LOAN0003400,CUST006862,Personal Loan,0,,,179933.16,0.0,0.0,2024-12-06,0
LOAN0003401,CUST006243,BNPL,0,,,35935.2,0.0,0.0,2024-08-18,0
LOAN0003402,CUST001540,BNPL,0,,,6001.3,0.0,0.0,2024-02-15,0
LOAN0003403,CUST008458,Personal Loan,1,90.0,3.0,43447.2,386094.8,105712.24,2024-01-21,1
LOAN0003404,CUST001961,BNPL,0,,,44526.75,0.0,0.0,2024-03-12,0
LOAN0003405,CUST009325,Personal Loan,0,,,588439.83,0.0,0.0,2026-05-24,0
LOAN0003406,CUST002508,Personal Loan,0,,,269853.87,0.0,0.0,2026-01-10,0
LOAN0003407,CUST007356,Personal Loan,0,,,354192.79,0.0,0.0,2023-12-25,0
LOAN0003408,CUST002849,Personal Loan,0,,,466162.74,0.0,0.0,2025-06-06,0
LOAN0003409,CUST003180,Personal Loan,0,,,210525.48,0.0,0.0,2026-09-28,0
LOAN0003410,CUST003103,Personal Loan,0,,,576497.46,0.0,0.0,2026-09-17,0
LOAN0003411,CUST007492,Personal Loan,0,,,529441.71,0.0,0.0,2025-01-25,0
LOAN0003412,CUST005577,SME Loan,0,,,132943.03,0.0,0.0,2024-11-07,0
LOAN0003413,CUST008841,BNPL,0,,,35407.19,0.0,0.0,2024-06-26,0
LOAN0003414,CUST003076,Education Loan,1,240.0,8.0,331279.69,596808.31,75896.93,2024-08-25,1
LOAN0003415,CUST006940,Personal Loan,0,,,331095.75,0.0,0.0,2025-11-30,0
LOAN0003416,CUST007542,Personal Loan,0,,,447181.82,0.0,0.0,2026-05-24,0
LOAN0003417,CUST001525,Personal Loan,0,,,228616.5,0.0,0.0,2025-09-30,0
LOAN0003418,CUST004013,Personal Loan,0,,,337553.36,0.0,0.0,2026-08-31,0
LOAN0003419,CUST004834,Personal Loan,0,,,352816.64,0.0,0.0,2024-07-14,0
LOAN0003420,CUST003560,Personal Loan,0,,,333735.3,0.0,0.0,2025-03-12,0
LOAN0003421,CUST003223,Personal Loan,1,150.0,5.0,103297.68,249524.32,29729.18,2024-05-17,1
LOAN0003422,CUST006883,Personal Loan,0,,,36139.92,0.0,0.0,2024-11-25,0
LOAN0003423,CUST002163,Personal Loan,1,90.0,3.0,54702.0,377664.0,84131.48,2023-07-19,1
LOAN0003424,CUST007112,Personal Loan,0,,,179968.49,0.0,0.0,2024-05-07,0
LOAN0003425,CUST009352,SME Loan,0,,,660424.59,0.0,0.0,2026-02-04,0
LOAN0003426,CUST005660,BNPL,0,,,4454.38,0.0,0.0,2024-07-06,0
LOAN0003427,CUST006127,Personal Loan,0,,,393465.73,0.0,0.0,2024-03-25,0
LOAN0003428,CUST000698,BNPL,0,,,33720.9,0.0,0.0,2023-12-29,0
LOAN0003429,CUST008656,Personal Loan,1,180.0,6.0,24783.7,34901.3,8247.52,2023-09-20,1
LOAN0003430,CUST002856,BNPL,0,,,61104.84,0.0,0.0,2023-05-02,0
LOAN0003431,CUST006164,Personal Loan,0,,,527103.18,0.0,0.0,2023-11-25,0
LOAN0003432,CUST009792,Personal Loan,0,,,63741.4,0.0,0.0,2023-06-14,0
LOAN0003433,CUST005965,BNPL,0,,,42420.42,0.0,0.0,2024-05-29,0
LOAN0003434,CUST007265,Education Loan,0,,,143893.2,0.0,0.0,2026-04-10,0
LOAN0003435,CUST004455,Personal Loan,0,,,436016.4,0.0,0.0,2026-03-14,0
LOAN0003436,CUST000612,Personal Loan,0,,,350903.52,0.0,0.0,2023-02-18,0
LOAN0003437,CUST007989,Personal Loan,0,,,186382.08,0.0,0.0,2025-02-22,0
LOAN0003438,CUST000354,Personal Loan,0,,,399610.24,0.0,0.0,2025-02-04,0
LOAN0003439,CUST007027,BNPL,0,,,51654.4,0.0,0.0,2024-02-01,0
LOAN0003440,CUST000237,Personal Loan,0,,,510538.2,0.0,0.0,2026-04-07,0
LOAN0003441,CUST008636,Education Loan,0,,,211720.8,0.0,0.0,2026-03-16,0
LOAN0003442,CUST001586,Personal Loan,0,,,307460.96,0.0,0.0,2025-02-26,0
LOAN0003443,CUST005148,Education Loan,0,,,696549.5,0.0,0.0,2025-10-27,0
LOAN0003444,CUST005985,Personal Loan,0,,,96237.24,0.0,0.0,2024-01-01,0
LOAN0003445,CUST004573,BNPL,0,,,37892.9,0.0,0.0,2024-06-25,0
LOAN0003446,CUST003408,SME Loan,0,,,391215.44,0.0,0.0,2025-08-10,0
LOAN0003447,CUST004676,Education Loan,0,,,463939.6,0.0,0.0,2026-05-29,0
LOAN0003448,CUST003117,Personal Loan,0,,,329657.6,0.0,0.0,2025-12-24,0
LOAN0003449,CUST004380,Personal Loan,0,,,197947.04,0.0,0.0,2026-02-08,0
LOAN0003450,CUST003590,Personal Loan,0,,,626875.26,0.0,0.0,2025-10-26,0
LOAN0003451,CUST005670,SME Loan,0,,,431220.9,0.0,0.0,2024-06-16,0
LOAN0003452,CUST002384,BNPL,1,240.0,8.0,11781.16,0.0,0.0,2024-08-26,1
LOAN0003453,CUST009883,Personal Loan,0,,,494492.28,0.0,0.0,2024-04-29,0
LOAN0003454,CUST005017,Personal Loan,0,,,293397.86,0.0,0.0,2024-06-22,0
LOAN0003455,CUST001946,BNPL,1,180.0,6.0,5208.4,4119.6,870.35,2023-02-02,1
LOAN0003456,CUST004769,Personal Loan,0,,,224558.89,0.0,0.0,2026-05-27,0
LOAN0003457,CUST008676,Personal Loan,0,,,77947.2,0.0,0.0,2023-11-04,0
LOAN0003458,CUST000227,SME Loan,0,,,61225.2,0.0,0.0,2024-07-20,0
LOAN0003459,CUST006809,Personal Loan,0,,,104878.62,0.0,0.0,2024-09-28,0
LOAN0003460,CUST005487,Personal Loan,0,,,251315.74,0.0,0.0,2024-05-16,0
LOAN0003461,CUST001706,SME Loan,0,,,368076.24,0.0,0.0,2025-12-22,0
LOAN0003462,CUST008190,Personal Loan,0,,,469096.68,0.0,0.0,2025-01-16,0
LOAN0003463,CUST003689,Personal Loan,0,,,416708.38,0.0,0.0,2024-06-22,0
LOAN0003464,CUST002942,Personal Loan,0,,,555229.35,0.0,0.0,2024-08-06,0
LOAN0003465,CUST008295,Personal Loan,0,,,369288.46,0.0,0.0,2025-06-10,0
LOAN0003466,CUST006393,BNPL,0,,,16247.5,0.0,0.0,2024-10-12,0
LOAN0003467,CUST008990,Personal Loan,0,,,531492.0,0.0,0.0,2026-05-18,0
LOAN0003468,CUST006310,Personal Loan,0,,,117124.7,0.0,0.0,2024-04-05,0
LOAN0003469,CUST007424,Personal Loan,0,,,252196.47,0.0,0.0,2026-02-06,0
LOAN0003470,CUST008376,Personal Loan,1,180.0,6.0,91351.25,301444.75,39111.0,2023-12-19,1
LOAN0003471,CUST000554,Personal Loan,0,,,238681.6,0.0,0.0,2025-10-05,0
LOAN0003472,CUST007768,Personal Loan,1,60.0,2.0,22274.73,436710.27,118045.41,2023-05-11,1
LOAN0003473,CUST006149,Personal Loan,0,,,633421.47,0.0,0.0,2026-02-26,0
LOAN0003474,CUST000703,BNPL,0,,,59889.42,0.0,0.0,2024-02-25,0
LOAN0003475,CUST005092,Personal Loan,0,,,160769.1,0.0,0.0,2026-04-06,0
LOAN0003476,CUST000833,Personal Loan,0,,,72115.2,0.0,0.0,2025-05-29,0
LOAN0003477,CUST007376,Personal Loan,0,,,564347.36,0.0,0.0,2024-11-19,0
LOAN0003478,CUST005473,Personal Loan,0,,,615858.36,0.0,0.0,2025-11-17,0
LOAN0003479,CUST009538,SME Loan,1,180.0,6.0,198096.55,158969.45,46330.58,2023-09-30,1
LOAN0003480,CUST001841,Personal Loan,1,240.0,8.0,82133.66,98115.34,18073.17,2024-05-01,1
LOAN0003481,CUST006072,Personal Loan,0,,,447167.16,0.0,0.0,2026-12-01,0
LOAN0003482,CUST002121,Education Loan,0,,,440640.12,0.0,0.0,2026-11-16,0
LOAN0003483,CUST006153,Personal Loan,0,,,98714.04,0.0,0.0,2024-04-16,0
LOAN0003484,CUST007241,Education Loan,1,120.0,4.0,66652.65,477905.35,60772.42,2023-05-29,1
LOAN0003485,CUST007238,Education Loan,0,,,952288.75,0.0,0.0,2026-01-25,0
LOAN0003486,CUST008164,BNPL,0,,,47884.85,0.0,0.0,2024-05-27,0
LOAN0003487,CUST008548,Personal Loan,0,,,14395.74,0.0,0.0,2024-04-05,0
LOAN0003488,CUST000781,Personal Loan,0,,,194866.98,0.0,0.0,2024-08-24,0
LOAN0003489,CUST003431,Personal Loan,1,240.0,8.0,61424.1,0.0,0.0,2023-07-22,1
LOAN0003490,CUST006890,BNPL,1,240.0,8.0,54747.42,0.0,0.0,2024-08-24,1
LOAN0003491,CUST004993,Personal Loan,0,,,106762.2,0.0,0.0,2025-01-17,0
LOAN0003492,CUST001915,Personal Loan,0,,,67523.4,0.0,0.0,2023-11-27,0
LOAN0003493,CUST005533,Personal Loan,0,,,376801.35,0.0,0.0,2025-06-27,0
LOAN0003494,CUST004082,BNPL,0,,,3167.04,0.0,0.0,2023-08-04,0
LOAN0003495,CUST003903,SME Loan,0,,,206083.4,0.0,0.0,2024-06-01,0
LOAN0003496,CUST008111,BNPL,0,,,8593.36,0.0,0.0,2023-11-08,0
LOAN0003497,CUST004083,Personal Loan,0,,,400942.17,0.0,0.0,2024-09-11,0
LOAN0003498,CUST000275,Personal Loan,1,180.0,6.0,51481.45,154277.55,50777.9,2023-08-31,1
LOAN0003499,CUST000586,SME Loan,0,,,521958.06,0.0,0.0,2024-06-14,0
LOAN0003500,CUST008573,Personal Loan,0,,,481362.42,0.0,0.0,2026-07-07,0
LOAN0003501,CUST009608,BNPL,1,120.0,4.0,4208.73,3981.27,1512.16,2023-02-16,1
LOAN0003502,CUST006904,Personal Loan,0,,,329408.8,0.0,0.0,2024-12-09,0
LOAN0003503,CUST003645,Personal Loan,0,,,390947.2,0.0,0.0,2024-10-15,0
LOAN0003504,CUST009389,BNPL,0,,,49947.1,0.0,0.0,2024-05-15,0
LOAN0003505,CUST006634,Personal Loan,1,90.0,3.0,149828.36,328969.64,81645.62,2023-07-09,1
LOAN0003506,CUST008453,SME Loan,0,,,410059.75,0.0,0.0,2025-01-01,0
LOAN0003507,CUST007667,Personal Loan,0,,,523559.88,0.0,0.0,2026-10-01,0
LOAN0003508,CUST003796,SME Loan,1,60.0,2.0,64489.68,525573.32,174435.02,2023-08-16,1
LOAN0003509,CUST004788,SME Loan,0,,,135674.18,0.0,0.0,2026-01-19,0
LOAN0003510,CUST001872,Personal Loan,1,180.0,6.0,109943.6,235201.4,81359.09,2023-10-23,1
LOAN0003511,CUST002925,Personal Loan,1,240.0,8.0,70926.38,46463.62,10212.29,2024-07-11,1
LOAN0003512,CUST007791,Personal Loan,1,120.0,4.0,103080.81,155055.19,24330.48,2023-07-02,1
LOAN0003513,CUST008950,Personal Loan,0,,,200746.7,0.0,0.0,2023-12-18,0
LOAN0003514,CUST007262,SME Loan,0,,,304008.6,0.0,0.0,2026-06-09,0
LOAN0003515,CUST004652,Personal Loan,0,,,425730.24,0.0,0.0,2026-07-06,0
LOAN0003516,CUST000873,Personal Loan,0,,,421982.25,0.0,0.0,2025-07-25,0
LOAN0003517,CUST000574,SME Loan,1,90.0,3.0,56982.62,530708.38,138049.17,2023-10-27,1
LOAN0003518,CUST003747,BNPL,1,180.0,6.0,8369.35,4653.65,897.01,2023-08-19,1
LOAN0003519,CUST004637,Personal Loan,0,,,41556.15,0.0,0.0,2024-09-18,0
LOAN0003520,CUST006102,SME Loan,0,,,360753.0,0.0,0.0,2026-02-15,0
LOAN0003521,CUST000069,Personal Loan,0,,,328958.42,0.0,0.0,2024-05-26,0
LOAN0003522,CUST009894,SME Loan,0,,,205908.6,0.0,0.0,2024-06-12,0
LOAN0003523,CUST003641,Personal Loan,0,,,320258.31,0.0,0.0,2026-02-02,0
LOAN0003524,CUST008494,SME Loan,0,,,288207.5,0.0,0.0,2025-02-27,0
LOAN0003525,CUST005358,SME Loan,0,,,316989.9,0.0,0.0,2025-10-17,0
LOAN0003526,CUST001317,BNPL,1,240.0,8.0,10461.78,0.0,0.0,2024-05-09,1
LOAN0003527,CUST007989,Personal Loan,0,,,15339.24,0.0,0.0,2025-06-23,0
LOAN0003528,CUST007116,SME Loan,0,,,438612.98,0.0,0.0,2026-02-06,0
LOAN0003529,CUST005279,SME Loan,0,,,553552.43,0.0,0.0,2025-10-10,0
LOAN0003530,CUST005151,Personal Loan,0,,,511501.62,0.0,0.0,2025-05-18,0
LOAN0003531,CUST000882,Personal Loan,0,,,391306.16,0.0,0.0,2024-08-23,0
LOAN0003532,CUST006568,Personal Loan,0,,,182108.16,0.0,0.0,2025-08-22,0
LOAN0003533,CUST009120,Education Loan,1,210.0,7.0,52915.98,150939.02,43651.07,2024-05-24,1
LOAN0003534,CUST000943,BNPL,0,,,30982.55,0.0,0.0,2024-04-13,0
LOAN0003535,CUST002639,SME Loan,0,,,234093.8,0.0,0.0,2025-12-02,0
LOAN0003536,CUST009032,Personal Loan,0,,,395135.68,0.0,0.0,2024-10-23,0
LOAN0003537,CUST002846,Personal Loan,0,,,407782.44,0.0,0.0,2024-05-13,0
LOAN0003538,CUST006550,Personal Loan,0,,,541005.49,0.0,0.0,2025-11-03,0
LOAN0003539,CUST005356,BNPL,0,,,46899.7,0.0,0.0,2024-02-17,0
LOAN0003540,CUST005976,Personal Loan,0,,,681257.15,0.0,0.0,2026-06-13,0
LOAN0003541,CUST004165,BNPL,1,240.0,8.0,60644.7,0.0,0.0,2023-12-21,1
LOAN0003542,CUST003003,SME Loan,0,,,95964.84,0.0,0.0,2025-02-11,0
LOAN0003543,CUST000492,Personal Loan,0,,,97062.6,0.0,0.0,2024-01-08,0
LOAN0003544,CUST007458,Personal Loan,1,120.0,4.0,150430.71,171607.29,35994.15,2024-02-03,1
LOAN0003545,CUST007476,Personal Loan,0,,,244183.04,0.0,0.0,2023-12-15,0
LOAN0003546,CUST006714,Education Loan,0,,,656706.24,0.0,0.0,2025-04-29,0
LOAN0003547,CUST006444,Personal Loan,0,,,533271.75,0.0,0.0,2024-02-03,0
LOAN0003548,CUST002441,Personal Loan,0,,,129594.24,0.0,0.0,2026-06-12,0
LOAN0003549,CUST000232,Personal Loan,0,,,486308.69,0.0,0.0,2024-03-30,0
LOAN0003550,CUST008101,Education Loan,1,60.0,2.0,42509.25,864134.75,240084.78,2023-05-27,1
LOAN0003551,CUST004922,Personal Loan,0,,,369029.5,0.0,0.0,2024-12-25,0
LOAN0003552,CUST003071,SME Loan,0,,,537563.25,0.0,0.0,2025-07-05,0
LOAN0003553,CUST001031,BNPL,0,,,5099.85,0.0,0.0,2024-07-15,0
LOAN0003554,CUST000634,BNPL,1,60.0,2.0,2450.07,11796.93,4250.4,2023-10-23,1
LOAN0003555,CUST003484,SME Loan,0,,,159655.2,0.0,0.0,2024-06-17,0
LOAN0003556,CUST008062,Personal Loan,0,,,536945.5,0.0,0.0,2026-01-16,0
LOAN0003557,CUST009191,SME Loan,0,,,449109.5,0.0,0.0,2025-09-22,0
LOAN0003558,CUST008977,Personal Loan,0,,,109860.9,0.0,0.0,2026-01-15,0
LOAN0003559,CUST009204,BNPL,0,,,51097.96,0.0,0.0,2023-05-23,0
LOAN0003560,CUST009085,Personal Loan,0,,,332907.36,0.0,0.0,2023-11-30,0
LOAN0003561,CUST005276,Personal Loan,0,,,306915.18,0.0,0.0,2026-05-21,0
LOAN0003562,CUST002199,Personal Loan,0,,,569074.51,0.0,0.0,2024-12-22,0
LOAN0003563,CUST007994,Personal Loan,0,,,526434.92,0.0,0.0,2026-10-26,0
LOAN0003564,CUST002142,BNPL,0,,,60335.02,0.0,0.0,2022-12-14,0
LOAN0003565,CUST002673,Personal Loan,1,60.0,2.0,59036.58,377092.42,102668.55,2023-11-26,1
LOAN0003566,CUST002339,BNPL,0,,,25092.25,0.0,0.0,2024-03-05,0
LOAN0003567,CUST005155,SME Loan,0,,,570065.47,0.0,0.0,2026-02-17,0
LOAN0003568,CUST003220,Personal Loan,0,,,449944.8,0.0,0.0,2024-12-22,0
LOAN0003569,CUST001552,BNPL,0,,,13901.93,0.0,0.0,2024-04-21,0
LOAN0003570,CUST004527,BNPL,0,,,24749.45,0.0,0.0,2023-05-18,0
LOAN0003571,CUST008749,BNPL,0,,,39676.98,0.0,0.0,2024-07-19,0
LOAN0003572,CUST005716,Personal Loan,0,,,363926.16,0.0,0.0,2025-06-05,0
LOAN0003573,CUST008796,BNPL,0,,,61958.8,0.0,0.0,2024-02-10,0
LOAN0003574,CUST001962,Personal Loan,0,,,376117.82,0.0,0.0,2026-05-22,0
LOAN0003575,CUST001680,BNPL,0,,,17961.5,0.0,0.0,2024-08-01,0
LOAN0003576,CUST005766,Personal Loan,0,,,15678.64,0.0,0.0,2024-01-05,0
LOAN0003577,CUST004630,BNPL,1,150.0,5.0,5208.16,6369.84,2024.85,2023-06-10,1
LOAN0003578,CUST006610,Personal Loan,0,,,98491.32,0.0,0.0,2025-05-20,0
LOAN0003579,CUST007960,Personal Loan,0,,,287075.88,0.0,0.0,2025-07-12,0
LOAN0003580,CUST007527,Personal Loan,1,180.0,6.0,192904.7,261049.3,80835.89,2024-06-12,1
LOAN0003581,CUST009423,BNPL,0,,,54948.24,0.0,0.0,2024-02-10,0
LOAN0003582,CUST003990,Education Loan,0,,,653430.4,0.0,0.0,2027-02-16,0
LOAN0003583,CUST002068,Personal Loan,0,,,338771.68,0.0,0.0,2024-06-11,0
LOAN0003584,CUST005516,Personal Loan,0,,,257286.9,0.0,0.0,2025-03-25,0
LOAN0003585,CUST001121,Education Loan,0,,,628312.39,0.0,0.0,2025-09-25,0
LOAN0003586,CUST002892,Personal Loan,0,,,41932.35,0.0,0.0,2025-03-25,0
LOAN0003587,CUST002085,Personal Loan,1,60.0,2.0,26574.68,147081.32,57237.02,2023-08-28,1
LOAN0003588,CUST003971,SME Loan,0,,,72048.48,0.0,0.0,2025-01-06,0
LOAN0003589,CUST001126,Personal Loan,1,240.0,8.0,85198.12,168531.88,41999.49,2023-05-02,1
LOAN0003590,CUST000326,SME Loan,0,,,186591.4,0.0,0.0,2024-08-15,0
LOAN0003591,CUST006577,SME Loan,0,,,155031.39,0.0,0.0,2024-12-19,0
LOAN0003592,CUST006115,SME Loan,0,,,602951.2,0.0,0.0,2025-07-05,0
LOAN0003593,CUST007100,Education Loan,1,240.0,8.0,107541.91,320670.09,44892.34,2024-05-30,1
LOAN0003594,CUST006612,SME Loan,0,,,616738.76,0.0,0.0,2023-12-15,0
LOAN0003595,CUST001155,Personal Loan,1,60.0,2.0,2275.61,38442.39,5379.71,2023-11-24,1
LOAN0003596,CUST002916,Personal Loan,0,,,352014.0,0.0,0.0,2024-04-18,0
LOAN0003597,CUST001307,Personal Loan,0,,,61933.43,0.0,0.0,2024-09-21,0
LOAN0003598,CUST008440,BNPL,1,90.0,3.0,3342.68,13010.32,2802.94,2024-01-05,1
LOAN0003599,CUST007483,Personal Loan,1,120.0,4.0,5740.92,15812.08,1606.11,2024-02-20,1
LOAN0003600,CUST002020,SME Loan,0,,,295543.8,0.0,0.0,2025-07-20,0
LOAN0003601,CUST003414,Personal Loan,0,,,11675.16,0.0,0.0,2024-06-05,0
LOAN0003602,CUST009669,SME Loan,0,,,111099.84,0.0,0.0,2025-06-29,0
LOAN0003603,CUST005953,SME Loan,0,,,324128.32,0.0,0.0,2026-08-27,0
LOAN0003604,CUST008024,Personal Loan,0,,,144313.12,0.0,0.0,2024-03-03,0
LOAN0003605,CUST002649,BNPL,0,,,34779.4,0.0,0.0,2023-01-28,0
LOAN0003606,CUST002104,Personal Loan,0,,,635964.24,0.0,0.0,2025-12-25,0
LOAN0003607,CUST007851,Personal Loan,0,,,171520.83,0.0,0.0,2025-01-24,0
LOAN0003608,CUST006877,Personal Loan,0,,,71059.86,0.0,0.0,2026-01-07,0
LOAN0003609,CUST006824,SME Loan,0,,,576392.3,0.0,0.0,2026-04-18,0
LOAN0003610,CUST005532,Personal Loan,0,,,578414.55,0.0,0.0,2024-12-15,0
LOAN0003611,CUST005645,SME Loan,1,120.0,4.0,85997.37,452657.63,167214.58,2024-02-11,1
LOAN0003612,CUST007374,SME Loan,0,,,387107.8,0.0,0.0,2025-04-08,0
LOAN0003613,CUST002700,BNPL,0,,,40081.25,0.0,0.0,2024-05-04,0
LOAN0003614,CUST003528,BNPL,0,,,23315.32,0.0,0.0,2023-05-13,0
LOAN0003615,CUST008727,Personal Loan,0,,,25399.36,0.0,0.0,2026-05-14,0
LOAN0003616,CUST003091,Personal Loan,0,,,47218.31,0.0,0.0,2025-04-05,0
LOAN0003617,CUST005471,Personal Loan,0,,,128043.09,0.0,0.0,2024-08-04,0
LOAN0003618,CUST007045,SME Loan,1,180.0,6.0,72062.1,142512.9,35938.37,2024-03-08,1
LOAN0003619,CUST009999,Personal Loan,0,,,627234.3,0.0,0.0,2026-04-26,0
LOAN0003620,CUST004354,SME Loan,1,90.0,3.0,73311.0,498574.0,109258.83,2023-04-21,1
LOAN0003621,CUST004282,SME Loan,0,,,138274.24,0.0,0.0,2024-09-27,0
LOAN0003622,CUST008437,BNPL,1,210.0,7.0,17678.34,0.0,0.0,2023-07-26,1
LOAN0003623,CUST008070,BNPL,0,,,3803.1,0.0,0.0,2024-07-29,0
LOAN0003624,CUST007330,BNPL,1,60.0,2.0,5662.82,37905.18,13202.78,2023-11-28,1
LOAN0003625,CUST004630,BNPL,0,,,49505.88,0.0,0.0,2023-11-03,0
LOAN0003626,CUST003242,BNPL,0,,,50121.8,0.0,0.0,2023-11-21,0
LOAN0003627,CUST006099,Personal Loan,0,,,41761.39,0.0,0.0,2024-11-26,0
LOAN0003628,CUST008775,SME Loan,1,210.0,7.0,70428.12,212940.88,35700.86,2024-01-19,1
LOAN0003629,CUST008850,Personal Loan,0,,,371584.32,0.0,0.0,2024-07-06,0
LOAN0003630,CUST001097,Personal Loan,0,,,296932.23,0.0,0.0,2024-12-26,0
LOAN0003631,CUST004285,Personal Loan,0,,,57743.04,0.0,0.0,2026-06-14,0
LOAN0003632,CUST004646,Personal Loan,0,,,257259.8,0.0,0.0,2025-11-20,0
LOAN0003633,CUST009778,SME Loan,0,,,223927.44,0.0,0.0,2025-07-15,0
LOAN0003634,CUST006793,Personal Loan,1,210.0,7.0,278541.54,0.0,0.0,2024-04-23,1
LOAN0003635,CUST004080,BNPL,0,,,16130.25,0.0,0.0,2023-10-20,0
LOAN0003636,CUST000269,BNPL,0,,,51960.27,0.0,0.0,2024-01-24,0
LOAN0003637,CUST005663,BNPL,1,240.0,8.0,24430.49,8810.51,1846.65,2023-11-10,1
LOAN0003638,CUST000970,SME Loan,0,,,644458.95,0.0,0.0,2024-11-07,0
LOAN0003639,CUST008357,Personal Loan,0,,,444991.84,0.0,0.0,2024-11-11,0
LOAN0003640,CUST007538,Personal Loan,0,,,224435.64,0.0,0.0,2025-10-30,0
LOAN0003641,CUST004601,Personal Loan,0,,,466915.03,0.0,0.0,2025-02-21,0
LOAN0003642,CUST004294,SME Loan,0,,,365685.39,0.0,0.0,2025-06-17,0
LOAN0003643,CUST008982,Personal Loan,0,,,332784.48,0.0,0.0,2024-02-26,0
LOAN0003644,CUST002888,Personal Loan,0,,,15806.06,0.0,0.0,2025-11-05,0
LOAN0003645,CUST002494,Personal Loan,0,,,490809.76,0.0,0.0,2024-10-14,0
LOAN0003646,CUST009395,Personal Loan,1,60.0,2.0,3350.99,61332.01,24188.55,2023-05-12,1
LOAN0003647,CUST008106,BNPL,0,,,40962.08,0.0,0.0,2023-08-21,0
LOAN0003648,CUST008222,Personal Loan,1,60.0,2.0,19753.54,383440.46,101373.71,2022-12-20,1
LOAN0003649,CUST001956,Personal Loan,0,,,408998.24,0.0,0.0,2026-02-06,0
LOAN0003650,CUST001449,SME Loan,0,,,425302.9,0.0,0.0,2025-06-21,0
LOAN0003651,CUST000269,Personal Loan,1,120.0,4.0,126370.56,224602.44,75437.46,2023-07-27,1
LOAN0003652,CUST002375,Personal Loan,0,,,223431.46,0.0,0.0,2024-05-08,0
LOAN0003653,CUST007750,Personal Loan,0,,,544271.55,0.0,0.0,2024-10-16,0
LOAN0003654,CUST002404,Personal Loan,0,,,505290.72,0.0,0.0,2026-01-05,0
LOAN0003655,CUST007310,Personal Loan,0,,,354082.61,0.0,0.0,2024-05-25,0
LOAN0003656,CUST002521,Personal Loan,0,,,225757.86,0.0,0.0,2023-09-27,0
LOAN0003657,CUST003959,Personal Loan,0,,,586456.85,0.0,0.0,2025-05-12,0
LOAN0003658,CUST009827,BNPL,0,,,44839.68,0.0,0.0,2024-03-03,0
LOAN0003659,CUST002453,Personal Loan,0,,,301684.16,0.0,0.0,2023-09-27,0
LOAN0003660,CUST003768,Personal Loan,0,,,229684.8,0.0,0.0,2026-05-28,0
LOAN0003661,CUST003014,BNPL,1,120.0,4.0,22038.18,21486.82,7053.6,2023-11-05,1
LOAN0003662,CUST001109,Personal Loan,0,,,343739.04,0.0,0.0,2025-01-28,0
LOAN0003663,CUST004910,Personal Loan,1,150.0,5.0,4906.8,6098.2,1852.98,2023-10-13,1
LOAN0003664,CUST003793,BNPL,0,,,44438.48,0.0,0.0,2024-04-25,0
LOAN0003665,CUST006968,Personal Loan,1,180.0,6.0,67084.35,18841.65,7206.67,2024-06-28,1
LOAN0003666,CUST008191,Education Loan,1,120.0,4.0,97902.84,334511.16,122346.66,2024-01-13,1
LOAN0003667,CUST005449,BNPL,0,,,54322.88,0.0,0.0,2023-08-12,0
LOAN0003668,CUST000328,Personal Loan,0,,,565951.52,0.0,0.0,2025-04-01,0
LOAN0003669,CUST006205,Personal Loan,0,,,299055.38,0.0,0.0,2025-11-05,0
LOAN0003670,CUST000560,Personal Loan,0,,,294979.44,0.0,0.0,2023-11-09,0
LOAN0003671,CUST006177,Personal Loan,0,,,351357.38,0.0,0.0,2025-05-06,0
LOAN0003672,CUST006869,Personal Loan,0,,,340216.56,0.0,0.0,2025-05-12,0
LOAN0003673,CUST001982,Education Loan,0,,,684364.99,0.0,0.0,2024-02-26,0
LOAN0003674,CUST008209,Personal Loan,0,,,72969.1,0.0,0.0,2025-03-21,0
LOAN0003675,CUST009118,SME Loan,0,,,151010.73,0.0,0.0,2024-07-28,0
LOAN0003676,CUST008144,Personal Loan,0,,,642927.91,0.0,0.0,2026-05-04,0
LOAN0003677,CUST003052,Personal Loan,0,,,450945.04,0.0,0.0,2025-06-22,0
LOAN0003678,CUST005879,Personal Loan,0,,,474100.99,0.0,0.0,2025-06-17,0
LOAN0003679,CUST009151,Personal Loan,1,180.0,6.0,98616.85,392946.15,128986.18,2023-03-04,1
LOAN0003680,CUST003209,BNPL,0,,,41634.11,0.0,0.0,2024-06-24,0
LOAN0003681,CUST008216,Personal Loan,0,,,532998.9,0.0,0.0,2025-06-11,0
LOAN0003682,CUST000097,Personal Loan,1,150.0,5.0,65181.64,124373.36,32593.08,2024-02-19,1
LOAN0003683,CUST000039,SME Loan,0,,,334855.85,0.0,0.0,2025-05-14,0
LOAN0003684,CUST007608,BNPL,0,,,12529.8,0.0,0.0,2024-05-27,0
LOAN0003685,CUST007626,Personal Loan,0,,,570541.16,0.0,0.0,2026-03-15,0
LOAN0003686,CUST007902,Personal Loan,0,,,404217.75,0.0,0.0,2025-10-19,0
LOAN0003687,CUST009304,Personal Loan,0,,,162792.95,0.0,0.0,2026-03-18,0
LOAN0003688,CUST001193,Personal Loan,0,,,394407.39,0.0,0.0,2023-09-29,0
LOAN0003689,CUST002327,Education Loan,0,,,830232.9,0.0,0.0,2025-09-23,0
LOAN0003690,CUST009047,BNPL,0,,,37423.36,0.0,0.0,2024-04-08,0
LOAN0003691,CUST001783,Personal Loan,0,,,392964.75,0.0,0.0,2024-09-15,0
LOAN0003692,CUST006838,SME Loan,1,150.0,5.0,28643.28,103344.72,31635.56,2024-05-13,1
LOAN0003693,CUST005309,BNPL,1,60.0,2.0,1953.64,9641.36,2239.92,2024-02-06,1
LOAN0003694,CUST000840,Personal Loan,0,,,427937.86,0.0,0.0,2025-02-18,0
LOAN0003695,CUST002855,Personal Loan,0,,,68590.91,0.0,0.0,2025-11-09,0
LOAN0003696,CUST005211,SME Loan,0,,,200669.76,0.0,0.0,2024-12-24,0
LOAN0003697,CUST008537,Personal Loan,0,,,149771.1,0.0,0.0,2026-05-16,0
LOAN0003698,CUST007091,SME Loan,0,,,237532.24,0.0,0.0,2025-02-20,0
LOAN0003699,CUST006233,Personal Loan,1,90.0,3.0,9998.18,50094.82,12199.65,2024-01-08,1
LOAN0003700,CUST004968,BNPL,0,,,57222.99,0.0,0.0,2024-09-28,0
LOAN0003701,CUST002989,BNPL,0,,,10255.9,0.0,0.0,2024-06-05,0
LOAN0003702,CUST001207,Personal Loan,0,,,108856.44,0.0,0.0,2025-02-27,0
LOAN0003703,CUST004099,Personal Loan,0,,,314245.82,0.0,0.0,2023-07-27,0
LOAN0003704,CUST000294,Personal Loan,0,,,309245.22,0.0,0.0,2024-02-09,0
LOAN0003705,CUST002116,SME Loan,0,,,497115.78,0.0,0.0,2025-05-21,0
LOAN0003706,CUST004327,BNPL,0,,,27934.96,0.0,0.0,2024-03-13,0
LOAN0003707,CUST004192,Education Loan,0,,,217089.83,0.0,0.0,2025-05-30,0
LOAN0003708,CUST000449,Personal Loan,0,,,16672.14,0.0,0.0,2024-07-12,0
LOAN0003709,CUST005902,BNPL,0,,,46473.65,0.0,0.0,2022-12-13,0
LOAN0003710,CUST005503,Personal Loan,0,,,243385.45,0.0,0.0,2024-08-19,0
LOAN0003711,CUST000789,Personal Loan,0,,,327293.54,0.0,0.0,2025-01-11,0
LOAN0003712,CUST009433,SME Loan,0,,,435017.11,0.0,0.0,2023-08-14,0
LOAN0003713,CUST001002,Personal Loan,0,,,112465.36,0.0,0.0,2024-06-30,0
LOAN0003714,CUST008559,SME Loan,0,,,69886.2,0.0,0.0,2023-11-11,0
LOAN0003715,CUST000003,BNPL,0,,,11893.9,0.0,0.0,2022-12-23,0
LOAN0003716,CUST008834,SME Loan,0,,,575219.55,0.0,0.0,2025-02-28,0
LOAN0003717,CUST000207,Personal Loan,0,,,544205.61,0.0,0.0,2024-06-20,0
LOAN0003718,CUST007588,SME Loan,0,,,177410.6,0.0,0.0,2023-12-02,0
LOAN0003719,CUST003617,Personal Loan,1,210.0,7.0,5922.96,9974.04,1940.27,2023-12-10,1
LOAN0003720,CUST007399,BNPL,0,,,6513.5,0.0,0.0,2024-04-10,0
LOAN0003721,CUST004025,Personal Loan,0,,,304043.8,0.0,0.0,2024-09-19,0
LOAN0003722,CUST000718,SME Loan,0,,,671850.76,0.0,0.0,2026-01-01,0
LOAN0003723,CUST007683,BNPL,1,90.0,3.0,3773.46,1812.54,697.32,2024-02-15,1
LOAN0003724,CUST000722,SME Loan,1,150.0,5.0,108910.0,339104.0,135579.14,2024-05-04,1
LOAN0003725,CUST009226,SME Loan,0,,,647017.6,0.0,0.0,2025-01-14,0
LOAN0003726,CUST000517,Personal Loan,0,,,83466.72,0.0,0.0,2025-06-22,0
LOAN0003727,CUST004796,Personal Loan,0,,,479689.2,0.0,0.0,2025-01-10,0
LOAN0003728,CUST007246,Personal Loan,0,,,587889.64,0.0,0.0,2025-06-15,0
LOAN0003729,CUST003936,SME Loan,0,,,524107.35,0.0,0.0,2025-01-10,0
LOAN0003730,CUST002178,Personal Loan,1,180.0,6.0,67486.4,139629.6,17987.11,2024-03-06,1
LOAN0003731,CUST007602,Personal Loan,0,,,312214.33,0.0,0.0,2026-03-06,0
LOAN0003732,CUST007854,Personal Loan,0,,,344647.08,0.0,0.0,2024-03-29,0
LOAN0003733,CUST009231,BNPL,0,,,40538.52,0.0,0.0,2024-03-07,0
LOAN0003734,CUST003766,SME Loan,0,,,287384.0,0.0,0.0,2025-08-16,0
LOAN0003735,CUST005068,Personal Loan,0,,,123539.68,0.0,0.0,2025-05-24,0
LOAN0003736,CUST003633,SME Loan,1,210.0,7.0,118872.54,302799.46,59321.4,2024-03-21,1
LOAN0003737,CUST002576,Personal Loan,0,,,368726.3,0.0,0.0,2025-09-23,0
LOAN0003738,CUST007525,Personal Loan,0,,,257748.0,0.0,0.0,2025-07-25,0
LOAN0003739,CUST003394,Personal Loan,0,,,393460.65,0.0,0.0,2024-03-16,0
LOAN0003740,CUST004283,Personal Loan,0,,,325321.18,0.0,0.0,2025-04-27,0
LOAN0003741,CUST004044,SME Loan,0,,,415908.5,0.0,0.0,2023-12-14,0
LOAN0003742,CUST007145,SME Loan,0,,,719809.02,0.0,0.0,2024-09-24,0
LOAN0003743,CUST009182,SME Loan,0,,,85793.93,0.0,0.0,2024-10-18,0
LOAN0003744,CUST006677,Personal Loan,0,,,260825.44,0.0,0.0,2024-01-27,0
LOAN0003745,CUST004712,Personal Loan,0,,,36936.62,0.0,0.0,2024-03-05,0
LOAN0003746,CUST007803,SME Loan,0,,,317351.87,0.0,0.0,2024-10-27,0
LOAN0003747,CUST006418,SME Loan,0,,,700547.04,0.0,0.0,2025-02-20,0
LOAN0003748,CUST000614,Personal Loan,1,240.0,8.0,73904.53,192393.47,38291.99,2024-08-25,1
LOAN0003749,CUST000967,SME Loan,0,,,80363.92,0.0,0.0,2026-01-22,0
LOAN0003750,CUST000385,SME Loan,0,,,672072.44,0.0,0.0,2024-12-10,0
LOAN0003751,CUST004565,SME Loan,0,,,518424.66,0.0,0.0,2024-08-30,0
LOAN0003752,CUST008272,Personal Loan,0,,,212295.36,0.0,0.0,2024-06-20,0
LOAN0003753,CUST003135,Personal Loan,1,180.0,6.0,16499.9,28265.1,2897.98,2024-03-30,1
LOAN0003754,CUST003848,Personal Loan,0,,,234919.77,0.0,0.0,2025-01-06,0
LOAN0003755,CUST009102,Personal Loan,0,,,363820.38,0.0,0.0,2025-09-05,0
LOAN0003756,CUST008380,SME Loan,0,,,253880.46,0.0,0.0,2025-12-24,0
LOAN0003757,CUST006658,Personal Loan,1,240.0,8.0,154594.72,128721.28,33708.96,2024-04-28,1
LOAN0003758,CUST002670,Personal Loan,0,,,306994.86,0.0,0.0,2023-10-01,0
LOAN0003759,CUST001183,BNPL,0,,,16322.04,0.0,0.0,2024-01-29,0
LOAN0003760,CUST000168,SME Loan,1,180.0,6.0,224139.1,368770.9,102826.78,2023-08-27,1
LOAN0003761,CUST001081,Personal Loan,0,,,16404.8,0.0,0.0,2026-08-25,0
LOAN0003762,CUST002931,Personal Loan,0,,,414955.46,0.0,0.0,2026-07-27,0
LOAN0003763,CUST005524,Personal Loan,0,,,216493.44,0.0,0.0,2024-08-27,0
LOAN0003764,CUST000648,BNPL,0,,,27441.76,0.0,0.0,2024-04-12,0
LOAN0003765,CUST001376,Education Loan,1,90.0,3.0,59466.1,658162.9,234159.46,2024-03-18,1
LOAN0003766,CUST001820,BNPL,0,,,6921.9,0.0,0.0,2024-07-07,0
LOAN0003767,CUST006329,Personal Loan,1,180.0,6.0,72502.15,133696.85,22063.07,2023-10-03,1
LOAN0003768,CUST006172,Personal Loan,0,,,503128.44,0.0,0.0,2026-10-06,0
LOAN0003769,CUST005515,Personal Loan,0,,,647533.25,0.0,0.0,2026-08-05,0
LOAN0003770,CUST002508,BNPL,0,,,5062.56,0.0,0.0,2024-07-30,0
LOAN0003771,CUST003713,SME Loan,1,240.0,8.0,186697.21,87454.79,15955.21,2022-10-09,1
LOAN0003772,CUST000977,Personal Loan,1,120.0,4.0,43202.19,301292.81,90376.68,2023-09-22,1
LOAN0003773,CUST002271,Personal Loan,0,,,235051.1,0.0,0.0,2024-08-01,0
LOAN0003774,CUST008985,BNPL,0,,,56978.08,0.0,0.0,2023-12-21,0
LOAN0003775,CUST009797,SME Loan,0,,,684710.88,0.0,0.0,2025-10-26,0
LOAN0003776,CUST006484,Personal Loan,0,,,79960.8,0.0,0.0,2025-04-12,0
LOAN0003777,CUST009172,BNPL,0,,,57504.12,0.0,0.0,2023-05-31,0
LOAN0003778,CUST006435,SME Loan,0,,,428909.69,0.0,0.0,2024-05-27,0
LOAN0003779,CUST000339,BNPL,1,210.0,7.0,21710.22,9720.78,3484.43,2024-05-09,1
LOAN0003780,CUST009966,Personal Loan,0,,,208974.6,0.0,0.0,2023-06-01,0
LOAN0003781,CUST000998,Personal Loan,0,,,395164.08,0.0,0.0,2025-08-21,0
LOAN0003782,CUST006842,BNPL,0,,,38823.18,0.0,0.0,2024-03-13,0
LOAN0003783,CUST002532,Education Loan,0,,,346555.44,0.0,0.0,2024-07-31,0
LOAN0003784,CUST003923,SME Loan,0,,,248653.95,0.0,0.0,2024-02-10,0
LOAN0003785,CUST006468,Personal Loan,1,90.0,3.0,22327.78,220511.22,58076.26,2024-02-16,1
LOAN0003786,CUST004364,Personal Loan,0,,,166647.43,0.0,0.0,2025-02-16,0
LOAN0003787,CUST002508,BNPL,0,,,46906.5,0.0,0.0,2024-03-17,0
LOAN0003788,CUST003341,BNPL,0,,,35730.85,0.0,0.0,2024-02-04,0
LOAN0003789,CUST003416,BNPL,1,120.0,4.0,24320.04,31723.96,6529.76,2024-04-25,1
LOAN0003790,CUST009595,Personal Loan,0,,,407129.59,0.0,0.0,2024-06-27,0
LOAN0003791,CUST008001,Personal Loan,0,,,321737.41,0.0,0.0,2024-10-22,0
LOAN0003792,CUST004583,SME Loan,0,,,180516.24,0.0,0.0,2025-08-20,0
LOAN0003793,CUST002002,Personal Loan,0,,,429733.28,0.0,0.0,2024-11-18,0
LOAN0003794,CUST008123,Personal Loan,0,,,74584.4,0.0,0.0,2024-10-28,0
LOAN0003795,CUST001582,Personal Loan,1,60.0,2.0,65613.13,408253.87,55033.72,2023-03-14,1
LOAN0003796,CUST002108,Personal Loan,0,,,383386.15,0.0,0.0,2023-08-04,0
LOAN0003797,CUST003661,BNPL,0,,,40347.55,0.0,0.0,2023-07-17,0
LOAN0003798,CUST008815,Personal Loan,0,,,576936.96,0.0,0.0,2024-03-11,0
LOAN0003799,CUST001331,Personal Loan,0,,,33842.55,0.0,0.0,2026-11-28,0
LOAN0003800,CUST001236,BNPL,0,,,60158.88,0.0,0.0,2024-01-14,0
LOAN0003801,CUST004950,Education Loan,0,,,755881.26,0.0,0.0,2027-09-28,0
LOAN0003802,CUST002767,Personal Loan,0,,,240136.16,0.0,0.0,2022-11-15,0
LOAN0003803,CUST005696,BNPL,0,,,16656.9,0.0,0.0,2024-03-15,0
LOAN0003804,CUST004513,BNPL,0,,,12738.54,0.0,0.0,2022-10-20,0
LOAN0003805,CUST004351,Personal Loan,0,,,34417.17,0.0,0.0,2025-02-16,0
LOAN0003806,CUST001133,BNPL,0,,,56674.62,0.0,0.0,2023-11-11,0
LOAN0003807,CUST001427,Personal Loan,0,,,136021.76,0.0,0.0,2026-09-04,0
LOAN0003808,CUST008227,Personal Loan,0,,,300454.32,0.0,0.0,2024-11-09,0
LOAN0003809,CUST008870,BNPL,0,,,52769.54,0.0,0.0,2024-01-11,0
LOAN0003810,CUST002352,SME Loan,0,,,536994.72,0.0,0.0,2025-04-06,0
LOAN0003811,CUST001147,SME Loan,1,150.0,5.0,36759.76,171608.24,50323.61,2024-05-13,1
LOAN0003812,CUST000543,Personal Loan,0,,,441907.62,0.0,0.0,2025-04-27,0
LOAN0003813,CUST006094,BNPL,0,,,51807.6,0.0,0.0,2024-10-14,0
LOAN0003814,CUST007170,Personal Loan,0,,,362351.85,0.0,0.0,2024-09-06,0
LOAN0003815,CUST003733,BNPL,1,240.0,8.0,41487.95,0.0,0.0,2023-12-17,1
LOAN0003816,CUST006811,SME Loan,0,,,227312.14,0.0,0.0,2025-10-14,0
LOAN0003817,CUST007147,Personal Loan,1,120.0,4.0,44481.42,230734.58,76638.04,2023-05-08,1
LOAN0003818,CUST009356,Personal Loan,0,,,455242.24,0.0,0.0,2024-08-17,0
LOAN0003819,CUST000655,Personal Loan,1,90.0,3.0,56160.64,243029.36,94214.25,2023-12-26,1
LOAN0003820,CUST001929,Personal Loan,0,,,366502.48,0.0,0.0,2024-06-17,0
LOAN0003821,CUST000693,Personal Loan,1,90.0,3.0,27159.76,330756.24,48704.22,2023-06-30,1
LOAN0003822,CUST008692,Personal Loan,0,,,565002.48,0.0,0.0,2026-03-24,0
LOAN0003823,CUST007939,Personal Loan,0,,,328259.62,0.0,0.0,2025-09-11,0
LOAN0003824,CUST005757,SME Loan,0,,,326883.48,0.0,0.0,2025-06-30,0
LOAN0003825,CUST000844,SME Loan,0,,,526910.0,0.0,0.0,2024-08-08,0
LOAN0003826,CUST002735,Personal Loan,0,,,431636.58,0.0,0.0,2024-02-23,0
LOAN0003827,CUST002979,Personal Loan,0,,,457869.6,0.0,0.0,2024-05-12,0
LOAN0003828,CUST005614,BNPL,0,,,30182.7,0.0,0.0,2024-08-16,0
LOAN0003829,CUST002584,Personal Loan,1,150.0,5.0,92363.92,404495.08,107891.93,2024-03-29,1
LOAN0003830,CUST000739,BNPL,0,,,41140.45,0.0,0.0,2024-04-23,0
LOAN0003831,CUST007327,SME Loan,1,210.0,7.0,182869.68,383241.32,110327.3,2024-07-03,1
LOAN0003832,CUST002993,Personal Loan,0,,,94443.0,0.0,0.0,2025-02-25,0
LOAN0003833,CUST004520,BNPL,1,60.0,2.0,2742.6,18550.4,5156.38,2023-08-22,1
LOAN0003834,CUST001288,BNPL,1,180.0,6.0,26529.36,0.0,0.0,2023-12-23,1
LOAN0003835,CUST008038,Education Loan,0,,,1112209.65,0.0,0.0,2027-09-02,0
LOAN0003836,CUST005664,Personal Loan,0,,,331986.06,0.0,0.0,2024-05-24,0
LOAN0003837,CUST009025,BNPL,0,,,40181.4,0.0,0.0,2023-09-27,0
LOAN0003838,CUST004963,BNPL,0,,,6046.3,0.0,0.0,2023-06-04,0
LOAN0003839,CUST009416,BNPL,0,,,11060.0,0.0,0.0,2024-02-08,0
LOAN0003840,CUST008928,Personal Loan,0,,,177245.52,0.0,0.0,2024-12-13,0
LOAN0003841,CUST005776,Personal Loan,0,,,246303.12,0.0,0.0,2025-04-15,0
LOAN0003842,CUST009340,Personal Loan,0,,,499978.18,0.0,0.0,2025-01-21,0
LOAN0003843,CUST003234,BNPL,0,,,33820.62,0.0,0.0,2024-03-30,0
LOAN0003844,CUST003658,Personal Loan,1,60.0,2.0,23021.86,368171.14,40164.21,2023-10-07,1
LOAN0003845,CUST000461,Personal Loan,0,,,297187.17,0.0,0.0,2024-11-03,0
LOAN0003846,CUST005903,Personal Loan,0,,,261353.88,0.0,0.0,2024-06-22,0
LOAN0003847,CUST007234,Personal Loan,0,,,493294.8,0.0,0.0,2025-08-13,0
LOAN0003848,CUST007744,Personal Loan,1,90.0,3.0,39691.78,262975.22,82028.28,2024-03-10,1
LOAN0003849,CUST001508,BNPL,0,,,6507.44,0.0,0.0,2024-05-24,0
LOAN0003850,CUST004444,Personal Loan,1,240.0,8.0,275849.77,187825.23,34261.96,2023-04-07,1
LOAN0003851,CUST001778,BNPL,1,210.0,7.0,51617.88,8118.12,1739.74,2024-06-01,1
LOAN0003852,CUST006629,Personal Loan,0,,,379169.1,0.0,0.0,2025-08-25,0
LOAN0003853,CUST001589,SME Loan,0,,,459902.61,0.0,0.0,2024-09-30,0
LOAN0003854,CUST009051,Education Loan,0,,,580815.76,0.0,0.0,2026-02-01,0
LOAN0003855,CUST002313,BNPL,1,180.0,6.0,49274.64,0.0,0.0,2023-07-11,1
LOAN0003856,CUST002918,Personal Loan,1,120.0,4.0,13828.17,78751.83,25935.18,2024-04-18,1
LOAN0003857,CUST008524,Personal Loan,0,,,238612.68,0.0,0.0,2024-10-11,0
LOAN0003858,CUST004583,Personal Loan,0,,,231937.04,0.0,0.0,2024-01-08,0
LOAN0003859,CUST000249,SME Loan,0,,,223365.24,0.0,0.0,2025-01-25,0
LOAN0003860,CUST004955,Personal Loan,0,,,309139.44,0.0,0.0,2026-02-02,0
LOAN0003861,CUST000853,Personal Loan,0,,,404858.72,0.0,0.0,2024-06-25,0
LOAN0003862,CUST009850,BNPL,1,180.0,6.0,31740.12,0.0,0.0,2024-01-29,1
LOAN0003863,CUST005892,Personal Loan,1,90.0,3.0,11481.74,91741.26,23024.6,2023-09-12,1
LOAN0003864,CUST002570,SME Loan,1,150.0,5.0,54516.24,148920.76,48957.27,2023-05-12,1
LOAN0003865,CUST005647,Personal Loan,0,,,62733.6,0.0,0.0,2025-02-15,0
LOAN0003866,CUST000778,Personal Loan,0,,,389515.65,0.0,0.0,2025-01-17,0
LOAN0003867,CUST008013,Personal Loan,0,,,427706.16,0.0,0.0,2025-03-14,0
LOAN0003868,CUST009256,Personal Loan,0,,,335046.19,0.0,0.0,2025-05-18,0
LOAN0003869,CUST008756,Education Loan,0,,,882708.5,0.0,0.0,2025-09-19,0
LOAN0003870,CUST003418,SME Loan,0,,,108764.46,0.0,0.0,2024-09-03,0
LOAN0003871,CUST003259,Personal Loan,0,,,53403.36,0.0,0.0,2025-09-17,0
LOAN0003872,CUST000355,Personal Loan,0,,,364846.72,0.0,0.0,2026-06-19,0
LOAN0003873,CUST006523,BNPL,0,,,54703.92,0.0,0.0,2023-08-19,0
LOAN0003874,CUST005357,Personal Loan,0,,,535138.23,0.0,0.0,2025-01-04,0
LOAN0003875,CUST004590,SME Loan,0,,,345423.54,0.0,0.0,2025-07-17,0
LOAN0003876,CUST009084,Personal Loan,0,,,606461.99,0.0,0.0,2025-09-23,0
LOAN0003877,CUST001690,BNPL,0,,,49244.24,0.0,0.0,2024-03-24,0
LOAN0003878,CUST000099,Personal Loan,0,,,482097.45,0.0,0.0,2024-10-29,0
LOAN0003879,CUST000742,Personal Loan,0,,,405688.08,0.0,0.0,2023-10-17,0
LOAN0003880,CUST002242,Personal Loan,1,180.0,6.0,47743.75,200803.25,55690.35,2024-06-22,1
LOAN0003881,CUST000339,Personal Loan,0,,,343263.9,0.0,0.0,2024-10-29,0
LOAN0003882,CUST005036,Personal Loan,0,,,287679.27,0.0,0.0,2024-10-24,0
LOAN0003883,CUST003143,BNPL,1,180.0,6.0,17457.4,0.0,0.0,2023-10-06,1
LOAN0003884,CUST001814,Personal Loan,0,,,205737.84,0.0,0.0,2026-09-14,0
LOAN0003885,CUST007516,Education Loan,0,,,378277.02,0.0,0.0,2025-07-06,0
LOAN0003886,CUST002050,Personal Loan,0,,,259812.7,0.0,0.0,2024-07-18,0
LOAN0003887,CUST006895,Personal Loan,0,,,430301.76,0.0,0.0,2025-06-04,0
LOAN0003888,CUST003487,Personal Loan,0,,,496568.17,0.0,0.0,2024-04-28,0
LOAN0003889,CUST005125,SME Loan,1,240.0,8.0,169511.44,178693.56,61646.93,2024-05-14,1
LOAN0003890,CUST009340,Personal Loan,0,,,365459.62,0.0,0.0,2026-05-30,0
LOAN0003891,CUST000379,Education Loan,1,180.0,6.0,125100.95,614258.05,159095.55,2023-09-06,1
LOAN0003892,CUST005011,Personal Loan,0,,,116362.56,0.0,0.0,2025-10-20,0
LOAN0003893,CUST008556,SME Loan,0,,,221917.11,0.0,0.0,2025-06-29,0
LOAN0003894,CUST005891,SME Loan,0,,,59699.12,0.0,0.0,2024-04-03,0
LOAN0003895,CUST002770,SME Loan,0,,,345222.72,0.0,0.0,2024-07-19,0
LOAN0003896,CUST003983,Personal Loan,0,,,259222.95,0.0,0.0,2025-12-17,0
LOAN0003897,CUST006816,BNPL,0,,,7843.5,0.0,0.0,2024-07-27,0
LOAN0003898,CUST008919,BNPL,0,,,41776.56,0.0,0.0,2024-06-25,0
LOAN0003899,CUST000418,BNPL,0,,,10158.47,0.0,0.0,2024-07-02,0
LOAN0003900,CUST000725,BNPL,0,,,21721.29,0.0,0.0,2024-03-22,0
LOAN0003901,CUST003251,BNPL,0,,,44374.9,0.0,0.0,2024-08-22,0
LOAN0003902,CUST002335,BNPL,0,,,39574.56,0.0,0.0,2023-09-11,0
LOAN0003903,CUST002652,BNPL,0,,,14086.55,0.0,0.0,2023-09-20,0
LOAN0003904,CUST002219,Education Loan,0,,,500718.08,0.0,0.0,2026-07-16,0
LOAN0003905,CUST001961,Personal Loan,0,,,203027.11,0.0,0.0,2024-11-26,0
LOAN0003906,CUST001318,SME Loan,0,,,575639.85,0.0,0.0,2025-03-23,0
LOAN0003907,CUST009341,Personal Loan,0,,,315320.25,0.0,0.0,2025-06-05,0
LOAN0003908,CUST001457,BNPL,0,,,19691.43,0.0,0.0,2023-05-21,0
LOAN0003909,CUST002049,Personal Loan,1,60.0,2.0,3917.09,98423.91,13973.78,2023-05-10,1
LOAN0003910,CUST002466,Personal Loan,0,,,117920.58,0.0,0.0,2023-06-11,0
LOAN0003911,CUST009332,SME Loan,0,,,674755.04,0.0,0.0,2024-02-09,0
LOAN0003912,CUST007568,Personal Loan,0,,,582993.72,0.0,0.0,2026-08-27,0
LOAN0003913,CUST007910,Personal Loan,0,,,374425.05,0.0,0.0,2023-11-02,0
LOAN0003914,CUST001059,BNPL,0,,,46975.86,0.0,0.0,2023-07-06,0
LOAN0003915,CUST008375,Personal Loan,0,,,426659.28,0.0,0.0,2025-03-27,0
LOAN0003916,CUST004090,SME Loan,0,,,68090.4,0.0,0.0,2024-10-20,0
LOAN0003917,CUST002632,BNPL,0,,,57672.36,0.0,0.0,2023-06-01,0
LOAN0003918,CUST005769,Personal Loan,0,,,63324.0,0.0,0.0,2024-10-19,0
LOAN0003919,CUST008237,Personal Loan,0,,,382055.76,0.0,0.0,2026-09-10,0
LOAN0003920,CUST007795,BNPL,0,,,49349.7,0.0,0.0,2024-09-14,0
LOAN0003921,CUST008911,Personal Loan,1,60.0,2.0,16817.36,260299.64,102065.01,2023-07-09,1
LOAN0003922,CUST009284,Personal Loan,0,,,503186.32,0.0,0.0,2025-01-23,0
LOAN0003923,CUST002386,Personal Loan,0,,,187499.48,0.0,0.0,2025-10-13,0
LOAN0003924,CUST004243,Personal Loan,0,,,587835.27,0.0,0.0,2026-08-22,0
LOAN0003925,CUST000155,Personal Loan,0,,,164110.24,0.0,0.0,2024-10-21,0
LOAN0003926,CUST008805,Personal Loan,0,,,513856.16,0.0,0.0,2024-08-28,0
LOAN0003927,CUST001557,BNPL,0,,,26011.0,0.0,0.0,2024-01-14,0
LOAN0003928,CUST008627,BNPL,0,,,7732.2,0.0,0.0,2024-05-27,0
LOAN0003929,CUST003294,Personal Loan,0,,,455414.26,0.0,0.0,2025-06-01,0
LOAN0003930,CUST003682,Personal Loan,0,,,410539.46,0.0,0.0,2025-11-29,0
LOAN0003931,CUST000398,BNPL,0,,,9388.74,0.0,0.0,2023-12-01,0
LOAN0003932,CUST003269,Personal Loan,0,,,206942.78,0.0,0.0,2025-04-30,0
LOAN0003933,CUST008896,Personal Loan,0,,,516718.5,0.0,0.0,2026-02-24,0
LOAN0003934,CUST000265,Education Loan,0,,,319520.4,0.0,0.0,2026-10-06,0
LOAN0003935,CUST004072,Personal Loan,0,,,165209.49,0.0,0.0,2025-07-10,0
LOAN0003936,CUST000321,Personal Loan,0,,,650276.77,0.0,0.0,2026-06-20,0
LOAN0003937,CUST003712,SME Loan,0,,,378225.81,0.0,0.0,2024-09-12,0
LOAN0003938,CUST001738,Personal Loan,0,,,456898.8,0.0,0.0,2025-02-14,0
LOAN0003939,CUST002524,Personal Loan,0,,,382047.29,0.0,0.0,2024-12-23,0
LOAN0003940,CUST008788,Personal Loan,0,,,242812.89,0.0,0.0,2025-10-19,0
LOAN0003941,CUST004361,BNPL,0,,,41082.96,0.0,0.0,2023-07-29,0
LOAN0003942,CUST002740,Personal Loan,1,120.0,4.0,51680.64,353706.36,77290.96,2023-10-06,1
LOAN0003943,CUST005904,Personal Loan,0,,,155773.02,0.0,0.0,2024-07-29,0
LOAN0003944,CUST001437,Personal Loan,0,,,97669.6,0.0,0.0,2026-04-29,0
LOAN0003945,CUST002597,Personal Loan,1,90.0,3.0,17979.52,139478.48,51278.52,2023-10-19,1
LOAN0003946,CUST005470,Personal Loan,0,,,496391.94,0.0,0.0,2025-08-27,0
LOAN0003947,CUST002379,SME Loan,0,,,463556.1,0.0,0.0,2026-02-05,0
LOAN0003948,CUST006806,Personal Loan,0,,,282000.51,0.0,0.0,2025-07-01,0
LOAN0003949,CUST004927,BNPL,1,210.0,7.0,4361.58,2828.42,409.68,2023-10-19,1
LOAN0003950,CUST007728,Personal Loan,0,,,361784.8,0.0,0.0,2025-07-11,0
LOAN0003951,CUST009487,Personal Loan,0,,,375424.8,0.0,0.0,2025-02-01,0
LOAN0003952,CUST001172,SME Loan,0,,,761988.68,0.0,0.0,2026-04-12,0
LOAN0003953,CUST003343,Personal Loan,0,,,215473.1,0.0,0.0,2024-07-29,0
LOAN0003954,CUST003197,Personal Loan,1,210.0,7.0,266681.7,157504.3,22931.11,2024-07-05,1
LOAN0003955,CUST001523,Personal Loan,0,,,48621.12,0.0,0.0,2026-08-27,0
LOAN0003956,CUST008116,Personal Loan,0,,,523001.52,0.0,0.0,2024-08-14,0
LOAN0003957,CUST007611,Personal Loan,0,,,151376.4,0.0,0.0,2025-09-30,0
LOAN0003958,CUST004851,SME Loan,1,150.0,5.0,90109.36,249346.64,54878.74,2023-12-26,1
LOAN0003959,CUST005383,Personal Loan,0,,,156577.44,0.0,0.0,2023-07-03,0
LOAN0003960,CUST000604,SME Loan,1,150.0,5.0,32837.08,134253.92,51475.49,2024-04-19,1
LOAN0003961,CUST005562,SME Loan,0,,,509023.12,0.0,0.0,2024-12-23,0
LOAN0003962,CUST007927,Education Loan,0,,,959563.5,0.0,0.0,2025-08-10,0
LOAN0003963,CUST005750,SME Loan,0,,,293499.0,0.0,0.0,2024-08-20,0
LOAN0003964,CUST002655,SME Loan,0,,,405529.1,0.0,0.0,2025-09-18,0
LOAN0003965,CUST006685,Personal Loan,0,,,390805.49,0.0,0.0,2025-07-31,0
LOAN0003966,CUST003615,BNPL,0,,,8870.26,0.0,0.0,2023-10-06,0
LOAN0003967,CUST005455,Personal Loan,0,,,190760.22,0.0,0.0,2025-06-20,0
LOAN0003968,CUST004883,Education Loan,0,,,974414.64,0.0,0.0,2025-12-02,0
LOAN0003969,CUST003817,Personal Loan,0,,,565715.92,0.0,0.0,2023-10-15,0
LOAN0003970,CUST007203,BNPL,0,,,51095.94,0.0,0.0,2023-02-15,0
LOAN0003971,CUST008851,SME Loan,0,,,536427.4,0.0,0.0,2023-07-29,0
LOAN0003972,CUST000055,BNPL,1,150.0,5.0,50562.02,0.0,0.0,2024-03-25,1
LOAN0003973,CUST009337,Personal Loan,0,,,324804.1,0.0,0.0,2024-01-01,0
LOAN0003974,CUST005121,Personal Loan,0,,,71724.06,0.0,0.0,2024-02-23,0
LOAN0003975,CUST007028,SME Loan,0,,,195430.95,0.0,0.0,2024-10-03,0
LOAN0003976,CUST008567,Personal Loan,0,,,364640.85,0.0,0.0,2025-08-16,0
LOAN0003977,CUST004670,SME Loan,0,,,622446.48,0.0,0.0,2023-10-14,0
LOAN0003978,CUST008364,BNPL,0,,,19411.92,0.0,0.0,2023-08-04,0
LOAN0003979,CUST001786,Education Loan,1,60.0,2.0,10302.69,265702.31,85548.46,2023-05-26,1
LOAN0003980,CUST001602,Personal Loan,0,,,558123.06,0.0,0.0,2025-11-21,0
LOAN0003981,CUST006584,Personal Loan,0,,,318513.09,0.0,0.0,2024-06-20,0
LOAN0003982,CUST008713,Personal Loan,1,60.0,2.0,8446.87,87201.13,19751.19,2024-01-02,1
LOAN0003983,CUST008934,Personal Loan,0,,,143046.44,0.0,0.0,2025-01-22,0
LOAN0003984,CUST006445,Personal Loan,0,,,364527.18,0.0,0.0,2024-07-18,0
LOAN0003985,CUST005258,Personal Loan,0,,,644064.75,0.0,0.0,2026-02-14,0
LOAN0003986,CUST003313,Personal Loan,0,,,171893.02,0.0,0.0,2025-07-28,0
LOAN0003987,CUST009800,SME Loan,1,150.0,5.0,98217.56,366638.44,112439.48,2023-12-09,1
LOAN0003988,CUST003199,BNPL,0,,,44246.8,0.0,0.0,2024-03-02,0
LOAN0003989,CUST007458,Personal Loan,0,,,12346.1,0.0,0.0,2025-11-23,0
LOAN0003990,CUST005326,Personal Loan,1,240.0,8.0,135418.36,225013.64,87038.25,2022-10-27,1
LOAN0003991,CUST006096,Personal Loan,0,,,162686.04,0.0,0.0,2024-09-13,0
LOAN0003992,CUST003939,Personal Loan,0,,,464680.65,0.0,0.0,2026-09-14,0
LOAN0003993,CUST009649,Personal Loan,0,,,491339.94,0.0,0.0,2024-12-15,0
LOAN0003994,CUST005729,BNPL,0,,,40633.56,0.0,0.0,2024-03-14,0
LOAN0003995,CUST009380,BNPL,1,210.0,7.0,42124.8,0.0,0.0,2024-07-24,1
LOAN0003996,CUST000080,Personal Loan,0,,,629520.58,0.0,0.0,2025-02-22,0
LOAN0003997,CUST005737,BNPL,1,240.0,8.0,9113.23,2411.77,481.2,2023-12-11,1
LOAN0003998,CUST007187,Personal Loan,1,240.0,8.0,28247.24,13039.76,3999.95,2024-06-10,1
LOAN0003999,CUST007466,Personal Loan,1,180.0,6.0,228273.4,270054.6,92724.13,2023-12-21,1
LOAN0004000,CUST009060,Personal Loan,0,,,319608.9,0.0,0.0,2024-08-12,0
LOAN0004001,CUST000046,Personal Loan,0,,,495634.32,0.0,0.0,2023-10-03,0
LOAN0004002,CUST000003,Personal Loan,0,,,326249.7,0.0,0.0,2023-09-27,0
LOAN0004003,CUST004719,Personal Loan,0,,,211889.28,0.0,0.0,2024-05-27,0
LOAN0004004,CUST000301,Personal Loan,0,,,257276.1,0.0,0.0,2024-09-22,0
LOAN0004005,CUST009746,Personal Loan,0,,,192134.4,0.0,0.0,2024-05-28,0
LOAN0004006,CUST002228,BNPL,0,,,26224.0,0.0,0.0,2024-10-04,0
LOAN0004007,CUST004724,Personal Loan,0,,,418450.32,0.0,0.0,2025-02-06,0
LOAN0004008,CUST000620,BNPL,0,,,34712.84,0.0,0.0,2023-08-18,0
LOAN0004009,CUST005227,Personal Loan,0,,,744680.52,0.0,0.0,2026-12-30,0
LOAN0004010,CUST003806,SME Loan,0,,,429074.28,0.0,0.0,2024-09-24,0
LOAN0004011,CUST000452,Personal Loan,0,,,549077.89,0.0,0.0,2024-10-14,0
LOAN0004012,CUST003347,SME Loan,0,,,618086.56,0.0,0.0,2026-03-29,0
LOAN0004013,CUST003918,Personal Loan,0,,,218733.6,0.0,0.0,2024-04-29,0
LOAN0004014,CUST009896,SME Loan,0,,,135670.15,0.0,0.0,2024-05-01,0
LOAN0004015,CUST002085,SME Loan,0,,,328946.56,0.0,0.0,2024-02-22,0
LOAN0004016,CUST005455,BNPL,0,,,42311.64,0.0,0.0,2024-02-29,0
LOAN0004017,CUST009870,Personal Loan,0,,,66519.6,0.0,0.0,2025-09-09,0
LOAN0004018,CUST007934,BNPL,0,,,19695.28,0.0,0.0,2022-11-19,0
LOAN0004019,CUST009934,BNPL,0,,,20720.64,0.0,0.0,2024-01-08,0
LOAN0004020,CUST009684,Education Loan,0,,,930909.18,0.0,0.0,2025-05-04,0
LOAN0004021,CUST004906,Personal Loan,0,,,229650.39,0.0,0.0,2024-09-28,0
LOAN0004022,CUST006982,Personal Loan,1,210.0,7.0,24073.38,63764.62,17775.33,2023-11-05,1
LOAN0004023,CUST001117,Personal Loan,0,,,465610.88,0.0,0.0,2025-12-17,0
LOAN0004024,CUST004413,SME Loan,1,60.0,2.0,10172.59,165831.41,56421.2,2023-06-25,1
LOAN0004025,CUST008104,BNPL,0,,,40292.58,0.0,0.0,2023-05-11,0
LOAN0004026,CUST005059,Personal Loan,0,,,517193.56,0.0,0.0,2025-07-10,0
LOAN0004027,CUST007046,BNPL,0,,,46466.5,0.0,0.0,2024-06-28,0
LOAN0004028,CUST007473,Education Loan,0,,,863303.84,0.0,0.0,2025-12-16,0
LOAN0004029,CUST002539,SME Loan,1,240.0,8.0,127791.37,116295.63,17161.2,2024-01-09,1
LOAN0004030,CUST008769,Personal Loan,0,,,117533.24,0.0,0.0,2025-12-07,0
LOAN0004031,CUST004595,BNPL,0,,,58193.4,0.0,0.0,2023-09-22,0
LOAN0004032,CUST002105,Personal Loan,0,,,238191.6,0.0,0.0,2026-06-20,0
LOAN0004033,CUST008665,Personal Loan,1,210.0,7.0,107540.52,296419.48,115410.53,2024-01-05,1
LOAN0004034,CUST004186,SME Loan,0,,,552959.19,0.0,0.0,2025-10-03,0
LOAN0004035,CUST007519,BNPL,0,,,28097.2,0.0,0.0,2024-03-24,0
LOAN0004036,CUST005488,Personal Loan,0,,,272286.54,0.0,0.0,2025-06-03,0
LOAN0004037,CUST003825,Personal Loan,0,,,33425.94,0.0,0.0,2024-03-25,0
LOAN0004038,CUST008112,Personal Loan,0,,,336779.84,0.0,0.0,2026-03-24,0
LOAN0004039,CUST005860,BNPL,0,,,36501.43,0.0,0.0,2023-09-18,0
LOAN0004040,CUST003909,Personal Loan,0,,,499755.75,0.0,0.0,2024-05-20,0
LOAN0004041,CUST001108,BNPL,0,,,22990.03,0.0,0.0,2022-11-21,0
LOAN0004042,CUST008965,BNPL,0,,,18578.8,0.0,0.0,2023-09-13,0
LOAN0004043,CUST000359,SME Loan,0,,,466637.08,0.0,0.0,2024-05-12,0
LOAN0004044,CUST008645,Personal Loan,0,,,197026.57,0.0,0.0,2024-11-12,0
LOAN0004045,CUST003599,Personal Loan,1,120.0,4.0,13176.06,54714.94,16512.28,2024-03-05,1
LOAN0004046,CUST006400,Education Loan,1,240.0,8.0,203439.95,765260.05,214254.55,2024-05-20,1
LOAN0004047,CUST009227,Personal Loan,1,90.0,3.0,23943.88,104127.12,12353.84,2024-02-21,1
LOAN0004048,CUST001528,BNPL,0,,,33810.5,0.0,0.0,2023-02-22,0
LOAN0004049,CUST005679,Personal Loan,0,,,165510.98,0.0,0.0,2026-10-20,0
LOAN0004050,CUST007656,Personal Loan,0,,,433298.55,0.0,0.0,2024-08-10,0
LOAN0004051,CUST007586,Personal Loan,1,180.0,6.0,25434.3,102259.7,32886.94,2023-08-28,1
LOAN0004052,CUST005259,BNPL,1,240.0,8.0,27846.7,10049.3,3537.95,2024-08-12,1
LOAN0004053,CUST006260,Personal Loan,0,,,58944.96,0.0,0.0,2024-08-27,0
LOAN0004054,CUST007586,Personal Loan,0,,,558003.9,0.0,0.0,2025-11-03,0
LOAN0004055,CUST008418,Personal Loan,0,,,196557.9,0.0,0.0,2024-04-20,0
LOAN0004056,CUST007630,Personal Loan,0,,,30625.84,0.0,0.0,2024-09-01,0
LOAN0004057,CUST003541,Personal Loan,0,,,321431.5,0.0,0.0,2025-12-09,0
LOAN0004058,CUST009965,Personal Loan,0,,,107753.75,0.0,0.0,2026-01-24,0
LOAN0004059,CUST004347,Personal Loan,0,,,700383.24,0.0,0.0,2026-08-16,0
LOAN0004060,CUST000255,Personal Loan,0,,,117835.38,0.0,0.0,2025-12-10,0
LOAN0004061,CUST003628,BNPL,1,150.0,5.0,8268.68,3857.32,485.77,2024-05-26,1
LOAN0004062,CUST001290,BNPL,0,,,43644.8,0.0,0.0,2024-04-07,0
LOAN0004063,CUST001227,Personal Loan,0,,,307301.82,0.0,0.0,2025-04-06,0
LOAN0004064,CUST002818,Personal Loan,0,,,38843.8,0.0,0.0,2024-04-09,0
LOAN0004065,CUST000543,Personal Loan,0,,,440138.3,0.0,0.0,2024-06-04,0
LOAN0004066,CUST006905,Personal Loan,0,,,697763.81,0.0,0.0,2026-07-29,0
LOAN0004067,CUST000748,Personal Loan,0,,,95981.7,0.0,0.0,2025-02-28,0
LOAN0004068,CUST002038,Personal Loan,0,,,105862.75,0.0,0.0,2025-08-20,0
LOAN0004069,CUST000940,SME Loan,0,,,481264.25,0.0,0.0,2025-06-07,0
LOAN0004070,CUST000639,SME Loan,0,,,649877.65,0.0,0.0,2025-08-22,0
LOAN0004071,CUST002679,Personal Loan,0,,,13091.78,0.0,0.0,2025-09-11,0
LOAN0004072,CUST005732,Personal Loan,0,,,225465.9,0.0,0.0,2026-03-23,0
LOAN0004073,CUST009648,Personal Loan,0,,,67239.7,0.0,0.0,2024-02-08,0
LOAN0004074,CUST008768,SME Loan,0,,,149557.2,0.0,0.0,2023-11-29,0
LOAN0004075,CUST008772,BNPL,0,,,55137.0,0.0,0.0,2023-12-28,0
LOAN0004076,CUST001771,Personal Loan,1,120.0,4.0,175288.86,248252.14,27188.28,2024-04-12,1
LOAN0004077,CUST002652,Personal Loan,1,210.0,7.0,16066.38,3442.62,1042.14,2023-10-07,1
LOAN0004078,CUST000774,Personal Loan,0,,,40184.4,0.0,0.0,2025-11-30,0
LOAN0004079,CUST007794,Personal Loan,0,,,360153.27,0.0,0.0,2025-11-09,0
LOAN0004080,CUST000708,Education Loan,0,,,810817.8,0.0,0.0,2025-02-23,0
LOAN0004081,CUST005575,BNPL,0,,,11423.58,0.0,0.0,2024-04-18,0
LOAN0004082,CUST002482,Education Loan,1,90.0,3.0,19699.8,213596.2,39953.65,2023-12-09,1
LOAN0004083,CUST002439,Personal Loan,0,,,667047.85,0.0,0.0,2026-09-29,0
LOAN0004084,CUST009904,Personal Loan,1,240.0,8.0,168580.37,93877.63,21840.83,2024-08-18,1
LOAN0004085,CUST007579,SME Loan,1,90.0,3.0,28231.54,238363.46,24817.66,2023-05-16,1
LOAN0004086,CUST008380,Personal Loan,1,90.0,3.0,67814.54,269765.46,39094.11,2024-02-21,1
LOAN0004087,CUST005732,SME Loan,0,,,538981.2,0.0,0.0,2024-06-05,0
LOAN0004088,CUST008722,Personal Loan,1,180.0,6.0,56944.6,203102.4,45400.3,2024-05-18,1
LOAN0004089,CUST006462,BNPL,0,,,3244.24,0.0,0.0,2023-08-23,0
LOAN0004090,CUST009464,Personal Loan,0,,,568151.85,0.0,0.0,2024-05-26,0
LOAN0004091,CUST002816,SME Loan,0,,,649659.2,0.0,0.0,2026-06-23,0
LOAN0004092,CUST005964,Personal Loan,0,,,123116.1,0.0,0.0,2024-07-04,0
LOAN0004093,CUST006923,BNPL,0,,,14065.95,0.0,0.0,2024-01-27,0
LOAN0004094,CUST003933,Personal Loan,0,,,28164.92,0.0,0.0,2026-08-02,0
LOAN0004095,CUST008808,Personal Loan,0,,,384304.0,0.0,0.0,2025-11-02,0
LOAN0004096,CUST009798,Personal Loan,0,,,291425.16,0.0,0.0,2023-08-27,0
LOAN0004097,CUST004948,Personal Loan,0,,,243365.25,0.0,0.0,2024-11-09,0
LOAN0004098,CUST003909,Personal Loan,0,,,343200.0,0.0,0.0,2025-04-11,0
LOAN0004099,CUST004715,BNPL,0,,,20412.3,0.0,0.0,2023-03-06,0
LOAN0004100,CUST008541,Personal Loan,0,,,446922.3,0.0,0.0,2026-04-21,0
LOAN0004101,CUST006462,Personal Loan,0,,,192296.7,0.0,0.0,2024-03-23,0
LOAN0004102,CUST000453,Personal Loan,1,180.0,6.0,109895.55,288608.45,58695.68,2023-09-21,1
LOAN0004103,CUST005427,SME Loan,1,60.0,2.0,34199.56,360164.44,126757.72,2023-08-05,1
LOAN0004104,CUST000180,Personal Loan,0,,,227454.15,0.0,0.0,2026-09-16,0
LOAN0004105,CUST007794,SME Loan,0,,,365814.08,0.0,0.0,2026-05-19,0
LOAN0004106,CUST003283,Education Loan,0,,,356944.32,0.0,0.0,2026-10-27,0
LOAN0004107,CUST004716,Personal Loan,0,,,374098.08,0.0,0.0,2023-12-15,0
LOAN0004108,CUST008001,SME Loan,0,,,756697.95,0.0,0.0,2025-12-10,0
LOAN0004109,CUST000471,BNPL,0,,,37641.15,0.0,0.0,2023-09-14,0
LOAN0004110,CUST001595,Personal Loan,0,,,347721.0,0.0,0.0,2026-02-01,0
LOAN0004111,CUST003986,Personal Loan,1,90.0,3.0,43388.74,254010.26,48410.44,2023-06-08,1
LOAN0004112,CUST002306,Personal Loan,1,90.0,3.0,31613.56,345344.44,93671.62,2023-11-23,1
LOAN0004113,CUST003376,BNPL,0,,,44753.85,0.0,0.0,2024-02-26,0
LOAN0004114,CUST009980,SME Loan,0,,,186810.9,0.0,0.0,2026-05-21,0
LOAN0004115,CUST008268,Personal Loan,0,,,55607.58,0.0,0.0,2025-05-09,0
LOAN0004116,CUST008852,BNPL,0,,,59673.2,0.0,0.0,2023-04-26,0
LOAN0004117,CUST009372,Personal Loan,0,,,488169.4,0.0,0.0,2024-04-01,0
LOAN0004118,CUST003410,Personal Loan,0,,,537006.24,0.0,0.0,2024-09-25,0
LOAN0004119,CUST002973,Personal Loan,1,90.0,3.0,60271.54,354741.46,52966.78,2024-02-29,1
LOAN0004120,CUST002347,SME Loan,0,,,573547.32,0.0,0.0,2024-05-28,0
LOAN0004121,CUST008315,Personal Loan,0,,,612219.2,0.0,0.0,2025-08-29,0
LOAN0004122,CUST006809,Personal Loan,0,,,50910.5,0.0,0.0,2023-10-31,0
LOAN0004123,CUST002367,BNPL,0,,,15685.11,0.0,0.0,2023-10-23,0
LOAN0004124,CUST003774,Personal Loan,0,,,628932.24,0.0,0.0,2026-03-08,0
LOAN0004125,CUST005073,SME Loan,0,,,150399.63,0.0,0.0,2025-01-28,0
LOAN0004126,CUST005286,Personal Loan,0,,,85428.1,0.0,0.0,2024-08-04,0
LOAN0004127,CUST008901,BNPL,1,180.0,6.0,14731.65,8495.35,1413.97,2024-03-22,1
LOAN0004128,CUST003812,BNPL,1,180.0,6.0,56271.93,0.0,0.0,2023-10-09,1
LOAN0004129,CUST009093,Personal Loan,0,,,532470.01,0.0,0.0,2025-11-30,0
LOAN0004130,CUST004415,BNPL,0,,,36601.95,0.0,0.0,2022-10-26,0
LOAN0004131,CUST007478,Personal Loan,0,,,424977.36,0.0,0.0,2025-12-26,0
LOAN0004132,CUST009305,Personal Loan,0,,,12693.6,0.0,0.0,2024-08-01,0
LOAN0004133,CUST009084,Personal Loan,0,,,592053.98,0.0,0.0,2024-12-19,0
LOAN0004134,CUST000574,Personal Loan,0,,,541282.5,0.0,0.0,2025-06-25,0
LOAN0004135,CUST002061,SME Loan,0,,,404118.7,0.0,0.0,2024-10-02,0
LOAN0004136,CUST004768,Personal Loan,0,,,264797.75,0.0,0.0,2026-09-10,0
LOAN0004137,CUST004318,Personal Loan,0,,,210931.24,0.0,0.0,2026-02-19,0
LOAN0004138,CUST006417,Personal Loan,0,,,54129.6,0.0,0.0,2026-08-17,0
LOAN0004139,CUST009450,Personal Loan,0,,,164762.85,0.0,0.0,2024-08-16,0
LOAN0004140,CUST001138,BNPL,1,210.0,7.0,22898.04,0.0,0.0,2024-06-02,1
LOAN0004141,CUST004515,Personal Loan,0,,,68765.09,0.0,0.0,2025-07-25,0
LOAN0004142,CUST001930,BNPL,0,,,53430.84,0.0,0.0,2023-11-15,0
LOAN0004143,CUST008952,Education Loan,0,,,169761.32,0.0,0.0,2026-12-24,0
LOAN0004144,CUST009647,Personal Loan,1,150.0,5.0,30491.4,145248.6,32501.94,2023-12-10,1
LOAN0004145,CUST004788,SME Loan,0,,,554233.6,0.0,0.0,2026-05-11,0
LOAN0004146,CUST001053,Personal Loan,0,,,191236.16,0.0,0.0,2024-06-22,0
LOAN0004147,CUST007865,BNPL,0,,,11196.3,0.0,0.0,2024-05-07,0
LOAN0004148,CUST006990,Personal Loan,1,60.0,2.0,21198.73,435427.27,108300.55,2023-08-21,1
LOAN0004149,CUST003550,Personal Loan,0,,,327649.44,0.0,0.0,2025-01-14,0
LOAN0004150,CUST008886,SME Loan,0,,,587233.57,0.0,0.0,2024-01-08,0
LOAN0004151,CUST009760,BNPL,0,,,62245.2,0.0,0.0,2024-04-23,0
LOAN0004152,CUST005587,Personal Loan,0,,,458250.52,0.0,0.0,2024-08-04,0
LOAN0004153,CUST005666,Personal Loan,0,,,614473.86,0.0,0.0,2025-04-28,0
LOAN0004154,CUST002977,Education Loan,0,,,658755.68,0.0,0.0,2025-06-25,0
LOAN0004155,CUST005860,Personal Loan,0,,,119416.77,0.0,0.0,2023-02-07,0
LOAN0004156,CUST004397,BNPL,0,,,51550.88,0.0,0.0,2023-11-17,0
LOAN0004157,CUST003024,Personal Loan,0,,,337525.3,0.0,0.0,2024-02-29,0
LOAN0004158,CUST000680,Education Loan,1,180.0,6.0,103241.35,332734.65,103442.09,2024-04-24,1
LOAN0004159,CUST002531,Personal Loan,0,,,464871.5,0.0,0.0,2025-11-26,0
LOAN0004160,CUST001983,Personal Loan,0,,,415345.28,0.0,0.0,2025-07-21,0
LOAN0004161,CUST005426,BNPL,0,,,34168.16,0.0,0.0,2023-12-14,0
LOAN0004162,CUST006030,SME Loan,0,,,118070.27,0.0,0.0,2025-07-24,0
LOAN0004163,CUST006096,Personal Loan,0,,,254315.23,0.0,0.0,2025-01-02,0
LOAN0004164,CUST003887,Personal Loan,0,,,29546.95,0.0,0.0,2024-12-20,0
LOAN0004165,CUST004219,BNPL,0,,,42547.16,0.0,0.0,2023-10-08,0
LOAN0004166,CUST008354,BNPL,0,,,9488.3,0.0,0.0,2024-09-28,0
LOAN0004167,CUST004761,Personal Loan,0,,,124878.6,0.0,0.0,2025-10-29,0
LOAN0004168,CUST009875,BNPL,0,,,48332.64,0.0,0.0,2024-08-06,0
LOAN0004169,CUST004396,Education Loan,0,,,530643.6,0.0,0.0,2025-07-27,0
LOAN0004170,CUST006503,BNPL,1,90.0,3.0,11805.64,33729.36,3444.05,2024-03-23,1
LOAN0004171,CUST000510,Personal Loan,0,,,332213.28,0.0,0.0,2024-07-15,0
LOAN0004172,CUST006545,Personal Loan,0,,,504943.52,0.0,0.0,2025-09-25,0
LOAN0004173,CUST008528,SME Loan,0,,,801495.91,0.0,0.0,2026-01-04,0
LOAN0004174,CUST009425,SME Loan,0,,,327448.64,0.0,0.0,2024-11-18,0
LOAN0004175,CUST009971,Personal Loan,0,,,36076.86,0.0,0.0,2025-09-27,0
LOAN0004176,CUST002825,Personal Loan,1,210.0,7.0,48719.46,108529.54,20424.76,2023-05-21,1
LOAN0004177,CUST005764,Personal Loan,0,,,556784.68,0.0,0.0,2024-06-12,0
LOAN0004178,CUST004504,BNPL,1,90.0,3.0,15761.94,38547.06,6051.12,2023-01-11,1
LOAN0004179,CUST005648,Personal Loan,1,180.0,6.0,115897.85,74016.15,13459.74,2024-03-13,1
LOAN0004180,CUST001584,BNPL,0,,,60276.36,0.0,0.0,2024-02-12,0
LOAN0004181,CUST008572,BNPL,0,,,7565.6,0.0,0.0,2024-07-25,0
LOAN0004182,CUST009103,BNPL,0,,,15613.48,0.0,0.0,2023-11-29,0
LOAN0004183,CUST004494,Personal Loan,0,,,711149.04,0.0,0.0,2026-12-18,0
LOAN0004184,CUST002809,BNPL,1,120.0,4.0,18698.22,24103.78,2760.15,2023-11-11,1
LOAN0004185,CUST001424,SME Loan,0,,,386901.6,0.0,0.0,2023-12-17,0
LOAN0004186,CUST006855,Personal Loan,0,,,411707.01,0.0,0.0,2025-07-13,0
LOAN0004187,CUST003125,SME Loan,1,150.0,5.0,257566.6,282387.4,68164.5,2024-03-21,1
LOAN0004188,CUST009103,Personal Loan,0,,,436973.68,0.0,0.0,2024-10-01,0
LOAN0004189,CUST006717,Personal Loan,0,,,151071.84,0.0,0.0,2025-01-19,0
LOAN0004190,CUST006465,Education Loan,0,,,195524.08,0.0,0.0,2027-05-15,0
LOAN0004191,CUST005600,BNPL,0,,,14839.65,0.0,0.0,2023-08-23,0
LOAN0004192,CUST000463,BNPL,0,,,3581.44,0.0,0.0,2024-03-17,0
LOAN0004193,CUST009321,Personal Loan,0,,,162706.1,0.0,0.0,2024-08-21,0
LOAN0004194,CUST006293,SME Loan,0,,,74862.24,0.0,0.0,2025-06-11,0
LOAN0004195,CUST009941,SME Loan,0,,,549190.08,0.0,0.0,2024-06-07,0
LOAN0004196,CUST005379,Education Loan,0,,,109828.32,0.0,0.0,2026-04-05,0
LOAN0004197,CUST007119,Personal Loan,0,,,541771.65,0.0,0.0,2025-03-11,0
LOAN0004198,CUST000568,Personal Loan,0,,,425883.56,0.0,0.0,2025-10-09,0
LOAN0004199,CUST006327,SME Loan,0,,,437368.2,0.0,0.0,2024-07-04,0
LOAN0004200,CUST007658,Personal Loan,0,,,296296.13,0.0,0.0,2024-12-08,0
LOAN0004201,CUST007794,Personal Loan,0,,,369790.4,0.0,0.0,2026-09-06,0
LOAN0004202,CUST007708,Personal Loan,0,,,463303.96,0.0,0.0,2024-10-02,0
LOAN0004203,CUST002269,Personal Loan,0,,,351344.39,0.0,0.0,2025-12-10,0
LOAN0004204,CUST009754,Personal Loan,1,180.0,6.0,65035.95,130198.05,32951.98,2024-04-14,1
LOAN0004205,CUST009952,SME Loan,0,,,288754.18,0.0,0.0,2023-08-18,0
LOAN0004206,CUST000764,SME Loan,0,,,203523.7,0.0,0.0,2023-12-28,0
LOAN0004207,CUST009367,Personal Loan,1,240.0,8.0,294756.0,90792.0,21615.57,2024-08-08,1
LOAN0004208,CUST002897,BNPL,0,,,16996.3,0.0,0.0,2024-05-13,0
LOAN0004209,CUST006914,Personal Loan,0,,,313261.86,0.0,0.0,2024-02-10,0
LOAN0004210,CUST003377,Personal Loan,0,,,117813.64,0.0,0.0,2026-07-29,0
LOAN0004211,CUST009678,BNPL,0,,,42203.5,0.0,0.0,2023-07-06,0
LOAN0004212,CUST001025,SME Loan,1,60.0,2.0,10024.86,85501.14,13482.27,2023-10-28,1
LOAN0004213,CUST004986,Personal Loan,0,,,514061.31,0.0,0.0,2025-09-18,0
LOAN0004214,CUST004282,Personal Loan,0,,,78372.0,0.0,0.0,2025-10-30,0
LOAN0004215,CUST003261,BNPL,0,,,54247.4,0.0,0.0,2024-10-30,0
LOAN0004216,CUST006463,SME Loan,1,120.0,4.0,131259.39,458012.61,138713.69,2022-11-19,1
LOAN0004217,CUST001324,SME Loan,1,90.0,3.0,32255.34,213637.66,51772.43,2024-01-08,1
LOAN0004218,CUST007182,Personal Loan,0,,,351737.52,0.0,0.0,2025-06-05,0
LOAN0004219,CUST009806,SME Loan,0,,,549436.32,0.0,0.0,2026-04-08,0
LOAN0004220,CUST008060,Personal Loan,1,60.0,2.0,8195.21,218979.79,80738.03,2023-06-04,1
LOAN0004221,CUST008609,SME Loan,0,,,414660.48,0.0,0.0,2024-08-15,0
LOAN0004222,CUST003596,SME Loan,0,,,334257.3,0.0,0.0,2023-10-04,0
LOAN0004223,CUST003250,BNPL,0,,,18266.52,0.0,0.0,2023-09-09,0
LOAN0004224,CUST005177,Education Loan,0,,,512686.79,0.0,0.0,2025-06-23,0
LOAN0004225,CUST000463,Personal Loan,0,,,565685.64,0.0,0.0,2024-09-29,0
LOAN0004226,CUST009457,Personal Loan,0,,,354496.24,0.0,0.0,2025-11-24,0
LOAN0004227,CUST001453,Education Loan,1,120.0,4.0,108716.07,717940.93,188838.79,2022-12-24,1
LOAN0004228,CUST009039,SME Loan,0,,,200212.32,0.0,0.0,2025-02-02,0
LOAN0004229,CUST000843,BNPL,0,,,4010.22,0.0,0.0,2024-04-28,0
LOAN0004230,CUST008240,Personal Loan,0,,,197465.73,0.0,0.0,2025-12-19,0
LOAN0004231,CUST001531,BNPL,0,,,55545.66,0.0,0.0,2023-06-25,0
LOAN0004232,CUST000387,Personal Loan,0,,,423707.61,0.0,0.0,2025-11-05,0
LOAN0004233,CUST007209,BNPL,0,,,39395.34,0.0,0.0,2024-04-23,0
LOAN0004234,CUST002807,Personal Loan,0,,,375254.64,0.0,0.0,2025-05-14,0
LOAN0004235,CUST007162,Personal Loan,0,,,353433.51,0.0,0.0,2024-03-25,0
LOAN0004236,CUST005558,Personal Loan,0,,,456706.05,0.0,0.0,2024-12-18,0
LOAN0004237,CUST001100,BNPL,0,,,58476.28,0.0,0.0,2023-10-04,0
LOAN0004238,CUST009323,Personal Loan,0,,,13665.6,0.0,0.0,2026-06-20,0
LOAN0004239,CUST004519,BNPL,0,,,26656.2,0.0,0.0,2023-08-22,0
LOAN0004240,CUST007363,BNPL,1,150.0,5.0,13285.64,16321.36,2041.58,2024-03-24,1
LOAN0004241,CUST005019,Personal Loan,0,,,165563.79,0.0,0.0,2023-07-14,0
LOAN0004242,CUST006056,Personal Loan,1,210.0,7.0,173396.4,120185.6,21042.76,2024-06-24,1
LOAN0004243,CUST003029,Personal Loan,1,60.0,2.0,53469.11,252498.89,54232.78,2023-03-21,1
LOAN0004244,CUST002008,Personal Loan,0,,,204324.48,0.0,0.0,2026-06-26,0
LOAN0004245,CUST005431,Personal Loan,0,,,586640.96,0.0,0.0,2025-01-26,0
LOAN0004246,CUST004404,Personal Loan,0,,,327831.2,0.0,0.0,2024-01-24,0
LOAN0004247,CUST003904,Personal Loan,0,,,215860.2,0.0,0.0,2024-06-18,0
LOAN0004248,CUST006734,Personal Loan,0,,,485182.25,0.0,0.0,2025-08-06,0
LOAN0004249,CUST006927,Personal Loan,0,,,700860.02,0.0,0.0,2026-01-03,0
LOAN0004250,CUST000464,Personal Loan,0,,,321532.92,0.0,0.0,2026-09-03,0
LOAN0004251,CUST003383,Personal Loan,0,,,504588.0,0.0,0.0,2024-12-10,0
LOAN0004252,CUST004125,Personal Loan,1,60.0,2.0,70159.15,324228.85,100780.27,2023-10-22,1
LOAN0004253,CUST000979,Personal Loan,1,150.0,5.0,40506.08,153616.92,17440.57,2024-01-21,1
LOAN0004254,CUST002364,Personal Loan,1,210.0,7.0,130525.26,270390.74,98289.01,2024-06-02,1
LOAN0004255,CUST000524,Education Loan,0,,,833336.13,0.0,0.0,2026-07-18,0
LOAN0004256,CUST009962,Personal Loan,0,,,313985.28,0.0,0.0,2025-09-26,0
LOAN0004257,CUST007381,SME Loan,0,,,141431.67,0.0,0.0,2024-08-24,0
LOAN0004258,CUST000882,Personal Loan,0,,,315151.36,0.0,0.0,2026-01-10,0
LOAN0004259,CUST000212,Personal Loan,0,,,161639.24,0.0,0.0,2023-03-28,0
LOAN0004260,CUST007207,Personal Loan,0,,,407438.32,0.0,0.0,2026-01-20,0
LOAN0004261,CUST004392,Personal Loan,1,120.0,4.0,37879.92,77564.08,16201.76,2024-01-25,1
LOAN0004262,CUST007880,Personal Loan,0,,,251154.42,0.0,0.0,2025-10-16,0
LOAN0004263,CUST009239,Personal Loan,1,210.0,7.0,32158.56,82572.44,31082.67,2024-06-04,1
LOAN0004264,CUST006005,Personal Loan,0,,,583334.85,0.0,0.0,2026-08-20,0
LOAN0004265,CUST001880,BNPL,1,180.0,6.0,34104.8,5225.2,1100.78,2023-07-24,1
LOAN0004266,CUST007835,Personal Loan,1,120.0,4.0,119484.84,371835.16,123106.33,2024-04-27,1
LOAN0004267,CUST009560,Personal Loan,0,,,147077.92,0.0,0.0,2025-04-11,0
LOAN0004268,CUST005818,SME Loan,1,180.0,6.0,76769.95,166192.05,41585.87,2023-12-26,1
LOAN0004269,CUST006835,SME Loan,0,,,446756.0,0.0,0.0,2025-08-29,0
LOAN0004270,CUST003372,Personal Loan,0,,,392703.93,0.0,0.0,2024-05-04,0
LOAN0004271,CUST003821,BNPL,0,,,34595.7,0.0,0.0,2024-07-24,0
LOAN0004272,CUST007365,Personal Loan,0,,,434345.28,0.0,0.0,2026-04-25,0
LOAN0004273,CUST009281,BNPL,0,,,11554.84,0.0,0.0,2023-08-30,0
LOAN0004274,CUST006303,BNPL,0,,,45149.05,0.0,0.0,2022-10-24,0
LOAN0004275,CUST007911,Education Loan,0,,,651928.62,0.0,0.0,2027-02-24,0
LOAN0004276,CUST001728,SME Loan,0,,,140251.28,0.0,0.0,2024-03-23,0
LOAN0004277,CUST002125,Personal Loan,0,,,367618.68,0.0,0.0,2025-09-14,0
LOAN0004278,CUST005326,BNPL,0,,,10843.49,0.0,0.0,2023-03-04,0
LOAN0004279,CUST001775,Personal Loan,0,,,321932.94,0.0,0.0,2025-04-26,0
LOAN0004280,CUST006358,BNPL,0,,,40291.29,0.0,0.0,2024-02-23,0
LOAN0004281,CUST002921,BNPL,0,,,4319.5,0.0,0.0,2024-10-30,0
LOAN0004282,CUST007929,Personal Loan,0,,,127584.64,0.0,0.0,2025-03-09,0
LOAN0004283,CUST008095,Personal Loan,0,,,281416.41,0.0,0.0,2026-09-15,0
LOAN0004284,CUST004637,Personal Loan,0,,,437596.37,0.0,0.0,2026-03-29,0
LOAN0004285,CUST001818,Personal Loan,0,,,546722.79,0.0,0.0,2026-02-20,0
LOAN0004286,CUST006476,SME Loan,0,,,481531.52,0.0,0.0,2026-07-03,0
LOAN0004287,CUST009926,Personal Loan,0,,,415518.48,0.0,0.0,2025-05-02,0
LOAN0004288,CUST006240,Education Loan,1,60.0,2.0,7014.63,153049.37,46696.2,2023-06-02,1
LOAN0004289,CUST000361,Personal Loan,0,,,532651.91,0.0,0.0,2023-08-23,0
LOAN0004290,CUST000180,Personal Loan,0,,,544717.88,0.0,0.0,2024-08-11,0
LOAN0004291,CUST003205,SME Loan,0,,,337577.75,0.0,0.0,2025-06-11,0
LOAN0004292,CUST001961,SME Loan,0,,,120434.56,0.0,0.0,2026-08-11,0
LOAN0004293,CUST008144,BNPL,0,,,28323.04,0.0,0.0,2024-06-14,0
LOAN0004294,CUST008458,BNPL,0,,,42426.58,0.0,0.0,2023-12-18,0
LOAN0004295,CUST002590,BNPL,0,,,49983.48,0.0,0.0,2023-06-06,0
LOAN0004296,CUST003257,SME Loan,1,180.0,6.0,172142.3,106306.7,15343.36,2023-08-12,1
LOAN0004297,CUST002368,BNPL,0,,,37933.63,0.0,0.0,2024-04-02,0
LOAN0004298,CUST009092,BNPL,1,240.0,8.0,19717.94,0.0,0.0,2024-07-21,1
LOAN0004299,CUST005034,Personal Loan,0,,,239801.5,0.0,0.0,2026-01-28,0
LOAN0004300,CUST006570,Personal Loan,1,60.0,2.0,17370.98,151801.02,47691.59,2023-09-26,1
LOAN0004301,CUST004162,Personal Loan,0,,,297974.88,0.0,0.0,2024-04-26,0
LOAN0004302,CUST006320,BNPL,0,,,11089.96,0.0,0.0,2023-10-17,0
LOAN0004303,CUST003863,Personal Loan,0,,,209923.7,0.0,0.0,2026-09-20,0
LOAN0004304,CUST003394,BNPL,1,120.0,4.0,16443.06,35844.94,12049.19,2023-02-15,1
LOAN0004305,CUST006354,BNPL,0,,,31986.22,0.0,0.0,2023-07-30,0
LOAN0004306,CUST005920,Personal Loan,0,,,577243.53,0.0,0.0,2025-05-24,0
LOAN0004307,CUST002938,Personal Loan,0,,,190843.8,0.0,0.0,2026-04-25,0
LOAN0004308,CUST001504,Personal Loan,0,,,548613.12,0.0,0.0,2026-08-24,0
LOAN0004309,CUST003686,BNPL,0,,,30088.4,0.0,0.0,2024-07-08,0
LOAN0004310,CUST004160,Personal Loan,0,,,445026.08,0.0,0.0,2024-12-12,0
LOAN0004311,CUST006301,Personal Loan,0,,,393051.9,0.0,0.0,2026-03-08,0
LOAN0004312,CUST009149,BNPL,1,240.0,8.0,20481.99,0.0,0.0,2024-03-11,1
LOAN0004313,CUST000364,Personal Loan,0,,,225709.47,0.0,0.0,2025-07-02,0
LOAN0004314,CUST002441,BNPL,1,90.0,3.0,5220.34,17263.66,6284.09,2024-02-01,1
LOAN0004315,CUST001943,BNPL,1,150.0,5.0,56851.44,0.0,0.0,2024-02-26,1
LOAN0004316,CUST005031,SME Loan,0,,,587449.98,0.0,0.0,2025-01-18,0
LOAN0004317,CUST004299,Personal Loan,0,,,187559.82,0.0,0.0,2025-12-04,0
LOAN0004318,CUST007309,SME Loan,0,,,182218.2,0.0,0.0,2025-01-24,0
LOAN0004319,CUST002427,BNPL,0,,,23904.36,0.0,0.0,2024-03-30,0
LOAN0004320,CUST005956,Personal Loan,0,,,372252.1,0.0,0.0,2023-12-27,0
LOAN0004321,CUST008851,SME Loan,0,,,433147.2,0.0,0.0,2025-11-17,0
LOAN0004322,CUST009114,BNPL,0,,,17474.08,0.0,0.0,2023-10-10,0
LOAN0004323,CUST009590,BNPL,0,,,27971.73,0.0,0.0,2024-09-19,0
LOAN0004324,CUST007742,SME Loan,0,,,118218.16,0.0,0.0,2025-10-07,0
LOAN0004325,CUST009070,Personal Loan,0,,,412144.82,0.0,0.0,2025-10-09,0
LOAN0004326,CUST002351,Personal Loan,0,,,138098.24,0.0,0.0,2025-02-28,0
LOAN0004327,CUST001980,Education Loan,0,,,863165.52,0.0,0.0,2024-09-22,0
LOAN0004328,CUST000069,Personal Loan,0,,,137990.88,0.0,0.0,2024-10-30,0
LOAN0004329,CUST007084,BNPL,1,210.0,7.0,18249.72,2393.28,445.21,2024-04-10,1
LOAN0004330,CUST009377,Personal Loan,0,,,254547.3,0.0,0.0,2025-03-27,0
LOAN0004331,CUST001879,BNPL,0,,,44844.0,0.0,0.0,2023-08-16,0
LOAN0004332,CUST006378,BNPL,0,,,40897.4,0.0,0.0,2023-03-25,0
LOAN0004333,CUST007479,Education Loan,1,240.0,8.0,315448.28,527504.72,88246.38,2024-08-17,1
LOAN0004334,CUST009279,Personal Loan,0,,,232927.66,0.0,0.0,2024-05-24,0
LOAN0004335,CUST006477,Personal Loan,0,,,192324.23,0.0,0.0,2024-11-20,0
LOAN0004336,CUST009703,BNPL,1,150.0,5.0,53876.0,0.0,0.0,2024-03-18,1
LOAN0004337,CUST003446,SME Loan,0,,,124454.64,0.0,0.0,2024-07-28,0
LOAN0004338,CUST003494,BNPL,0,,,16544.24,0.0,0.0,2023-08-26,0
LOAN0004339,CUST005435,BNPL,0,,,8648.25,0.0,0.0,2022-12-06,0
LOAN0004340,CUST003841,Personal Loan,0,,,33082.23,0.0,0.0,2025-07-16,0
LOAN0004341,CUST000016,Personal Loan,0,,,194118.24,0.0,0.0,2024-10-17,0
LOAN0004342,CUST007338,Personal Loan,0,,,291262.72,0.0,0.0,2025-12-16,0
LOAN0004343,CUST007530,BNPL,0,,,46921.12,0.0,0.0,2024-07-22,0
LOAN0004344,CUST007484,Personal Loan,0,,,39983.4,0.0,0.0,2024-07-13,0
LOAN0004345,CUST003449,Personal Loan,0,,,198362.84,0.0,0.0,2025-01-01,0
LOAN0004346,CUST005230,Personal Loan,0,,,54976.32,0.0,0.0,2026-11-17,0
LOAN0004347,CUST003599,Personal Loan,1,180.0,6.0,14425.35,57605.65,10857.59,2023-05-17,1
LOAN0004348,CUST000168,BNPL,1,120.0,4.0,38657.76,11505.24,4396.36,2023-06-24,1
LOAN0004349,CUST005632,BNPL,0,,,34402.55,0.0,0.0,2023-10-14,0
LOAN0004350,CUST001251,Personal Loan,0,,,344493.92,0.0,0.0,2025-04-29,0
LOAN0004351,CUST000807,SME Loan,0,,,344903.28,0.0,0.0,2025-11-28,0
LOAN0004352,CUST007565,BNPL,0,,,41590.08,0.0,0.0,2024-04-21,0
LOAN0004353,CUST000098,Personal Loan,0,,,610193.17,0.0,0.0,2024-10-05,0
LOAN0004354,CUST009593,Personal Loan,0,,,362756.36,0.0,0.0,2025-10-12,0
LOAN0004355,CUST005158,BNPL,1,150.0,5.0,28142.52,19966.48,2773.48,2024-05-22,1
LOAN0004356,CUST009826,Personal Loan,0,,,98232.96,0.0,0.0,2025-03-09,0
LOAN0004357,CUST000585,Personal Loan,0,,,399504.7,0.0,0.0,2025-02-26,0
LOAN0004358,CUST005849,Personal Loan,0,,,479376.81,0.0,0.0,2025-03-25,0
LOAN0004359,CUST003488,SME Loan,0,,,237443.04,0.0,0.0,2025-06-30,0
LOAN0004360,CUST008446,Personal Loan,0,,,525831.03,0.0,0.0,2024-09-22,0
LOAN0004361,CUST003613,Personal Loan,1,210.0,7.0,32978.46,79623.54,27198.06,2024-04-22,1
LOAN0004362,CUST002609,Personal Loan,0,,,26480.09,0.0,0.0,2024-07-18,0
LOAN0004363,CUST008588,SME Loan,0,,,532704.01,0.0,0.0,2025-03-17,0
LOAN0004364,CUST003749,SME Loan,0,,,565489.6,0.0,0.0,2025-01-24,0
LOAN0004365,CUST000176,Personal Loan,0,,,357007.8,0.0,0.0,2026-06-29,0
LOAN0004366,CUST003906,Personal Loan,1,120.0,4.0,10518.54,80929.46,25591.64,2023-11-16,1
LOAN0004367,CUST006555,SME Loan,0,,,181626.48,0.0,0.0,2024-10-01,0
LOAN0004368,CUST002546,Personal Loan,0,,,230292.1,0.0,0.0,2024-07-12,0
LOAN0004369,CUST004322,SME Loan,0,,,215881.2,0.0,0.0,2026-02-01,0
LOAN0004370,CUST000572,Personal Loan,0,,,557725.0,0.0,0.0,2025-08-26,0
LOAN0004371,CUST005892,Personal Loan,0,,,294121.76,0.0,0.0,2026-03-09,0
LOAN0004372,CUST007574,SME Loan,0,,,143928.12,0.0,0.0,2023-11-27,0
LOAN0004373,CUST004140,BNPL,0,,,26938.24,0.0,0.0,2023-10-29,0
LOAN0004374,CUST004208,Personal Loan,1,60.0,2.0,5565.96,80922.04,32285.13,2023-12-25,1
LOAN0004375,CUST000891,Personal Loan,0,,,541567.38,0.0,0.0,2024-02-23,0
LOAN0004376,CUST002025,Personal Loan,0,,,251647.6,0.0,0.0,2024-12-06,0
LOAN0004377,CUST001558,BNPL,0,,,33685.29,0.0,0.0,2024-09-15,0
LOAN0004378,CUST004824,Personal Loan,0,,,88164.9,0.0,0.0,2023-04-05,0
LOAN0004379,CUST005298,Personal Loan,0,,,523185.6,0.0,0.0,2025-09-01,0
LOAN0004380,CUST009495,Personal Loan,1,180.0,6.0,179136.05,253099.95,30241.53,2024-06-11,1
LOAN0004381,CUST000741,Personal Loan,1,60.0,2.0,28403.92,390918.08,123463.74,2023-01-10,1
LOAN0004382,CUST006011,Personal Loan,0,,,269779.86,0.0,0.0,2025-04-19,0
LOAN0004383,CUST005268,BNPL,0,,,38359.79,0.0,0.0,2024-05-06,0
LOAN0004384,CUST005169,Personal Loan,1,210.0,7.0,52994.22,131193.78,24250.36,2022-11-22,1
LOAN0004385,CUST008742,BNPL,1,240.0,8.0,5995.43,624.57,80.38,2024-02-28,1
LOAN0004386,CUST002060,Personal Loan,0,,,218471.19,0.0,0.0,2025-09-25,0
LOAN0004387,CUST000415,Personal Loan,0,,,600123.1,0.0,0.0,2025-06-20,0
LOAN0004388,CUST006731,BNPL,0,,,47410.47,0.0,0.0,2024-01-20,0
LOAN0004389,CUST003450,SME Loan,0,,,178653.44,0.0,0.0,2025-01-06,0
LOAN0004390,CUST000184,Personal Loan,0,,,490935.6,0.0,0.0,2025-05-19,0
LOAN0004391,CUST002517,Personal Loan,0,,,37425.15,0.0,0.0,2025-07-02,0
LOAN0004392,CUST003096,Personal Loan,0,,,174944.45,0.0,0.0,2025-04-12,0
LOAN0004393,CUST006183,BNPL,0,,,32090.94,0.0,0.0,2024-02-20,0
LOAN0004394,CUST001737,BNPL,0,,,41428.03,0.0,0.0,2023-07-19,0
LOAN0004395,CUST004138,Personal Loan,0,,,67007.46,0.0,0.0,2025-07-19,0
LOAN0004396,CUST004831,Personal Loan,0,,,551726.48,0.0,0.0,2024-05-01,0
LOAN0004397,CUST004589,SME Loan,0,,,186776.5,0.0,0.0,2026-01-05,0
LOAN0004398,CUST009739,SME Loan,0,,,763131.2,0.0,0.0,2026-02-21,0
LOAN0004399,CUST000461,Personal Loan,0,,,21848.04,0.0,0.0,2025-08-13,0
LOAN0004400,CUST009513,Personal Loan,0,,,312891.39,0.0,0.0,2024-08-10,0
LOAN0004401,CUST005834,Personal Loan,1,150.0,5.0,129063.96,184707.04,63881.34,2024-03-26,1
LOAN0004402,CUST007972,Personal Loan,0,,,398502.0,0.0,0.0,2025-02-11,0
LOAN0004403,CUST004306,Personal Loan,0,,,327446.72,0.0,0.0,2024-08-29,0
LOAN0004404,CUST004535,Personal Loan,0,,,163800.13,0.0,0.0,2024-07-01,0
LOAN0004405,CUST008805,SME Loan,0,,,386775.95,0.0,0.0,2023-12-14,0
LOAN0004406,CUST008969,Personal Loan,0,,,313850.47,0.0,0.0,2025-05-26,0
LOAN0004407,CUST002390,Personal Loan,0,,,85135.39,0.0,0.0,2025-04-16,0
LOAN0004408,CUST001995,SME Loan,0,,,683335.38,0.0,0.0,2024-11-21,0
LOAN0004409,CUST004970,BNPL,1,210.0,7.0,5841.72,0.0,0.0,2024-07-08,1
LOAN0004410,CUST009010,Personal Loan,1,240.0,8.0,50351.28,95841.72,18618.93,2024-06-19,1
LOAN0004411,CUST003226,Education Loan,0,,,250719.92,0.0,0.0,2026-10-15,0
LOAN0004412,CUST006530,Education Loan,0,,,108242.4,0.0,0.0,2025-09-17,0
LOAN0004413,CUST007097,BNPL,0,,,16756.18,0.0,0.0,2024-07-04,0
LOAN0004414,CUST007795,BNPL,0,,,7119.54,0.0,0.0,2024-01-24,0
LOAN0004415,CUST005649,Personal Loan,0,,,558556.48,0.0,0.0,2026-08-04,0
LOAN0004416,CUST004031,Personal Loan,1,180.0,6.0,138482.8,338576.2,69357.51,2024-03-01,1
LOAN0004417,CUST009672,Personal Loan,0,,,633339.84,0.0,0.0,2024-12-27,0
LOAN0004418,CUST006127,Personal Loan,0,,,585119.7,0.0,0.0,2025-12-06,0
LOAN0004419,CUST007303,Personal Loan,1,210.0,7.0,22376.04,63534.96,13379.32,2023-09-10,1
LOAN0004420,CUST003448,Personal Loan,0,,,486084.2,0.0,0.0,2024-08-28,0
LOAN0004421,CUST006706,Education Loan,0,,,866525.4,0.0,0.0,2024-11-13,0
LOAN0004422,CUST002583,Personal Loan,0,,,312690.88,0.0,0.0,2026-08-29,0
LOAN0004423,CUST002456,Personal Loan,0,,,427681.28,0.0,0.0,2026-05-12,0
LOAN0004424,CUST007164,SME Loan,1,120.0,4.0,59087.19,139051.81,38158.3,2023-09-03,1
LOAN0004425,CUST005221,Personal Loan,0,,,633736.11,0.0,0.0,2025-02-09,0
LOAN0004426,CUST006849,Personal Loan,0,,,242087.4,0.0,0.0,2026-02-15,0
LOAN0004427,CUST002696,SME Loan,1,150.0,5.0,45830.6,239549.4,46284.71,2024-04-18,1
LOAN0004428,CUST005999,Personal Loan,0,,,250777.54,0.0,0.0,2026-10-06,0
LOAN0004429,CUST004441,Education Loan,0,,,1051686.49,0.0,0.0,2027-04-23,0
LOAN0004430,CUST005982,Personal Loan,1,150.0,5.0,97061.24,265654.76,39355.84,2024-05-02,1
LOAN0004431,CUST002913,Personal Loan,0,,,607719.68,0.0,0.0,2025-11-13,0
LOAN0004432,CUST007171,Personal Loan,1,90.0,3.0,35391.2,445695.8,112973.57,2023-08-20,1
LOAN0004433,CUST008073,Personal Loan,0,,,249083.28,0.0,0.0,2024-07-20,0
LOAN0004434,CUST002603,Personal Loan,0,,,549811.0,0.0,0.0,2026-01-31,0
LOAN0004435,CUST003009,BNPL,0,,,21293.96,0.0,0.0,2023-02-25,0
LOAN0004436,CUST006620,Personal Loan,0,,,37931.01,0.0,0.0,2024-09-25,0
LOAN0004437,CUST006975,Personal Loan,1,120.0,4.0,36694.77,246213.23,45055.62,2024-03-19,1
LOAN0004438,CUST007060,SME Loan,0,,,138812.25,0.0,0.0,2025-08-31,0
LOAN0004439,CUST006843,Personal Loan,0,,,236939.76,0.0,0.0,2023-09-05,0
LOAN0004440,CUST003932,Personal Loan,1,240.0,8.0,161885.99,324645.01,95049.16,2023-07-21,1
LOAN0004441,CUST003954,Personal Loan,0,,,127135.36,0.0,0.0,2025-05-29,0
LOAN0004442,CUST002551,Personal Loan,0,,,442446.16,0.0,0.0,2024-09-17,0
LOAN0004443,CUST001579,SME Loan,0,,,657584.4,0.0,0.0,2024-07-03,0
LOAN0004444,CUST006946,Personal Loan,0,,,72179.68,0.0,0.0,2024-01-31,0
LOAN0004445,CUST000942,Personal Loan,0,,,233281.98,0.0,0.0,2025-03-13,0
LOAN0004446,CUST009380,Personal Loan,0,,,650778.04,0.0,0.0,2026-05-21,0
LOAN0004447,CUST008279,BNPL,0,,,13931.05,0.0,0.0,2024-04-16,0
LOAN0004448,CUST008587,Education Loan,0,,,872199.53,0.0,0.0,2027-06-25,0
LOAN0004449,CUST009076,BNPL,0,,,25004.2,0.0,0.0,2023-12-06,0
LOAN0004450,CUST004094,SME Loan,0,,,157557.02,0.0,0.0,2025-03-21,0
LOAN0004451,CUST008479,Personal Loan,0,,,331946.72,0.0,0.0,2025-01-06,0
LOAN0004452,CUST001590,Personal Loan,0,,,592787.27,0.0,0.0,2025-07-04,0
LOAN0004453,CUST000225,BNPL,1,120.0,4.0,11860.41,0.0,0.0,2024-03-04,1
LOAN0004454,CUST007860,Personal Loan,0,,,50513.21,0.0,0.0,2025-07-28,0
LOAN0004455,CUST000757,Personal Loan,0,,,407879.93,0.0,0.0,2025-04-30,0
LOAN0004456,CUST009882,BNPL,0,,,6696.48,0.0,0.0,2023-02-27,0
LOAN0004457,CUST006758,BNPL,1,90.0,3.0,8205.3,32286.7,5658.32,2023-12-12,1
LOAN0004458,CUST007547,BNPL,1,210.0,7.0,30680.7,8348.3,2654.74,2023-09-22,1
LOAN0004459,CUST002462,BNPL,0,,,28941.68,0.0,0.0,2023-10-04,0
LOAN0004460,CUST006749,SME Loan,0,,,106698.54,0.0,0.0,2025-12-04,0
LOAN0004461,CUST000438,Personal Loan,0,,,36925.41,0.0,0.0,2026-04-15,0
LOAN0004462,CUST008389,Personal Loan,0,,,141285.91,0.0,0.0,2026-03-11,0
LOAN0004463,CUST001707,Personal Loan,0,,,78785.57,0.0,0.0,2026-07-13,0
LOAN0004464,CUST006993,BNPL,0,,,54681.05,0.0,0.0,2023-12-10,0
LOAN0004465,CUST002254,Education Loan,1,240.0,8.0,222897.08,402892.92,146422.41,2023-11-22,1
LOAN0004466,CUST000693,Personal Loan,0,,,166266.63,0.0,0.0,2024-09-23,0
LOAN0004467,CUST004822,BNPL,0,,,46249.1,0.0,0.0,2024-05-20,0
LOAN0004468,CUST001704,BNPL,1,180.0,6.0,28664.45,27126.55,7320.02,2024-04-18,1
LOAN0004469,CUST007314,Personal Loan,0,,,362790.68,0.0,0.0,2024-01-05,0
LOAN0004470,CUST002380,Personal Loan,0,,,173491.24,0.0,0.0,2026-01-21,0
LOAN0004471,CUST003425,Education Loan,0,,,610384.63,0.0,0.0,2027-01-22,0
LOAN0004472,CUST005684,Personal Loan,0,,,372359.15,0.0,0.0,2025-05-28,0
LOAN0004473,CUST002851,BNPL,1,240.0,8.0,50470.6,0.0,0.0,2024-07-14,1
LOAN0004474,CUST003784,Education Loan,0,,,413632.1,0.0,0.0,2026-05-26,0
LOAN0004475,CUST008169,BNPL,0,,,6842.28,0.0,0.0,2023-12-27,0
LOAN0004476,CUST001802,Personal Loan,0,,,81462.5,0.0,0.0,2026-10-28,0
LOAN0004477,CUST000830,BNPL,0,,,26374.2,0.0,0.0,2023-12-07,0
LOAN0004478,CUST003283,Education Loan,0,,,1023390.06,0.0,0.0,2027-06-16,0
LOAN0004479,CUST004247,Personal Loan,0,,,456552.34,0.0,0.0,2026-07-02,0
LOAN0004480,CUST005431,Personal Loan,0,,,184439.88,0.0,0.0,2024-04-24,0
LOAN0004481,CUST003729,Personal Loan,0,,,141352.74,0.0,0.0,2025-04-13,0
LOAN0004482,CUST007912,Personal Loan,1,90.0,3.0,35030.28,367677.72,37144.42,2023-10-05,1
LOAN0004483,CUST000399,BNPL,1,150.0,5.0,2972.84,668.16,85.07,2024-05-28,1
LOAN0004484,CUST004320,Personal Loan,0,,,554383.72,0.0,0.0,2025-10-25,0
LOAN0004485,CUST003828,BNPL,1,240.0,8.0,10826.84,0.0,0.0,2024-01-28,1
LOAN0004486,CUST006483,SME Loan,0,,,322010.1,0.0,0.0,2026-02-14,0
LOAN0004487,CUST009665,SME Loan,0,,,632351.59,0.0,0.0,2024-11-01,0
LOAN0004488,CUST005111,SME Loan,1,180.0,6.0,39028.25,17879.75,2157.58,2023-09-30,1
LOAN0004489,CUST009865,Personal Loan,0,,,514749.2,0.0,0.0,2024-09-14,0
LOAN0004490,CUST003025,BNPL,0,,,12494.34,0.0,0.0,2024-01-20,0
LOAN0004491,CUST000316,SME Loan,0,,,94995.78,0.0,0.0,2025-06-25,0
LOAN0004492,CUST001665,SME Loan,0,,,283926.8,0.0,0.0,2024-07-25,0
LOAN0004493,CUST003957,SME Loan,0,,,268251.04,0.0,0.0,2024-09-13,0
LOAN0004494,CUST003164,Personal Loan,0,,,478818.62,0.0,0.0,2024-11-29,0
LOAN0004495,CUST000980,Personal Loan,0,,,599751.42,0.0,0.0,2026-03-10,0
LOAN0004496,CUST004329,Personal Loan,0,,,298909.44,0.0,0.0,2024-08-27,0
LOAN0004497,CUST003377,SME Loan,1,120.0,4.0,57929.82,344947.18,73279.12,2023-03-11,1
LOAN0004498,CUST001240,Personal Loan,0,,,427969.35,0.0,0.0,2024-08-05,0
LOAN0004499,CUST002965,Education Loan,0,,,423583.29,0.0,0.0,2026-02-28,0
LOAN0004500,CUST008876,Personal Loan,0,,,391207.32,0.0,0.0,2026-08-12,0
LOAN0004501,CUST003023,Personal Loan,0,,,354484.56,0.0,0.0,2024-12-14,0
LOAN0004502,CUST007158,Personal Loan,0,,,34747.39,0.0,0.0,2025-07-31,0
LOAN0004503,CUST006133,Personal Loan,0,,,258617.84,0.0,0.0,2024-12-16,0
LOAN0004504,CUST004274,BNPL,1,150.0,5.0,25061.48,28996.52,10988.55,2023-10-18,1
LOAN0004505,CUST002393,SME Loan,0,,,344857.3,0.0,0.0,2024-10-21,0
LOAN0004506,CUST003691,Education Loan,0,,,390973.22,0.0,0.0,2025-05-19,0
LOAN0004507,CUST005930,BNPL,0,,,20700.9,0.0,0.0,2024-09-05,0
LOAN0004508,CUST003504,Personal Loan,0,,,452389.68,0.0,0.0,2025-08-17,0
LOAN0004509,CUST002153,SME Loan,0,,,308106.81,0.0,0.0,2024-04-20,0
LOAN0004510,CUST001178,Personal Loan,0,,,158136.0,0.0,0.0,2024-09-15,0
LOAN0004511,CUST008809,Personal Loan,0,,,525972.9,0.0,0.0,2026-04-17,0
LOAN0004512,CUST004404,Personal Loan,0,,,143925.6,0.0,0.0,2024-06-13,0
LOAN0004513,CUST006266,BNPL,1,180.0,6.0,16744.34,0.0,0.0,2024-04-26,1
LOAN0004514,CUST004915,SME Loan,0,,,514494.51,0.0,0.0,2024-10-28,0
LOAN0004515,CUST008737,Personal Loan,1,60.0,2.0,10989.17,184004.83,55352.96,2023-05-07,1
LOAN0004516,CUST005477,Personal Loan,0,,,545336.4,0.0,0.0,2025-07-07,0
LOAN0004517,CUST004814,BNPL,1,150.0,5.0,57093.74,0.0,0.0,2023-08-01,1
LOAN0004518,CUST009248,BNPL,0,,,35728.4,0.0,0.0,2023-06-19,0
LOAN0004519,CUST007210,Personal Loan,0,,,319291.0,0.0,0.0,2023-11-09,0
LOAN0004520,CUST001129,BNPL,0,,,16844.6,0.0,0.0,2024-03-02,0
LOAN0004521,CUST001787,Personal Loan,0,,,379555.47,0.0,0.0,2024-08-08,0
LOAN0004522,CUST007883,BNPL,1,240.0,8.0,2859.2,0.0,0.0,2023-10-22,1
LOAN0004523,CUST008371,SME Loan,0,,,576681.0,0.0,0.0,2026-01-03,0
LOAN0004524,CUST005458,BNPL,0,,,26161.92,0.0,0.0,2024-02-24,0
LOAN0004525,CUST005552,Personal Loan,0,,,388090.9,0.0,0.0,2024-10-24,0
LOAN0004526,CUST006329,Personal Loan,1,60.0,2.0,24196.07,433697.93,163909.66,2023-06-07,1
LOAN0004527,CUST004391,BNPL,0,,,11965.94,0.0,0.0,2024-07-05,0
LOAN0004528,CUST006815,Personal Loan,0,,,240423.12,0.0,0.0,2026-12-20,0
LOAN0004529,CUST001096,SME Loan,0,,,598254.4,0.0,0.0,2026-02-04,0
LOAN0004530,CUST009615,Personal Loan,0,,,65961.0,0.0,0.0,2025-07-13,0
LOAN0004531,CUST007517,Personal Loan,0,,,622650.38,0.0,0.0,2025-10-14,0
LOAN0004532,CUST006322,Personal Loan,0,,,413475.6,0.0,0.0,2024-01-28,0
LOAN0004533,CUST003164,SME Loan,1,210.0,7.0,59009.46,148970.54,43069.44,2024-03-22,1
LOAN0004534,CUST001620,Personal Loan,0,,,588778.75,0.0,0.0,2026-06-03,0
LOAN0004535,CUST004102,BNPL,0,,,12170.38,0.0,0.0,2023-02-04,0
LOAN0004536,CUST006623,BNPL,1,90.0,3.0,6412.96,21745.04,7919.06,2023-01-15,1
LOAN0004537,CUST006346,Personal Loan,0,,,501671.0,0.0,0.0,2024-10-09,0
LOAN0004538,CUST003833,Personal Loan,1,210.0,7.0,64567.92,125284.08,31669.27,2023-09-16,1
LOAN0004539,CUST006146,Personal Loan,0,,,322509.38,0.0,0.0,2024-05-11,0
LOAN0004540,CUST008152,Education Loan,0,,,964189.68,0.0,0.0,2025-12-04,0
LOAN0004541,CUST000272,Personal Loan,0,,,428921.96,0.0,0.0,2025-03-27,0
LOAN0004542,CUST004502,Personal Loan,0,,,374521.59,0.0,0.0,2026-03-05,0
LOAN0004543,CUST007596,SME Loan,0,,,409097.2,0.0,0.0,2025-08-06,0
LOAN0004544,CUST005469,Education Loan,0,,,926235.52,0.0,0.0,2025-08-17,0
LOAN0004545,CUST006523,Personal Loan,0,,,523661.47,0.0,0.0,2025-10-05,0
LOAN0004546,CUST005173,Personal Loan,0,,,384266.75,0.0,0.0,2026-05-18,0
LOAN0004547,CUST009917,Personal Loan,0,,,333606.33,0.0,0.0,2023-11-03,0
LOAN0004548,CUST000553,Personal Loan,1,150.0,5.0,24982.6,76523.4,30238.37,2023-06-13,1
LOAN0004549,CUST004922,Personal Loan,1,120.0,4.0,48125.31,194531.69,52042.46,2024-03-05,1
LOAN0004550,CUST000924,Personal Loan,0,,,351319.68,0.0,0.0,2025-10-25,0
LOAN0004551,CUST001609,Personal Loan,0,,,140421.44,0.0,0.0,2025-10-20,0
LOAN0004552,CUST003836,Personal Loan,0,,,415901.64,0.0,0.0,2025-11-27,0
LOAN0004553,CUST001567,BNPL,0,,,4389.06,0.0,0.0,2023-12-17,0
LOAN0004554,CUST009639,Personal Loan,0,,,91173.5,0.0,0.0,2023-11-11,0
LOAN0004555,CUST009471,BNPL,1,180.0,6.0,22536.96,0.0,0.0,2024-06-10,1
LOAN0004556,CUST003358,BNPL,0,,,22173.13,0.0,0.0,2023-12-22,0
LOAN0004557,CUST006405,Personal Loan,1,60.0,2.0,22287.33,306222.67,73301.58,2024-01-18,1
LOAN0004558,CUST005346,Personal Loan,0,,,340538.8,0.0,0.0,2026-01-02,0
LOAN0004559,CUST008168,Personal Loan,1,210.0,7.0,121875.72,129653.28,40031.66,2023-09-21,1
LOAN0004560,CUST006288,BNPL,0,,,54137.72,0.0,0.0,2023-09-14,0
LOAN0004561,CUST000003,Personal Loan,0,,,510844.39,0.0,0.0,2024-03-11,0
LOAN0004562,CUST007643,Personal Loan,0,,,238606.9,0.0,0.0,2025-03-23,0
LOAN0004563,CUST007483,Personal Loan,0,,,293474.87,0.0,0.0,2025-01-01,0
LOAN0004564,CUST005103,Personal Loan,0,,,296037.0,0.0,0.0,2025-05-15,0
LOAN0004565,CUST009038,Education Loan,0,,,727716.3,0.0,0.0,2025-11-08,0
LOAN0004566,CUST009093,Personal Loan,0,,,62254.05,0.0,0.0,2025-03-28,0
LOAN0004567,CUST005243,BNPL,0,,,48561.2,0.0,0.0,2024-05-05,0
LOAN0004568,CUST006091,Personal Loan,0,,,195409.44,0.0,0.0,2024-05-29,0
LOAN0004569,CUST009964,BNPL,0,,,33300.4,0.0,0.0,2024-10-04,0
LOAN0004570,CUST002990,Education Loan,0,,,1038203.88,0.0,0.0,2024-09-30,0
LOAN0004571,CUST003247,Personal Loan,1,120.0,4.0,23847.45,162457.55,55939.32,2023-02-04,1
LOAN0004572,CUST001836,SME Loan,0,,,499314.0,0.0,0.0,2024-12-28,0
LOAN0004573,CUST008968,Personal Loan,0,,,381941.28,0.0,0.0,2024-06-29,0
LOAN0004574,CUST007461,Personal Loan,0,,,331906.05,0.0,0.0,2024-05-07,0
LOAN0004575,CUST001066,Personal Loan,0,,,232293.9,0.0,0.0,2025-04-27,0
LOAN0004576,CUST009817,Personal Loan,0,,,324010.56,0.0,0.0,2023-12-23,0
LOAN0004577,CUST007329,SME Loan,0,,,657962.59,0.0,0.0,2025-05-25,0
LOAN0004578,CUST008521,Personal Loan,1,90.0,3.0,5032.0,44468.0,7184.15,2023-11-19,1
LOAN0004579,CUST000487,BNPL,0,,,2313.57,0.0,0.0,2023-08-14,0
LOAN0004580,CUST005055,Personal Loan,0,,,414474.27,0.0,0.0,2025-03-01,0
LOAN0004581,CUST007006,Personal Loan,0,,,396052.48,0.0,0.0,2025-02-21,0
LOAN0004582,CUST005434,Personal Loan,0,,,344191.76,0.0,0.0,2024-10-14,0
LOAN0004583,CUST006676,Education Loan,1,240.0,8.0,198990.19,464414.81,93702.08,2024-02-07,1
LOAN0004584,CUST008194,Personal Loan,0,,,211531.2,0.0,0.0,2025-03-29,0
LOAN0004585,CUST003747,Personal Loan,0,,,212679.12,0.0,0.0,2024-10-17,0
LOAN0004586,CUST008501,BNPL,0,,,12076.1,0.0,0.0,2024-03-13,0
LOAN0004587,CUST001638,Personal Loan,0,,,408923.64,0.0,0.0,2026-11-25,0
LOAN0004588,CUST002711,BNPL,0,,,52921.76,0.0,0.0,2024-05-14,0
LOAN0004589,CUST000439,SME Loan,0,,,184725.24,0.0,0.0,2025-05-07,0
LOAN0004590,CUST003645,Personal Loan,0,,,231524.8,0.0,0.0,2025-09-14,0
LOAN0004591,CUST003805,Personal Loan,0,,,568495.4,0.0,0.0,2025-05-31,0
LOAN0004592,CUST008069,Personal Loan,0,,,351932.76,0.0,0.0,2026-11-12,0
LOAN0004593,CUST006542,Education Loan,0,,,348023.5,0.0,0.0,2025-12-23,0
LOAN0004594,CUST004367,Personal Loan,0,,,357224.2,0.0,0.0,2025-08-12,0
LOAN0004595,CUST006531,Personal Loan,0,,,316158.57,0.0,0.0,2025-02-28,0
LOAN0004596,CUST000536,SME Loan,0,,,437345.44,0.0,0.0,2026-03-22,0
LOAN0004597,CUST001812,SME Loan,1,210.0,7.0,115260.6,24627.4,9785.25,2024-07-07,1
LOAN0004598,CUST006283,Personal Loan,1,240.0,8.0,331030.42,65742.58,21497.12,2023-07-19,1
LOAN0004599,CUST006422,Personal Loan,1,240.0,8.0,33502.0,9739.0,1245.81,2024-07-08,1
LOAN0004600,CUST007750,Personal Loan,0,,,509011.56,0.0,0.0,2026-08-23,0
LOAN0004601,CUST004038,SME Loan,0,,,512203.25,0.0,0.0,2025-10-23,0
LOAN0004602,CUST007240,BNPL,0,,,20347.05,0.0,0.0,2024-01-01,0
LOAN0004603,CUST006857,Personal Loan,0,,,612254.61,0.0,0.0,2026-03-28,0
LOAN0004604,CUST009635,BNPL,1,120.0,4.0,27352.86,8288.14,2803.53,2022-12-13,1
LOAN0004605,CUST002157,BNPL,1,240.0,8.0,19075.25,0.0,0.0,2024-05-22,1
LOAN0004606,CUST005523,Personal Loan,0,,,573225.84,0.0,0.0,2026-12-17,0
LOAN0004607,CUST006031,SME Loan,0,,,245886.4,0.0,0.0,2026-06-05,0
LOAN0004608,CUST009985,Education Loan,0,,,169501.25,0.0,0.0,2025-12-29,0
LOAN0004609,CUST002016,BNPL,0,,,8344.71,0.0,0.0,2024-05-28,0
LOAN0004610,CUST005237,Personal Loan,0,,,610859.68,0.0,0.0,2023-08-28,0
LOAN0004611,CUST003459,Personal Loan,0,,,38627.94,0.0,0.0,2025-12-06,0
LOAN0004612,CUST005262,Education Loan,0,,,1036744.83,0.0,0.0,2025-02-18,0
LOAN0004613,CUST002329,SME Loan,0,,,732724.8,0.0,0.0,2026-04-27,0
LOAN0004614,CUST000482,BNPL,0,,,34283.96,0.0,0.0,2022-11-04,0
LOAN0004615,CUST005737,Personal Loan,0,,,39288.83,0.0,0.0,2025-04-15,0
LOAN0004616,CUST003355,BNPL,0,,,43614.6,0.0,0.0,2023-02-16,0
LOAN0004617,CUST001829,BNPL,0,,,51308.95,0.0,0.0,2023-08-06,0
LOAN0004618,CUST003242,BNPL,0,,,41986.56,0.0,0.0,2023-11-27,0
LOAN0004619,CUST000499,SME Loan,0,,,186906.0,0.0,0.0,2025-12-07,0
LOAN0004620,CUST009508,SME Loan,0,,,675530.18,0.0,0.0,2026-02-08,0
LOAN0004621,CUST005827,Personal Loan,0,,,22013.58,0.0,0.0,2023-12-14,0
LOAN0004622,CUST008161,SME Loan,1,150.0,5.0,92508.88,430795.12,138756.82,2024-04-09,1
LOAN0004623,CUST004236,BNPL,0,,,18416.7,0.0,0.0,2023-09-29,0
LOAN0004624,CUST009042,BNPL,0,,,58416.82,0.0,0.0,2023-05-01,0
LOAN0004625,CUST004838,BNPL,0,,,50085.9,0.0,0.0,2024-07-27,0
LOAN0004626,CUST005751,BNPL,0,,,47028.9,0.0,0.0,2024-06-03,0
LOAN0004627,CUST004929,Personal Loan,0,,,269627.52,0.0,0.0,2025-03-06,0
LOAN0004628,CUST007351,BNPL,0,,,50808.0,0.0,0.0,2024-05-18,0
LOAN0004629,CUST005675,SME Loan,0,,,731808.94,0.0,0.0,2025-02-03,0
LOAN0004630,CUST002717,Personal Loan,0,,,557423.3,0.0,0.0,2026-09-20,0
LOAN0004631,CUST001470,Personal Loan,0,,,338629.41,0.0,0.0,2023-10-17,0
LOAN0004632,CUST006074,Personal Loan,0,,,344702.49,0.0,0.0,2026-08-28,0
LOAN0004633,CUST004902,BNPL,0,,,57837.43,0.0,0.0,2024-06-14,0
LOAN0004634,CUST000969,Personal Loan,0,,,363227.04,0.0,0.0,2024-08-22,0
LOAN0004635,CUST003962,Personal Loan,0,,,273000.8,0.0,0.0,2025-08-24,0
LOAN0004636,CUST005154,Personal Loan,0,,,493874.25,0.0,0.0,2025-02-23,0
LOAN0004637,CUST008281,Personal Loan,0,,,21659.13,0.0,0.0,2025-06-20,0
LOAN0004638,CUST000770,BNPL,0,,,25212.36,0.0,0.0,2023-06-01,0
LOAN0004639,CUST003480,Personal Loan,0,,,115979.42,0.0,0.0,2024-06-03,0
LOAN0004640,CUST008241,BNPL,1,210.0,7.0,42971.7,7160.3,1322.48,2023-11-29,1
LOAN0004641,CUST006491,SME Loan,0,,,689588.38,0.0,0.0,2025-09-03,0
LOAN0004642,CUST002903,BNPL,0,,,26004.33,0.0,0.0,2023-09-23,0
LOAN0004643,CUST008464,Education Loan,1,120.0,4.0,36938.82,456088.18,133551.68,2023-11-14,1
LOAN0004644,CUST004944,BNPL,0,,,16305.3,0.0,0.0,2023-02-17,0
LOAN0004645,CUST004990,SME Loan,0,,,600376.95,0.0,0.0,2024-01-10,0
LOAN0004646,CUST009768,Personal Loan,0,,,483062.4,0.0,0.0,2024-07-30,0
LOAN0004647,CUST009473,Education Loan,0,,,458996.79,0.0,0.0,2025-05-08,0
LOAN0004648,CUST003586,Personal Loan,0,,,571058.32,0.0,0.0,2025-10-18,0
LOAN0004649,CUST001421,SME Loan,0,,,265203.99,0.0,0.0,2024-03-26,0
LOAN0004650,CUST003257,Personal Loan,0,,,350794.8,0.0,0.0,2024-02-23,0
LOAN0004651,CUST000311,BNPL,0,,,46648.0,0.0,0.0,2023-10-16,0
LOAN0004652,CUST000217,Personal Loan,1,90.0,3.0,3375.86,38578.14,7826.4,2024-03-21,1
LOAN0004653,CUST003961,Personal Loan,0,,,587989.05,0.0,0.0,2024-09-21,0
LOAN0004654,CUST009412,Personal Loan,0,,,104181.36,0.0,0.0,2025-12-27,0
LOAN0004655,CUST008725,Education Loan,0,,,1016026.36,0.0,0.0,2027-03-31,0
LOAN0004656,CUST005120,Personal Loan,0,,,323659.4,0.0,0.0,2023-12-05,0
LOAN0004657,CUST005661,BNPL,0,,,25663.44,0.0,0.0,2024-08-31,0
LOAN0004658,CUST000063,Education Loan,0,,,614799.45,0.0,0.0,2027-03-21,0
LOAN0004659,CUST002160,Personal Loan,0,,,68323.15,0.0,0.0,2026-08-07,0
LOAN0004660,CUST000258,Personal Loan,0,,,630826.35,0.0,0.0,2025-01-27,0
LOAN0004661,CUST007557,Personal Loan,0,,,326821.53,0.0,0.0,2026-03-06,0
LOAN0004662,CUST001471,BNPL,0,,,54884.97,0.0,0.0,2024-07-04,0
LOAN0004663,CUST008703,Personal Loan,0,,,404555.0,0.0,0.0,2025-03-03,0
LOAN0004664,CUST006440,BNPL,1,60.0,2.0,6456.68,48705.32,5130.84,2023-05-14,1
LOAN0004665,CUST002301,Education Loan,1,150.0,5.0,95792.16,832318.84,108238.47,2024-02-04,1
LOAN0004666,CUST001587,Personal Loan,0,,,376349.64,0.0,0.0,2024-06-18,0
LOAN0004667,CUST006290,BNPL,1,150.0,5.0,4349.0,2011.0,433.38,2023-08-22,1
LOAN0004668,CUST009017,SME Loan,0,,,268627.2,0.0,0.0,2024-08-15,0
LOAN0004669,CUST007197,Personal Loan,0,,,598842.75,0.0,0.0,2025-10-06,0
LOAN0004670,CUST003480,Personal Loan,0,,,270274.97,0.0,0.0,2023-08-19,0
LOAN0004671,CUST005886,Personal Loan,0,,,34997.4,0.0,0.0,2023-09-18,0
LOAN0004672,CUST003110,Personal Loan,0,,,339052.16,0.0,0.0,2024-10-16,0
LOAN0004673,CUST009991,BNPL,0,,,56501.55,0.0,0.0,2023-06-23,0
LOAN0004674,CUST007502,Personal Loan,0,,,272351.52,0.0,0.0,2024-06-19,0
LOAN0004675,CUST006157,SME Loan,0,,,477656.96,0.0,0.0,2024-05-07,0
LOAN0004676,CUST004238,Personal Loan,0,,,517973.1,0.0,0.0,2025-06-01,0
LOAN0004677,CUST006197,Personal Loan,0,,,465698.68,0.0,0.0,2025-07-02,0
LOAN0004678,CUST003416,Personal Loan,0,,,14125.3,0.0,0.0,2026-11-30,0
LOAN0004679,CUST000297,BNPL,0,,,12059.55,0.0,0.0,2024-04-25,0
LOAN0004680,CUST003957,SME Loan,0,,,246636.88,0.0,0.0,2026-02-04,0
LOAN0004681,CUST009308,Personal Loan,0,,,137687.42,0.0,0.0,2025-01-01,0
LOAN0004682,CUST006277,Personal Loan,0,,,15535.78,0.0,0.0,2026-02-11,0
LOAN0004683,CUST000848,Personal Loan,0,,,46013.1,0.0,0.0,2024-11-28,0
LOAN0004684,CUST008862,Education Loan,0,,,873467.6,0.0,0.0,2025-06-11,0
LOAN0004685,CUST002690,BNPL,1,210.0,7.0,42878.48,0.0,0.0,2023-09-05,1
LOAN0004686,CUST002442,BNPL,0,,,59205.96,0.0,0.0,2024-04-26,0
LOAN0004687,CUST002973,BNPL,0,,,7498.14,0.0,0.0,2024-06-06,0
LOAN0004688,CUST005783,SME Loan,0,,,580331.1,0.0,0.0,2024-09-11,0
LOAN0004689,CUST005454,SME Loan,0,,,483349.02,0.0,0.0,2025-10-06,0
LOAN0004690,CUST004925,BNPL,0,,,49738.72,0.0,0.0,2024-01-25,0
LOAN0004691,CUST007190,Personal Loan,0,,,183358.08,0.0,0.0,2025-03-27,0
LOAN0004692,CUST003166,BNPL,0,,,60129.76,0.0,0.0,2023-06-17,0
LOAN0004693,CUST007833,Personal Loan,0,,,141566.61,0.0,0.0,2024-06-01,0
LOAN0004694,CUST001764,Personal Loan,0,,,292734.0,0.0,0.0,2025-12-14,0
LOAN0004695,CUST007838,Personal Loan,0,,,374631.24,0.0,0.0,2023-11-06,0
LOAN0004696,CUST006643,BNPL,1,240.0,8.0,49294.1,0.0,0.0,2024-08-03,1
LOAN0004697,CUST006849,Personal Loan,0,,,243450.1,0.0,0.0,2024-10-12,0
LOAN0004698,CUST004823,BNPL,1,210.0,7.0,30584.22,3916.78,1270.07,2024-07-15,1
LOAN0004699,CUST006679,BNPL,0,,,56849.76,0.0,0.0,2024-04-24,0
LOAN0004700,CUST000805,Personal Loan,0,,,602280.14,0.0,0.0,2025-10-14,0
LOAN0004701,CUST008529,SME Loan,0,,,553134.12,0.0,0.0,2025-08-28,0
LOAN0004702,CUST000561,Personal Loan,0,,,380974.13,0.0,0.0,2024-08-12,0
LOAN0004703,CUST001499,Personal Loan,0,,,297454.15,0.0,0.0,2026-03-20,0
LOAN0004704,CUST005779,Education Loan,0,,,892054.1,0.0,0.0,2024-10-24,0
LOAN0004705,CUST007411,BNPL,1,120.0,4.0,16930.95,36343.05,13923.13,2023-10-11,1
LOAN0004706,CUST000772,Education Loan,0,,,944552.85,0.0,0.0,2025-03-29,0
LOAN0004707,CUST009211,SME Loan,0,,,120547.17,0.0,0.0,2025-10-21,0
LOAN0004708,CUST009736,SME Loan,0,,,596162.2,0.0,0.0,2024-08-11,0
LOAN0004709,CUST006071,SME Loan,0,,,665307.52,0.0,0.0,2026-06-30,0
LOAN0004710,CUST004819,Education Loan,0,,,666418.88,0.0,0.0,2025-03-25,0
LOAN0004711,CUST007429,Personal Loan,0,,,87851.72,0.0,0.0,2025-05-01,0
LOAN0004712,CUST003283,Education Loan,0,,,683541.56,0.0,0.0,2024-01-10,0
LOAN0004713,CUST004943,Education Loan,0,,,251493.88,0.0,0.0,2027-02-20,0
LOAN0004714,CUST009163,Personal Loan,0,,,305895.7,0.0,0.0,2024-01-16,0
LOAN0004715,CUST009559,Personal Loan,0,,,215488.62,0.0,0.0,2025-03-03,0
LOAN0004716,CUST009274,Personal Loan,0,,,40459.36,0.0,0.0,2025-04-17,0
LOAN0004717,CUST002629,Personal Loan,0,,,65664.16,0.0,0.0,2025-02-28,0
LOAN0004718,CUST002333,Personal Loan,0,,,454017.48,0.0,0.0,2026-02-20,0
LOAN0004719,CUST002979,BNPL,1,60.0,2.0,8349.87,16601.13,5750.28,2023-09-08,1
LOAN0004720,CUST004414,Personal Loan,1,240.0,8.0,41991.74,124708.26,24501.97,2024-02-25,1
LOAN0004721,CUST003144,Personal Loan,0,,,614293.75,0.0,0.0,2025-09-19,0
LOAN0004722,CUST003746,Personal Loan,0,,,263305.9,0.0,0.0,2023-12-08,0
LOAN0004723,CUST006222,Personal Loan,0,,,101789.75,0.0,0.0,2024-12-04,0
LOAN0004724,CUST007636,BNPL,0,,,32134.74,0.0,0.0,2022-03-09,0
LOAN0004725,CUST007372,Personal Loan,0,,,222451.84,0.0,0.0,2025-12-06,0
LOAN0004726,CUST008158,Personal Loan,0,,,386329.0,0.0,0.0,2024-02-18,0
LOAN0004727,CUST000328,Personal Loan,0,,,289252.46,0.0,0.0,2025-01-16,0
LOAN0004728,CUST000483,BNPL,0,,,18371.04,0.0,0.0,2022-11-06,0
LOAN0004729,CUST007908,SME Loan,0,,,592415.68,0.0,0.0,2025-12-08,0
LOAN0004730,CUST005338,BNPL,1,120.0,4.0,13937.4,17521.6,3034.45,2024-03-31,1
LOAN0004731,CUST005794,SME Loan,0,,,517203.3,0.0,0.0,2026-02-15,0
LOAN0004732,CUST000534,Personal Loan,0,,,429360.21,0.0,0.0,2025-08-27,0
LOAN0004733,CUST002557,BNPL,0,,,49831.4,0.0,0.0,2024-04-29,0
LOAN0004734,CUST006391,Personal Loan,0,,,70603.75,0.0,0.0,2024-05-09,0
LOAN0004735,CUST008602,Personal Loan,0,,,644643.76,0.0,0.0,2026-06-25,0
LOAN0004736,CUST009174,Personal Loan,0,,,472608.48,0.0,0.0,2025-01-24,0
LOAN0004737,CUST005012,SME Loan,1,90.0,3.0,89493.18,427577.82,109841.59,2023-12-28,1
LOAN0004738,CUST005462,BNPL,0,,,38525.05,0.0,0.0,2024-04-15,0
LOAN0004739,CUST008342,Personal Loan,1,90.0,3.0,36683.74,420880.26,162105.46,2023-07-31,1
LOAN0004740,CUST005382,Personal Loan,0,,,250127.01,0.0,0.0,2025-06-03,0
LOAN0004741,CUST005175,BNPL,1,120.0,4.0,36116.31,11513.69,1213.61,2023-02-26,1
LOAN0004742,CUST009062,Education Loan,0,,,742068.9,0.0,0.0,2027-10-21,0
LOAN0004743,CUST007912,Personal Loan,0,,,12927.62,0.0,0.0,2025-06-13,0
LOAN0004744,CUST009099,SME Loan,0,,,156777.19,0.0,0.0,2025-05-22,0
LOAN0004745,CUST002188,Personal Loan,0,,,539752.35,0.0,0.0,2024-10-22,0
LOAN0004746,CUST005247,Personal Loan,0,,,38537.45,0.0,0.0,2026-07-06,0
LOAN0004747,CUST008436,Personal Loan,0,,,420062.88,0.0,0.0,2024-08-24,0
LOAN0004748,CUST001126,Personal Loan,0,,,419462.88,0.0,0.0,2024-03-12,0
LOAN0004749,CUST007960,Personal Loan,0,,,518222.61,0.0,0.0,2024-11-27,0
LOAN0004750,CUST001839,SME Loan,0,,,521470.82,0.0,0.0,2025-01-31,0
LOAN0004751,CUST008095,BNPL,0,,,37559.85,0.0,0.0,2024-05-04,0
LOAN0004752,CUST006133,Personal Loan,1,180.0,6.0,7754.7,21762.3,3972.6,2023-03-19,1
LOAN0004753,CUST001937,Personal Loan,0,,,186400.64,0.0,0.0,2024-09-29,0
LOAN0004754,CUST004731,BNPL,0,,,9447.8,0.0,0.0,2024-04-12,0
LOAN0004755,CUST006834,SME Loan,0,,,166815.18,0.0,0.0,2024-12-08,0
LOAN0004756,CUST006348,SME Loan,0,,,228110.4,0.0,0.0,2025-08-12,0
LOAN0004757,CUST004275,Personal Loan,0,,,433773.3,0.0,0.0,2026-05-18,0
LOAN0004758,CUST009003,Personal Loan,0,,,313714.62,0.0,0.0,2024-02-28,0
LOAN0004759,CUST005199,Personal Loan,0,,,334346.61,0.0,0.0,2025-06-07,0
LOAN0004760,CUST005064,Personal Loan,0,,,128037.2,0.0,0.0,2026-06-23,0
LOAN0004761,CUST000630,BNPL,0,,,46195.74,0.0,0.0,2024-07-15,0
LOAN0004762,CUST009226,SME Loan,0,,,261660.33,0.0,0.0,2026-04-30,0
LOAN0004763,CUST001782,SME Loan,0,,,702304.41,0.0,0.0,2025-02-12,0
LOAN0004764,CUST005289,Personal Loan,0,,,556453.16,0.0,0.0,2024-10-16,0
LOAN0004765,CUST008050,Personal Loan,0,,,191267.7,0.0,0.0,2024-10-25,0
LOAN0004766,CUST002160,BNPL,0,,,3489.66,0.0,0.0,2024-01-25,0
LOAN0004767,CUST005278,Personal Loan,0,,,126228.18,0.0,0.0,2024-10-29,0
LOAN0004768,CUST002410,BNPL,1,210.0,7.0,42314.48,0.0,0.0,2024-07-06,1
LOAN0004769,CUST007608,BNPL,0,,,31384.92,0.0,0.0,2024-03-02,0
LOAN0004770,CUST005652,BNPL,0,,,7872.39,0.0,0.0,2023-09-06,0
LOAN0004771,CUST008571,Personal Loan,0,,,79359.95,0.0,0.0,2025-12-02,0
LOAN0004772,CUST008957,BNPL,0,,,28428.98,0.0,0.0,2023-01-30,0
LOAN0004773,CUST006493,SME Loan,0,,,200024.56,0.0,0.0,2024-05-10,0
LOAN0004774,CUST007271,Personal Loan,0,,,131853.7,0.0,0.0,2025-10-15,0
LOAN0004775,CUST005499,Personal Loan,0,,,568793.34,0.0,0.0,2025-05-11,0
LOAN0004776,CUST003850,Personal Loan,0,,,442446.41,0.0,0.0,2023-12-27,0
LOAN0004777,CUST006488,BNPL,1,210.0,7.0,21048.36,5621.64,1911.12,2023-11-04,1
LOAN0004778,CUST009091,BNPL,0,,,35073.8,0.0,0.0,2023-04-06,0
LOAN0004779,CUST004174,Personal Loan,0,,,68679.63,0.0,0.0,2026-01-21,0
LOAN0004780,CUST003146,Personal Loan,1,60.0,2.0,18649.57,230385.43,90605.84,2023-03-05,1
LOAN0004781,CUST003889,Personal Loan,0,,,509591.4,0.0,0.0,2024-07-11,0
LOAN0004782,CUST004355,Personal Loan,0,,,216300.37,0.0,0.0,2025-01-08,0
LOAN0004783,CUST000744,Personal Loan,0,,,377232.08,0.0,0.0,2024-08-31,0
LOAN0004784,CUST004992,Personal Loan,0,,,67611.5,0.0,0.0,2026-01-28,0
LOAN0004785,CUST004953,BNPL,0,,,50331.95,0.0,0.0,2023-12-12,0
LOAN0004786,CUST005895,SME Loan,0,,,487860.34,0.0,0.0,2025-08-26,0
LOAN0004787,CUST003630,Personal Loan,0,,,410884.6,0.0,0.0,2023-11-04,0
LOAN0004788,CUST006145,SME Loan,1,240.0,8.0,22080.8,46802.2,6475.28,2024-08-07,1
LOAN0004789,CUST008795,BNPL,0,,,48195.09,0.0,0.0,2023-10-10,0
LOAN0004790,CUST009558,BNPL,0,,,19359.44,0.0,0.0,2024-04-08,0
LOAN0004791,CUST005850,Personal Loan,0,,,572903.36,0.0,0.0,2025-12-16,0
LOAN0004792,CUST000432,BNPL,0,,,9360.48,0.0,0.0,2023-07-16,0
LOAN0004793,CUST009693,Personal Loan,0,,,332481.72,0.0,0.0,2024-11-17,0
LOAN0004794,CUST007077,Personal Loan,0,,,49874.4,0.0,0.0,2025-08-20,0
LOAN0004795,CUST003357,Personal Loan,0,,,364801.5,0.0,0.0,2025-03-08,0
LOAN0004796,CUST001485,SME Loan,0,,,333075.76,0.0,0.0,2023-11-27,0
LOAN0004797,CUST001450,BNPL,0,,,38209.0,0.0,0.0,2023-10-10,0
LOAN0004798,CUST001689,Personal Loan,1,120.0,4.0,21735.03,109131.97,34446.79,2023-06-11,1
LOAN0004799,CUST000462,BNPL,0,,,51683.49,0.0,0.0,2024-07-26,0
LOAN0004800,CUST009030,BNPL,0,,,46418.97,0.0,0.0,2024-03-19,0
LOAN0004801,CUST005413,Personal Loan,0,,,31203.12,0.0,0.0,2025-07-05,0
LOAN0004802,CUST007021,Personal Loan,0,,,395337.36,0.0,0.0,2024-08-03,0
LOAN0004803,CUST008295,Personal Loan,1,180.0,6.0,32121.4,91559.6,32690.27,2024-03-08,1
LOAN0004804,CUST007929,Personal Loan,0,,,293185.6,0.0,0.0,2026-07-24,0
LOAN0004805,CUST008838,Personal Loan,1,180.0,6.0,285365.05,171385.95,51022.56,2023-11-05,1
LOAN0004806,CUST009673,BNPL,0,,,12473.7,0.0,0.0,2023-11-01,0
LOAN0004807,CUST004391,SME Loan,0,,,596127.68,0.0,0.0,2026-08-28,0
LOAN0004808,CUST009507,BNPL,0,,,19398.78,0.0,0.0,2024-06-10,0
LOAN0004809,CUST007248,Education Loan,0,,,824173.26,0.0,0.0,2027-06-23,0
LOAN0004810,CUST000715,BNPL,1,150.0,5.0,5968.8,0.0,0.0,2024-05-12,1
LOAN0004811,CUST006833,Personal Loan,0,,,84908.5,0.0,0.0,2025-11-20,0
LOAN0004812,CUST006886,SME Loan,1,60.0,2.0,9833.52,173882.48,42088.24,2023-09-12,1
LOAN0004813,CUST009068,Personal Loan,0,,,48621.98,0.0,0.0,2025-05-20,0
LOAN0004814,CUST003734,Personal Loan,0,,,373078.91,0.0,0.0,2026-04-10,0
LOAN0004815,CUST005863,Personal Loan,0,,,444634.08,0.0,0.0,2025-04-14,0
LOAN0004816,CUST000128,Education Loan,0,,,253455.03,0.0,0.0,2026-08-16,0
LOAN0004817,CUST003320,Personal Loan,0,,,371950.48,0.0,0.0,2024-07-28,0
LOAN0004818,CUST000630,Personal Loan,0,,,58194.72,0.0,0.0,2025-04-16,0
LOAN0004819,CUST005225,Personal Loan,0,,,471201.72,0.0,0.0,2024-08-18,0
LOAN0004820,CUST008190,BNPL,1,210.0,7.0,13392.6,6406.4,2229.2,2024-07-07,1
LOAN0004821,CUST002069,BNPL,0,,,23844.74,0.0,0.0,2023-11-19,0
LOAN0004822,CUST005279,SME Loan,0,,,279470.62,0.0,0.0,2025-08-24,0
LOAN0004823,CUST002046,SME Loan,0,,,286170.3,0.0,0.0,2026-03-16,0
LOAN0004824,CUST001220,Personal Loan,0,,,48462.16,0.0,0.0,2025-05-02,0
LOAN0004825,CUST005117,Personal Loan,1,150.0,5.0,98118.48,243628.52,33816.58,2024-02-08,1
LOAN0004826,CUST000799,Personal Loan,0,,,221117.96,0.0,0.0,2024-07-15,0
LOAN0004827,CUST005886,Personal Loan,0,,,116161.08,0.0,0.0,2022-11-16,0
LOAN0004828,CUST000321,Personal Loan,0,,,334314.86,0.0,0.0,2026-08-13,0
LOAN0004829,CUST001078,SME Loan,0,,,624942.36,0.0,0.0,2025-08-26,0
LOAN0004830,CUST005506,BNPL,0,,,49333.6,0.0,0.0,2023-11-23,0
LOAN0004831,CUST005924,Personal Loan,0,,,323369.65,0.0,0.0,2024-09-16,0
LOAN0004832,CUST000298,Personal Loan,0,,,238105.0,0.0,0.0,2025-09-08,0
LOAN0004833,CUST005745,BNPL,0,,,47840.56,0.0,0.0,2023-03-23,0
LOAN0004834,CUST008395,Personal Loan,0,,,219404.16,0.0,0.0,2024-02-18,0
LOAN0004835,CUST007238,Education Loan,0,,,921743.2,0.0,0.0,2026-12-07,0
LOAN0004836,CUST001326,Personal Loan,0,,,311445.9,0.0,0.0,2025-10-21,0
LOAN0004837,CUST005935,BNPL,1,120.0,4.0,28035.57,9229.43,1294.28,2023-02-06,1
LOAN0004838,CUST006731,BNPL,0,,,58357.32,0.0,0.0,2024-06-17,0
LOAN0004839,CUST000377,Education Loan,0,,,709034.4,0.0,0.0,2027-07-31,0
LOAN0004840,CUST008565,BNPL,1,150.0,5.0,22383.96,0.0,0.0,2023-03-22,1
LOAN0004841,CUST009073,BNPL,0,,,37265.4,0.0,0.0,2024-05-23,0
LOAN0004842,CUST008520,Education Loan,0,,,713576.64,0.0,0.0,2026-06-07,0
LOAN0004843,CUST008260,SME Loan,0,,,329851.73,0.0,0.0,2024-01-06,0
LOAN0004844,CUST007465,Personal Loan,0,,,594074.72,0.0,0.0,2025-04-23,0
LOAN0004845,CUST006343,SME Loan,0,,,379328.8,0.0,0.0,2025-08-23,0
LOAN0004846,CUST006801,Personal Loan,0,,,106918.42,0.0,0.0,2025-02-25,0
LOAN0004847,CUST008078,Personal Loan,0,,,257120.05,0.0,0.0,2024-02-12,0
LOAN0004848,CUST006632,BNPL,1,240.0,8.0,38843.0,0.0,0.0,2023-08-03,1
LOAN0004849,CUST003277,Education Loan,1,240.0,8.0,125339.27,116943.73,18112.22,2024-05-07,1
LOAN0004850,CUST003764,Personal Loan,1,60.0,2.0,24497.49,442364.51,70072.63,2023-12-10,1
LOAN0004851,CUST008980,Personal Loan,0,,,600949.67,0.0,0.0,2025-01-01,0
LOAN0004852,CUST000178,Personal Loan,0,,,470403.64,0.0,0.0,2026-04-16,0
LOAN0004853,CUST007007,BNPL,1,120.0,4.0,16532.25,21996.75,8180.98,2023-07-21,1
LOAN0004854,CUST009551,Personal Loan,0,,,214740.48,0.0,0.0,2024-04-18,0
LOAN0004855,CUST007079,BNPL,0,,,60020.67,0.0,0.0,2023-02-18,0
LOAN0004856,CUST009939,Education Loan,0,,,765385.04,0.0,0.0,2024-11-16,0
LOAN0004857,CUST006894,BNPL,0,,,56000.55,0.0,0.0,2024-01-19,0
LOAN0004858,CUST000349,Personal Loan,0,,,71258.44,0.0,0.0,2025-09-06,0
LOAN0004859,CUST008283,Education Loan,0,,,960881.16,0.0,0.0,2027-02-23,0
LOAN0004860,CUST002849,Personal Loan,0,,,490171.05,0.0,0.0,2026-03-19,0
LOAN0004861,CUST004462,BNPL,1,210.0,7.0,30420.52,0.0,0.0,2024-07-01,1
LOAN0004862,CUST003124,Personal Loan,1,60.0,2.0,3794.53,38267.47,12664.38,2024-01-26,1
LOAN0004863,CUST002688,Personal Loan,0,,,272716.75,0.0,0.0,2025-07-09,0
LOAN0004864,CUST004317,Personal Loan,0,,,73052.0,0.0,0.0,2026-03-27,0
LOAN0004865,CUST003793,Personal Loan,1,90.0,3.0,99409.34,361883.66,143418.04,2024-01-11,1
LOAN0004866,CUST006342,Personal Loan,0,,,667319.4,0.0,0.0,2025-05-17,0
LOAN0004867,CUST008144,BNPL,1,240.0,8.0,29697.92,6712.08,710.72,2024-07-25,1
LOAN0004868,CUST002973,Personal Loan,0,,,365561.28,0.0,0.0,2025-12-31,0
LOAN0004869,CUST002142,Personal Loan,0,,,138893.52,0.0,0.0,2024-12-19,0
LOAN0004870,CUST006678,Personal Loan,1,150.0,5.0,98237.08,305748.92,51619.63,2023-07-24,1
LOAN0004871,CUST006709,Personal Loan,0,,,155985.21,0.0,0.0,2026-01-30,0
LOAN0004872,CUST009021,Personal Loan,0,,,487979.19,0.0,0.0,2024-08-16,0
LOAN0004873,CUST000167,BNPL,0,,,13699.7,0.0,0.0,2023-11-30,0
LOAN0004874,CUST008544,Personal Loan,0,,,72351.86,0.0,0.0,2024-10-05,0
LOAN0004875,CUST005217,Personal Loan,0,,,403310.8,0.0,0.0,2024-08-23,0
LOAN0004876,CUST006228,SME Loan,0,,,630044.2,0.0,0.0,2024-06-25,0
LOAN0004877,CUST000923,BNPL,1,180.0,6.0,26952.0,26148.0,9638.01,2024-06-21,1
LOAN0004878,CUST004329,Personal Loan,0,,,365835.03,0.0,0.0,2026-05-02,0
LOAN0004879,CUST002278,BNPL,0,,,48128.7,0.0,0.0,2024-02-08,0
LOAN0004880,CUST002545,Personal Loan,0,,,454244.7,0.0,0.0,2025-08-11,0
LOAN0004881,CUST005047,SME Loan,0,,,232830.6,0.0,0.0,2025-01-28,0
LOAN0004882,CUST008138,SME Loan,0,,,66296.36,0.0,0.0,2026-02-19,0
LOAN0004883,CUST007454,Personal Loan,0,,,429911.36,0.0,0.0,2026-08-09,0
LOAN0004884,CUST005920,BNPL,0,,,19376.9,0.0,0.0,2023-09-11,0
LOAN0004885,CUST005398,BNPL,0,,,4604.6,0.0,0.0,2024-02-04,0
LOAN0004886,CUST004275,Personal Loan,0,,,77575.59,0.0,0.0,2025-04-16,0
LOAN0004887,CUST009727,Education Loan,0,,,510329.46,0.0,0.0,2024-07-18,0
LOAN0004888,CUST005609,Personal Loan,0,,,477432.56,0.0,0.0,2025-10-18,0
LOAN0004889,CUST002542,BNPL,0,,,31292.6,0.0,0.0,2023-10-26,0
LOAN0004890,CUST002308,Personal Loan,0,,,293055.73,0.0,0.0,2023-11-02,0
LOAN0004891,CUST006127,BNPL,1,60.0,2.0,3780.59,33287.41,7960.98,2023-05-26,1
LOAN0004892,CUST005234,Personal Loan,0,,,108873.94,0.0,0.0,2025-02-28,0
LOAN0004893,CUST000082,Personal Loan,0,,,370790.28,0.0,0.0,2025-05-16,0
LOAN0004894,CUST008314,SME Loan,0,,,217127.25,0.0,0.0,2025-09-14,0
LOAN0004895,CUST007060,Personal Loan,0,,,495784.95,0.0,0.0,2024-08-18,0
LOAN0004896,CUST006626,Personal Loan,0,,,359327.0,0.0,0.0,2025-06-28,0
LOAN0004897,CUST000696,Personal Loan,0,,,326082.06,0.0,0.0,2025-04-17,0
LOAN0004898,CUST003621,Personal Loan,0,,,156627.1,0.0,0.0,2026-02-18,0
LOAN0004899,CUST009356,BNPL,0,,,38525.12,0.0,0.0,2023-09-16,0
LOAN0004900,CUST008639,Personal Loan,1,240.0,8.0,72276.47,196843.53,77065.13,2024-08-21,1
LOAN0004901,CUST002858,Personal Loan,0,,,161076.7,0.0,0.0,2026-09-28,0
LOAN0004902,CUST001581,Personal Loan,0,,,468909.0,0.0,0.0,2026-02-09,0
LOAN0004903,CUST004490,BNPL,1,180.0,6.0,19404.45,18240.55,4087.99,2024-05-10,1
LOAN0004904,CUST003561,Personal Loan,0,,,206089.95,0.0,0.0,2025-02-05,0
LOAN0004905,CUST006838,Personal Loan,0,,,489588.3,0.0,0.0,2026-06-07,0
LOAN0004906,CUST009666,Personal Loan,0,,,234103.2,0.0,0.0,2024-12-29,0
LOAN0004907,CUST003631,Personal Loan,1,240.0,8.0,63453.39,97275.61,12088.42,2024-05-26,1
LOAN0004908,CUST000630,BNPL,0,,,29147.88,0.0,0.0,2024-03-26,0
LOAN0004909,CUST008984,Personal Loan,1,90.0,3.0,27528.22,296180.78,97143.73,2023-11-23,1
LOAN0004910,CUST000385,Personal Loan,0,,,18920.0,0.0,0.0,2024-09-19,0
LOAN0004911,CUST009530,SME Loan,0,,,515973.15,0.0,0.0,2024-06-10,0
LOAN0004912,CUST006652,Education Loan,0,,,349027.67,0.0,0.0,2027-05-24,0
LOAN0004913,CUST009419,Personal Loan,0,,,660098.88,0.0,0.0,2025-09-10,0
LOAN0004914,CUST002000,BNPL,0,,,48998.2,0.0,0.0,2024-10-18,0
LOAN0004915,CUST000414,BNPL,1,240.0,8.0,6387.2,0.0,0.0,2023-06-09,1
LOAN0004916,CUST004890,Personal Loan,0,,,531295.57,0.0,0.0,2025-01-10,0
LOAN0004917,CUST004502,BNPL,0,,,19960.5,0.0,0.0,2023-10-06,0
LOAN0004918,CUST003314,BNPL,0,,,27347.36,0.0,0.0,2024-05-26,0
LOAN0004919,CUST009578,Personal Loan,0,,,236422.76,0.0,0.0,2025-12-08,0
LOAN0004920,CUST008240,Personal Loan,0,,,369090.28,0.0,0.0,2025-02-28,0
LOAN0004921,CUST006623,BNPL,1,120.0,4.0,7262.67,9668.33,1779.89,2023-04-26,1
LOAN0004922,CUST001637,Personal Loan,0,,,639968.4,0.0,0.0,2026-08-21,0
LOAN0004923,CUST007362,Personal Loan,0,,,555590.02,0.0,0.0,2024-12-28,0
LOAN0004924,CUST007287,Personal Loan,0,,,502632.32,0.0,0.0,2024-01-27,0
LOAN0004925,CUST004254,Personal Loan,1,210.0,7.0,18544.5,40293.5,4072.37,2023-09-17,1
LOAN0004926,CUST009250,SME Loan,0,,,297252.36,0.0,0.0,2025-05-30,0
LOAN0004927,CUST001680,BNPL,0,,,16591.5,0.0,0.0,2024-05-21,0
LOAN0004928,CUST002674,Personal Loan,0,,,310120.79,0.0,0.0,2023-12-01,0
LOAN0004929,CUST000639,Personal Loan,0,,,333365.67,0.0,0.0,2024-07-23,0
LOAN0004930,CUST007969,BNPL,1,60.0,2.0,249.18,1977.82,638.55,2023-11-21,1
LOAN0004931,CUST006232,SME Loan,1,240.0,8.0,85372.07,200639.93,32013.18,2024-08-18,1
LOAN0004932,CUST003151,Personal Loan,0,,,429196.8,0.0,0.0,2024-10-08,0
LOAN0004933,CUST001647,Personal Loan,0,,,417722.63,0.0,0.0,2024-10-03,0
LOAN0004934,CUST000407,Personal Loan,0,,,64404.06,0.0,0.0,2025-09-16,0
LOAN0004935,CUST001678,Personal Loan,0,,,475620.12,0.0,0.0,2025-05-02,0
LOAN0004936,CUST004529,Personal Loan,1,150.0,5.0,60149.36,192343.64,44464.7,2023-01-23,1
LOAN0004937,CUST002475,Personal Loan,1,90.0,3.0,54838.56,248540.44,54000.3,2024-03-02,1
LOAN0004938,CUST002593,Personal Loan,1,120.0,4.0,96602.43,310816.57,116277.95,2023-03-15,1
LOAN0004939,CUST008768,SME Loan,0,,,155945.72,0.0,0.0,2025-01-20,0
LOAN0004940,CUST005158,SME Loan,0,,,308467.04,0.0,0.0,2025-04-14,0
LOAN0004941,CUST007312,Personal Loan,1,210.0,7.0,28573.02,81783.98,10160.39,2023-05-04,1
LOAN0004942,CUST000361,Personal Loan,0,,,253396.39,0.0,0.0,2025-03-07,0
LOAN0004943,CUST003652,Personal Loan,0,,,152595.63,0.0,0.0,2024-03-13,0
LOAN0004944,CUST004794,Personal Loan,0,,,460039.38,0.0,0.0,2024-10-02,0
LOAN0004945,CUST001875,Personal Loan,0,,,156536.66,0.0,0.0,2024-02-04,0
LOAN0004946,CUST001215,Personal Loan,0,,,48015.54,0.0,0.0,2025-06-09,0
LOAN0004947,CUST008715,Education Loan,0,,,368214.6,0.0,0.0,2025-08-25,0
LOAN0004948,CUST009397,Personal Loan,1,120.0,4.0,3015.33,18854.67,3103.05,2023-11-12,1
LOAN0004949,CUST000796,Personal Loan,0,,,77835.75,0.0,0.0,2025-12-12,0
LOAN0004950,CUST003485,Personal Loan,0,,,189190.24,0.0,0.0,2023-08-04,0
LOAN0004951,CUST009586,Education Loan,0,,,477120.9,0.0,0.0,2024-12-19,0
LOAN0004952,CUST000839,Personal Loan,0,,,467495.93,0.0,0.0,2024-07-23,0
LOAN0004953,CUST006444,Personal Loan,0,,,67647.75,0.0,0.0,2025-09-02,0
LOAN0004954,CUST009722,BNPL,1,210.0,7.0,23434.02,0.0,0.0,2024-07-18,1
LOAN0004955,CUST009783,Personal Loan,0,,,268749.6,0.0,0.0,2025-02-25,0
LOAN0004956,CUST004710,Personal Loan,0,,,182368.4,0.0,0.0,2024-10-16,0
LOAN0004957,CUST001637,SME Loan,1,90.0,3.0,46324.36,441921.64,167436.99,2023-04-01,1
LOAN0004958,CUST002026,Personal Loan,0,,,51314.04,0.0,0.0,2026-09-19,0
LOAN0004959,CUST008907,BNPL,0,,,9689.0,0.0,0.0,2024-02-26,0
LOAN0004960,CUST009125,BNPL,1,120.0,4.0,52852.72,0.0,0.0,2023-01-09,1
LOAN0004961,CUST006090,BNPL,0,,,35855.61,0.0,0.0,2023-08-07,0
LOAN0004962,CUST007671,SME Loan,0,,,591187.5,0.0,0.0,2025-05-21,0
LOAN0004963,CUST007415,Personal Loan,0,,,212109.0,0.0,0.0,2024-12-21,0
LOAN0004964,CUST006626,Personal Loan,0,,,152619.9,0.0,0.0,2026-06-13,0
LOAN0004965,CUST008286,Education Loan,1,60.0,2.0,12814.8,474036.2,113729.95,2024-01-28,1
LOAN0004966,CUST006872,SME Loan,0,,,807861.6,0.0,0.0,2025-04-04,0
LOAN0004967,CUST005349,SME Loan,0,,,90258.0,0.0,0.0,2025-11-25,0
LOAN0004968,CUST002374,BNPL,0,,,48244.8,0.0,0.0,2023-11-04,0
LOAN0004969,CUST007455,Education Loan,0,,,258200.32,0.0,0.0,2026-07-03,0
LOAN0004970,CUST004733,Personal Loan,0,,,211481.02,0.0,0.0,2024-10-09,0
LOAN0004971,CUST002951,Education Loan,0,,,1103271.89,0.0,0.0,2027-09-09,0
LOAN0004972,CUST008032,Personal Loan,1,120.0,4.0,261993.09,216659.91,30898.13,2023-11-26,1
LOAN0004973,CUST006986,BNPL,1,210.0,7.0,28493.46,16384.54,5284.85,2024-06-14,1
LOAN0004974,CUST009376,SME Loan,0,,,596430.08,0.0,0.0,2025-09-11,0
LOAN0004975,CUST001663,SME Loan,0,,,279424.32,0.0,0.0,2024-12-15,0
LOAN0004976,CUST006499,SME Loan,1,150.0,5.0,65448.76,213219.24,44011.56,2024-01-24,1
LOAN0004977,CUST002446,Personal Loan,0,,,437199.36,0.0,0.0,2024-11-26,0
LOAN0004978,CUST009045,Personal Loan,0,,,505306.0,0.0,0.0,2025-08-28,0
LOAN0004979,CUST001004,Personal Loan,0,,,42872.76,0.0,0.0,2025-01-24,0
LOAN0004980,CUST006570,BNPL,1,210.0,7.0,44371.4,0.0,0.0,2024-03-23,1
LOAN0004981,CUST007923,SME Loan,0,,,251107.5,0.0,0.0,2025-03-08,0
LOAN0004982,CUST003552,Personal Loan,0,,,215151.75,0.0,0.0,2024-05-30,0
LOAN0004983,CUST009544,Personal Loan,0,,,293870.7,0.0,0.0,2026-03-26,0
LOAN0004984,CUST008522,Personal Loan,1,180.0,6.0,30647.9,116855.1,24908.88,2022-08-23,1
LOAN0004985,CUST002949,BNPL,0,,,32113.74,0.0,0.0,2024-06-06,0
LOAN0004986,CUST000079,BNPL,0,,,37828.7,0.0,0.0,2024-02-14,0
LOAN0004987,CUST002970,BNPL,1,90.0,3.0,17181.9,25095.1,8761.65,2023-10-10,1
LOAN0004988,CUST002816,SME Loan,0,,,596933.8,0.0,0.0,2025-05-19,0
LOAN0004989,CUST008911,BNPL,0,,,22147.64,0.0,0.0,2024-04-10,0
LOAN0004990,CUST009672,Personal Loan,0,,,64968.0,0.0,0.0,2026-06-24,0
LOAN0004991,CUST000713,Personal Loan,1,210.0,7.0,65096.04,134187.96,33902.05,2024-04-21,1
LOAN0004992,CUST004710,Personal Loan,0,,,560015.75,0.0,0.0,2025-12-09,0
LOAN0004993,CUST005490,SME Loan,0,,,306909.61,0.0,0.0,2026-03-09,0
LOAN0004994,CUST000940,BNPL,0,,,32078.22,0.0,0.0,2024-06-29,0
LOAN0004995,CUST003779,Personal Loan,0,,,486021.74,0.0,0.0,2025-09-27,0
LOAN0004996,CUST003171,Personal Loan,1,60.0,2.0,34944.39,453757.61,128958.35,2024-01-04,1
LOAN0004997,CUST005367,Personal Loan,0,,,445589.82,0.0,0.0,2024-04-11,0
LOAN0004998,CUST006620,SME Loan,0,,,303491.84,0.0,0.0,2025-03-05,0
LOAN0004999,CUST007053,SME Loan,0,,,87611.6,0.0,0.0,2024-01-24,0
LOAN0005000,CUST001380,Personal Loan,0,,,553909.86,0.0,0.0,2025-01-19,0
LOAN0005001,CUST008143,SME Loan,0,,,511255.62,0.0,0.0,2024-11-21,0
LOAN0005002,CUST006800,Personal Loan,0,,,641191.92,0.0,0.0,2024-09-16,0
LOAN0005003,CUST008904,Personal Loan,1,90.0,3.0,45149.3,405600.7,79389.92,2024-01-19,1
LOAN0005004,CUST004492,Personal Loan,0,,,78778.56,0.0,0.0,2025-12-15,0
LOAN0005005,CUST008950,Personal Loan,1,240.0,8.0,194217.66,78834.34,19652.2,2023-08-16,1
LOAN0005006,CUST008667,Personal Loan,0,,,600487.5,0.0,0.0,2026-01-10,0
LOAN0005007,CUST004383,Personal Loan,0,,,361505.8,0.0,0.0,2025-08-26,0
LOAN0005008,CUST003817,Personal Loan,0,,,122242.1,0.0,0.0,2024-08-31,0
LOAN0005009,CUST009331,SME Loan,1,90.0,3.0,12110.12,89927.88,28902.65,2024-03-25,1
LOAN0005010,CUST007168,BNPL,0,,,30387.36,0.0,0.0,2024-02-24,0
LOAN0005011,CUST009286,Personal Loan,0,,,159729.96,0.0,0.0,2025-08-17,0
LOAN0005012,CUST007985,Personal Loan,1,240.0,8.0,70133.07,110441.93,17637.58,2024-06-28,1
LOAN0005013,CUST006105,Personal Loan,0,,,300397.5,0.0,0.0,2026-05-24,0
LOAN0005014,CUST001173,SME Loan,1,180.0,6.0,248253.8,294946.2,44791.36,2024-03-12,1
LOAN0005015,CUST002919,BNPL,1,150.0,5.0,33810.84,15992.16,4744.78,2024-02-26,1
LOAN0005016,CUST009689,Personal Loan,0,,,112300.86,0.0,0.0,2025-08-28,0
LOAN0005017,CUST003196,Personal Loan,0,,,457164.33,0.0,0.0,2025-09-12,0
LOAN0005018,CUST000943,Personal Loan,0,,,631253.0,0.0,0.0,2026-04-08,0
LOAN0005019,CUST007091,Personal Loan,0,,,92526.08,0.0,0.0,2025-05-05,0
LOAN0005020,CUST007358,SME Loan,0,,,131241.66,0.0,0.0,2025-10-11,0
LOAN0005021,CUST002857,BNPL,0,,,26830.09,0.0,0.0,2023-05-13,0
LOAN0005022,CUST002979,SME Loan,0,,,211353.87,0.0,0.0,2024-12-12,0
LOAN0005023,CUST004688,BNPL,0,,,11928.24,0.0,0.0,2024-04-04,0
LOAN0005024,CUST000227,SME Loan,0,,,556165.44,0.0,0.0,2023-07-04,0
LOAN0005025,CUST007907,Personal Loan,0,,,307514.22,0.0,0.0,2023-10-30,0
LOAN0005026,CUST003171,Personal Loan,0,,,365560.37,0.0,0.0,2026-03-18,0
LOAN0005027,CUST008549,Personal Loan,0,,,526595.35,0.0,0.0,2025-09-09,0
LOAN0005028,CUST008040,SME Loan,0,,,319320.77,0.0,0.0,2025-05-25,0
LOAN0005029,CUST006622,BNPL,1,240.0,8.0,60958.6,0.0,0.0,2023-10-11,1
LOAN0005030,CUST003250,Personal Loan,0,,,538564.78,0.0,0.0,2025-10-17,0
LOAN0005031,CUST005170,SME Loan,0,,,694778.75,0.0,0.0,2025-02-04,0
LOAN0005032,CUST004450,Personal Loan,0,,,625410.24,0.0,0.0,2025-08-26,0
LOAN0005033,CUST003385,Personal Loan,0,,,153710.2,0.0,0.0,2026-11-25,0
LOAN0005034,CUST008495,Personal Loan,0,,,499067.82,0.0,0.0,2024-10-03,0
LOAN0005035,CUST004841,SME Loan,0,,,384310.88,0.0,0.0,2024-08-06,0
LOAN0005036,CUST008340,Personal Loan,0,,,279835.38,0.0,0.0,2026-03-25,0
LOAN0005037,CUST001063,SME Loan,0,,,601388.57,0.0,0.0,2025-04-24,0
LOAN0005038,CUST001426,SME Loan,0,,,145336.95,0.0,0.0,2026-03-03,0
LOAN0005039,CUST009776,Personal Loan,0,,,241852.32,0.0,0.0,2025-04-04,0
LOAN0005040,CUST005890,Personal Loan,0,,,179834.8,0.0,0.0,2025-02-28,0
LOAN0005041,CUST005104,Personal Loan,0,,,486102.4,0.0,0.0,2026-11-22,0
LOAN0005042,CUST005237,BNPL,1,120.0,4.0,16804.77,0.0,0.0,2022-11-16,1
LOAN0005043,CUST002159,Personal Loan,0,,,61920.9,0.0,0.0,2024-09-19,0
LOAN0005044,CUST007201,BNPL,1,180.0,6.0,57398.25,0.0,0.0,2023-05-24,1
LOAN0005045,CUST000856,Personal Loan,0,,,546822.21,0.0,0.0,2026-08-10,0
LOAN0005046,CUST005745,Personal Loan,0,,,20242.82,0.0,0.0,2026-02-09,0
LOAN0005047,CUST005719,Personal Loan,0,,,450425.2,0.0,0.0,2024-05-20,0
LOAN0005048,CUST009146,Personal Loan,1,150.0,5.0,27826.0,158401.0,60453.1,2024-04-03,1
LOAN0005049,CUST005265,SME Loan,0,,,486843.08,0.0,0.0,2025-06-08,0
LOAN0005050,CUST001383,Personal Loan,0,,,341073.9,0.0,0.0,2024-10-13,0
LOAN0005051,CUST005739,Personal Loan,0,,,417529.4,0.0,0.0,2025-07-12,0
LOAN0005052,CUST000922,BNPL,0,,,60055.44,0.0,0.0,2023-12-16,0
LOAN0005053,CUST002043,BNPL,0,,,22147.8,0.0,0.0,2024-06-13,0
LOAN0005054,CUST000318,Personal Loan,0,,,359365.16,0.0,0.0,2023-02-05,0
LOAN0005055,CUST005139,SME Loan,1,60.0,2.0,23474.4,455301.6,167392.53,2023-11-21,1
LOAN0005056,CUST000853,SME Loan,0,,,125242.37,0.0,0.0,2024-01-01,0
LOAN0005057,CUST004692,Personal Loan,0,,,210231.6,0.0,0.0,2025-11-26,0
LOAN0005058,CUST009332,SME Loan,0,,,190644.0,0.0,0.0,2024-01-31,0
LOAN0005059,CUST007211,Personal Loan,1,60.0,2.0,9499.18,89211.82,16842.12,2022-09-17,1
LOAN0005060,CUST000782,BNPL,0,,,48111.96,0.0,0.0,2022-09-14,0
LOAN0005061,CUST002251,Personal Loan,0,,,712952.64,0.0,0.0,2025-08-07,0
LOAN0005062,CUST006747,SME Loan,1,120.0,4.0,23027.82,135325.18,28253.3,2024-01-30,1
LOAN0005063,CUST008958,Education Loan,0,,,429758.56,0.0,0.0,2025-01-24,0
LOAN0005064,CUST000336,Personal Loan,0,,,408759.18,0.0,0.0,2026-07-16,0
LOAN0005065,CUST008138,SME Loan,0,,,312409.44,0.0,0.0,2025-03-02,0
LOAN0005066,CUST005626,Education Loan,0,,,772181.44,0.0,0.0,2024-12-09,0
LOAN0005067,CUST005469,Education Loan,0,,,400138.82,0.0,0.0,2027-07-07,0
LOAN0005068,CUST009580,Personal Loan,0,,,86672.48,0.0,0.0,2025-03-29,0
LOAN0005069,CUST007489,BNPL,0,,,51415.46,0.0,0.0,2024-02-10,0
LOAN0005070,CUST008516,Personal Loan,0,,,473810.88,0.0,0.0,2026-08-16,0
LOAN0005071,CUST003541,Personal Loan,0,,,539457.93,0.0,0.0,2026-02-08,0
LOAN0005072,CUST005551,SME Loan,0,,,285084.31,0.0,0.0,2025-08-21,0
LOAN0005073,CUST006167,Personal Loan,0,,,549066.25,0.0,0.0,2025-08-30,0
LOAN0005074,CUST003218,Personal Loan,0,,,413719.3,0.0,0.0,2024-10-05,0
LOAN0005075,CUST005713,Personal Loan,0,,,198296.5,0.0,0.0,2026-10-05,0
LOAN0005076,CUST002371,Personal Loan,0,,,169754.6,0.0,0.0,2025-02-11,0
LOAN0005077,CUST001450,Personal Loan,0,,,675439.02,0.0,0.0,2025-02-20,0
LOAN0005078,CUST003743,SME Loan,0,,,363849.42,0.0,0.0,2024-02-22,0
LOAN0005079,CUST007410,Personal Loan,0,,,58627.56,0.0,0.0,2026-04-04,0
LOAN0005080,CUST009164,BNPL,0,,,15454.3,0.0,0.0,2024-05-04,0
LOAN0005081,CUST004575,Personal Loan,0,,,112513.8,0.0,0.0,2025-09-11,0
LOAN0005082,CUST006436,Personal Loan,1,120.0,4.0,11292.96,53864.04,11592.12,2023-12-30,1
LOAN0005083,CUST001042,Personal Loan,0,,,208033.47,0.0,0.0,2025-06-07,0
LOAN0005084,CUST009054,BNPL,0,,,50827.95,0.0,0.0,2024-09-17,0
LOAN0005085,CUST005695,SME Loan,0,,,241204.8,0.0,0.0,2023-11-24,0
LOAN0005086,CUST007816,BNPL,0,,,29479.6,0.0,0.0,2023-05-19,0
LOAN0005087,CUST007957,Personal Loan,0,,,549822.2,0.0,0.0,2023-08-16,0
LOAN0005088,CUST002570,SME Loan,0,,,149415.25,0.0,0.0,2025-09-29,0
LOAN0005089,CUST005298,Personal Loan,0,,,308317.36,0.0,0.0,2026-01-04,0
LOAN0005090,CUST009606,SME Loan,1,90.0,3.0,36055.54,259955.46,27194.38,2023-11-04,1
LOAN0005091,CUST000906,Education Loan,1,120.0,4.0,80042.31,584609.69,226895.2,2024-04-28,1
LOAN0005092,CUST006847,Personal Loan,0,,,608049.0,0.0,0.0,2025-03-30,0
LOAN0005093,CUST009624,SME Loan,0,,,683164.56,0.0,0.0,2025-09-26,0
LOAN0005094,CUST003009,Personal Loan,0,,,384936.9,0.0,0.0,2024-03-26,0
LOAN0005095,CUST008627,Personal Loan,0,,,216680.64,0.0,0.0,2025-04-16,0
LOAN0005096,CUST009338,SME Loan,1,210.0,7.0,17589.18,37434.82,4810.24,2024-06-27,1
LOAN0005097,CUST007485,BNPL,0,,,22680.48,0.0,0.0,2024-02-09,0
LOAN0005098,CUST002320,BNPL,0,,,44843.13,0.0,0.0,2023-10-08,0
LOAN0005099,CUST003337,SME Loan,0,,,295039.2,0.0,0.0,2023-04-24,0
LOAN0005100,CUST000362,BNPL,0,,,9820.48,0.0,0.0,2022-07-23,0
LOAN0005101,CUST008329,Education Loan,0,,,798786.56,0.0,0.0,2024-09-01,0
LOAN0005102,CUST008512,Personal Loan,0,,,370858.56,0.0,0.0,2025-10-04,0
LOAN0005103,CUST006336,BNPL,0,,,60069.8,0.0,0.0,2023-12-27,0
LOAN0005104,CUST003525,BNPL,0,,,34295.1,0.0,0.0,2024-03-15,0
LOAN0005105,CUST000778,SME Loan,1,60.0,2.0,5665.95,101742.05,11190.96,2024-02-24,1
LOAN0005106,CUST007543,BNPL,0,,,11755.8,0.0,0.0,2024-07-22,0
LOAN0005107,CUST007283,Personal Loan,0,,,134905.77,0.0,0.0,2025-11-03,0
LOAN0005108,CUST009133,BNPL,0,,,50744.88,0.0,0.0,2024-05-14,0
LOAN0005109,CUST007324,SME Loan,0,,,130990.32,0.0,0.0,2024-07-30,0
LOAN0005110,CUST008300,Education Loan,0,,,634976.68,0.0,0.0,2025-11-04,0
LOAN0005111,CUST007475,Personal Loan,0,,,417209.45,0.0,0.0,2025-05-19,0
LOAN0005112,CUST006318,BNPL,0,,,54137.8,0.0,0.0,2024-06-06,0
LOAN0005113,CUST004272,Personal Loan,0,,,67694.15,0.0,0.0,2025-07-30,0
LOAN0005114,CUST009030,Personal Loan,1,240.0,8.0,69603.94,197149.06,43199.59,2024-07-27,1
LOAN0005115,CUST006518,Personal Loan,0,,,601439.25,0.0,0.0,2025-09-25,0
LOAN0005116,CUST003991,BNPL,0,,,37840.64,0.0,0.0,2024-06-06,0
LOAN0005117,CUST000842,Personal Loan,0,,,672969.36,0.0,0.0,2025-07-28,0
LOAN0005118,CUST002911,BNPL,0,,,55340.8,0.0,0.0,2024-01-30,0
LOAN0005119,CUST005443,Personal Loan,1,240.0,8.0,72225.72,164082.28,49125.66,2024-04-30,1
LOAN0005120,CUST002758,Education Loan,0,,,472104.27,0.0,0.0,2025-06-23,0
LOAN0005121,CUST002219,Education Loan,0,,,720338.54,0.0,0.0,2025-09-04,0
LOAN0005122,CUST005278,BNPL,0,,,7769.28,0.0,0.0,2023-09-16,0
LOAN0005123,CUST001709,Personal Loan,0,,,166729.81,0.0,0.0,2024-08-22,0
LOAN0005124,CUST008017,Personal Loan,0,,,666244.54,0.0,0.0,2025-10-12,0
LOAN0005125,CUST004850,BNPL,0,,,13673.32,0.0,0.0,2023-11-20,0
LOAN0005126,CUST005750,Personal Loan,0,,,363869.77,0.0,0.0,2024-08-21,0
LOAN0005127,CUST001487,BNPL,0,,,57519.0,0.0,0.0,2024-07-17,0
LOAN0005128,CUST003247,BNPL,1,240.0,8.0,57468.44,0.0,0.0,2024-03-22,1
LOAN0005129,CUST004110,Personal Loan,0,,,472404.4,0.0,0.0,2025-04-14,0
LOAN0005130,CUST008095,SME Loan,1,210.0,7.0,21441.06,50596.94,15922.87,2024-01-29,1
LOAN0005131,CUST007709,Personal Loan,0,,,380468.16,0.0,0.0,2025-09-05,0
LOAN0005132,CUST002237,Personal Loan,0,,,591422.7,0.0,0.0,2025-08-21,0
LOAN0005133,CUST006176,Personal Loan,0,,,256088.7,0.0,0.0,2026-06-14,0
LOAN0005134,CUST002439,Personal Loan,0,,,230353.68,0.0,0.0,2024-11-21,0
LOAN0005135,CUST009880,Personal Loan,1,150.0,5.0,21126.56,78256.44,28437.9,2024-05-15,1
LOAN0005136,CUST009523,SME Loan,0,,,291870.64,0.0,0.0,2024-06-08,0
LOAN0005137,CUST005641,Personal Loan,0,,,483722.42,0.0,0.0,2025-05-31,0
LOAN0005138,CUST007009,BNPL,0,,,10666.71,0.0,0.0,2024-04-20,0
LOAN0005139,CUST008026,Personal Loan,0,,,443169.09,0.0,0.0,2025-09-30,0
LOAN0005140,CUST007224,BNPL,0,,,40669.04,0.0,0.0,2024-08-10,0
LOAN0005141,CUST007020,SME Loan,0,,,728350.58,0.0,0.0,2026-06-16,0
LOAN0005142,CUST009589,BNPL,0,,,44648.6,0.0,0.0,2023-10-25,0
LOAN0005143,CUST005978,Personal Loan,0,,,292323.46,0.0,0.0,2024-03-08,0
LOAN0005144,CUST006370,Personal Loan,0,,,193798.4,0.0,0.0,2025-02-15,0
LOAN0005145,CUST008508,Personal Loan,1,60.0,2.0,4925.2,84539.8,14003.85,2023-06-05,1
LOAN0005146,CUST006705,Personal Loan,0,,,111704.25,0.0,0.0,2025-03-13,0
LOAN0005147,CUST007348,Personal Loan,0,,,335647.08,0.0,0.0,2024-01-13,0
LOAN0005148,CUST002347,SME Loan,0,,,470480.64,0.0,0.0,2025-09-10,0
LOAN0005149,CUST003714,Personal Loan,0,,,61727.1,0.0,0.0,2024-08-16,0
LOAN0005150,CUST001486,Personal Loan,0,,,465106.41,0.0,0.0,2024-06-04,0
LOAN0005151,CUST005063,SME Loan,0,,,425552.4,0.0,0.0,2023-10-06,0
LOAN0005152,CUST004554,Education Loan,0,,,481156.78,0.0,0.0,2026-10-24,0
LOAN0005153,CUST009969,SME Loan,0,,,419351.68,0.0,0.0,2024-07-31,0
LOAN0005154,CUST006126,Personal Loan,0,,,103609.8,0.0,0.0,2025-06-26,0
LOAN0005155,CUST007877,SME Loan,0,,,567342.38,0.0,0.0,2025-03-06,0
LOAN0005156,CUST003337,SME Loan,0,,,703343.4,0.0,0.0,2024-10-31,0
LOAN0005157,CUST008330,Personal Loan,0,,,276827.04,0.0,0.0,2024-06-30,0
LOAN0005158,CUST006164,BNPL,0,,,34285.12,0.0,0.0,2024-04-18,0
LOAN0005159,CUST006988,BNPL,0,,,6597.1,0.0,0.0,2024-08-19,0
LOAN0005160,CUST002947,BNPL,0,,,55686.0,0.0,0.0,2024-08-15,0
LOAN0005161,CUST005493,Personal Loan,0,,,398330.31,0.0,0.0,2023-03-22,0
LOAN0005162,CUST006349,Personal Loan,0,,,122200.0,0.0,0.0,2025-03-25,0
LOAN0005163,CUST005902,SME Loan,0,,,264794.25,0.0,0.0,2026-07-23,0
LOAN0005164,CUST009154,Personal Loan,0,,,373332.51,0.0,0.0,2023-08-01,0
LOAN0005165,CUST008990,SME Loan,0,,,566709.9,0.0,0.0,2025-02-05,0
LOAN0005166,CUST009710,BNPL,0,,,44585.55,0.0,0.0,2024-05-17,0
LOAN0005167,CUST006683,Education Loan,0,,,1127021.4,0.0,0.0,2025-11-21,0
LOAN0005168,CUST009720,Personal Loan,0,,,225087.0,0.0,0.0,2025-02-27,0
LOAN0005169,CUST008338,Personal Loan,0,,,474390.98,0.0,0.0,2024-02-23,0
LOAN0005170,CUST002710,Personal Loan,0,,,145557.6,0.0,0.0,2024-04-05,0
LOAN0005171,CUST004276,BNPL,0,,,28195.37,0.0,0.0,2024-02-08,0
LOAN0005172,CUST002388,Personal Loan,0,,,409955.26,0.0,0.0,2024-08-25,0
LOAN0005173,CUST000044,SME Loan,0,,,174683.25,0.0,0.0,2026-02-05,0
LOAN0005174,CUST001889,Personal Loan,0,,,468012.2,0.0,0.0,2025-07-02,0
LOAN0005175,CUST000042,Personal Loan,1,180.0,6.0,49178.6,129756.4,30067.53,2024-05-01,1
LOAN0005176,CUST007212,Personal Loan,0,,,133693.56,0.0,0.0,2025-05-08,0
LOAN0005177,CUST004259,BNPL,1,240.0,8.0,14980.2,0.0,0.0,2024-06-23,1
LOAN0005178,CUST003128,Personal Loan,1,120.0,4.0,157123.44,230306.56,49250.63,2024-04-03,1
LOAN0005179,CUST007628,Personal Loan,1,90.0,3.0,49006.12,433351.88,113983.99,2023-11-05,1
LOAN0005180,CUST008338,Personal Loan,1,210.0,7.0,283029.06,14806.94,3225.41,2023-12-27,1
LOAN0005181,CUST009754,Personal Loan,0,,,293934.34,0.0,0.0,2023-12-26,0
LOAN0005182,CUST006428,Personal Loan,0,,,485391.24,0.0,0.0,2024-02-12,0
LOAN0005183,CUST004611,Personal Loan,0,,,521660.24,0.0,0.0,2025-11-10,0
LOAN0005184,CUST003054,Personal Loan,0,,,172829.16,0.0,0.0,2026-12-05,0
LOAN0005185,CUST002231,SME Loan,0,,,602987.42,0.0,0.0,2024-07-16,0
LOAN0005186,CUST002134,BNPL,0,,,39201.39,0.0,0.0,2023-07-27,0
LOAN0005187,CUST004101,Personal Loan,0,,,476609.7,0.0,0.0,2026-09-24,0
LOAN0005188,CUST009916,SME Loan,1,150.0,5.0,79499.96,83041.04,8488.01,2024-02-14,1
LOAN0005189,CUST000009,Personal Loan,0,,,464129.4,0.0,0.0,2024-06-05,0
LOAN0005190,CUST001975,SME Loan,0,,,229149.69,0.0,0.0,2024-07-04,0
LOAN0005191,CUST001893,Education Loan,1,60.0,2.0,17176.29,638323.71,215842.43,2022-12-20,1
LOAN0005192,CUST007187,Personal Loan,0,,,165763.15,0.0,0.0,2026-09-15,0
LOAN0005193,CUST003525,Personal Loan,0,,,134382.82,0.0,0.0,2025-09-25,0
LOAN0005194,CUST004571,Personal Loan,1,60.0,2.0,58613.01,268093.99,104618.79,2024-01-05,1
LOAN0005195,CUST001498,Personal Loan,1,240.0,8.0,163298.52,270085.48,105574.12,2024-07-06,1
LOAN0005196,CUST004056,Personal Loan,0,,,88626.56,0.0,0.0,2023-12-01,0
LOAN0005197,CUST001044,Personal Loan,0,,,404441.07,0.0,0.0,2024-10-13,0
LOAN0005198,CUST005338,Personal Loan,0,,,38143.84,0.0,0.0,2024-11-26,0
LOAN0005199,CUST000988,Personal Loan,1,240.0,8.0,215760.65,76019.35,14737.2,2023-06-24,1
LOAN0005200,CUST007918,Personal Loan,1,120.0,4.0,121816.35,353309.65,46134.56,2024-04-23,1
LOAN0005201,CUST005675,SME Loan,0,,,521724.0,0.0,0.0,2024-02-10,0
LOAN0005202,CUST007257,Personal Loan,1,90.0,3.0,69744.12,260581.88,26649.02,2024-03-09,1
LOAN0005203,CUST004191,SME Loan,0,,,257689.98,0.0,0.0,2024-04-08,0
LOAN0005204,CUST003821,BNPL,0,,,30350.08,0.0,0.0,2024-04-29,0
LOAN0005205,CUST000991,SME Loan,0,,,647744.64,0.0,0.0,2023-10-16,0
LOAN0005206,CUST005243,SME Loan,0,,,94385.56,0.0,0.0,2025-01-20,0
LOAN0005207,CUST005150,BNPL,0,,,11284.8,0.0,0.0,2023-06-16,0
LOAN0005208,CUST004679,Personal Loan,0,,,201384.75,0.0,0.0,2026-11-14,0
LOAN0005209,CUST007422,Personal Loan,0,,,138234.96,0.0,0.0,2023-05-14,0
LOAN0005210,CUST008338,Personal Loan,0,,,89074.5,0.0,0.0,2024-09-18,0
LOAN0005211,CUST007523,Personal Loan,1,120.0,4.0,14779.41,38808.59,6630.57,2024-04-29,1
LOAN0005212,CUST001454,Personal Loan,0,,,521317.62,0.0,0.0,2026-03-07,0
LOAN0005213,CUST006235,Personal Loan,0,,,583533.06,0.0,0.0,2025-02-08,0
LOAN0005214,CUST000810,SME Loan,1,210.0,7.0,92155.5,132582.5,13779.18,2023-03-01,1
LOAN0005215,CUST006966,Personal Loan,0,,,327877.19,0.0,0.0,2025-03-31,0
LOAN0005216,CUST003824,Personal Loan,0,,,121335.28,0.0,0.0,2025-06-14,0
LOAN0005217,CUST001338,BNPL,0,,,38852.22,0.0,0.0,2024-05-29,0
LOAN0005218,CUST008633,Personal Loan,0,,,33388.56,0.0,0.0,2026-10-31,0
LOAN0005219,CUST006152,Personal Loan,1,60.0,2.0,1349.12,16085.88,6262.05,2023-05-03,1
LOAN0005220,CUST003550,Personal Loan,0,,,303853.65,0.0,0.0,2024-11-18,0
LOAN0005221,CUST000315,Education Loan,0,,,124891.56,0.0,0.0,2026-11-10,0
LOAN0005222,CUST005378,Personal Loan,0,,,484737.3,0.0,0.0,2025-04-24,0
LOAN0005223,CUST009236,BNPL,0,,,30432.33,0.0,0.0,2024-01-17,0
LOAN0005224,CUST005977,Personal Loan,0,,,623296.74,0.0,0.0,2026-07-11,0
LOAN0005225,CUST009717,Personal Loan,0,,,99765.44,0.0,0.0,2026-06-26,0
LOAN0005226,CUST001378,Personal Loan,1,150.0,5.0,89371.4,327069.6,125775.15,2024-05-08,1
LOAN0005227,CUST005693,Personal Loan,0,,,457438.3,0.0,0.0,2024-11-13,0
LOAN0005228,CUST007995,Personal Loan,0,,,343729.12,0.0,0.0,2025-04-02,0
LOAN0005229,CUST005258,Personal Loan,0,,,334447.08,0.0,0.0,2026-08-13,0
LOAN0005230,CUST000919,Personal Loan,0,,,342027.93,0.0,0.0,2025-01-16,0
LOAN0005231,CUST005841,Personal Loan,1,60.0,2.0,5594.3,26237.7,8840.6,2024-02-15,1
LOAN0005232,CUST006131,Personal Loan,0,,,459664.64,0.0,0.0,2026-08-23,0
LOAN0005233,CUST007305,BNPL,0,,,60222.72,0.0,0.0,2024-06-22,0
LOAN0005234,CUST007624,Personal Loan,0,,,549060.54,0.0,0.0,2025-02-09,0
LOAN0005235,CUST007715,Personal Loan,0,,,399190.77,0.0,0.0,2026-09-19,0
LOAN0005236,CUST006641,SME Loan,0,,,480651.08,0.0,0.0,2026-04-21,0
LOAN0005237,CUST002163,Personal Loan,1,180.0,6.0,68842.7,285754.3,113187.52,2024-01-07,1
LOAN0005238,CUST004048,Personal Loan,0,,,265989.82,0.0,0.0,2026-10-10,0
LOAN0005239,CUST007769,Personal Loan,0,,,235037.88,0.0,0.0,2025-11-09,0
LOAN0005240,CUST009537,SME Loan,0,,,207112.62,0.0,0.0,2024-12-08,0
LOAN0005241,CUST000798,BNPL,0,,,59572.26,0.0,0.0,2024-06-15,0
LOAN0005242,CUST005363,Personal Loan,0,,,433470.96,0.0,0.0,2024-02-21,0
LOAN0005243,CUST003128,Personal Loan,0,,,175935.04,0.0,0.0,2025-02-20,0
LOAN0005244,CUST002262,BNPL,1,90.0,3.0,1080.84,2694.16,781.78,2024-03-16,1
LOAN0005245,CUST005064,Personal Loan,0,,,48922.92,0.0,0.0,2025-03-29,0
LOAN0005246,CUST006073,BNPL,0,,,4934.09,0.0,0.0,2024-07-21,0
LOAN0005247,CUST000101,SME Loan,0,,,426725.76,0.0,0.0,2025-09-07,0
LOAN0005248,CUST007815,Personal Loan,0,,,261154.74,0.0,0.0,2025-07-20,0
LOAN0005249,CUST008215,BNPL,1,150.0,5.0,6258.6,0.0,0.0,2024-04-30,1
LOAN0005250,CUST009656,Personal Loan,0,,,260402.08,0.0,0.0,2023-06-30,0
LOAN0005251,CUST001817,Personal Loan,0,,,315905.97,0.0,0.0,2024-12-25,0
LOAN0005252,CUST005957,Personal Loan,0,,,293615.47,0.0,0.0,2025-05-27,0
LOAN0005253,CUST004268,SME Loan,0,,,452495.46,0.0,0.0,2025-04-15,0
LOAN0005254,CUST003344,Personal Loan,0,,,283656.12,0.0,0.0,2026-04-30,0
LOAN0005255,CUST005665,Personal Loan,0,,,274865.43,0.0,0.0,2024-07-20,0
LOAN0005256,CUST007836,BNPL,0,,,33690.4,0.0,0.0,2024-04-19,0
LOAN0005257,CUST000239,SME Loan,0,,,283867.38,0.0,0.0,2024-11-17,0
LOAN0005258,CUST009695,Personal Loan,0,,,136714.5,0.0,0.0,2025-11-20,0
LOAN0005259,CUST008112,Personal Loan,0,,,394554.93,0.0,0.0,2023-11-22,0
LOAN0005260,CUST007526,SME Loan,0,,,774522.88,0.0,0.0,2026-05-28,0
LOAN0005261,CUST007616,BNPL,0,,,32508.65,0.0,0.0,2023-11-09,0
LOAN0005262,CUST003894,Personal Loan,0,,,59591.16,0.0,0.0,2024-08-30,0
LOAN0005263,CUST007529,Personal Loan,0,,,19826.24,0.0,0.0,2026-07-26,0
LOAN0005264,CUST003871,Personal Loan,0,,,480794.6,0.0,0.0,2025-03-27,0
LOAN0005265,CUST008996,SME Loan,0,,,566900.04,0.0,0.0,2025-08-13,0
LOAN0005266,CUST001783,Personal Loan,1,180.0,6.0,53793.2,175161.8,60179.73,2024-05-31,1
LOAN0005267,CUST002929,Personal Loan,0,,,98137.05,0.0,0.0,2024-08-08,0
LOAN0005268,CUST005520,Personal Loan,0,,,258852.16,0.0,0.0,2024-12-03,0
LOAN0005269,CUST003194,BNPL,0,,,36253.8,0.0,0.0,2023-06-08,0
LOAN0005270,CUST004245,Personal Loan,0,,,126991.29,0.0,0.0,2024-10-06,0
LOAN0005271,CUST004935,BNPL,0,,,11420.7,0.0,0.0,2024-05-23,0
LOAN0005272,CUST008575,Education Loan,0,,,336004.24,0.0,0.0,2027-10-25,0
LOAN0005273,CUST005237,SME Loan,1,180.0,6.0,104530.4,255284.6,77218.34,2023-05-02,1
LOAN0005274,CUST003626,Personal Loan,0,,,266128.03,0.0,0.0,2025-05-04,0
LOAN0005275,CUST002480,Personal Loan,0,,,192019.42,0.0,0.0,2025-05-09,0
LOAN0005276,CUST004095,SME Loan,0,,,472314.36,0.0,0.0,2024-04-19,0
LOAN0005277,CUST005163,BNPL,1,90.0,3.0,12094.12,23567.88,5854.17,2023-12-08,1
LOAN0005278,CUST007476,Personal Loan,0,,,37504.5,0.0,0.0,2023-06-06,0
LOAN0005279,CUST001224,SME Loan,0,,,105421.81,0.0,0.0,2024-11-03,0
LOAN0005280,CUST002222,Personal Loan,0,,,420764.5,0.0,0.0,2026-01-07,0
LOAN0005281,CUST003802,SME Loan,0,,,177937.47,0.0,0.0,2025-05-26,0
LOAN0005282,CUST003603,Personal Loan,0,,,378490.78,0.0,0.0,2026-07-02,0
LOAN0005283,CUST003922,Personal Loan,1,120.0,4.0,81356.97,298593.03,44352.82,2024-04-09,1
LOAN0005284,CUST007948,Personal Loan,0,,,351560.61,0.0,0.0,2024-11-13,0
LOAN0005285,CUST003243,SME Loan,0,,,243027.96,0.0,0.0,2024-02-06,0
LOAN0005286,CUST005027,Personal Loan,0,,,205752.39,0.0,0.0,2026-05-24,0
LOAN0005287,CUST006252,SME Loan,1,210.0,7.0,149595.6,134627.4,33739.3,2023-07-23,1
LOAN0005288,CUST002329,BNPL,0,,,10199.1,0.0,0.0,2024-07-06,0
LOAN0005289,CUST007201,Personal Loan,0,,,469054.5,0.0,0.0,2023-06-01,0
LOAN0005290,CUST005479,Personal Loan,1,90.0,3.0,32706.28,322338.72,41461.45,2024-03-27,1
LOAN0005291,CUST004469,SME Loan,0,,,248619.28,0.0,0.0,2025-12-31,0
LOAN0005292,CUST008111,Personal Loan,1,210.0,7.0,30613.5,23322.5,3473.75,2024-07-23,1
LOAN0005293,CUST002439,Personal Loan,0,,,53601.66,0.0,0.0,2025-09-19,0
LOAN0005294,CUST008844,Education Loan,0,,,862362.0,0.0,0.0,2025-01-11,0
LOAN0005295,CUST005617,Education Loan,0,,,887490.1,0.0,0.0,2026-04-14,0
LOAN0005296,CUST006103,Personal Loan,1,210.0,7.0,9393.66,22429.34,3622.69,2024-07-21,1
LOAN0005297,CUST008763,BNPL,0,,,13352.15,0.0,0.0,2024-06-20,0
LOAN0005298,CUST008191,Education Loan,0,,,945733.92,0.0,0.0,2027-04-17,0
LOAN0005299,CUST006029,SME Loan,0,,,80761.59,0.0,0.0,2025-03-20,0
LOAN0005300,CUST007545,Personal Loan,0,,,395792.16,0.0,0.0,2025-12-13,0
LOAN0005301,CUST004336,Personal Loan,0,,,615717.85,0.0,0.0,2026-04-13,0
LOAN0005302,CUST005481,Education Loan,0,,,209418.3,0.0,0.0,2024-08-16,0
LOAN0005303,CUST000628,SME Loan,0,,,118500.38,0.0,0.0,2026-03-16,0
LOAN0005304,CUST000909,Personal Loan,0,,,125634.72,0.0,0.0,2024-04-24,0
LOAN0005305,CUST008309,SME Loan,0,,,185010.66,0.0,0.0,2024-06-08,0
LOAN0005306,CUST000606,Personal Loan,0,,,120462.15,0.0,0.0,2025-02-05,0
LOAN0005307,CUST001705,Personal Loan,1,90.0,3.0,38308.1,190264.9,33778.25,2024-03-16,1
LOAN0005308,CUST007973,Personal Loan,0,,,548709.76,0.0,0.0,2025-07-18,0
LOAN0005309,CUST000012,SME Loan,0,,,422671.7,0.0,0.0,2024-08-22,0
LOAN0005310,CUST002827,Personal Loan,0,,,30226.68,0.0,0.0,2025-01-28,0
LOAN0005311,CUST005855,BNPL,1,150.0,5.0,21366.36,31800.64,10297.37,2023-11-21,1
LOAN0005312,CUST005965,BNPL,0,,,10133.46,0.0,0.0,2023-12-07,0
LOAN0005313,CUST007780,Personal Loan,0,,,196234.36,0.0,0.0,2024-10-01,0
LOAN0005314,CUST005065,Personal Loan,0,,,383336.87,0.0,0.0,2024-05-01,0
LOAN0005315,CUST005101,Personal Loan,0,,,314591.4,0.0,0.0,2026-06-05,0
LOAN0005316,CUST007270,SME Loan,0,,,344749.44,0.0,0.0,2025-02-23,0
LOAN0005317,CUST004993,Personal Loan,0,,,531225.28,0.0,0.0,2026-08-07,0
LOAN0005318,CUST006096,SME Loan,0,,,274772.85,0.0,0.0,2025-02-28,0
LOAN0005319,CUST008986,Personal Loan,0,,,293420.55,0.0,0.0,2024-06-10,0
LOAN0005320,CUST004022,Personal Loan,0,,,98553.62,0.0,0.0,2024-01-03,0
LOAN0005321,CUST003857,BNPL,0,,,17263.68,0.0,0.0,2023-12-26,0
LOAN0005322,CUST000038,BNPL,0,,,49005.0,0.0,0.0,2024-10-28,0
LOAN0005323,CUST006147,BNPL,1,210.0,7.0,44280.12,0.0,0.0,2024-04-12,1
LOAN0005324,CUST000305,Personal Loan,0,,,513128.0,0.0,0.0,2025-01-09,0
LOAN0005325,CUST005047,Personal Loan,0,,,599702.32,0.0,0.0,2025-02-02,0
LOAN0005326,CUST008058,SME Loan,0,,,583022.88,0.0,0.0,2025-01-20,0
LOAN0005327,CUST005505,Personal Loan,0,,,70069.32,0.0,0.0,2024-07-27,0
LOAN0005328,CUST002697,SME Loan,0,,,668983.56,0.0,0.0,2026-04-30,0
LOAN0005329,CUST007875,BNPL,1,240.0,8.0,10642.8,0.0,0.0,2023-09-25,1
LOAN0005330,CUST002698,Personal Loan,0,,,410452.02,0.0,0.0,2025-12-18,0
LOAN0005331,CUST007348,BNPL,0,,,35917.11,0.0,0.0,2024-01-03,0
LOAN0005332,CUST006115,Personal Loan,0,,,421067.0,0.0,0.0,2024-06-18,0
LOAN0005333,CUST001710,Personal Loan,1,210.0,7.0,56477.22,21887.78,3257.81,2024-06-21,1
LOAN0005334,CUST009062,Personal Loan,0,,,574160.58,0.0,0.0,2025-04-02,0
LOAN0005335,CUST002010,Personal Loan,0,,,411837.0,0.0,0.0,2025-08-28,0
LOAN0005336,CUST009893,Education Loan,0,,,448115.0,0.0,0.0,2026-06-20,0
LOAN0005337,CUST000077,SME Loan,0,,,222491.43,0.0,0.0,2025-05-03,0
LOAN0005338,CUST002638,SME Loan,0,,,429839.41,0.0,0.0,2023-07-06,0
LOAN0005339,CUST002003,SME Loan,0,,,120161.12,0.0,0.0,2025-02-05,0
LOAN0005340,CUST000147,BNPL,1,240.0,8.0,40970.28,0.0,0.0,2024-07-18,1
LOAN0005341,CUST007343,Personal Loan,0,,,232148.4,0.0,0.0,2025-10-14,0
LOAN0005342,CUST006955,Education Loan,0,,,993837.24,0.0,0.0,2025-02-28,0
LOAN0005343,CUST007938,BNPL,0,,,32450.24,0.0,0.0,2024-01-04,0
LOAN0005344,CUST002572,SME Loan,0,,,130075.27,0.0,0.0,2024-05-28,0
LOAN0005345,CUST004445,Personal Loan,0,,,75806.4,0.0,0.0,2025-12-16,0
LOAN0005346,CUST006600,BNPL,0,,,47882.61,0.0,0.0,2024-02-20,0
LOAN0005347,CUST004399,Personal Loan,0,,,551476.08,0.0,0.0,2026-09-18,0
LOAN0005348,CUST006993,BNPL,0,,,11177.49,0.0,0.0,2023-12-20,0
LOAN0005349,CUST006349,BNPL,0,,,15233.16,0.0,0.0,2024-06-12,0
LOAN0005350,CUST001159,Education Loan,0,,,443428.72,0.0,0.0,2025-12-12,0
LOAN0005351,CUST007823,Personal Loan,1,150.0,5.0,11701.76,53516.24,18080.17,2024-02-05,1
LOAN0005352,CUST007220,SME Loan,0,,,569134.02,0.0,0.0,2025-11-05,0
LOAN0005353,CUST006568,Personal Loan,0,,,251491.24,0.0,0.0,2024-08-28,0
LOAN0005354,CUST001562,Personal Loan,0,,,377808.0,0.0,0.0,2025-04-14,0
LOAN0005355,CUST002682,Education Loan,0,,,613359.45,0.0,0.0,2027-07-23,0
LOAN0005356,CUST003936,Personal Loan,1,90.0,3.0,6467.38,43400.62,10494.78,2024-01-25,1
LOAN0005357,CUST002803,SME Loan,0,,,582366.78,0.0,0.0,2026-02-11,0
LOAN0005358,CUST002282,Personal Loan,1,240.0,8.0,394106.86,21588.14,7863.06,2023-10-15,1
LOAN0005359,CUST008069,Personal Loan,0,,,583157.12,0.0,0.0,2026-06-20,0
LOAN0005360,CUST006390,BNPL,1,60.0,2.0,12986.65,25797.35,8862.64,2023-09-26,1
LOAN0005361,CUST005664,Personal Loan,0,,,464031.5,0.0,0.0,2025-03-26,0
LOAN0005362,CUST002266,Personal Loan,1,60.0,2.0,2543.27,64232.73,16793.07,2023-04-30,1
LOAN0005363,CUST009185,Personal Loan,0,,,138613.26,0.0,0.0,2024-05-09,0
LOAN0005364,CUST001920,Personal Loan,1,240.0,8.0,519465.24,0.0,0.0,2023-10-26,1
LOAN0005365,CUST007964,Personal Loan,0,,,446590.76,0.0,0.0,2026-01-07,0
LOAN0005366,CUST009669,Personal Loan,0,,,374653.89,0.0,0.0,2026-03-11,0
LOAN0005367,CUST007288,Personal Loan,0,,,583656.24,0.0,0.0,2026-09-19,0
LOAN0005368,CUST009927,Personal Loan,0,,,527339.4,0.0,0.0,2025-02-10,0
LOAN0005369,CUST006518,SME Loan,0,,,187838.19,0.0,0.0,2025-06-12,0
LOAN0005370,CUST002179,Personal Loan,0,,,436445.44,0.0,0.0,2025-05-24,0
LOAN0005371,CUST002044,Personal Loan,0,,,572206.7,0.0,0.0,2024-06-29,0
LOAN0005372,CUST003247,SME Loan,0,,,379895.6,0.0,0.0,2023-06-09,0
LOAN0005373,CUST000076,Personal Loan,0,,,602997.0,0.0,0.0,2025-05-18,0
LOAN0005374,CUST006832,Personal Loan,0,,,165045.33,0.0,0.0,2026-02-10,0
LOAN0005375,CUST002689,Personal Loan,0,,,192936.0,0.0,0.0,2025-12-29,0
LOAN0005376,CUST008165,BNPL,0,,,29785.53,0.0,0.0,2024-03-04,0
LOAN0005377,CUST003593,BNPL,0,,,37315.5,0.0,0.0,2024-03-01,0
LOAN0005378,CUST004803,SME Loan,0,,,459240.48,0.0,0.0,2025-02-10,0
LOAN0005379,CUST009658,Personal Loan,0,,,126919.65,0.0,0.0,2025-12-29,0
LOAN0005380,CUST002424,SME Loan,0,,,732523.05,0.0,0.0,2025-01-01,0
LOAN0005381,CUST007228,BNPL,0,,,24687.18,0.0,0.0,2024-01-02,0
LOAN0005382,CUST007562,Personal Loan,0,,,251354.04,0.0,0.0,2024-12-08,0
LOAN0005383,CUST002216,Personal Loan,0,,,137334.68,0.0,0.0,2024-05-21,0
LOAN0005384,CUST005019,BNPL,1,180.0,6.0,16179.2,9163.8,993.13,2023-04-01,1
LOAN0005385,CUST003497,Education Loan,0,,,1027932.0,0.0,0.0,2025-08-11,0
LOAN0005386,CUST007728,BNPL,1,210.0,7.0,26931.36,0.0,0.0,2024-02-22,1
LOAN0005387,CUST006238,Personal Loan,1,210.0,7.0,126550.44,80292.56,18449.0,2024-01-14,1
LOAN0005388,CUST004758,Personal Loan,0,,,192028.61,0.0,0.0,2025-10-26,0
LOAN0005389,CUST007805,Personal Loan,0,,,339691.8,0.0,0.0,2025-08-19,0
LOAN0005390,CUST002357,SME Loan,0,,,688027.23,0.0,0.0,2025-05-03,0
LOAN0005391,CUST007550,Personal Loan,0,,,489221.88,0.0,0.0,2026-05-09,0
LOAN0005392,CUST008665,BNPL,0,,,35949.04,0.0,0.0,2024-02-28,0
LOAN0005393,CUST008798,Personal Loan,0,,,415608.48,0.0,0.0,2024-08-11,0
LOAN0005394,CUST007848,BNPL,1,210.0,7.0,44272.02,0.0,0.0,2024-01-06,1
LOAN0005395,CUST004088,Personal Loan,0,,,448693.84,0.0,0.0,2024-04-08,0
LOAN0005396,CUST009817,Personal Loan,0,,,349677.2,0.0,0.0,2024-07-04,0
LOAN0005397,CUST003801,Personal Loan,0,,,450199.36,0.0,0.0,2025-05-20,0
LOAN0005398,CUST006393,Personal Loan,0,,,437431.11,0.0,0.0,2025-07-10,0
LOAN0005399,CUST001620,SME Loan,0,,,611647.26,0.0,0.0,2024-03-22,0
LOAN0005400,CUST009804,Personal Loan,0,,,122031.28,0.0,0.0,2023-06-12,0
LOAN0005401,CUST007058,Personal Loan,0,,,487139.12,0.0,0.0,2026-02-28,0
LOAN0005402,CUST007547,SME Loan,0,,,61724.5,0.0,0.0,2025-08-03,0
LOAN0005403,CUST000663,Personal Loan,0,,,22949.52,0.0,0.0,2024-02-14,0
LOAN0005404,CUST007646,SME Loan,0,,,670302.36,0.0,0.0,2024-10-17,0
LOAN0005405,CUST007756,Personal Loan,0,,,290075.03,0.0,0.0,2024-04-15,0
LOAN0005406,CUST006725,BNPL,0,,,11040.0,0.0,0.0,2023-10-28,0
LOAN0005407,CUST002924,Personal Loan,0,,,146803.94,0.0,0.0,2025-01-13,0
LOAN0005408,CUST004908,Personal Loan,0,,,456119.28,0.0,0.0,2025-05-22,0
LOAN0005409,CUST001117,Personal Loan,0,,,230847.4,0.0,0.0,2025-01-22,0
LOAN0005410,CUST004712,Personal Loan,0,,,559921.89,0.0,0.0,2026-08-25,0
LOAN0005411,CUST002442,BNPL,0,,,52421.7,0.0,0.0,2024-10-25,0
LOAN0005412,CUST003486,Personal Loan,0,,,601199.28,0.0,0.0,2025-10-01,0
LOAN0005413,CUST001635,SME Loan,0,,,119282.1,0.0,0.0,2024-12-13,0
LOAN0005414,CUST002308,SME Loan,0,,,598398.8,0.0,0.0,2024-06-30,0
LOAN0005415,CUST000775,Personal Loan,0,,,49706.64,0.0,0.0,2026-12-01,0
LOAN0005416,CUST009203,Personal Loan,1,90.0,3.0,126502.9,349755.1,99416.93,2024-03-21,1
LOAN0005417,CUST005308,Personal Loan,0,,,393324.64,0.0,0.0,2024-08-19,0
LOAN0005418,CUST003973,Personal Loan,0,,,61707.8,0.0,0.0,2024-11-30,0
LOAN0005419,CUST005358,SME Loan,0,,,549320.64,0.0,0.0,2024-03-20,0
LOAN0005420,CUST006297,BNPL,0,,,20686.4,0.0,0.0,2024-10-29,0
LOAN0005421,CUST009223,BNPL,0,,,17555.4,0.0,0.0,2024-07-11,0
LOAN0005422,CUST001796,Personal Loan,0,,,531513.33,0.0,0.0,2025-03-23,0
LOAN0005423,CUST002957,Personal Loan,0,,,237737.52,0.0,0.0,2026-12-26,0
LOAN0005424,CUST009760,BNPL,0,,,42821.28,0.0,0.0,2023-05-19,0
LOAN0005425,CUST003714,SME Loan,0,,,95302.46,0.0,0.0,2024-12-13,0
LOAN0005426,CUST000233,Personal Loan,0,,,99011.85,0.0,0.0,2026-11-20,0
LOAN0005427,CUST001489,Personal Loan,1,150.0,5.0,64764.56,290310.44,98725.68,2024-04-12,1
LOAN0005428,CUST000273,Education Loan,0,,,349615.92,0.0,0.0,2023-12-19,0
LOAN0005429,CUST009896,Personal Loan,0,,,432235.54,0.0,0.0,2025-06-12,0
LOAN0005430,CUST002793,SME Loan,0,,,329543.75,0.0,0.0,2026-01-23,0
LOAN0005431,CUST009239,Personal Loan,1,90.0,3.0,50588.68,308684.32,56806.56,2023-10-04,1
LOAN0005432,CUST009959,SME Loan,1,60.0,2.0,47603.52,458172.48,97013.94,2023-05-29,1
LOAN0005433,CUST006011,Education Loan,0,,,176160.8,0.0,0.0,2024-08-28,0
LOAN0005434,CUST000339,Personal Loan,1,180.0,6.0,85993.85,321779.15,117017.9,2023-06-10,1
LOAN0005435,CUST000824,Personal Loan,1,60.0,2.0,13482.17,167965.83,19412.47,2022-12-22,1
LOAN0005436,CUST004823,Personal Loan,0,,,131399.8,0.0,0.0,2026-04-29,0
LOAN0005437,CUST004071,BNPL,0,,,17551.9,0.0,0.0,2024-01-10,0
LOAN0005438,CUST006074,BNPL,1,60.0,2.0,11518.75,22258.25,7964.45,2024-01-04,1
LOAN0005439,CUST004387,SME Loan,0,,,387524.16,0.0,0.0,2026-08-25,0
LOAN0005440,CUST009342,BNPL,1,210.0,7.0,9808.6,0.0,0.0,2024-07-05,1
LOAN0005441,CUST005355,BNPL,0,,,34246.88,0.0,0.0,2023-05-22,0
LOAN0005442,CUST006958,Personal Loan,0,,,19025.32,0.0,0.0,2025-12-30,0
LOAN0005443,CUST008975,BNPL,1,240.0,8.0,9465.89,0.0,0.0,2023-10-15,1
LOAN0005444,CUST001482,Personal Loan,1,60.0,2.0,16368.71,228344.29,85393.67,2023-03-03,1
LOAN0005445,CUST002304,Personal Loan,0,,,280609.77,0.0,0.0,2025-04-26,0
LOAN0005446,CUST001085,SME Loan,0,,,653654.2,0.0,0.0,2025-05-01,0
LOAN0005447,CUST001409,Personal Loan,0,,,427357.0,0.0,0.0,2024-04-19,0
LOAN0005448,CUST005132,Personal Loan,0,,,501102.2,0.0,0.0,2025-02-27,0
LOAN0005449,CUST003213,Personal Loan,1,120.0,4.0,48695.13,81487.87,31034.85,2024-03-31,1
LOAN0005450,CUST004237,BNPL,0,,,60535.4,0.0,0.0,2023-12-27,0
LOAN0005451,CUST009822,SME Loan,1,240.0,8.0,201255.67,177433.33,58966.1,2024-08-16,1
LOAN0005452,CUST001578,Personal Loan,0,,,492605.78,0.0,0.0,2025-01-16,0
LOAN0005453,CUST005414,Personal Loan,0,,,482674.92,0.0,0.0,2024-02-20,0
LOAN0005454,CUST000997,SME Loan,0,,,430569.24,0.0,0.0,2024-12-04,0
LOAN0005455,CUST003187,Personal Loan,0,,,326217.6,0.0,0.0,2024-11-12,0
LOAN0005456,CUST005280,Personal Loan,0,,,13279.52,0.0,0.0,2024-07-11,0
LOAN0005457,CUST009469,Personal Loan,0,,,12301.98,0.0,0.0,2024-05-22,0
LOAN0005458,CUST003916,BNPL,0,,,14172.03,0.0,0.0,2024-01-08,0
LOAN0005459,CUST000655,BNPL,1,240.0,8.0,2558.5,908.5,179.08,2024-04-23,1
LOAN0005460,CUST003887,SME Loan,0,,,254938.2,0.0,0.0,2024-03-13,0
LOAN0005461,CUST001472,Personal Loan,0,,,84822.92,0.0,0.0,2024-03-21,0
LOAN0005462,CUST002307,BNPL,0,,,49067.97,0.0,0.0,2024-03-18,0
LOAN0005463,CUST006196,Personal Loan,0,,,526118.76,0.0,0.0,2024-03-12,0
LOAN0005464,CUST000683,Personal Loan,1,150.0,5.0,42503.8,181058.2,63399.47,2024-03-24,1
LOAN0005465,CUST004646,SME Loan,0,,,674980.67,0.0,0.0,2025-05-14,0
LOAN0005466,CUST006107,BNPL,0,,,26146.98,0.0,0.0,2024-06-23,0
LOAN0005467,CUST004225,Personal Loan,0,,,533878.71,0.0,0.0,2023-11-18,0
LOAN0005468,CUST000201,Personal Loan,0,,,434593.95,0.0,0.0,2025-01-27,0
LOAN0005469,CUST009851,BNPL,0,,,38963.76,0.0,0.0,2024-08-15,0
LOAN0005470,CUST003672,Personal Loan,0,,,510608.0,0.0,0.0,2026-02-06,0
LOAN0005471,CUST007795,BNPL,0,,,6226.88,0.0,0.0,2024-08-17,0
LOAN0005472,CUST003257,Personal Loan,0,,,497355.84,0.0,0.0,2025-04-22,0
LOAN0005473,CUST004749,BNPL,1,180.0,6.0,15056.0,5468.0,1409.84,2024-03-07,1
LOAN0005474,CUST003889,Personal Loan,0,,,124246.08,0.0,0.0,2025-06-17,0
LOAN0005475,CUST003426,Personal Loan,0,,,336357.14,0.0,0.0,2025-01-18,0
LOAN0005476,CUST000228,BNPL,0,,,31630.8,0.0,0.0,2023-08-19,0
LOAN0005477,CUST003600,SME Loan,0,,,408251.1,0.0,0.0,2025-09-21,0
LOAN0005478,CUST008907,Personal Loan,0,,,213717.92,0.0,0.0,2026-02-28,0
LOAN0005479,CUST006925,Personal Loan,1,150.0,5.0,58698.36,209468.64,48303.5,2024-03-28,1
LOAN0005480,CUST001469,Education Loan,0,,,720726.44,0.0,0.0,2025-09-21,0
LOAN0005481,CUST005921,Personal Loan,0,,,312532.22,0.0,0.0,2026-02-13,0
LOAN0005482,CUST008933,Personal Loan,1,210.0,7.0,313806.78,105928.22,12005.42,2023-09-07,1
LOAN0005483,CUST007021,BNPL,0,,,40585.28,0.0,0.0,2024-01-22,0
LOAN0005484,CUST001498,Personal Loan,0,,,512226.75,0.0,0.0,2026-01-14,0
LOAN0005485,CUST008691,Personal Loan,1,120.0,4.0,27448.44,154221.56,42340.87,2024-04-02,1
LOAN0005486,CUST003018,Personal Loan,0,,,78113.75,0.0,0.0,2025-03-04,0
LOAN0005487,CUST004537,Personal Loan,0,,,538644.96,0.0,0.0,2025-05-20,0
LOAN0005488,CUST005264,Personal Loan,0,,,586149.81,0.0,0.0,2025-03-09,0
LOAN0005489,CUST008521,SME Loan,1,240.0,8.0,77657.44,20814.56,5331.27,2024-07-21,1
LOAN0005490,CUST009319,Personal Loan,1,60.0,2.0,14101.9,242103.1,43607.21,2023-11-14,1
LOAN0005491,CUST009299,SME Loan,1,180.0,6.0,61294.0,128853.0,17371.5,2023-06-25,1
LOAN0005492,CUST000084,BNPL,0,,,36261.6,0.0,0.0,2024-02-29,0
LOAN0005493,CUST009223,Personal Loan,0,,,179233.71,0.0,0.0,2025-06-03,0
LOAN0005494,CUST000551,Personal Loan,0,,,269168.8,0.0,0.0,2024-01-03,0
LOAN0005495,CUST002660,Personal Loan,0,,,532012.48,0.0,0.0,2024-07-13,0
LOAN0005496,CUST005156,BNPL,0,,,60622.5,0.0,0.0,2024-10-18,0
LOAN0005497,CUST004803,SME Loan,0,,,426955.2,0.0,0.0,2025-02-07,0
LOAN0005498,CUST006058,BNPL,0,,,51305.24,0.0,0.0,2024-06-29,0
LOAN0005499,CUST004798,SME Loan,0,,,395688.03,0.0,0.0,2025-08-13,0
LOAN0005500,CUST009344,Personal Loan,0,,,716504.25,0.0,0.0,2026-10-18,0
LOAN0005501,CUST002408,Personal Loan,0,,,407751.0,0.0,0.0,2026-06-20,0
LOAN0005502,CUST002742,BNPL,0,,,55773.04,0.0,0.0,2023-04-12,0
LOAN0005503,CUST009210,SME Loan,0,,,434768.54,0.0,0.0,2025-06-23,0
LOAN0005504,CUST000777,Personal Loan,0,,,168119.7,0.0,0.0,2026-06-23,0
LOAN0005505,CUST006108,SME Loan,0,,,457315.56,0.0,0.0,2025-06-16,0
LOAN0005506,CUST006832,BNPL,0,,,45080.28,0.0,0.0,2023-10-27,0
LOAN0005507,CUST005061,SME Loan,0,,,474281.8,0.0,0.0,2025-05-29,0
LOAN0005508,CUST006962,Personal Loan,0,,,482850.55,0.0,0.0,2024-01-08,0
LOAN0005509,CUST001739,Personal Loan,1,210.0,7.0,96590.34,187629.66,40531.94,2024-04-11,1
LOAN0005510,CUST008540,Education Loan,0,,,1016948.16,0.0,0.0,2025-10-18,0
LOAN0005511,CUST001415,BNPL,0,,,5338.3,0.0,0.0,2024-08-29,0
LOAN0005512,CUST004015,BNPL,0,,,17971.56,0.0,0.0,2024-09-17,0
LOAN0005513,CUST000761,Personal Loan,0,,,318806.28,0.0,0.0,2025-11-22,0
LOAN0005514,CUST005458,BNPL,0,,,36946.2,0.0,0.0,2023-12-20,0
LOAN0005515,CUST006704,BNPL,0,,,25509.0,0.0,0.0,2024-10-11,0
LOAN0005516,CUST009414,Personal Loan,1,150.0,5.0,87349.84,315872.16,71375.18,2024-04-01,1
LOAN0005517,CUST007410,Personal Loan,1,60.0,2.0,2980.71,39306.29,15093.36,2022-05-02,1
LOAN0005518,CUST005417,Personal Loan,0,,,64923.88,0.0,0.0,2025-08-27,0
LOAN0005519,CUST009328,BNPL,0,,,30394.88,0.0,0.0,2023-12-13,0
LOAN0005520,CUST004786,Personal Loan,0,,,518231.36,0.0,0.0,2025-02-28,0
LOAN0005521,CUST005619,BNPL,0,,,25938.15,0.0,0.0,2024-03-14,0
LOAN0005522,CUST005973,Education Loan,0,,,1071426.56,0.0,0.0,2026-05-03,0
LOAN0005523,CUST004108,SME Loan,0,,,392371.33,0.0,0.0,2024-02-29,0
LOAN0005524,CUST008395,Personal Loan,0,,,228760.74,0.0,0.0,2024-12-10,0
LOAN0005525,CUST001861,Personal Loan,0,,,457966.41,0.0,0.0,2026-04-19,0
LOAN0005526,CUST005556,Personal Loan,0,,,54494.18,0.0,0.0,2024-10-27,0
LOAN0005527,CUST007237,Personal Loan,0,,,500109.93,0.0,0.0,2025-04-03,0
LOAN0005528,CUST009049,SME Loan,0,,,253089.98,0.0,0.0,2025-09-01,0
LOAN0005529,CUST008852,BNPL,1,180.0,6.0,4198.55,0.0,0.0,2023-02-01,1
LOAN0005530,CUST005094,Personal Loan,0,,,206615.97,0.0,0.0,2026-06-17,0
LOAN0005531,CUST006439,Personal Loan,0,,,689732.95,0.0,0.0,2025-08-03,0
LOAN0005532,CUST003947,SME Loan,0,,,452862.96,0.0,0.0,2023-05-09,0
LOAN0005533,CUST004680,Personal Loan,0,,,102262.0,0.0,0.0,2024-08-24,0
LOAN0005534,CUST009073,BNPL,1,240.0,8.0,41091.81,0.0,0.0,2023-09-01,1
LOAN0005535,CUST009310,Personal Loan,0,,,412125.3,0.0,0.0,2026-03-19,0
LOAN0005536,CUST008965,Personal Loan,1,60.0,2.0,3276.12,47384.88,9513.07,2023-09-11,1
LOAN0005537,CUST001397,BNPL,0,,,8435.34,0.0,0.0,2024-01-15,0
LOAN0005538,CUST008516,BNPL,0,,,36363.24,0.0,0.0,2024-04-28,0
LOAN0005539,CUST009489,Personal Loan,0,,,547994.88,0.0,0.0,2024-06-22,0
LOAN0005540,CUST003613,BNPL,1,240.0,8.0,50738.2,0.0,0.0,2024-08-17,1
LOAN0005541,CUST005193,Personal Loan,0,,,76717.68,0.0,0.0,2024-08-05,0
LOAN0005542,CUST007801,Personal Loan,0,,,472864.56,0.0,0.0,2025-12-12,0
LOAN0005543,CUST005629,BNPL,0,,,16424.64,0.0,0.0,2023-04-01,0
LOAN0005544,CUST009935,SME Loan,0,,,194409.6,0.0,0.0,2024-10-17,0
LOAN0005545,CUST004554,Education Loan,1,90.0,3.0,77644.04,584964.96,231590.86,2024-02-12,1
LOAN0005546,CUST007158,Personal Loan,0,,,585681.6,0.0,0.0,2026-07-18,0
LOAN0005547,CUST007939,Personal Loan,1,150.0,5.0,69746.28,289804.72,113396.44,2024-02-04,1
LOAN0005548,CUST004951,Personal Loan,0,,,50540.76,0.0,0.0,2026-10-26,0
LOAN0005549,CUST008582,SME Loan,0,,,98747.1,0.0,0.0,2025-04-16,0
LOAN0005550,CUST005470,SME Loan,0,,,688783.2,0.0,0.0,2025-01-08,0
LOAN0005551,CUST004125,SME Loan,0,,,530088.6,0.0,0.0,2024-09-15,0
LOAN0005552,CUST001090,BNPL,1,120.0,4.0,15997.92,15968.08,2553.14,2023-08-21,1
LOAN0005553,CUST003938,Personal Loan,0,,,595865.6,0.0,0.0,2025-06-15,0
LOAN0005554,CUST007357,Personal Loan,0,,,125242.92,0.0,0.0,2026-02-06,0
LOAN0005555,CUST009217,BNPL,1,180.0,6.0,21210.65,15043.35,2747.15,2023-06-20,1
LOAN0005556,CUST002519,SME Loan,0,,,547026.36,0.0,0.0,2024-09-20,0
LOAN0005557,CUST003555,BNPL,0,,,34998.42,0.0,0.0,2024-03-07,0
LOAN0005558,CUST001550,SME Loan,0,,,759577.99,0.0,0.0,2025-04-09,0
LOAN0005559,CUST006928,BNPL,0,,,15783.9,0.0,0.0,2023-10-12,0
LOAN0005560,CUST009604,Personal Loan,0,,,532490.1,0.0,0.0,2026-03-27,0
LOAN0005561,CUST006418,SME Loan,1,120.0,4.0,90976.65,451176.35,159034.5,2024-03-07,1
LOAN0005562,CUST006186,Education Loan,1,150.0,5.0,40573.2,189557.8,57450.09,2024-04-14,1
LOAN0005563,CUST005540,Personal Loan,0,,,301306.3,0.0,0.0,2026-10-25,0
LOAN0005564,CUST000893,Education Loan,0,,,510378.24,0.0,0.0,2027-04-04,0
LOAN0005565,CUST007314,BNPL,0,,,48067.83,0.0,0.0,2024-05-26,0
LOAN0005566,CUST006033,SME Loan,1,240.0,8.0,116555.74,124460.26,49234.84,2024-02-13,1
LOAN0005567,CUST006623,Personal Loan,0,,,270991.82,0.0,0.0,2024-08-06,0
LOAN0005568,CUST008996,Personal Loan,0,,,291197.5,0.0,0.0,2025-06-18,0
LOAN0005569,CUST007851,Personal Loan,0,,,170881.38,0.0,0.0,2026-03-31,0
LOAN0005570,CUST007822,Personal Loan,0,,,149862.88,0.0,0.0,2025-02-17,0
LOAN0005571,CUST009275,Personal Loan,0,,,229212.02,0.0,0.0,2026-08-16,0
LOAN0005572,CUST009896,Personal Loan,0,,,320332.48,0.0,0.0,2025-10-20,0
LOAN0005573,CUST005828,Personal Loan,0,,,267485.26,0.0,0.0,2024-05-10,0
LOAN0005574,CUST001100,Personal Loan,0,,,471501.45,0.0,0.0,2025-04-27,0
LOAN0005575,CUST004588,Personal Loan,1,150.0,5.0,70525.56,332148.44,132690.65,2023-11-14,1
LOAN0005576,CUST007889,BNPL,0,,,24828.36,0.0,0.0,2024-04-08,0
LOAN0005577,CUST000285,SME Loan,1,240.0,8.0,122602.69,193654.31,62224.74,2023-10-25,1
LOAN0005578,CUST000574,Personal Loan,0,,,533062.64,0.0,0.0,2024-10-30,0
LOAN0005579,CUST000679,SME Loan,0,,,372518.79,0.0,0.0,2025-04-30,0
LOAN0005580,CUST007330,BNPL,1,210.0,7.0,51164.64,8210.36,1510.1,2023-02-09,1
LOAN0005581,CUST005020,Education Loan,0,,,276748.25,0.0,0.0,2025-05-05,0
LOAN0005582,CUST003689,Personal Loan,0,,,238193.82,0.0,0.0,2023-07-27,0
LOAN0005583,CUST001066,SME Loan,0,,,564341.26,0.0,0.0,2024-11-25,0
LOAN0005584,CUST007342,BNPL,0,,,56613.36,0.0,0.0,2024-05-10,0
LOAN0005585,CUST003212,Personal Loan,1,240.0,8.0,122482.22,320798.78,58885.86,2024-06-26,1
LOAN0005586,CUST002655,SME Loan,0,,,101614.3,0.0,0.0,2024-10-19,0
LOAN0005587,CUST006533,SME Loan,0,,,154715.52,0.0,0.0,2026-02-18,0
LOAN0005588,CUST005597,Personal Loan,0,,,31616.0,0.0,0.0,2024-12-01,0
LOAN0005589,CUST003625,BNPL,0,,,41210.1,0.0,0.0,2024-02-27,0
LOAN0005590,CUST006422,BNPL,0,,,40924.76,0.0,0.0,2024-04-12,0
LOAN0005591,CUST002714,Personal Loan,0,,,445529.0,0.0,0.0,2025-07-30,0
LOAN0005592,CUST007963,Personal Loan,0,,,110604.6,0.0,0.0,2025-06-30,0
LOAN0005593,CUST002300,Personal Loan,0,,,585204.6,0.0,0.0,2026-05-21,0
LOAN0005594,CUST001597,BNPL,0,,,57408.7,0.0,0.0,2023-12-24,0
LOAN0005595,CUST007837,Personal Loan,0,,,52555.72,0.0,0.0,2026-03-17,0
LOAN0005596,CUST007095,Personal Loan,0,,,529034.22,0.0,0.0,2024-10-16,0
LOAN0005597,CUST001835,Education Loan,0,,,669383.15,0.0,0.0,2026-05-10,0
LOAN0005598,CUST001176,BNPL,0,,,43725.76,0.0,0.0,2024-04-22,0
LOAN0005599,CUST008395,Personal Loan,0,,,452671.92,0.0,0.0,2024-09-05,0
LOAN0005600,CUST007773,Personal Loan,0,,,426468.63,0.0,0.0,2024-05-13,0
LOAN0005601,CUST003272,Personal Loan,0,,,321615.36,0.0,0.0,2024-07-24,0
LOAN0005602,CUST006590,BNPL,0,,,44237.76,0.0,0.0,2024-01-02,0
LOAN0005603,CUST001255,Personal Loan,0,,,225790.98,0.0,0.0,2026-03-03,0
LOAN0005604,CUST005076,BNPL,0,,,10990.0,0.0,0.0,2024-04-20,0
LOAN0005605,CUST000197,SME Loan,0,,,208868.66,0.0,0.0,2025-12-07,0
LOAN0005606,CUST003920,Education Loan,0,,,354758.16,0.0,0.0,2026-04-18,0
LOAN0005607,CUST000757,Personal Loan,0,,,265680.15,0.0,0.0,2024-11-30,0
LOAN0005608,CUST004750,Education Loan,1,90.0,3.0,36077.22,692010.78,102068.15,2024-01-27,1
LOAN0005609,CUST004223,Education Loan,0,,,1061828.04,0.0,0.0,2025-05-10,0
LOAN0005610,CUST004445,Personal Loan,0,,,307539.26,0.0,0.0,2023-11-09,0
LOAN0005611,CUST000459,Personal Loan,0,,,342876.1,0.0,0.0,2025-02-28,0
LOAN0005612,CUST003617,BNPL,1,210.0,7.0,7238.52,3418.48,413.85,2023-06-20,1
LOAN0005613,CUST007576,Personal Loan,0,,,558088.18,0.0,0.0,2026-02-26,0
LOAN0005614,CUST003690,BNPL,0,,,8928.01,0.0,0.0,2024-05-19,0
LOAN0005615,CUST007168,Personal Loan,0,,,660424.16,0.0,0.0,2026-09-24,0
LOAN0005616,CUST003696,Personal Loan,1,120.0,4.0,49060.08,301506.92,98723.22,2024-03-26,1
LOAN0005617,CUST004238,SME Loan,1,180.0,6.0,61428.5,222078.5,53176.66,2023-08-14,1
LOAN0005618,CUST005648,Personal Loan,1,210.0,7.0,130013.1,26912.9,8864.46,2024-07-19,1
LOAN0005619,CUST009511,Personal Loan,0,,,31851.0,0.0,0.0,2024-11-22,0
LOAN0005620,CUST001100,Personal Loan,0,,,335123.8,0.0,0.0,2025-10-23,0
LOAN0005621,CUST000336,BNPL,0,,,47743.3,0.0,0.0,2023-10-04,0
LOAN0005622,CUST006091,BNPL,1,150.0,5.0,11150.28,10177.72,3992.68,2024-04-17,1
LOAN0005623,CUST009496,SME Loan,1,90.0,3.0,56236.46,454570.54,95900.37,2024-03-12,1
LOAN0005624,CUST009894,Personal Loan,0,,,253345.86,0.0,0.0,2025-07-24,0
LOAN0005625,CUST004848,Personal Loan,0,,,252972.51,0.0,0.0,2024-11-13,0
LOAN0005626,CUST004679,Personal Loan,0,,,383362.56,0.0,0.0,2024-08-18,0
LOAN0005627,CUST006457,BNPL,0,,,20837.1,0.0,0.0,2023-11-03,0
LOAN0005628,CUST005564,BNPL,1,180.0,6.0,23450.0,20621.0,3986.3,2023-10-22,1
LOAN0005629,CUST006350,Personal Loan,0,,,233562.6,0.0,0.0,2025-12-29,0
LOAN0005630,CUST008751,BNPL,0,,,49798.16,0.0,0.0,2024-02-29,0
LOAN0005631,CUST007477,SME Loan,0,,,671953.8,0.0,0.0,2026-02-05,0
LOAN0005632,CUST004976,Personal Loan,0,,,261254.73,0.0,0.0,2024-11-10,0
LOAN0005633,CUST004615,SME Loan,0,,,624846.96,0.0,0.0,2023-02-16,0
LOAN0005634,CUST006403,Personal Loan,0,,,23187.36,0.0,0.0,2026-02-22,0
LOAN0005635,CUST004554,Education Loan,1,90.0,3.0,120741.12,735330.88,234312.15,2024-03-16,1
LOAN0005636,CUST004575,Personal Loan,0,,,388533.44,0.0,0.0,2025-04-03,0
LOAN0005637,CUST000171,SME Loan,0,,,508165.35,0.0,0.0,2025-07-20,0
LOAN0005638,CUST001751,Personal Loan,0,,,89424.42,0.0,0.0,2023-08-17,0
LOAN0005639,CUST004894,BNPL,0,,,21149.6,0.0,0.0,2023-06-10,0
LOAN0005640,CUST008240,BNPL,0,,,57079.14,0.0,0.0,2024-03-29,0
LOAN0005641,CUST002791,Personal Loan,0,,,654371.12,0.0,0.0,2025-09-29,0
LOAN0005642,CUST005232,Personal Loan,1,60.0,2.0,22309.56,143822.44,52707.5,2022-08-23,1
LOAN0005643,CUST003448,BNPL,0,,,9639.58,0.0,0.0,2023-08-22,0
LOAN0005644,CUST001059,BNPL,0,,,35478.87,0.0,0.0,2022-08-12,0
LOAN0005645,CUST009586,Education Loan,0,,,206502.15,0.0,0.0,2024-12-01,0
LOAN0005646,CUST008558,BNPL,1,60.0,2.0,3702.34,24911.66,5610.6,2023-11-28,1
LOAN0005647,CUST000793,Personal Loan,0,,,446324.2,0.0,0.0,2025-02-11,0
LOAN0005648,CUST007211,BNPL,0,,,50935.3,0.0,0.0,2023-12-16,0
LOAN0005649,CUST003472,SME Loan,0,,,166487.52,0.0,0.0,2024-08-31,0
LOAN0005650,CUST009950,BNPL,0,,,53543.4,0.0,0.0,2024-01-17,0
LOAN0005651,CUST003026,Personal Loan,0,,,570869.1,0.0,0.0,2025-04-17,0
LOAN0005652,CUST002390,SME Loan,0,,,244962.9,0.0,0.0,2026-04-13,0
LOAN0005653,CUST005688,Personal Loan,0,,,78481.83,0.0,0.0,2026-03-02,0
LOAN0005654,CUST008365,SME Loan,0,,,674502.85,0.0,0.0,2024-12-02,0
LOAN0005655,CUST001931,Personal Loan,0,,,73281.9,0.0,0.0,2026-04-12,0
LOAN0005656,CUST007112,SME Loan,1,210.0,7.0,192317.04,264549.96,95957.92,2023-12-24,1
LOAN0005657,CUST000623,Personal Loan,0,,,121401.13,0.0,0.0,2025-10-07,0
LOAN0005658,CUST009194,BNPL,0,,,61463.58,0.0,0.0,2024-06-19,0
LOAN0005659,CUST000818,Personal Loan,0,,,692187.48,0.0,0.0,2026-06-26,0
LOAN0005660,CUST009147,BNPL,1,240.0,8.0,8097.51,0.0,0.0,2024-03-13,1
LOAN0005661,CUST004919,Personal Loan,0,,,311929.2,0.0,0.0,2024-06-27,0
LOAN0005662,CUST004481,Personal Loan,0,,,74578.56,0.0,0.0,2026-01-16,0
LOAN0005663,CUST009734,SME Loan,0,,,183369.28,0.0,0.0,2024-08-12,0
LOAN0005664,CUST009901,SME Loan,0,,,398443.04,0.0,0.0,2024-08-29,0
LOAN0005665,CUST006510,BNPL,0,,,37641.52,0.0,0.0,2024-06-28,0
LOAN0005666,CUST001283,Personal Loan,1,90.0,3.0,5193.98,52677.02,12703.86,2024-03-29,1
LOAN0005667,CUST005067,Personal Loan,0,,,500089.23,0.0,0.0,2025-08-09,0
LOAN0005668,CUST005298,SME Loan,0,,,184834.8,0.0,0.0,2025-06-12,0
LOAN0005669,CUST005150,SME Loan,0,,,520704.24,0.0,0.0,2026-04-22,0
LOAN0005670,CUST005704,Personal Loan,0,,,376776.65,0.0,0.0,2025-06-30,0
LOAN0005671,CUST000197,Personal Loan,0,,,178598.75,0.0,0.0,2024-08-02,0
LOAN0005672,CUST007131,Personal Loan,0,,,153503.36,0.0,0.0,2026-07-04,0
LOAN0005673,CUST007142,Personal Loan,0,,,232397.4,0.0,0.0,2025-08-27,0
LOAN0005674,CUST001168,BNPL,0,,,26075.98,0.0,0.0,2024-01-07,0
LOAN0005675,CUST005713,Personal Loan,0,,,204501.43,0.0,0.0,2024-07-12,0
LOAN0005676,CUST005693,Personal Loan,0,,,298662.29,0.0,0.0,2024-10-27,0
LOAN0005677,CUST006840,SME Loan,1,90.0,3.0,96167.7,438811.3,116791.65,2023-11-22,1
LOAN0005678,CUST000862,BNPL,1,210.0,7.0,49596.5,0.0,0.0,2024-06-09,1
LOAN0005679,CUST006279,Education Loan,1,60.0,2.0,6828.49,235123.51,89273.52,2022-07-29,1
LOAN0005680,CUST002811,Personal Loan,0,,,594284.16,0.0,0.0,2024-12-30,0
LOAN0005681,CUST005076,Personal Loan,0,,,76220.76,0.0,0.0,2026-09-30,0
LOAN0005682,CUST007743,Personal Loan,0,,,65211.63,0.0,0.0,2024-02-14,0
LOAN0005683,CUST007074,Personal Loan,0,,,453378.38,0.0,0.0,2025-05-16,0
LOAN0005684,CUST001204,Personal Loan,0,,,586168.57,0.0,0.0,2024-12-23,0
LOAN0005685,CUST005922,SME Loan,0,,,204775.8,0.0,0.0,2025-10-10,0
LOAN0005686,CUST009692,BNPL,1,60.0,2.0,11480.45,44255.55,16913.44,2024-01-13,1
LOAN0005687,CUST001579,BNPL,0,,,47559.24,0.0,0.0,2024-03-13,0
LOAN0005688,CUST008542,Personal Loan,0,,,26096.58,0.0,0.0,2024-09-10,0
LOAN0005689,CUST007044,Personal Loan,0,,,40335.22,0.0,0.0,2025-08-15,0
LOAN0005690,CUST007749,Personal Loan,0,,,402484.8,0.0,0.0,2025-03-24,0
LOAN0005691,CUST002823,Personal Loan,1,240.0,8.0,92476.37,184422.63,68113.28,2024-02-23,1
LOAN0005692,CUST002881,Personal Loan,0,,,213305.84,0.0,0.0,2024-07-13,0
LOAN0005693,CUST009070,Personal Loan,0,,,598724.08,0.0,0.0,2026-06-30,0
LOAN0005694,CUST003598,BNPL,0,,,17788.32,0.0,0.0,2024-05-29,0
LOAN0005695,CUST000637,Personal Loan,0,,,120188.32,0.0,0.0,2025-04-12,0
LOAN0005696,CUST006018,Personal Loan,1,210.0,7.0,386471.64,86140.36,22941.97,2024-01-14,1
LOAN0005697,CUST001261,BNPL,0,,,52333.92,0.0,0.0,2024-09-30,0
LOAN0005698,CUST007980,BNPL,1,180.0,6.0,2994.05,2267.95,546.98,2024-05-31,1
LOAN0005699,CUST006425,BNPL,1,210.0,7.0,34681.77,0.0,0.0,2024-04-14,1
LOAN0005700,CUST008760,BNPL,1,210.0,7.0,47643.12,0.0,0.0,2023-06-01,1
LOAN0005701,CUST007859,BNPL,0,,,48280.84,0.0,0.0,2024-01-10,0
LOAN0005702,CUST001135,Personal Loan,0,,,288147.36,0.0,0.0,2025-03-22,0
LOAN0005703,CUST003817,Personal Loan,0,,,569346.56,0.0,0.0,2024-10-02,0
LOAN0005704,CUST007754,Personal Loan,0,,,393979.25,0.0,0.0,2025-11-17,0
LOAN0005705,CUST004181,Personal Loan,0,,,241199.75,0.0,0.0,2024-10-20,0
LOAN0005706,CUST009723,Personal Loan,0,,,81892.16,0.0,0.0,2026-08-03,0
LOAN0005707,CUST007374,Personal Loan,0,,,144251.45,0.0,0.0,2026-04-16,0
LOAN0005708,CUST000162,Personal Loan,0,,,170493.9,0.0,0.0,2025-02-28,0
LOAN0005709,CUST008812,Personal Loan,0,,,621737.0,0.0,0.0,2025-08-21,0
LOAN0005710,CUST001017,Personal Loan,0,,,262902.25,0.0,0.0,2024-12-01,0
LOAN0005711,CUST001420,SME Loan,1,240.0,8.0,156997.4,57089.6,14673.29,2024-02-11,1
LOAN0005712,CUST007363,Personal Loan,0,,,497627.04,0.0,0.0,2024-05-03,0
LOAN0005713,CUST008661,BNPL,1,180.0,6.0,2803.5,1605.5,330.58,2023-02-18,1
LOAN0005714,CUST005370,Personal Loan,0,,,233550.85,0.0,0.0,2024-07-29,0
LOAN0005715,CUST002894,BNPL,0,,,8849.97,0.0,0.0,2024-09-26,0
LOAN0005716,CUST003510,BNPL,0,,,12971.2,0.0,0.0,2023-11-12,0
LOAN0005717,CUST003428,Personal Loan,0,,,424425.95,0.0,0.0,2024-11-28,0
LOAN0005718,CUST003267,BNPL,0,,,51324.32,0.0,0.0,2023-07-01,0
LOAN0005719,CUST002433,SME Loan,0,,,126706.2,0.0,0.0,2026-03-08,0
LOAN0005720,CUST006100,Education Loan,0,,,837523.0,0.0,0.0,2025-04-15,0
LOAN0005721,CUST009012,BNPL,0,,,14289.96,0.0,0.0,2024-05-15,0
LOAN0005722,CUST003073,SME Loan,0,,,84316.92,0.0,0.0,2025-04-09,0
LOAN0005723,CUST001877,Personal Loan,0,,,514637.2,0.0,0.0,2025-01-26,0
LOAN0005724,CUST008396,Personal Loan,0,,,162081.84,0.0,0.0,2025-05-05,0
LOAN0005725,CUST007432,Personal Loan,1,150.0,5.0,114125.32,281687.68,81053.71,2022-09-30,1
LOAN0005726,CUST009312,Personal Loan,1,210.0,7.0,131456.58,322511.42,114364.2,2024-03-09,1
LOAN0005727,CUST001664,Personal Loan,1,60.0,2.0,9193.18,202969.82,59663.39,2022-10-15,1
LOAN0005728,CUST001458,Personal Loan,0,,,356687.5,0.0,0.0,2025-12-08,0
LOAN0005729,CUST005419,BNPL,0,,,57159.48,0.0,0.0,2023-07-17,0
LOAN0005730,CUST006157,SME Loan,0,,,76884.12,0.0,0.0,2025-06-13,0
LOAN0005731,CUST004806,Personal Loan,0,,,379775.24,0.0,0.0,2024-02-27,0
LOAN0005732,CUST006001,Personal Loan,0,,,422709.56,0.0,0.0,2025-05-15,0
LOAN0005733,CUST001813,BNPL,0,,,10074.4,0.0,0.0,2023-05-16,0
LOAN0005734,CUST004799,BNPL,0,,,6524.0,0.0,0.0,2024-03-07,0
LOAN0005735,CUST006590,Personal Loan,0,,,484807.18,0.0,0.0,2024-09-27,0
LOAN0005736,CUST004330,Education Loan,0,,,120646.39,0.0,0.0,2027-01-17,0
LOAN0005737,CUST006808,Personal Loan,0,,,514101.39,0.0,0.0,2026-06-22,0
LOAN0005738,CUST004509,SME Loan,0,,,203135.2,0.0,0.0,2025-04-30,0
LOAN0005739,CUST003332,SME Loan,0,,,116365.32,0.0,0.0,2023-06-10,0
LOAN0005740,CUST003038,SME Loan,0,,,423173.25,0.0,0.0,2026-05-12,0
LOAN0005741,CUST004118,Personal Loan,0,,,473773.76,0.0,0.0,2026-01-27,0
LOAN0005742,CUST000239,SME Loan,1,240.0,8.0,313266.45,86282.55,17830.34,2024-02-21,1
LOAN0005743,CUST006693,Personal Loan,0,,,60337.64,0.0,0.0,2025-10-27,0
LOAN0005744,CUST008461,SME Loan,1,240.0,8.0,272755.84,202554.16,63279.08,2024-03-22,1
LOAN0005745,CUST003549,Personal Loan,1,120.0,4.0,2342.55,17787.45,1923.79,2023-02-25,1
LOAN0005746,CUST000466,SME Loan,0,,,614181.6,0.0,0.0,2024-09-04,0
LOAN0005747,CUST009864,Education Loan,0,,,457390.23,0.0,0.0,2026-08-01,0
LOAN0005748,CUST002640,Personal Loan,0,,,574679.16,0.0,0.0,2026-07-01,0
LOAN0005749,CUST001279,SME Loan,0,,,311830.85,0.0,0.0,2025-03-01,0
LOAN0005750,CUST003699,Personal Loan,0,,,249047.64,0.0,0.0,2024-04-20,0
LOAN0005751,CUST007403,Personal Loan,0,,,406475.93,0.0,0.0,2025-01-03,0
LOAN0005752,CUST002943,Personal Loan,0,,,185792.83,0.0,0.0,2025-04-27,0
LOAN0005753,CUST005758,Personal Loan,0,,,144531.92,0.0,0.0,2023-10-23,0
LOAN0005754,CUST004163,Personal Loan,1,90.0,3.0,6379.2,57670.8,12396.82,2023-03-13,1
LOAN0005755,CUST001192,BNPL,0,,,26182.16,0.0,0.0,2024-04-25,0
LOAN0005756,CUST003303,Personal Loan,0,,,523370.97,0.0,0.0,2026-03-23,0
LOAN0005757,CUST007267,Personal Loan,1,150.0,5.0,28494.8,162362.2,48415.5,2023-08-16,1
LOAN0005758,CUST006133,Personal Loan,0,,,327784.65,0.0,0.0,2024-12-08,0
LOAN0005759,CUST001212,Personal Loan,0,,,273353.22,0.0,0.0,2024-10-19,0
LOAN0005760,CUST001643,SME Loan,1,60.0,2.0,20236.68,496954.32,76218.04,2023-10-24,1
LOAN0005761,CUST006416,Personal Loan,0,,,322464.0,0.0,0.0,2024-01-02,0
LOAN0005762,CUST008148,SME Loan,0,,,394621.92,0.0,0.0,2024-08-09,0
LOAN0005763,CUST003490,Personal Loan,0,,,469641.9,0.0,0.0,2024-10-20,0
LOAN0005764,CUST005964,BNPL,1,60.0,2.0,17534.84,17276.16,2834.03,2023-06-11,1
LOAN0005765,CUST001717,Personal Loan,0,,,199859.1,0.0,0.0,2026-05-15,0
LOAN0005766,CUST003116,Education Loan,1,180.0,6.0,45120.4,116349.6,45931.95,2024-02-15,1
LOAN0005767,CUST000212,Personal Loan,1,60.0,2.0,5367.19,69975.81,10495.24,2022-12-18,1
LOAN0005768,CUST007691,Personal Loan,0,,,600765.62,0.0,0.0,2025-07-01,0
LOAN0005769,CUST004017,Education Loan,0,,,1071623.67,0.0,0.0,2027-02-14,0
LOAN0005770,CUST008174,BNPL,0,,,18124.2,0.0,0.0,2024-04-19,0
LOAN0005771,CUST007100,Education Loan,0,,,948886.22,0.0,0.0,2026-11-17,0
LOAN0005772,CUST008301,SME Loan,0,,,300440.92,0.0,0.0,2024-12-01,0
LOAN0005773,CUST002859,BNPL,0,,,54695.94,0.0,0.0,2023-10-03,0
LOAN0005774,CUST001861,BNPL,1,120.0,4.0,5939.52,9233.48,1643.86,2024-01-08,1
LOAN0005775,CUST009720,Personal Loan,0,,,427498.24,0.0,0.0,2025-05-06,0
LOAN0005776,CUST007188,SME Loan,0,,,209250.4,0.0,0.0,2025-06-30,0
LOAN0005777,CUST008353,Education Loan,0,,,742282.24,0.0,0.0,2026-03-27,0
LOAN0005778,CUST000138,SME Loan,1,180.0,6.0,113570.4,191321.6,57122.75,2024-06-14,1
LOAN0005779,CUST003548,Personal Loan,0,,,448399.16,0.0,0.0,2026-05-16,0
LOAN0005780,CUST007445,Personal Loan,1,180.0,6.0,97244.15,351881.85,97880.16,2023-12-21,1
LOAN0005781,CUST000788,BNPL,0,,,56468.24,0.0,0.0,2023-03-12,0
LOAN0005782,CUST005682,BNPL,1,90.0,3.0,10045.82,19674.18,5975.27,2023-08-23,1
LOAN0005783,CUST004293,Personal Loan,1,60.0,2.0,24491.42,448398.58,91492.13,2023-12-21,1
LOAN0005784,CUST000185,Personal Loan,0,,,16165.44,0.0,0.0,2025-08-09,0
LOAN0005785,CUST002365,Personal Loan,0,,,302541.6,0.0,0.0,2026-06-22,0
LOAN0005786,CUST002850,Personal Loan,1,210.0,7.0,59958.96,130166.04,46401.02,2024-01-02,1
LOAN0005787,CUST001132,BNPL,0,,,31628.52,0.0,0.0,2024-05-14,0
LOAN0005788,CUST006324,Personal Loan,0,,,120105.0,0.0,0.0,2026-05-04,0
LOAN0005789,CUST002427,Personal Loan,0,,,457335.9,0.0,0.0,2025-06-30,0
LOAN0005790,CUST002778,SME Loan,0,,,308833.8,0.0,0.0,2024-07-09,0
LOAN0005791,CUST008990,BNPL,0,,,11948.0,0.0,0.0,2024-10-11,0
LOAN0005792,CUST004670,Personal Loan,0,,,123068.66,0.0,0.0,2025-03-17,0
LOAN0005793,CUST003925,Personal Loan,0,,,395521.68,0.0,0.0,2025-05-16,0
LOAN0005794,CUST007256,Personal Loan,1,90.0,3.0,36702.0,301920.0,78151.73,2024-03-21,1
LOAN0005795,CUST009104,SME Loan,0,,,531673.2,0.0,0.0,2024-07-30,0
LOAN0005796,CUST000260,SME Loan,0,,,148082.58,0.0,0.0,2026-03-07,0
LOAN0005797,CUST004482,Personal Loan,0,,,34523.16,0.0,0.0,2025-03-19,0
LOAN0005798,CUST006120,SME Loan,0,,,216742.5,0.0,0.0,2024-01-14,0
LOAN0005799,CUST003187,Personal Loan,0,,,609542.16,0.0,0.0,2024-12-04,0
LOAN0005800,CUST007732,Personal Loan,0,,,447794.1,0.0,0.0,2025-06-02,0
LOAN0005801,CUST009715,Personal Loan,0,,,228495.52,0.0,0.0,2024-05-11,0
LOAN0005802,CUST009436,Personal Loan,0,,,315210.88,0.0,0.0,2025-11-07,0
LOAN0005803,CUST002662,Education Loan,0,,,274554.88,0.0,0.0,2026-07-04,0
LOAN0005804,CUST002270,Personal Loan,0,,,84806.82,0.0,0.0,2024-09-16,0
LOAN0005805,CUST009577,Personal Loan,0,,,126093.74,0.0,0.0,2026-04-16,0
LOAN0005806,CUST004584,SME Loan,0,,,292641.9,0.0,0.0,2026-02-18,0
LOAN0005807,CUST002088,Personal Loan,0,,,292943.36,0.0,0.0,2026-08-27,0
LOAN0005808,CUST007085,SME Loan,0,,,529730.67,0.0,0.0,2025-08-14,0
LOAN0005809,CUST002847,Personal Loan,0,,,352575.0,0.0,0.0,2025-07-29,0
LOAN0005810,CUST002673,Personal Loan,0,,,429297.96,0.0,0.0,2026-04-17,0
LOAN0005811,CUST008804,SME Loan,0,,,225237.6,0.0,0.0,2025-03-29,0
LOAN0005812,CUST001634,Personal Loan,0,,,535233.44,0.0,0.0,2026-02-28,0
LOAN0005813,CUST000651,Personal Loan,0,,,398956.8,0.0,0.0,2024-08-29,0
LOAN0005814,CUST002693,BNPL,0,,,53275.22,0.0,0.0,2023-07-28,0
LOAN0005815,CUST006081,SME Loan,0,,,100017.26,0.0,0.0,2025-01-28,0
LOAN0005816,CUST001245,Personal Loan,0,,,652607.2,0.0,0.0,2026-09-06,0
LOAN0005817,CUST004712,BNPL,0,,,26616.42,0.0,0.0,2024-09-24,0
LOAN0005818,CUST006287,Education Loan,1,210.0,7.0,80120.04,372127.96,139313.66,2024-07-21,1
LOAN0005819,CUST008501,Personal Loan,1,210.0,7.0,138792.54,284089.46,71332.65,2023-12-02,1
LOAN0005820,CUST002306,Personal Loan,0,,,398021.14,0.0,0.0,2025-05-12,0
LOAN0005821,CUST008189,BNPL,1,60.0,2.0,2355.07,13535.93,4056.68,2023-05-01,1
LOAN0005822,CUST002354,Education Loan,1,90.0,3.0,53340.02,251871.98,88948.1,2024-03-16,1
LOAN0005823,CUST006781,BNPL,1,180.0,6.0,30472.2,5760.8,1564.15,2024-05-08,1
LOAN0005824,CUST004308,Personal Loan,0,,,487155.13,0.0,0.0,2024-05-31,0
LOAN0005825,CUST001159,Education Loan,0,,,819140.54,0.0,0.0,2026-09-26,0
LOAN0005826,CUST007160,Personal Loan,0,,,457528.32,0.0,0.0,2026-08-13,0
LOAN0005827,CUST002183,Personal Loan,0,,,294198.04,0.0,0.0,2026-01-21,0
LOAN0005828,CUST001776,Personal Loan,0,,,72843.68,0.0,0.0,2024-07-15,0
LOAN0005829,CUST003584,Education Loan,1,90.0,3.0,5786.36,94455.64,28188.41,2023-11-29,1
LOAN0005830,CUST006544,BNPL,1,60.0,2.0,4600.64,39192.36,10354.79,2024-02-29,1
LOAN0005831,CUST002346,Personal Loan,0,,,30386.79,0.0,0.0,2024-09-22,0
LOAN0005832,CUST001845,Personal Loan,0,,,466106.1,0.0,0.0,2025-10-18,0
LOAN0005833,CUST000102,SME Loan,0,,,731349.83,0.0,0.0,2025-12-01,0
LOAN0005834,CUST004713,Personal Loan,0,,,632957.38,0.0,0.0,2025-02-03,0
LOAN0005835,CUST004288,Personal Loan,1,120.0,4.0,37222.41,244826.59,46347.05,2024-03-29,1
LOAN0005836,CUST002345,Personal Loan,0,,,53852.82,0.0,0.0,2025-07-18,0
LOAN0005837,CUST000545,SME Loan,0,,,280551.7,0.0,0.0,2024-10-16,0
LOAN0005838,CUST004294,SME Loan,0,,,606862.72,0.0,0.0,2025-01-13,0
LOAN0005839,CUST007895,Personal Loan,0,,,263112.75,0.0,0.0,2024-11-30,0
LOAN0005840,CUST007169,SME Loan,0,,,390317.25,0.0,0.0,2025-08-08,0
LOAN0005841,CUST008619,Personal Loan,0,,,174845.12,0.0,0.0,2024-05-12,0
LOAN0005842,CUST000098,Personal Loan,1,180.0,6.0,34624.9,111239.1,15899.01,2024-05-26,1
LOAN0005843,CUST009666,Personal Loan,0,,,379336.7,0.0,0.0,2025-11-26,0
LOAN0005844,CUST003415,Personal Loan,0,,,497857.29,0.0,0.0,2024-11-19,0
LOAN0005845,CUST009901,Personal Loan,0,,,76177.08,0.0,0.0,2026-05-23,0
LOAN0005846,CUST002530,SME Loan,0,,,98808.12,0.0,0.0,2024-04-10,0
LOAN0005847,CUST004712,Personal Loan,0,,,438607.5,0.0,0.0,2026-03-20,0
LOAN0005848,CUST003540,Personal Loan,0,,,405615.78,0.0,0.0,2026-06-10,0
LOAN0005849,CUST003560,Personal Loan,0,,,365581.94,0.0,0.0,2026-01-31,0
LOAN0005850,CUST008433,Personal Loan,0,,,455378.4,0.0,0.0,2024-09-30,0
LOAN0005851,CUST007478,Personal Loan,0,,,482452.95,0.0,0.0,2025-09-20,0
LOAN0005852,CUST009920,Personal Loan,0,,,557177.6,0.0,0.0,2025-04-29,0
LOAN0005853,CUST006148,BNPL,0,,,34081.77,0.0,0.0,2024-01-21,0
LOAN0005854,CUST004630,Personal Loan,1,240.0,8.0,107649.5,252334.5,43530.63,2024-08-14,1
LOAN0005855,CUST000911,BNPL,0,,,2956.24,0.0,0.0,2024-04-25,0
LOAN0005856,CUST009964,Personal Loan,1,150.0,5.0,73283.24,110291.76,29237.59,2023-10-01,1
LOAN0005857,CUST005522,SME Loan,1,60.0,2.0,32168.71,430445.29,100239.53,2023-09-14,1
LOAN0005858,CUST007025,SME Loan,0,,,560466.83,0.0,0.0,2024-06-08,0
LOAN0005859,CUST004076,Personal Loan,0,,,566085.52,0.0,0.0,2026-01-13,0
LOAN0005860,CUST005484,SME Loan,0,,,269860.16,0.0,0.0,2026-08-30,0
LOAN0005861,CUST009426,SME Loan,0,,,265441.92,0.0,0.0,2024-11-01,0
LOAN0005862,CUST001675,Personal Loan,0,,,294166.08,0.0,0.0,2024-09-07,0
LOAN0005863,CUST002929,SME Loan,0,,,566449.85,0.0,0.0,2024-09-16,0
LOAN0005864,CUST001532,Personal Loan,0,,,515768.58,0.0,0.0,2026-03-06,0
LOAN0005865,CUST007937,BNPL,1,90.0,3.0,8287.66,24366.34,9281.0,2024-02-26,1
LOAN0005866,CUST000628,Personal Loan,0,,,551043.24,0.0,0.0,2026-07-11,0
LOAN0005867,CUST000825,BNPL,1,150.0,5.0,33009.72,0.0,0.0,2023-08-03,1
LOAN0005868,CUST002987,Personal Loan,0,,,297023.98,0.0,0.0,2024-07-07,0
LOAN0005869,CUST005147,Personal Loan,0,,,422466.66,0.0,0.0,2024-09-23,0
LOAN0005870,CUST004072,Personal Loan,0,,,17944.47,0.0,0.0,2024-08-19,0
LOAN0005871,CUST000453,BNPL,1,180.0,6.0,48229.84,0.0,0.0,2024-05-05,1
LOAN0005872,CUST009577,Personal Loan,0,,,224302.03,0.0,0.0,2024-07-23,0
LOAN0005873,CUST009532,SME Loan,1,210.0,7.0,33318.72,17868.28,6107.33,2024-03-29,1
LOAN0005874,CUST002797,Personal Loan,0,,,256203.98,0.0,0.0,2024-12-21,0
LOAN0005875,CUST007335,Personal Loan,0,,,64340.28,0.0,0.0,2025-05-29,0
LOAN0005876,CUST005799,Personal Loan,0,,,113593.15,0.0,0.0,2024-08-24,0
LOAN0005877,CUST002379,BNPL,0,,,30143.68,0.0,0.0,2024-08-18,0
LOAN0005878,CUST002627,BNPL,1,150.0,5.0,5273.28,7852.72,2383.52,2023-10-24,1
LOAN0005879,CUST004923,BNPL,0,,,55032.12,0.0,0.0,2024-01-22,0
LOAN0005880,CUST004199,Personal Loan,1,180.0,6.0,12483.75,23775.25,3130.84,2023-04-09,1
LOAN0005881,CUST002917,Personal Loan,0,,,440632.06,0.0,0.0,2025-09-19,0
LOAN0005882,CUST008088,Personal Loan,0,,,510060.84,0.0,0.0,2024-09-28,0
LOAN0005883,CUST004822,Personal Loan,1,120.0,4.0,46317.33,324653.67,92059.45,2024-03-15,1
LOAN0005884,CUST006558,Personal Loan,0,,,78577.6,0.0,0.0,2024-01-11,0
LOAN0005885,CUST001901,Personal Loan,0,,,146315.09,0.0,0.0,2025-03-12,0
LOAN0005886,CUST005343,Personal Loan,0,,,21972.15,0.0,0.0,2025-01-24,0
LOAN0005887,CUST003182,SME Loan,1,180.0,6.0,115195.7,361448.3,81902.89,2024-01-22,1
LOAN0005888,CUST005267,BNPL,0,,,20490.0,0.0,0.0,2024-05-25,0
LOAN0005889,CUST007821,SME Loan,1,90.0,3.0,44287.28,261814.72,52402.34,2023-03-09,1
LOAN0005890,CUST007697,BNPL,0,,,35216.72,0.0,0.0,2024-02-01,0
LOAN0005891,CUST003544,Personal Loan,0,,,198778.51,0.0,0.0,2026-04-14,0
LOAN0005892,CUST006962,BNPL,0,,,6696.5,0.0,0.0,2023-12-24,0
LOAN0005893,CUST009415,Personal Loan,1,180.0,6.0,208020.4,165089.6,43543.12,2024-05-11,1
LOAN0005894,CUST006271,BNPL,0,,,40572.16,0.0,0.0,2023-03-14,0
LOAN0005895,CUST001496,BNPL,0,,,10173.86,0.0,0.0,2023-10-25,0
LOAN0005896,CUST006811,BNPL,0,,,15710.04,0.0,0.0,2024-03-06,0
LOAN0005897,CUST001060,Personal Loan,0,,,152546.52,0.0,0.0,2026-04-28,0
LOAN0005898,CUST008732,Personal Loan,0,,,505271.88,0.0,0.0,2025-11-07,0
LOAN0005899,CUST005173,Personal Loan,0,,,75632.04,0.0,0.0,2026-09-27,0
LOAN0005900,CUST003857,Personal Loan,0,,,270908.38,0.0,0.0,2025-08-04,0
LOAN0005901,CUST000575,Personal Loan,0,,,224600.53,0.0,0.0,2024-10-18,0
LOAN0005902,CUST003814,Personal Loan,0,,,60752.01,0.0,0.0,2026-09-22,0
LOAN0005903,CUST009041,Personal Loan,0,,,163043.54,0.0,0.0,2023-09-06,0
LOAN0005904,CUST000219,Personal Loan,0,,,84227.62,0.0,0.0,2026-07-25,0
LOAN0005905,CUST004744,SME Loan,1,180.0,6.0,143646.3,88920.7,14086.58,2024-04-16,1
LOAN0005906,CUST009314,BNPL,1,90.0,3.0,13929.68,19970.32,2533.78,2022-10-22,1
LOAN0005907,CUST003953,SME Loan,1,240.0,8.0,53426.17,2713.83,309.01,2023-09-28,1
LOAN0005908,CUST004284,BNPL,0,,,26771.2,0.0,0.0,2024-08-23,0
LOAN0005909,CUST005798,Personal Loan,0,,,569699.46,0.0,0.0,2026-03-20,0
LOAN0005910,CUST004627,SME Loan,0,,,625065.74,0.0,0.0,2025-11-20,0
LOAN0005911,CUST001696,SME Loan,1,180.0,6.0,116053.3,461322.7,53357.42,2024-06-12,1
LOAN0005912,CUST000194,SME Loan,1,240.0,8.0,159045.18,181210.82,71321.66,2023-04-26,1
LOAN0005913,CUST006111,SME Loan,1,120.0,4.0,65466.63,247524.37,64859.22,2023-04-09,1
LOAN0005914,CUST009211,SME Loan,0,,,403979.42,0.0,0.0,2025-09-30,0
LOAN0005915,CUST001076,Personal Loan,0,,,97000.44,0.0,0.0,2024-02-23,0
LOAN0005916,CUST002115,Personal Loan,0,,,404406.45,0.0,0.0,2026-05-18,0
LOAN0005917,CUST003703,Personal Loan,0,,,29199.66,0.0,0.0,2025-03-28,0
LOAN0005918,CUST008101,Education Loan,1,120.0,4.0,79445.28,340398.72,135859.56,2023-12-09,1
LOAN0005919,CUST002694,BNPL,0,,,40554.29,0.0,0.0,2023-10-10,0
LOAN0005920,CUST008833,Personal Loan,0,,,33385.32,0.0,0.0,2024-12-20,0
LOAN0005921,CUST000556,Personal Loan,1,210.0,7.0,73495.38,173970.62,20716.12,2024-01-21,1
LOAN0005922,CUST009412,Personal Loan,0,,,546799.5,0.0,0.0,2024-09-12,0
LOAN0005923,CUST005614,Personal Loan,0,,,305710.2,0.0,0.0,2024-09-30,0
LOAN0005924,CUST006596,Personal Loan,0,,,676114.48,0.0,0.0,2026-04-20,0
LOAN0005925,CUST003678,Personal Loan,1,90.0,3.0,64883.64,176385.36,59973.8,2023-12-10,1
LOAN0005926,CUST007832,BNPL,1,120.0,4.0,5501.52,5394.48,1632.8,2023-08-06,1
LOAN0005927,CUST001676,BNPL,0,,,6666.12,0.0,0.0,2024-02-02,0
LOAN0005928,CUST000495,Personal Loan,0,,,193316.9,0.0,0.0,2025-04-19,0
LOAN0005929,CUST003961,BNPL,1,180.0,6.0,46868.35,8549.65,3338.36,2024-01-09,1
LOAN0005930,CUST008549,SME Loan,1,240.0,8.0,163245.67,290809.33,77704.21,2024-02-03,1
LOAN0005931,CUST007561,SME Loan,0,,,372709.02,0.0,0.0,2025-02-03,0
LOAN0005932,CUST005179,BNPL,1,210.0,7.0,37335.55,0.0,0.0,2024-01-27,1
LOAN0005933,CUST005733,Personal Loan,0,,,383139.24,0.0,0.0,2025-02-20,0
LOAN0005934,CUST001312,BNPL,0,,,31968.12,0.0,0.0,2023-08-07,0
LOAN0005935,CUST008415,Personal Loan,1,120.0,4.0,19928.76,142092.24,39345.85,2023-01-12,1
LOAN0005936,CUST007882,Personal Loan,1,180.0,6.0,15068.45,61617.55,9074.28,2023-08-12,1
LOAN0005937,CUST006573,Personal Loan,0,,,370358.45,0.0,0.0,2026-05-10,0
LOAN0005938,CUST004661,Personal Loan,0,,,29803.32,0.0,0.0,2026-03-02,0
LOAN0005939,CUST009646,SME Loan,0,,,661983.08,0.0,0.0,2025-09-30,0
LOAN0005940,CUST008802,Personal Loan,0,,,388729.18,0.0,0.0,2024-07-31,0
LOAN0005941,CUST006451,Education Loan,0,,,821212.02,0.0,0.0,2026-03-18,0
LOAN0005942,CUST003721,SME Loan,0,,,105957.27,0.0,0.0,2024-07-21,0
LOAN0005943,CUST006195,SME Loan,0,,,356415.92,0.0,0.0,2024-06-22,0
LOAN0005944,CUST005765,Education Loan,0,,,328144.0,0.0,0.0,2026-02-16,0
LOAN0005945,CUST003947,Personal Loan,0,,,439909.34,0.0,0.0,2023-09-11,0
LOAN0005946,CUST003070,SME Loan,0,,,330321.97,0.0,0.0,2024-06-21,0
LOAN0005947,CUST004077,Personal Loan,1,240.0,8.0,67536.28,120805.72,18106.28,2023-12-03,1
LOAN0005948,CUST005750,BNPL,0,,,23703.36,0.0,0.0,2024-04-06,0
LOAN0005949,CUST004283,Personal Loan,0,,,211025.12,0.0,0.0,2024-05-14,0
LOAN0005950,CUST002639,SME Loan,0,,,187911.24,0.0,0.0,2024-12-10,0
LOAN0005951,CUST007622,Personal Loan,1,180.0,6.0,134442.5,273256.5,96746.83,2024-06-03,1
LOAN0005952,CUST005320,BNPL,1,240.0,8.0,43194.41,10290.59,1610.79,2024-08-26,1
LOAN0005953,CUST000686,Personal Loan,0,,,362032.0,0.0,0.0,2026-04-23,0
LOAN0005954,CUST003684,Personal Loan,0,,,531879.26,0.0,0.0,2025-10-31,0
LOAN0005955,CUST008861,Personal Loan,0,,,471849.4,0.0,0.0,2024-02-29,0
LOAN0005956,CUST007563,Personal Loan,0,,,411200.72,0.0,0.0,2024-07-10,0
LOAN0005957,CUST003235,Personal Loan,0,,,428851.2,0.0,0.0,2025-03-22,0
LOAN0005958,CUST009384,Personal Loan,0,,,542873.85,0.0,0.0,2025-03-17,0
LOAN0005959,CUST000775,Personal Loan,0,,,324245.52,0.0,0.0,2025-01-21,0
LOAN0005960,CUST009614,SME Loan,0,,,236578.67,0.0,0.0,2025-11-30,0
LOAN0005961,CUST002461,SME Loan,0,,,312563.1,0.0,0.0,2024-07-21,0
LOAN0005962,CUST000095,Personal Loan,0,,,553820.25,0.0,0.0,2025-01-15,0
LOAN0005963,CUST004341,Personal Loan,1,180.0,6.0,51955.45,86694.55,25866.5,2023-07-10,1
LOAN0005964,CUST003590,Personal Loan,0,,,79495.47,0.0,0.0,2024-01-18,0
LOAN0005965,CUST005396,Personal Loan,0,,,155848.42,0.0,0.0,2026-01-24,0
LOAN0005966,CUST007983,Personal Loan,0,,,97027.92,0.0,0.0,2024-09-20,0
LOAN0005967,CUST008435,SME Loan,0,,,339152.94,0.0,0.0,2024-09-30,0
LOAN0005968,CUST004020,Personal Loan,0,,,180944.01,0.0,0.0,2024-03-05,0
LOAN0005969,CUST004300,Personal Loan,0,,,556006.08,0.0,0.0,2026-03-07,0
LOAN0005970,CUST001494,BNPL,0,,,47937.4,0.0,0.0,2024-02-21,0
LOAN0005971,CUST000482,SME Loan,0,,,553376.4,0.0,0.0,2026-05-29,0
LOAN0005972,CUST006420,Personal Loan,0,,,565489.62,0.0,0.0,2025-04-23,0
LOAN0005973,CUST000652,BNPL,0,,,4238.13,0.0,0.0,2023-01-27,0
LOAN0005974,CUST007356,BNPL,0,,,6304.3,0.0,0.0,2024-03-18,0
LOAN0005975,CUST005396,Personal Loan,0,,,182174.96,0.0,0.0,2023-07-23,0
LOAN0005976,CUST001989,Personal Loan,0,,,39279.9,0.0,0.0,2026-03-06,0
LOAN0005977,CUST005399,BNPL,0,,,45361.26,0.0,0.0,2023-06-14,0
LOAN0005978,CUST001839,SME Loan,1,240.0,8.0,132600.51,162099.49,43740.95,2023-09-25,1
LOAN0005979,CUST004386,BNPL,0,,,36583.74,0.0,0.0,2024-06-25,0
LOAN0005980,CUST008009,Personal Loan,1,210.0,7.0,50988.0,0.0,0.0,2024-02-11,1
LOAN0005981,CUST004616,Personal Loan,0,,,384288.4,0.0,0.0,2025-05-13,0
LOAN0005982,CUST001498,Personal Loan,0,,,457290.25,0.0,0.0,2026-01-19,0
LOAN0005983,CUST007256,BNPL,1,60.0,2.0,6587.58,39479.42,15426.81,2022-08-19,1
LOAN0005984,CUST001877,BNPL,0,,,34302.24,0.0,0.0,2024-01-06,0
LOAN0005985,CUST007403,Personal Loan,0,,,531599.46,0.0,0.0,2025-05-17,0
LOAN0005986,CUST004797,Personal Loan,0,,,111747.87,0.0,0.0,2024-06-27,0
LOAN0005987,CUST004534,BNPL,0,,,9193.44,0.0,0.0,2024-02-10,0
LOAN0005988,CUST008528,Personal Loan,0,,,374232.6,0.0,0.0,2025-01-29,0
LOAN0005989,CUST007103,SME Loan,0,,,481498.32,0.0,0.0,2024-03-16,0
LOAN0005990,CUST000335,Personal Loan,0,,,86977.8,0.0,0.0,2026-12-06,0
LOAN0005991,CUST002966,SME Loan,0,,,532661.48,0.0,0.0,2024-08-17,0
LOAN0005992,CUST008721,Personal Loan,0,,,264061.68,0.0,0.0,2024-08-18,0
LOAN0005993,CUST000192,Education Loan,0,,,378517.23,0.0,0.0,2026-10-02,0
LOAN0005994,CUST005459,Personal Loan,0,,,189460.8,0.0,0.0,2025-07-26,0
LOAN0005995,CUST007297,Personal Loan,0,,,331660.72,0.0,0.0,2023-07-09,0
LOAN0005996,CUST006233,BNPL,0,,,25807.8,0.0,0.0,2024-01-03,0
LOAN0005997,CUST007618,Personal Loan,0,,,614246.75,0.0,0.0,2026-01-03,0
LOAN0005998,CUST007275,BNPL,0,,,54196.38,0.0,0.0,2024-08-24,0
LOAN0005999,CUST006941,Education Loan,0,,,464074.56,0.0,0.0,2024-05-19,0
LOAN0006000,CUST008231,Personal Loan,0,,,362268.16,0.0,0.0,2024-08-01,0
LOAN0006001,CUST006465,Education Loan,0,,,708057.42,0.0,0.0,2027-02-13,0
LOAN0006002,CUST004031,Personal Loan,0,,,446021.5,0.0,0.0,2024-05-03,0
LOAN0006003,CUST004715,Personal Loan,0,,,68573.12,0.0,0.0,2024-12-21,0
LOAN0006004,CUST007183,SME Loan,0,,,195397.86,0.0,0.0,2024-06-10,0
LOAN0006005,CUST008776,BNPL,0,,,35088.33,0.0,0.0,2023-02-11,0
LOAN0006006,CUST002724,BNPL,0,,,12928.38,0.0,0.0,2023-05-13,0
LOAN0006007,CUST003421,Personal Loan,0,,,610990.24,0.0,0.0,2026-01-11,0
LOAN0006008,CUST009310,BNPL,0,,,32229.84,0.0,0.0,2023-05-26,0
LOAN0006009,CUST005798,SME Loan,0,,,786908.79,0.0,0.0,2026-03-23,0
LOAN0006010,CUST001798,Personal Loan,0,,,440944.64,0.0,0.0,2025-03-14,0
LOAN0006011,CUST006642,Personal Loan,0,,,50202.54,0.0,0.0,2024-09-07,0
LOAN0006012,CUST009904,Personal Loan,0,,,55276.2,0.0,0.0,2025-02-27,0
LOAN0006013,CUST008248,BNPL,0,,,55439.24,0.0,0.0,2024-04-18,0
LOAN0006014,CUST007472,Personal Loan,0,,,427610.34,0.0,0.0,2025-06-09,0
LOAN0006015,CUST002086,Personal Loan,1,120.0,4.0,31149.06,73761.94,25089.92,2022-09-24,1
LOAN0006016,CUST008774,SME Loan,0,,,687259.75,0.0,0.0,2025-09-21,0
LOAN0006017,CUST005260,Education Loan,0,,,182199.15,0.0,0.0,2026-10-19,0
LOAN0006018,CUST008905,SME Loan,0,,,519314.72,0.0,0.0,2025-02-21,0
LOAN0006019,CUST003299,Personal Loan,1,60.0,2.0,8357.47,200240.53,71818.07,2022-10-23,1
LOAN0006020,CUST000628,Personal Loan,0,,,591502.68,0.0,0.0,2026-09-04,0
LOAN0006021,CUST004758,Personal Loan,0,,,114357.75,0.0,0.0,2026-01-02,0
LOAN0006022,CUST002699,BNPL,0,,,17913.44,0.0,0.0,2024-06-22,0
LOAN0006023,CUST007168,Personal Loan,0,,,487841.04,0.0,0.0,2025-05-19,0
LOAN0006024,CUST009573,BNPL,0,,,56127.12,0.0,0.0,2023-02-24,0
LOAN0006025,CUST006930,BNPL,1,240.0,8.0,5149.2,2007.8,496.1,2024-01-18,1
LOAN0006026,CUST008881,BNPL,0,,,15803.52,0.0,0.0,2023-11-23,0
LOAN0006027,CUST004526,BNPL,0,,,48574.6,0.0,0.0,2024-09-24,0
LOAN0006028,CUST007724,SME Loan,0,,,207995.76,0.0,0.0,2026-04-06,0
LOAN0006029,CUST008441,Personal Loan,0,,,213773.84,0.0,0.0,2026-04-26,0
LOAN0006030,CUST007126,Personal Loan,0,,,270790.45,0.0,0.0,2026-07-03,0
LOAN0006031,CUST005083,Education Loan,0,,,369834.96,0.0,0.0,2024-09-25,0
LOAN0006032,CUST006273,Personal Loan,0,,,247927.23,0.0,0.0,2025-02-28,0
LOAN0006033,CUST007026,Personal Loan,0,,,168552.96,0.0,0.0,2025-09-07,0
LOAN0006034,CUST002535,Personal Loan,0,,,175187.16,0.0,0.0,2024-06-16,0
LOAN0006035,CUST008109,BNPL,0,,,2038.4,0.0,0.0,2024-04-27,0
LOAN0006036,CUST009507,Personal Loan,0,,,338748.2,0.0,0.0,2026-08-13,0
LOAN0006037,CUST004652,Personal Loan,1,120.0,4.0,132255.66,260244.34,83567.23,2024-04-29,1
LOAN0006038,CUST007031,Personal Loan,0,,,410731.75,0.0,0.0,2025-06-06,0
LOAN0006039,CUST007386,Personal Loan,0,,,73907.88,0.0,0.0,2024-03-20,0
LOAN0006040,CUST006630,SME Loan,1,240.0,8.0,191614.36,365294.64,143701.52,2024-08-27,1
LOAN0006041,CUST005479,SME Loan,0,,,588862.26,0.0,0.0,2024-09-09,0
LOAN0006042,CUST008829,Personal Loan,1,180.0,6.0,64583.3,157079.7,36479.83,2023-05-16,1
LOAN0006043,CUST004488,BNPL,0,,,21382.64,0.0,0.0,2024-06-17,0
LOAN0006044,CUST000620,SME Loan,0,,,295176.48,0.0,0.0,2025-12-02,0
LOAN0006045,CUST008455,SME Loan,1,120.0,4.0,66221.79,160310.21,39014.51,2024-03-13,1
LOAN0006046,CUST006750,Personal Loan,0,,,318061.48,0.0,0.0,2025-09-29,0
LOAN0006047,CUST008508,Personal Loan,0,,,162735.3,0.0,0.0,2026-04-14,0
LOAN0006048,CUST001399,Personal Loan,1,90.0,3.0,55315.06,246437.94,54916.52,2023-10-29,1
LOAN0006049,CUST000315,Education Loan,0,,,221312.46,0.0,0.0,2026-08-31,0
LOAN0006050,CUST009344,Personal Loan,0,,,586191.36,0.0,0.0,2026-07-12,0
LOAN0006051,CUST001490,Personal Loan,0,,,302477.1,0.0,0.0,2023-07-22,0
LOAN0006052,CUST008110,Personal Loan,0,,,250396.3,0.0,0.0,2026-01-10,0
LOAN0006053,CUST008246,Personal Loan,0,,,493373.04,0.0,0.0,2024-01-22,0
LOAN0006054,CUST007104,Personal Loan,0,,,316784.8,0.0,0.0,2025-04-13,0
LOAN0006055,CUST001327,Personal Loan,0,,,498030.4,0.0,0.0,2024-12-01,0
LOAN0006056,CUST006683,Personal Loan,1,180.0,6.0,112670.8,296857.2,93453.18,2022-08-31,1
LOAN0006057,CUST008904,Personal Loan,0,,,267042.65,0.0,0.0,2026-11-23,0
LOAN0006058,CUST004259,Personal Loan,1,150.0,5.0,62055.76,258311.24,35479.84,2024-01-18,1
LOAN0006059,CUST004143,Personal Loan,0,,,575975.68,0.0,0.0,2025-12-11,0
LOAN0006060,CUST004430,SME Loan,0,,,143477.19,0.0,0.0,2025-06-30,0
LOAN0006061,CUST000831,BNPL,0,,,54420.94,0.0,0.0,2023-12-15,0
LOAN0006062,CUST008931,BNPL,0,,,11362.77,0.0,0.0,2023-10-27,0
LOAN0006063,CUST008705,Personal Loan,0,,,70589.54,0.0,0.0,2025-02-24,0
LOAN0006064,CUST009977,Personal Loan,0,,,109917.44,0.0,0.0,2025-01-03,0
LOAN0006065,CUST005865,Personal Loan,0,,,232676.28,0.0,0.0,2024-06-26,0
LOAN0006066,CUST007526,Personal Loan,1,240.0,8.0,124097.54,216253.46,51788.07,2024-05-12,1
LOAN0006067,CUST002032,Personal Loan,0,,,82803.72,0.0,0.0,2024-05-13,0
LOAN0006068,CUST006684,Personal Loan,0,,,268699.83,0.0,0.0,2025-05-03,0
LOAN0006069,CUST006505,Personal Loan,0,,,27518.64,0.0,0.0,2025-10-05,0
LOAN0006070,CUST009022,Education Loan,1,180.0,6.0,123847.0,726763.0,188651.04,2023-04-05,1
LOAN0006071,CUST008321,Personal Loan,1,60.0,2.0,15842.95,379409.05,112625.89,2024-01-02,1
LOAN0006072,CUST009387,SME Loan,1,150.0,5.0,61009.64,194403.36,21030.64,2023-11-27,1
LOAN0006073,CUST008700,Personal Loan,0,,,129480.34,0.0,0.0,2025-08-26,0
LOAN0006074,CUST008699,Personal Loan,0,,,457268.5,0.0,0.0,2025-11-07,0
LOAN0006075,CUST000646,Personal Loan,0,,,287887.86,0.0,0.0,2025-06-17,0
LOAN0006076,CUST008471,Personal Loan,1,90.0,3.0,25743.36,197154.64,48124.06,2023-09-17,1
LOAN0006077,CUST006086,Personal Loan,0,,,210676.77,0.0,0.0,2023-08-29,0
LOAN0006078,CUST003811,Personal Loan,0,,,121266.96,0.0,0.0,2024-06-11,0
LOAN0006079,CUST000571,BNPL,0,,,27957.02,0.0,0.0,2023-08-25,0
LOAN0006080,CUST006790,Personal Loan,0,,,279113.4,0.0,0.0,2025-05-02,0
LOAN0006081,CUST003281,Personal Loan,0,,,314683.6,0.0,0.0,2026-04-30,0
LOAN0006082,CUST004676,Education Loan,1,120.0,4.0,53999.31,430141.69,163293.45,2023-03-02,1
LOAN0006083,CUST006832,Personal Loan,0,,,277531.76,0.0,0.0,2024-09-30,0
LOAN0006084,CUST009125,Personal Loan,0,,,305474.1,0.0,0.0,2023-09-13,0
LOAN0006085,CUST008268,BNPL,0,,,57507.36,0.0,0.0,2024-04-29,0
LOAN0006086,CUST004502,BNPL,1,240.0,8.0,29220.87,10054.13,1572.86,2024-01-14,1
LOAN0006087,CUST003882,Personal Loan,0,,,54713.6,0.0,0.0,2024-07-27,0
LOAN0006088,CUST002401,BNPL,0,,,40189.08,0.0,0.0,2023-11-17,0
LOAN0006089,CUST003729,Personal Loan,0,,,516071.22,0.0,0.0,2024-10-07,0
LOAN0006090,CUST001125,Personal Loan,0,,,177699.3,0.0,0.0,2025-12-07,0
LOAN0006091,CUST009711,BNPL,0,,,53619.96,0.0,0.0,2023-12-17,0
LOAN0006092,CUST005750,Personal Loan,0,,,205468.9,0.0,0.0,2024-07-25,0
LOAN0006093,CUST001290,Personal Loan,1,210.0,7.0,142356.96,300950.04,51852.28,2023-08-28,1
LOAN0006094,CUST003528,Personal Loan,0,,,94530.96,0.0,0.0,2024-09-02,0
LOAN0006095,CUST005478,Personal Loan,0,,,535154.73,0.0,0.0,2024-10-27,0
LOAN0006096,CUST005336,SME Loan,1,210.0,7.0,143196.24,423892.76,131614.11,2023-08-26,1
LOAN0006097,CUST000359,SME Loan,0,,,555360.73,0.0,0.0,2025-12-24,0
LOAN0006098,CUST009512,SME Loan,0,,,212396.28,0.0,0.0,2024-09-08,0
LOAN0006099,CUST002756,Personal Loan,0,,,42364.65,0.0,0.0,2024-12-22,0
LOAN0006100,CUST000170,Personal Loan,1,180.0,6.0,121026.05,38617.95,5104.71,2024-05-11,1
LOAN0006101,CUST000774,BNPL,0,,,45588.3,0.0,0.0,2023-02-28,0
LOAN0006102,CUST005818,Personal Loan,0,,,65314.08,0.0,0.0,2025-06-24,0
LOAN0006103,CUST001391,Personal Loan,0,,,43221.86,0.0,0.0,2024-09-08,0
LOAN0006104,CUST000423,BNPL,0,,,21084.7,0.0,0.0,2023-07-26,0
LOAN0006105,CUST003801,Personal Loan,1,210.0,7.0,147004.02,181640.98,51933.16,2024-02-02,1
LOAN0006106,CUST006242,Personal Loan,0,,,432817.7,0.0,0.0,2025-02-13,0
LOAN0006107,CUST001132,Personal Loan,1,240.0,8.0,153955.06,307298.94,91925.25,2024-06-15,1
LOAN0006108,CUST003137,Personal Loan,0,,,153028.05,0.0,0.0,2024-07-01,0
LOAN0006109,CUST004185,Personal Loan,0,,,314437.8,0.0,0.0,2024-10-22,0
LOAN0006110,CUST001605,BNPL,0,,,43520.64,0.0,0.0,2024-07-13,0
LOAN0006111,CUST005066,BNPL,0,,,42361.83,0.0,0.0,2024-02-06,0
LOAN0006112,CUST000861,Personal Loan,0,,,189669.35,0.0,0.0,2025-01-13,0
LOAN0006113,CUST000472,SME Loan,0,,,619660.65,0.0,0.0,2025-01-07,0
LOAN0006114,CUST005206,Personal Loan,0,,,117907.09,0.0,0.0,2023-06-12,0
LOAN0006115,CUST002482,Education Loan,1,60.0,2.0,10384.33,367638.67,82909.81,2023-10-22,1
LOAN0006116,CUST000964,Personal Loan,0,,,209537.18,0.0,0.0,2025-08-14,0
LOAN0006117,CUST004243,SME Loan,0,,,230208.51,0.0,0.0,2025-07-31,0
LOAN0006118,CUST009154,Personal Loan,0,,,109320.09,0.0,0.0,2023-08-01,0
LOAN0006119,CUST007259,SME Loan,0,,,280640.45,0.0,0.0,2025-04-17,0
LOAN0006120,CUST008169,Personal Loan,0,,,571189.2,0.0,0.0,2025-11-19,0
LOAN0006121,CUST008730,SME Loan,0,,,381649.32,0.0,0.0,2026-02-21,0
LOAN0006122,CUST009726,SME Loan,1,90.0,3.0,109060.32,440911.68,100490.88,2023-05-06,1
LOAN0006123,CUST007643,Personal Loan,0,,,15898.0,0.0,0.0,2025-02-22,0
LOAN0006124,CUST006095,Personal Loan,0,,,83736.72,0.0,0.0,2026-05-28,0
LOAN0006125,CUST003655,Personal Loan,0,,,627855.4,0.0,0.0,2025-09-27,0
LOAN0006126,CUST001825,Personal Loan,0,,,386702.6,0.0,0.0,2025-02-09,0
LOAN0006127,CUST006885,SME Loan,0,,,327519.2,0.0,0.0,2024-07-24,0
LOAN0006128,CUST009950,BNPL,0,,,29506.02,0.0,0.0,2024-03-23,0
LOAN0006129,CUST004672,Education Loan,1,210.0,7.0,44093.16,180400.84,64924.14,2023-02-09,1
LOAN0006130,CUST007254,Personal Loan,0,,,448834.05,0.0,0.0,2026-11-30,0
LOAN0006131,CUST004959,Personal Loan,0,,,247931.09,0.0,0.0,2024-03-03,0
LOAN0006132,CUST004321,BNPL,0,,,54103.55,0.0,0.0,2023-12-17,0
LOAN0006133,CUST004111,Personal Loan,0,,,361416.06,0.0,0.0,2026-02-26,0
LOAN0006134,CUST005051,SME Loan,1,90.0,3.0,44443.24,241123.76,66967.34,2024-02-12,1
LOAN0006135,CUST003670,BNPL,0,,,62545.32,0.0,0.0,2024-08-13,0
LOAN0006136,CUST007502,Education Loan,1,90.0,3.0,54421.76,714009.24,120766.15,2022-08-07,1
LOAN0006137,CUST008753,BNPL,1,210.0,7.0,8139.96,2477.04,474.49,2023-08-15,1
LOAN0006138,CUST008841,BNPL,1,180.0,6.0,23465.34,0.0,0.0,2024-05-19,1
LOAN0006139,CUST002282,Personal Loan,1,60.0,2.0,44977.01,379362.99,150561.22,2023-08-30,1
LOAN0006140,CUST008969,BNPL,1,60.0,2.0,712.87,6137.13,2084.97,2022-10-27,1
LOAN0006141,CUST003416,Personal Loan,0,,,329803.92,0.0,0.0,2024-08-30,0
LOAN0006142,CUST003096,Personal Loan,0,,,528952.75,0.0,0.0,2025-06-14,0
LOAN0006143,CUST007285,Personal Loan,0,,,288054.27,0.0,0.0,2024-02-29,0
LOAN0006144,CUST003048,Personal Loan,0,,,122694.3,0.0,0.0,2024-01-05,0
LOAN0006145,CUST000539,Personal Loan,0,,,723353.04,0.0,0.0,2026-12-24,0
LOAN0006146,CUST003739,Personal Loan,0,,,147421.19,0.0,0.0,2024-12-15,0
LOAN0006147,CUST007230,BNPL,0,,,24191.52,0.0,0.0,2023-07-07,0
LOAN0006148,CUST003269,Personal Loan,0,,,365876.57,0.0,0.0,2025-05-02,0
LOAN0006149,CUST006307,BNPL,0,,,35662.45,0.0,0.0,2024-05-31,0
LOAN0006150,CUST006609,SME Loan,0,,,512489.89,0.0,0.0,2024-08-30,0
LOAN0006151,CUST007355,BNPL,0,,,32660.2,0.0,0.0,2024-04-04,0
LOAN0006152,CUST008981,Personal Loan,0,,,140161.44,0.0,0.0,2023-05-05,0
LOAN0006153,CUST004328,SME Loan,0,,,608301.75,0.0,0.0,2025-03-03,0
LOAN0006154,CUST001675,Personal Loan,0,,,339484.5,0.0,0.0,2025-11-25,0
LOAN0006155,CUST003190,SME Loan,0,,,87876.2,0.0,0.0,2024-09-19,0
LOAN0006156,CUST004323,Personal Loan,0,,,223068.78,0.0,0.0,2024-03-19,0
LOAN0006157,CUST007157,BNPL,1,210.0,7.0,36624.18,0.0,0.0,2023-08-28,1
LOAN0006158,CUST000138,Personal Loan,0,,,473932.16,0.0,0.0,2025-01-13,0
LOAN0006159,CUST003158,SME Loan,0,,,101456.8,0.0,0.0,2025-05-12,0
LOAN0006160,CUST007811,Personal Loan,0,,,147275.2,0.0,0.0,2026-08-28,0
LOAN0006161,CUST006716,Personal Loan,0,,,450916.64,0.0,0.0,2025-04-09,0
LOAN0006162,CUST007337,Personal Loan,0,,,380119.53,0.0,0.0,2026-04-11,0
LOAN0006163,CUST008132,Personal Loan,0,,,422931.6,0.0,0.0,2025-04-19,0
LOAN0006164,CUST007844,Personal Loan,0,,,297240.58,0.0,0.0,2025-10-05,0
LOAN0006165,CUST006837,Personal Loan,1,120.0,4.0,102307.35,279292.65,98544.38,2023-11-25,1
LOAN0006166,CUST004397,Personal Loan,0,,,362353.39,0.0,0.0,2023-07-09,0
LOAN0006167,CUST009831,Personal Loan,0,,,511530.56,0.0,0.0,2025-01-06,0
LOAN0006168,CUST005699,SME Loan,0,,,375025.52,0.0,0.0,2024-04-28,0
LOAN0006169,CUST002033,Personal Loan,0,,,668657.5,0.0,0.0,2026-04-01,0
LOAN0006170,CUST002932,Personal Loan,0,,,220550.96,0.0,0.0,2025-09-17,0
LOAN0006171,CUST006956,Personal Loan,0,,,600494.76,0.0,0.0,2026-05-23,0
LOAN0006172,CUST009249,Personal Loan,0,,,583254.1,0.0,0.0,2025-01-23,0
LOAN0006173,CUST001796,Personal Loan,0,,,127610.1,0.0,0.0,2025-06-30,0
LOAN0006174,CUST000832,Personal Loan,0,,,229316.1,0.0,0.0,2024-08-25,0
LOAN0006175,CUST008827,SME Loan,0,,,462323.58,0.0,0.0,2024-05-28,0
LOAN0006176,CUST009155,SME Loan,0,,,90698.16,0.0,0.0,2025-03-30,0
LOAN0006177,CUST002766,SME Loan,0,,,591867.8,0.0,0.0,2024-11-10,0
LOAN0006178,CUST003777,Education Loan,0,,,856434.67,0.0,0.0,2024-06-28,0
LOAN0006179,CUST006610,Personal Loan,0,,,358741.2,0.0,0.0,2025-03-14,0
LOAN0006180,CUST003300,Education Loan,0,,,571290.3,0.0,0.0,2025-12-23,0
LOAN0006181,CUST008785,Personal Loan,0,,,472332.98,0.0,0.0,2024-04-17,0
LOAN0006182,CUST001087,Personal Loan,0,,,41365.04,0.0,0.0,2025-10-19,0
LOAN0006183,CUST000385,Personal Loan,0,,,267133.68,0.0,0.0,2025-03-25,0
LOAN0006184,CUST002090,Personal Loan,1,90.0,3.0,16399.94,122764.06,21466.46,2023-11-18,1
LOAN0006185,CUST002865,Personal Loan,0,,,478806.84,0.0,0.0,2026-09-07,0
LOAN0006186,CUST001143,SME Loan,0,,,274600.72,0.0,0.0,2024-06-01,0
LOAN0006187,CUST000662,SME Loan,0,,,587162.84,0.0,0.0,2025-09-06,0
LOAN0006188,CUST007567,SME Loan,0,,,255244.2,0.0,0.0,2025-12-29,0
LOAN0006189,CUST001652,Personal Loan,0,,,102996.25,0.0,0.0,2026-08-05,0
LOAN0006190,CUST009144,Personal Loan,0,,,326462.28,0.0,0.0,2026-03-24,0
LOAN0006191,CUST003681,Personal Loan,0,,,318744.99,0.0,0.0,2024-02-09,0
LOAN0006192,CUST006713,Personal Loan,0,,,241018.26,0.0,0.0,2024-09-04,0
LOAN0006193,CUST002262,SME Loan,0,,,687336.72,0.0,0.0,2025-08-19,0
LOAN0006194,CUST002406,Personal Loan,0,,,447320.3,0.0,0.0,2026-11-16,0
LOAN0006195,CUST005758,BNPL,0,,,54067.16,0.0,0.0,2024-01-06,0
LOAN0006196,CUST005613,Education Loan,0,,,986360.44,0.0,0.0,2024-12-14,0
LOAN0006197,CUST007696,Personal Loan,1,210.0,7.0,41211.78,150878.22,38023.95,2024-06-15,1
LOAN0006198,CUST007588,Personal Loan,0,,,432556.96,0.0,0.0,2024-11-12,0
LOAN0006199,CUST006713,SME Loan,0,,,441404.4,0.0,0.0,2024-11-10,0
LOAN0006200,CUST004490,Personal Loan,0,,,434227.52,0.0,0.0,2024-10-17,0
LOAN0006201,CUST008917,Personal Loan,0,,,226256.17,0.0,0.0,2024-07-05,0
LOAN0006202,CUST006240,Education Loan,1,180.0,6.0,136834.95,691873.05,252670.13,2024-01-22,1
LOAN0006203,CUST009898,Personal Loan,1,60.0,2.0,25025.62,235650.38,25679.95,2023-08-28,1
LOAN0006204,CUST008210,BNPL,0,,,2866.0,0.0,0.0,2024-06-05,0
LOAN0006205,CUST000449,Personal Loan,0,,,109511.73,0.0,0.0,2025-10-24,0
LOAN0006206,CUST003208,SME Loan,0,,,449044.16,0.0,0.0,2025-07-19,0
LOAN0006207,CUST005732,Personal Loan,0,,,191756.97,0.0,0.0,2025-07-24,0
LOAN0006208,CUST007230,Personal Loan,0,,,305527.8,0.0,0.0,2025-10-02,0
LOAN0006209,CUST005510,Personal Loan,0,,,86917.53,0.0,0.0,2025-01-13,0
LOAN0006210,CUST007875,Personal Loan,0,,,171016.8,0.0,0.0,2024-09-26,0
LOAN0006211,CUST002830,Personal Loan,0,,,665380.5,0.0,0.0,2025-04-12,0
LOAN0006212,CUST001848,SME Loan,0,,,632093.57,0.0,0.0,2026-04-12,0
LOAN0006213,CUST000548,Personal Loan,0,,,159121.08,0.0,0.0,2023-09-20,0
LOAN0006214,CUST005745,Personal Loan,0,,,21750.48,0.0,0.0,2025-01-19,0
LOAN0006215,CUST006906,Personal Loan,0,,,229982.2,0.0,0.0,2024-11-14,0
LOAN0006216,CUST003262,Personal Loan,0,,,111946.48,0.0,0.0,2024-10-11,0
LOAN0006217,CUST006149,BNPL,0,,,55797.84,0.0,0.0,2023-11-13,0
LOAN0006218,CUST000529,BNPL,0,,,11433.84,0.0,0.0,2023-04-15,0
LOAN0006219,CUST001002,BNPL,1,240.0,8.0,16660.04,0.0,0.0,2024-05-10,1
LOAN0006220,CUST007038,Personal Loan,1,120.0,4.0,2114.04,14744.96,2274.73,2023-11-09,1
LOAN0006221,CUST003681,Personal Loan,0,,,228365.9,0.0,0.0,2024-03-11,0
LOAN0006222,CUST006721,Personal Loan,0,,,257153.16,0.0,0.0,2025-10-01,0
LOAN0006223,CUST008331,Personal Loan,0,,,260322.53,0.0,0.0,2025-05-28,0
LOAN0006224,CUST008540,Education Loan,0,,,207253.34,0.0,0.0,2023-09-21,0
LOAN0006225,CUST001733,BNPL,0,,,7988.56,0.0,0.0,2024-03-12,0
LOAN0006226,CUST004871,BNPL,0,,,9018.51,0.0,0.0,2023-12-12,0
LOAN0006227,CUST007357,SME Loan,1,240.0,8.0,115243.94,182098.06,20947.91,2023-07-11,1
LOAN0006228,CUST007748,Personal Loan,1,150.0,5.0,8884.2,33814.8,11121.71,2024-05-28,1
LOAN0006229,CUST007857,Personal Loan,1,240.0,8.0,97265.14,189797.86,75890.5,2023-09-29,1
LOAN0006230,CUST002287,SME Loan,0,,,113720.4,0.0,0.0,2025-12-05,0
LOAN0006231,CUST001931,BNPL,1,240.0,8.0,2503.62,1013.38,222.18,2024-08-21,1
LOAN0006232,CUST005911,Personal Loan,1,240.0,8.0,60899.65,52401.35,13878.58,2023-11-17,1
LOAN0006233,CUST007426,Personal Loan,0,,,369176.32,0.0,0.0,2024-01-31,0
LOAN0006234,CUST003193,SME Loan,1,180.0,6.0,18165.5,50151.5,8803.85,2023-06-10,1
LOAN0006235,CUST001059,BNPL,0,,,5595.4,0.0,0.0,2023-03-25,0
LOAN0006236,CUST007183,Personal Loan,0,,,268060.52,0.0,0.0,2025-07-06,0
LOAN0006237,CUST003001,Personal Loan,0,,,548469.24,0.0,0.0,2025-08-21,0
LOAN0006238,CUST001674,Education Loan,0,,,384223.36,0.0,0.0,2025-09-24,0
LOAN0006239,CUST001490,BNPL,0,,,8971.38,0.0,0.0,2023-09-14,0
LOAN0006240,CUST003150,BNPL,1,120.0,4.0,16021.35,26700.65,8353.25,2023-12-02,1
LOAN0006241,CUST005936,BNPL,0,,,35956.0,0.0,0.0,2024-08-31,0
LOAN0006242,CUST003585,Personal Loan,0,,,207790.18,0.0,0.0,2024-12-13,0
LOAN0006243,CUST000216,BNPL,1,180.0,6.0,23768.0,4414.0,1110.39,2024-05-30,1
LOAN0006244,CUST000979,SME Loan,0,,,203321.7,0.0,0.0,2025-03-14,0
LOAN0006245,CUST002909,BNPL,0,,,39254.49,0.0,0.0,2024-02-23,0
LOAN0006246,CUST006605,BNPL,1,120.0,4.0,12450.24,28595.76,9928.41,2024-04-07,1
LOAN0006247,CUST000993,Personal Loan,0,,,168452.76,0.0,0.0,2026-02-28,0
LOAN0006248,CUST005613,Education Loan,0,,,402741.69,0.0,0.0,2024-12-20,0
LOAN0006249,CUST001212,Personal Loan,1,240.0,8.0,174944.77,110805.23,37507.79,2024-05-05,1
LOAN0006250,CUST002122,BNPL,1,210.0,7.0,17500.08,4743.92,1128.69,2024-06-07,1
LOAN0006251,CUST001733,Personal Loan,0,,,334061.52,0.0,0.0,2024-06-06,0
LOAN0006252,CUST000680,Personal Loan,0,,,622772.95,0.0,0.0,2025-09-18,0
LOAN0006253,CUST006721,SME Loan,0,,,687969.1,0.0,0.0,2025-03-06,0
LOAN0006254,CUST004631,SME Loan,0,,,491321.17,0.0,0.0,2025-08-27,0
LOAN0006255,CUST008324,Personal Loan,1,180.0,6.0,67859.3,174715.7,49209.5,2024-04-15,1
LOAN0006256,CUST000997,Personal Loan,0,,,14741.04,0.0,0.0,2023-04-16,0
LOAN0006257,CUST001462,Personal Loan,1,180.0,6.0,16582.2,50965.8,17952.94,2024-03-16,1
LOAN0006258,CUST003067,Personal Loan,0,,,526057.39,0.0,0.0,2026-05-15,0
LOAN0006259,CUST007668,Personal Loan,0,,,150750.25,0.0,0.0,2026-06-30,0
LOAN0006260,CUST003060,SME Loan,0,,,653450.88,0.0,0.0,2026-06-01,0
LOAN0006261,CUST004092,Personal Loan,0,,,497155.98,0.0,0.0,2023-08-21,0
LOAN0006262,CUST003018,Personal Loan,0,,,534353.4,0.0,0.0,2026-02-20,0
LOAN0006263,CUST000809,Personal Loan,0,,,130374.58,0.0,0.0,2025-06-30,0
LOAN0006264,CUST009397,Personal Loan,0,,,233505.37,0.0,0.0,2024-02-09,0
LOAN0006265,CUST005492,Personal Loan,0,,,169534.84,0.0,0.0,2025-11-27,0
LOAN0006266,CUST007891,Personal Loan,0,,,303646.5,0.0,0.0,2025-08-23,0
LOAN0006267,CUST006592,Personal Loan,0,,,351221.96,0.0,0.0,2025-11-28,0
LOAN0006268,CUST005148,Education Loan,0,,,408585.06,0.0,0.0,2024-06-13,0
LOAN0006269,CUST000906,Education Loan,0,,,745924.07,0.0,0.0,2026-10-07,0
LOAN0006270,CUST006435,SME Loan,0,,,526200.99,0.0,0.0,2024-10-13,0
LOAN0006271,CUST001565,Education Loan,0,,,967445.6,0.0,0.0,2025-08-15,0
LOAN0006272,CUST004151,SME Loan,0,,,712903.2,0.0,0.0,2025-01-21,0
LOAN0006273,CUST006304,Personal Loan,0,,,477109.2,0.0,0.0,2026-05-28,0
LOAN0006274,CUST007835,Personal Loan,0,,,133585.52,0.0,0.0,2023-08-14,0
LOAN0006275,CUST006869,Personal Loan,1,90.0,3.0,42570.92,113990.08,17815.7,2024-01-31,1
LOAN0006276,CUST006723,Personal Loan,0,,,214138.08,0.0,0.0,2026-07-21,0
LOAN0006277,CUST001501,Personal Loan,0,,,137334.08,0.0,0.0,2026-08-28,0
LOAN0006278,CUST003458,SME Loan,1,180.0,6.0,62687.45,200524.55,49677.45,2023-06-17,1
LOAN0006279,CUST000434,BNPL,0,,,12767.2,0.0,0.0,2023-02-07,0
LOAN0006280,CUST007209,Personal Loan,0,,,475697.0,0.0,0.0,2025-11-27,0
LOAN0006281,CUST009528,Personal Loan,0,,,304608.79,0.0,0.0,2025-10-10,0
LOAN0006282,CUST002644,Personal Loan,0,,,124940.2,0.0,0.0,2024-12-23,0
LOAN0006283,CUST000885,SME Loan,0,,,545581.44,0.0,0.0,2023-11-04,0
LOAN0006284,CUST004754,BNPL,1,90.0,3.0,13678.38,33150.62,5990.02,2024-03-01,1
LOAN0006285,CUST008579,Personal Loan,0,,,196802.26,0.0,0.0,2025-09-11,0
LOAN0006286,CUST005525,BNPL,0,,,11821.2,0.0,0.0,2023-12-28,0
LOAN0006287,CUST000475,Personal Loan,0,,,528400.67,0.0,0.0,2024-05-16,0
LOAN0006288,CUST009743,Education Loan,0,,,246186.72,0.0,0.0,2027-01-31,0
LOAN0006289,CUST008299,Personal Loan,0,,,542651.46,0.0,0.0,2025-09-23,0
LOAN0006290,CUST001330,Personal Loan,0,,,127262.4,0.0,0.0,2025-10-25,0
LOAN0006291,CUST009222,Personal Loan,1,90.0,3.0,24877.9,78282.1,26399.48,2023-05-20,1
LOAN0006292,CUST004503,BNPL,1,90.0,3.0,770.4,2911.6,1145.81,2023-09-03,1
LOAN0006293,CUST003722,Education Loan,0,,,373353.94,0.0,0.0,2025-09-07,0
LOAN0006294,CUST004606,BNPL,0,,,53705.33,0.0,0.0,2022-10-12,0
LOAN0006295,CUST008358,Personal Loan,0,,,354346.08,0.0,0.0,2023-12-26,0
LOAN0006296,CUST006603,BNPL,0,,,18901.75,0.0,0.0,2024-05-29,0
LOAN0006297,CUST000600,Personal Loan,0,,,209529.1,0.0,0.0,2023-06-18,0
LOAN0006298,CUST009578,Personal Loan,0,,,65444.68,0.0,0.0,2025-01-24,0
LOAN0006299,CUST001490,Personal Loan,1,180.0,6.0,34298.15,78582.85,22396.95,2023-11-06,1
LOAN0006300,CUST007470,Personal Loan,0,,,609431.1,0.0,0.0,2025-07-08,0
LOAN0006301,CUST006369,Personal Loan,1,150.0,5.0,14323.64,39545.36,12437.51,2023-07-13,1
LOAN0006302,CUST001884,Personal Loan,0,,,211604.88,0.0,0.0,2025-08-21,0
LOAN0006303,CUST001718,Personal Loan,0,,,15901.44,0.0,0.0,2025-02-27,0
LOAN0006304,CUST008715,Education Loan,0,,,1051958.13,0.0,0.0,2025-11-28,0
LOAN0006305,CUST004203,BNPL,0,,,40036.4,0.0,0.0,2024-03-23,0
LOAN0006306,CUST006556,Personal Loan,0,,,239424.0,0.0,0.0,2025-07-28,0
LOAN0006307,CUST005046,SME Loan,0,,,66966.51,0.0,0.0,2026-05-26,0
LOAN0006308,CUST007291,SME Loan,1,210.0,7.0,227616.54,144151.46,39591.47,2024-03-11,1
LOAN0006309,CUST004795,Personal Loan,1,150.0,5.0,36130.2,136696.8,21693.68,2024-01-01,1
LOAN0006310,CUST002876,Personal Loan,0,,,191930.4,0.0,0.0,2025-06-19,0
LOAN0006311,CUST003634,Personal Loan,1,120.0,4.0,107090.76,255388.24,68720.57,2023-10-05,1
LOAN0006312,CUST008601,Personal Loan,0,,,49905.02,0.0,0.0,2024-09-06,0
LOAN0006313,CUST004679,Personal Loan,0,,,286270.02,0.0,0.0,2024-04-01,0
LOAN0006314,CUST002139,SME Loan,0,,,213800.73,0.0,0.0,2024-04-01,0
LOAN0006315,CUST009347,SME Loan,0,,,268011.97,0.0,0.0,2024-10-11,0
LOAN0006316,CUST007980,Personal Loan,0,,,453560.4,0.0,0.0,2024-01-05,0
LOAN0006317,CUST000563,SME Loan,0,,,671082.1,0.0,0.0,2023-09-25,0
LOAN0006318,CUST009988,Personal Loan,0,,,230588.64,0.0,0.0,2025-10-14,0
LOAN0006319,CUST006969,Personal Loan,0,,,314027.76,0.0,0.0,2025-10-05,0
LOAN0006320,CUST001613,Personal Loan,0,,,128963.34,0.0,0.0,2023-09-28,0
LOAN0006321,CUST002376,Personal Loan,0,,,91702.6,0.0,0.0,2024-03-14,0
LOAN0006322,CUST006945,Personal Loan,0,,,579332.52,0.0,0.0,2025-04-10,0
LOAN0006323,CUST007810,BNPL,0,,,14070.2,0.0,0.0,2024-05-31,0
LOAN0006324,CUST002393,BNPL,0,,,44924.7,0.0,0.0,2024-10-12,0
LOAN0006325,CUST002575,Personal Loan,0,,,563143.35,0.0,0.0,2025-01-15,0
LOAN0006326,CUST003073,Personal Loan,0,,,157986.18,0.0,0.0,2026-09-23,0
LOAN0006327,CUST005993,Personal Loan,0,,,194967.99,0.0,0.0,2024-03-10,0
LOAN0006328,CUST001730,BNPL,0,,,57118.6,0.0,0.0,2023-06-19,0
LOAN0006329,CUST001055,Personal Loan,0,,,88834.2,0.0,0.0,2026-03-06,0
LOAN0006330,CUST006804,Personal Loan,0,,,346399.82,0.0,0.0,2025-11-26,0
LOAN0006331,CUST007801,Personal Loan,0,,,245495.77,0.0,0.0,2024-11-27,0
LOAN0006332,CUST005018,Personal Loan,0,,,349244.1,0.0,0.0,2025-03-27,0
LOAN0006333,CUST003640,Personal Loan,0,,,515001.76,0.0,0.0,2024-03-24,0
LOAN0006334,CUST004323,Personal Loan,0,,,261473.94,0.0,0.0,2026-03-04,0
LOAN0006335,CUST003889,SME Loan,0,,,320790.4,0.0,0.0,2026-03-04,0
LOAN0006336,CUST009602,Personal Loan,0,,,453705.72,0.0,0.0,2025-05-09,0
LOAN0006337,CUST007688,Personal Loan,0,,,163255.05,0.0,0.0,2025-08-07,0
LOAN0006338,CUST002086,Personal Loan,0,,,317741.18,0.0,0.0,2024-08-17,0
LOAN0006339,CUST003848,BNPL,1,90.0,3.0,31287.88,15153.12,4715.29,2024-02-15,1
LOAN0006340,CUST005447,Personal Loan,0,,,507525.12,0.0,0.0,2025-10-04,0
LOAN0006341,CUST006143,BNPL,0,,,7788.66,0.0,0.0,2024-04-08,0
LOAN0006342,CUST004680,BNPL,0,,,7529.6,0.0,0.0,2024-05-22,0
LOAN0006343,CUST008114,BNPL,0,,,54127.0,0.0,0.0,2024-09-18,0
LOAN0006344,CUST007684,BNPL,0,,,34767.45,0.0,0.0,2023-11-23,0
LOAN0006345,CUST005057,Personal Loan,0,,,188784.32,0.0,0.0,2025-07-03,0
LOAN0006346,CUST008556,Personal Loan,0,,,303613.11,0.0,0.0,2025-04-10,0
LOAN0006347,CUST007525,SME Loan,1,90.0,3.0,93770.22,466315.78,114751.01,2023-08-23,1
LOAN0006348,CUST007795,SME Loan,0,,,656521.0,0.0,0.0,2025-06-24,0
LOAN0006349,CUST009566,Personal Loan,0,,,633900.96,0.0,0.0,2026-10-05,0
LOAN0006350,CUST002667,Personal Loan,0,,,237662.75,0.0,0.0,2025-08-11,0
LOAN0006351,CUST002678,Personal Loan,0,,,147073.86,0.0,0.0,2025-12-25,0
LOAN0006352,CUST008903,BNPL,0,,,59261.09,0.0,0.0,2023-10-11,0
LOAN0006353,CUST007731,Personal Loan,1,150.0,5.0,17545.68,73175.32,20597.4,2023-09-21,1
LOAN0006354,CUST009268,SME Loan,0,,,436721.92,0.0,0.0,2025-04-06,0
LOAN0006355,CUST000638,Personal Loan,0,,,128590.5,0.0,0.0,2026-01-30,0
LOAN0006356,CUST006291,BNPL,0,,,42627.2,0.0,0.0,2023-09-22,0
LOAN0006357,CUST001461,Personal Loan,1,120.0,4.0,34417.23,179435.77,51820.13,2023-05-22,1
LOAN0006358,CUST005045,Personal Loan,0,,,354284.8,0.0,0.0,2025-05-22,0
LOAN0006359,CUST001569,BNPL,0,,,59412.05,0.0,0.0,2023-12-12,0
LOAN0006360,CUST001293,BNPL,0,,,43435.71,0.0,0.0,2024-06-11,0
LOAN0006361,CUST000128,Education Loan,1,120.0,4.0,60248.34,281726.66,47953.56,2023-08-03,1
LOAN0006362,CUST006313,Personal Loan,0,,,114110.6,0.0,0.0,2024-04-06,0
LOAN0006363,CUST003591,SME Loan,0,,,351198.18,0.0,0.0,2026-02-05,0
LOAN0006364,CUST001063,Personal Loan,0,,,565121.55,0.0,0.0,2025-08-01,0
LOAN0006365,CUST003231,SME Loan,0,,,644238.0,0.0,0.0,2025-07-22,0
LOAN0006366,CUST001700,Personal Loan,0,,,472366.29,0.0,0.0,2026-06-23,0
LOAN0006367,CUST009419,BNPL,0,,,13006.98,0.0,0.0,2023-12-31,0
LOAN0006368,CUST003202,Personal Loan,0,,,525796.04,0.0,0.0,2023-11-08,0
LOAN0006369,CUST003337,Personal Loan,0,,,489312.24,0.0,0.0,2025-02-01,0
LOAN0006370,CUST008408,BNPL,0,,,15608.5,0.0,0.0,2024-03-11,0
LOAN0006371,CUST006485,BNPL,1,240.0,8.0,22931.88,0.0,0.0,2024-01-08,1
LOAN0006372,CUST007120,Personal Loan,1,150.0,5.0,56356.28,253283.72,70638.13,2024-04-14,1
LOAN0006373,CUST006367,SME Loan,0,,,352785.3,0.0,0.0,2024-05-07,0
LOAN0006374,CUST009464,Personal Loan,1,120.0,4.0,39758.49,317927.51,99434.1,2023-11-18,1
LOAN0006375,CUST002075,Education Loan,0,,,376606.2,0.0,0.0,2023-07-31,0
LOAN0006376,CUST009886,BNPL,1,90.0,3.0,58458.6,0.0,0.0,2023-12-27,1
LOAN0006377,CUST008323,BNPL,0,,,21529.17,0.0,0.0,2023-09-21,0
LOAN0006378,CUST005901,SME Loan,1,90.0,3.0,108666.26,330888.74,98018.57,2023-11-28,1
LOAN0006379,CUST006631,Personal Loan,0,,,187628.16,0.0,0.0,2025-05-30,0
LOAN0006380,CUST006495,SME Loan,1,120.0,4.0,144466.62,253433.38,44870.82,2023-07-29,1
LOAN0006381,CUST000591,BNPL,0,,,44104.38,0.0,0.0,2023-08-15,0
LOAN0006382,CUST002185,Personal Loan,1,150.0,5.0,238552.0,147771.0,33829.49,2023-05-29,1
LOAN0006383,CUST009617,SME Loan,0,,,318308.9,0.0,0.0,2025-02-21,0
LOAN0006384,CUST005352,SME Loan,0,,,504400.35,0.0,0.0,2025-06-14,0
LOAN0006385,CUST003788,Personal Loan,0,,,569344.5,0.0,0.0,2025-02-28,0
LOAN0006386,CUST007631,Personal Loan,0,,,81153.66,0.0,0.0,2024-03-14,0
LOAN0006387,CUST005249,BNPL,0,,,27318.32,0.0,0.0,2023-07-02,0
LOAN0006388,CUST000138,Personal Loan,0,,,472986.67,0.0,0.0,2025-01-25,0
LOAN0006389,CUST007379,Personal Loan,1,210.0,7.0,59224.32,214984.68,27310.76,2024-04-10,1
LOAN0006390,CUST007342,BNPL,1,120.0,4.0,14813.37,23035.63,3303.14,2023-07-26,1
LOAN0006391,CUST001660,Personal Loan,1,120.0,4.0,99338.16,393938.84,132987.14,2024-04-08,1
LOAN0006392,CUST009569,BNPL,0,,,30935.1,0.0,0.0,2024-03-22,0
LOAN0006393,CUST002247,SME Loan,0,,,461922.2,0.0,0.0,2024-02-05,0
LOAN0006394,CUST004575,Personal Loan,0,,,112780.8,0.0,0.0,2025-11-27,0
LOAN0006395,CUST001160,Personal Loan,0,,,556938.96,0.0,0.0,2025-11-12,0
LOAN0006396,CUST006045,Personal Loan,0,,,34871.2,0.0,0.0,2026-10-07,0
LOAN0006397,CUST003759,Personal Loan,1,90.0,3.0,49507.1,128579.9,13584.46,2023-06-05,1
LOAN0006398,CUST003532,SME Loan,1,240.0,8.0,270190.06,254894.94,71716.7,2023-09-29,1
LOAN0006399,CUST008282,SME Loan,0,,,471889.53,0.0,0.0,2025-08-23,0
LOAN0006400,CUST000098,BNPL,1,90.0,3.0,814.44,2004.56,801.57,2023-10-15,1
LOAN0006401,CUST007993,Personal Loan,0,,,145558.66,0.0,0.0,2025-01-23,0
LOAN0006402,CUST005726,Personal Loan,0,,,157257.45,0.0,0.0,2026-07-29,0
LOAN0006403,CUST009857,SME Loan,0,,,74382.12,0.0,0.0,2024-06-02,0
LOAN0006404,CUST005905,Personal Loan,0,,,68309.85,0.0,0.0,2026-11-19,0
LOAN0006405,CUST000560,SME Loan,0,,,75215.27,0.0,0.0,2025-12-11,0
LOAN0006406,CUST000512,Personal Loan,0,,,16119.4,0.0,0.0,2026-10-29,0
LOAN0006407,CUST008844,Education Loan,1,180.0,6.0,74469.3,542092.7,138834.84,2024-04-28,1
LOAN0006408,CUST008420,Personal Loan,0,,,125101.44,0.0,0.0,2026-04-07,0
LOAN0006409,CUST003456,Personal Loan,0,,,365061.25,0.0,0.0,2025-11-26,0
LOAN0006410,CUST006195,BNPL,0,,,45021.48,0.0,0.0,2024-07-12,0
LOAN0006411,CUST004907,SME Loan,0,,,340619.01,0.0,0.0,2025-11-28,0
LOAN0006412,CUST009673,BNPL,1,120.0,4.0,9370.23,20630.77,3266.27,2023-10-12,1
LOAN0006413,CUST009503,Personal Loan,0,,,20350.9,0.0,0.0,2025-01-17,0
LOAN0006414,CUST009833,Personal Loan,0,,,35336.25,0.0,0.0,2025-05-08,0
LOAN0006415,CUST008676,Personal Loan,0,,,182274.28,0.0,0.0,2026-04-28,0
LOAN0006416,CUST009103,Personal Loan,0,,,579665.84,0.0,0.0,2025-01-03,0
LOAN0006417,CUST002178,BNPL,0,,,32068.0,0.0,0.0,2024-08-17,0
LOAN0006418,CUST008324,Personal Loan,1,90.0,3.0,17810.02,138314.98,17989.47,2023-05-25,1
LOAN0006419,CUST007106,BNPL,0,,,40730.73,0.0,0.0,2024-03-20,0
LOAN0006420,CUST009629,Personal Loan,0,,,314725.53,0.0,0.0,2024-09-21,0
LOAN0006421,CUST005724,Personal Loan,0,,,150591.0,0.0,0.0,2026-06-10,0
LOAN0006422,CUST000860,BNPL,0,,,30903.28,0.0,0.0,2024-01-18,0
LOAN0006423,CUST005987,Personal Loan,1,150.0,5.0,28989.4,126123.6,24731.87,2023-08-12,1
LOAN0006424,CUST006884,Personal Loan,1,90.0,3.0,22061.68,192708.32,27830.17,2023-07-28,1
LOAN0006425,CUST002208,Education Loan,1,180.0,6.0,146511.9,406825.1,161893.37,2024-04-23,1
LOAN0006426,CUST003945,Personal Loan,0,,,240346.44,0.0,0.0,2024-04-29,0
LOAN0006427,CUST005997,Personal Loan,0,,,574541.11,0.0,0.0,2024-12-20,0
LOAN0006428,CUST003744,Personal Loan,0,,,368488.79,0.0,0.0,2024-12-12,0
LOAN0006429,CUST003753,Personal Loan,1,120.0,4.0,46626.21,141927.79,37765.25,2024-04-16,1
LOAN0006430,CUST001345,SME Loan,0,,,133414.4,0.0,0.0,2024-09-22,0
LOAN0006431,CUST009410,Personal Loan,1,90.0,3.0,27680.98,282577.02,84949.39,2022-11-17,1
LOAN0006432,CUST007521,Personal Loan,1,120.0,4.0,14373.75,95477.25,27620.11,2024-01-11,1
LOAN0006433,CUST000013,BNPL,1,90.0,3.0,24854.5,0.0,0.0,2024-03-11,1
LOAN0006434,CUST007665,SME Loan,0,,,440755.8,0.0,0.0,2026-06-22,0
LOAN0006435,CUST007414,Education Loan,0,,,896486.5,0.0,0.0,2025-11-22,0
LOAN0006436,CUST000100,Personal Loan,1,150.0,5.0,28177.08,36080.92,10969.87,2023-05-29,1
LOAN0006437,CUST003697,SME Loan,0,,,502662.16,0.0,0.0,2025-10-14,0
LOAN0006438,CUST006080,BNPL,0,,,37465.12,0.0,0.0,2023-06-17,0
LOAN0006439,CUST004524,Personal Loan,1,240.0,8.0,109465.44,251401.56,66677.54,2024-08-22,1
LOAN0006440,CUST007790,BNPL,0,,,52797.64,0.0,0.0,2023-06-22,0
LOAN0006441,CUST004258,SME Loan,1,60.0,2.0,22568.95,288238.05,65881.27,2023-10-22,1
LOAN0006442,CUST001550,BNPL,1,240.0,8.0,31022.04,7088.96,1393.79,2024-04-29,1
LOAN0006443,CUST009767,Personal Loan,0,,,424647.72,0.0,0.0,2025-04-22,0
LOAN0006444,CUST002423,Personal Loan,0,,,121327.2,0.0,0.0,2024-10-02,0
LOAN0006445,CUST007191,BNPL,1,150.0,5.0,18527.68,26398.32,6672.64,2023-05-05,1
LOAN0006446,CUST001447,SME Loan,1,150.0,5.0,73827.52,386306.48,40835.7,2024-04-26,1
LOAN0006447,CUST003291,Personal Loan,0,,,208485.8,0.0,0.0,2025-07-04,0
LOAN0006448,CUST004421,Personal Loan,0,,,483863.4,0.0,0.0,2024-12-01,0
LOAN0006449,CUST001928,BNPL,0,,,34936.56,0.0,0.0,2023-02-18,0
LOAN0006450,CUST004497,Personal Loan,0,,,573859.43,0.0,0.0,2025-01-19,0
LOAN0006451,CUST001582,Personal Loan,1,90.0,3.0,65486.42,199542.58,75726.11,2024-02-18,1
LOAN0006452,CUST005597,Personal Loan,1,60.0,2.0,27340.28,355453.72,71437.06,2023-06-02,1
LOAN0006453,CUST006643,Personal Loan,0,,,471341.78,0.0,0.0,2025-10-26,0
LOAN0006454,CUST000632,Education Loan,0,,,471987.88,0.0,0.0,2025-04-17,0
LOAN0006455,CUST008723,Personal Loan,0,,,140612.3,0.0,0.0,2025-09-24,0
LOAN0006456,CUST001861,Personal Loan,0,,,537107.2,0.0,0.0,2025-03-24,0
LOAN0006457,CUST002262,Personal Loan,0,,,34194.72,0.0,0.0,2025-01-19,0
LOAN0006458,CUST006622,SME Loan,0,,,591386.4,0.0,0.0,2026-06-18,0
LOAN0006459,CUST004686,Personal Loan,1,90.0,3.0,140564.62,248715.38,73687.0,2024-01-23,1
LOAN0006460,CUST005001,BNPL,0,,,8842.6,0.0,0.0,2023-12-16,0
LOAN0006461,CUST001293,SME Loan,0,,,273990.36,0.0,0.0,2025-01-06,0
LOAN0006462,CUST008072,Personal Loan,0,,,587519.66,0.0,0.0,2026-04-18,0
LOAN0006463,CUST006186,Education Loan,0,,,568304.1,0.0,0.0,2027-03-10,0
LOAN0006464,CUST001366,Personal Loan,0,,,374898.5,0.0,0.0,2025-10-03,0
LOAN0006465,CUST003743,BNPL,0,,,51588.84,0.0,0.0,2024-06-23,0
LOAN0006466,CUST008117,Personal Loan,0,,,333206.76,0.0,0.0,2024-10-10,0
LOAN0006467,CUST005693,Personal Loan,1,150.0,5.0,309244.76,190184.24,41681.41,2023-10-12,1
LOAN0006468,CUST001099,BNPL,0,,,48086.94,0.0,0.0,2024-03-08,0
LOAN0006469,CUST003733,BNPL,0,,,46041.48,0.0,0.0,2024-08-03,0
LOAN0006470,CUST002431,Personal Loan,1,120.0,4.0,80420.49,156699.51,59228.11,2023-06-27,1
LOAN0006471,CUST005181,Personal Loan,1,120.0,4.0,139032.45,279700.55,51353.84,2024-04-29,1
LOAN0006472,CUST008444,Personal Loan,1,90.0,3.0,18750.22,219865.78,77902.23,2024-01-27,1
LOAN0006473,CUST004363,Personal Loan,1,120.0,4.0,53980.56,296320.44,47078.06,2024-03-30,1
LOAN0006474,CUST004336,Personal Loan,0,,,363089.79,0.0,0.0,2025-06-09,0
LOAN0006475,CUST009064,SME Loan,0,,,310230.3,0.0,0.0,2025-12-19,0
LOAN0006476,CUST005773,BNPL,1,120.0,4.0,1789.8,2303.2,879.81,2023-04-07,1
LOAN0006477,CUST005670,Personal Loan,0,,,615650.24,0.0,0.0,2024-12-07,0
LOAN0006478,CUST002624,SME Loan,0,,,530937.28,0.0,0.0,2024-05-10,0
LOAN0006479,CUST006089,SME Loan,0,,,353656.2,0.0,0.0,2023-12-19,0
LOAN0006480,CUST005771,SME Loan,0,,,373313.28,0.0,0.0,2024-11-12,0
LOAN0006481,CUST003974,SME Loan,0,,,134353.6,0.0,0.0,2025-04-16,0
LOAN0006482,CUST009904,SME Loan,1,90.0,3.0,17489.92,172115.08,60127.86,2024-03-22,1
LOAN0006483,CUST008832,BNPL,1,120.0,4.0,16617.66,37198.34,9456.31,2024-04-24,1
LOAN0006484,CUST007510,SME Loan,0,,,415389.12,0.0,0.0,2025-11-25,0
LOAN0006485,CUST005378,Personal Loan,0,,,112133.64,0.0,0.0,2024-04-28,0
LOAN0006486,CUST004618,Education Loan,0,,,289922.24,0.0,0.0,2025-11-21,0
LOAN0006487,CUST001859,Education Loan,1,180.0,6.0,199360.9,332685.1,93740.64,2023-10-02,1
LOAN0006488,CUST003059,Personal Loan,0,,,250177.9,0.0,0.0,2024-03-08,0
LOAN0006489,CUST007748,Personal Loan,0,,,655972.16,0.0,0.0,2026-05-19,0
LOAN0006490,CUST004535,Personal Loan,1,60.0,2.0,16790.88,372022.12,98305.87,2023-09-15,1
LOAN0006491,CUST008834,BNPL,0,,,37233.64,0.0,0.0,2024-04-04,0
LOAN0006492,CUST001491,Personal Loan,1,180.0,6.0,16339.7,1712.3,550.56,2024-05-15,1
LOAN0006493,CUST005089,Personal Loan,0,,,442437.94,0.0,0.0,2023-10-10,0
LOAN0006494,CUST006478,Personal Loan,0,,,429309.9,0.0,0.0,2022-09-13,0
LOAN0006495,CUST005175,BNPL,0,,,58974.72,0.0,0.0,2022-12-15,0
LOAN0006496,CUST008905,Personal Loan,1,120.0,4.0,23446.5,68124.5,9058.03,2023-11-24,1
LOAN0006497,CUST009893,Education Loan,0,,,723059.74,0.0,0.0,2025-09-17,0
LOAN0006498,CUST001173,BNPL,0,,,3270.4,0.0,0.0,2023-05-11,0
LOAN0006499,CUST001313,Personal Loan,0,,,500349.0,0.0,0.0,2024-12-14,0
LOAN0006500,CUST001316,Personal Loan,0,,,464491.28,0.0,0.0,2025-10-22,0
LOAN0006501,CUST006826,Education Loan,1,210.0,7.0,96870.9,201084.1,47176.1,2023-12-30,1
LOAN0006502,CUST003731,Personal Loan,0,,,375885.96,0.0,0.0,2024-11-29,0
LOAN0006503,CUST007351,Personal Loan,0,,,158295.0,0.0,0.0,2025-02-20,0
LOAN0006504,CUST004063,SME Loan,0,,,263411.19,0.0,0.0,2024-09-05,0
LOAN0006505,CUST006290,BNPL,0,,,57651.24,0.0,0.0,2023-05-22,0
LOAN0006506,CUST007707,Personal Loan,0,,,347429.04,0.0,0.0,2024-07-22,0
LOAN0006507,CUST005489,Personal Loan,0,,,316016.4,0.0,0.0,2024-09-18,0
LOAN0006508,CUST005399,Personal Loan,0,,,506463.32,0.0,0.0,2024-07-12,0
LOAN0006509,CUST000891,Personal Loan,0,,,383397.5,0.0,0.0,2025-06-29,0
LOAN0006510,CUST004116,Personal Loan,0,,,423701.85,0.0,0.0,2023-11-27,0
LOAN0006511,CUST005466,BNPL,1,120.0,4.0,4345.38,1419.62,322.77,2024-04-27,1
LOAN0006512,CUST004617,Education Loan,1,240.0,8.0,236729.64,516930.36,115174.5,2024-08-24,1
LOAN0006513,CUST009017,SME Loan,0,,,196801.5,0.0,0.0,2025-09-09,0
LOAN0006514,CUST009075,Personal Loan,0,,,415115.86,0.0,0.0,2026-05-20,0
LOAN0006515,CUST008234,BNPL,0,,,59418.45,0.0,0.0,2023-12-04,0
LOAN0006516,CUST003757,Personal Loan,0,,,88173.26,0.0,0.0,2023-07-24,0
LOAN0006517,CUST007188,Personal Loan,0,,,143246.08,0.0,0.0,2024-12-20,0
LOAN0006518,CUST003959,BNPL,0,,,35886.78,0.0,0.0,2024-03-21,0
LOAN0006519,CUST002333,Personal Loan,0,,,94967.34,0.0,0.0,2026-01-07,0
LOAN0006520,CUST003428,BNPL,1,120.0,4.0,4573.41,1469.59,506.51,2023-02-17,1
LOAN0006521,CUST000719,Personal Loan,0,,,594092.88,0.0,0.0,2026-07-16,0
LOAN0006522,CUST003317,BNPL,1,90.0,3.0,13107.4,24722.6,5585.14,2024-03-25,1
LOAN0006523,CUST004603,SME Loan,0,,,570890.43,0.0,0.0,2025-04-16,0
LOAN0006524,CUST009558,SME Loan,0,,,547276.56,0.0,0.0,2025-02-09,0
LOAN0006525,CUST003137,Personal Loan,0,,,293194.32,0.0,0.0,2024-06-30,0
LOAN0006526,CUST009033,Personal Loan,0,,,471605.52,0.0,0.0,2025-12-30,0
LOAN0006527,CUST002294,Personal Loan,0,,,559235.69,0.0,0.0,2024-04-20,0
LOAN0006528,CUST001918,BNPL,0,,,41980.5,0.0,0.0,2024-04-27,0
LOAN0006529,CUST005197,Personal Loan,0,,,538467.3,0.0,0.0,2024-06-02,0
LOAN0006530,CUST006734,Personal Loan,0,,,556338.61,0.0,0.0,2025-12-12,0
LOAN0006531,CUST000449,Personal Loan,0,,,433567.26,0.0,0.0,2024-04-17,0
LOAN0006532,CUST002217,Education Loan,0,,,297958.08,0.0,0.0,2027-12-11,0
LOAN0006533,CUST004554,BNPL,0,,,57234.72,0.0,0.0,2024-08-05,0
LOAN0006534,CUST003310,Personal Loan,0,,,124889.82,0.0,0.0,2026-06-16,0
LOAN0006535,CUST007144,Personal Loan,0,,,339338.85,0.0,0.0,2024-07-23,0
LOAN0006536,CUST005118,Personal Loan,0,,,333608.16,0.0,0.0,2025-12-19,0
LOAN0006537,CUST001614,Personal Loan,0,,,69846.36,0.0,0.0,2024-11-25,0
LOAN0006538,CUST008956,Personal Loan,0,,,430469.8,0.0,0.0,2025-08-03,0
LOAN0006539,CUST002933,Personal Loan,0,,,39966.9,0.0,0.0,2026-04-15,0
LOAN0006540,CUST007330,BNPL,0,,,22162.8,0.0,0.0,2023-08-25,0
LOAN0006541,CUST007812,Personal Loan,0,,,619938.36,0.0,0.0,2026-12-22,0
LOAN0006542,CUST009633,Personal Loan,0,,,57832.11,0.0,0.0,2024-04-18,0
LOAN0006543,CUST004992,Personal Loan,0,,,703305.6,0.0,0.0,2026-06-24,0
LOAN0006544,CUST006172,Personal Loan,0,,,121118.6,0.0,0.0,2023-08-07,0
LOAN0006545,CUST003345,Personal Loan,0,,,497000.64,0.0,0.0,2024-08-08,0
LOAN0006546,CUST006795,Personal Loan,0,,,76495.5,0.0,0.0,2025-04-22,0
LOAN0006547,CUST004631,SME Loan,0,,,268098.12,0.0,0.0,2024-04-30,0
LOAN0006548,CUST004376,BNPL,1,180.0,6.0,27940.14,0.0,0.0,2024-03-30,1
LOAN0006549,CUST008566,Personal Loan,0,,,281122.8,0.0,0.0,2026-09-10,0
LOAN0006550,CUST000508,Education Loan,0,,,956189.58,0.0,0.0,2025-10-27,0
LOAN0006551,CUST008832,Personal Loan,1,150.0,5.0,32217.52,174956.48,66357.06,2024-05-27,1
LOAN0006552,CUST008534,Personal Loan,0,,,117658.95,0.0,0.0,2025-01-11,0
LOAN0006553,CUST005070,Personal Loan,0,,,413499.46,0.0,0.0,2024-10-05,0
LOAN0006554,CUST004913,Personal Loan,0,,,389311.04,0.0,0.0,2024-05-11,0
LOAN0006555,CUST003619,Personal Loan,1,240.0,8.0,123227.79,136397.21,51980.57,2023-03-18,1
LOAN0006556,CUST009942,BNPL,0,,,2272.46,0.0,0.0,2023-04-04,0
LOAN0006557,CUST001126,BNPL,1,120.0,4.0,9250.35,11926.65,2522.22,2022-08-16,1
LOAN0006558,CUST005912,SME Loan,0,,,682221.42,0.0,0.0,2026-03-11,0
LOAN0006559,CUST006832,Personal Loan,0,,,138176.87,0.0,0.0,2025-09-13,0
LOAN0006560,CUST009344,Personal Loan,0,,,275211.45,0.0,0.0,2026-03-28,0
LOAN0006561,CUST007815,BNPL,0,,,23429.36,0.0,0.0,2024-04-20,0
LOAN0006562,CUST006446,BNPL,1,60.0,2.0,1997.4,3928.6,741.46,2023-08-17,1
LOAN0006563,CUST001181,Personal Loan,0,,,37115.52,0.0,0.0,2026-08-09,0
LOAN0006564,CUST003740,Personal Loan,1,240.0,8.0,63161.84,41461.16,11186.22,2024-08-22,1
LOAN0006565,CUST001402,Personal Loan,0,,,531005.76,0.0,0.0,2026-09-12,0
LOAN0006566,CUST008824,Personal Loan,0,,,410439.4,0.0,0.0,2026-04-09,0
LOAN0006567,CUST007511,BNPL,1,240.0,8.0,9036.58,1068.42,263.08,2024-08-11,1
LOAN0006568,CUST007586,SME Loan,0,,,409599.32,0.0,0.0,2026-01-16,0
LOAN0006569,CUST006532,SME Loan,0,,,94510.2,0.0,0.0,2025-03-26,0
LOAN0006570,CUST005076,BNPL,0,,,28928.7,0.0,0.0,2024-10-21,0
LOAN0006571,CUST001509,Personal Loan,0,,,666128.0,0.0,0.0,2026-05-10,0
LOAN0006572,CUST003297,Personal Loan,0,,,360994.56,0.0,0.0,2024-07-23,0
LOAN0006573,CUST001382,Personal Loan,1,120.0,4.0,58190.19,137447.81,16294.38,2024-02-09,1
LOAN0006574,CUST007267,Personal Loan,0,,,155295.84,0.0,0.0,2025-04-12,0
LOAN0006575,CUST001613,Personal Loan,1,150.0,5.0,50627.96,295243.04,59651.02,2023-12-21,1
LOAN0006576,CUST007040,Personal Loan,0,,,13075.04,0.0,0.0,2025-10-30,0
LOAN0006577,CUST006943,SME Loan,0,,,635692.12,0.0,0.0,2026-01-30,0
LOAN0006578,CUST004590,Personal Loan,0,,,38232.6,0.0,0.0,2026-01-13,0
LOAN0006579,CUST001365,Personal Loan,0,,,246592.84,0.0,0.0,2026-01-12,0
LOAN0006580,CUST003150,Personal Loan,1,120.0,4.0,159098.73,225254.27,80579.28,2024-01-13,1
LOAN0006581,CUST003202,BNPL,1,240.0,8.0,22564.08,2279.92,250.32,2024-03-04,1
LOAN0006582,CUST007025,Personal Loan,0,,,623161.69,0.0,0.0,2026-04-27,0
LOAN0006583,CUST001150,Education Loan,0,,,1025294.48,0.0,0.0,2025-08-29,0
LOAN0006584,CUST008304,Personal Loan,0,,,328696.41,0.0,0.0,2025-09-26,0
LOAN0006585,CUST007622,SME Loan,1,120.0,4.0,34132.62,120593.38,19325.24,2023-12-19,1
LOAN0006586,CUST001874,Education Loan,1,180.0,6.0,153674.3,401494.7,85161.88,2024-06-06,1
LOAN0006587,CUST007206,BNPL,0,,,23744.32,0.0,0.0,2024-04-29,0
LOAN0006588,CUST006693,Personal Loan,0,,,347454.48,0.0,0.0,2024-08-25,0
LOAN0006589,CUST007494,Personal Loan,0,,,473202.75,0.0,0.0,2025-02-21,0
LOAN0006590,CUST001898,BNPL,1,120.0,4.0,3616.2,5886.8,1318.95,2023-05-13,1
LOAN0006591,CUST001586,Personal Loan,0,,,607808.32,0.0,0.0,2025-08-10,0
LOAN0006592,CUST002370,Personal Loan,0,,,510623.68,0.0,0.0,2024-07-11,0
LOAN0006593,CUST003659,Personal Loan,0,,,360522.24,0.0,0.0,2024-12-05,0
LOAN0006594,CUST007949,SME Loan,0,,,385742.07,0.0,0.0,2024-05-22,0
LOAN0006595,CUST007396,Personal Loan,0,,,43008.6,0.0,0.0,2026-05-28,0
LOAN0006596,CUST009258,Personal Loan,0,,,95995.04,0.0,0.0,2024-05-21,0
LOAN0006597,CUST000593,Personal Loan,0,,,93344.68,0.0,0.0,2025-12-10,0
LOAN0006598,CUST000120,BNPL,0,,,44583.2,0.0,0.0,2024-05-11,0
LOAN0006599,CUST007012,Education Loan,0,,,1112498.26,0.0,0.0,2026-09-12,0
LOAN0006600,CUST002796,BNPL,1,150.0,5.0,35320.47,0.0,0.0,2023-12-12,1
LOAN0006601,CUST003338,Personal Loan,0,,,342342.72,0.0,0.0,2024-03-20,0
LOAN0006602,CUST005476,Personal Loan,1,150.0,5.0,37337.52,133677.48,35305.52,2023-03-14,1
LOAN0006603,CUST001036,SME Loan,0,,,566037.55,0.0,0.0,2024-06-17,0
LOAN0006604,CUST006435,Personal Loan,0,,,257496.2,0.0,0.0,2023-10-04,0
LOAN0006605,CUST003252,Personal Loan,0,,,585667.34,0.0,0.0,2024-11-30,0
LOAN0006606,CUST006336,Personal Loan,1,180.0,6.0,100063.7,118554.3,17995.15,2024-02-17,1
LOAN0006607,CUST008352,SME Loan,0,,,92149.43,0.0,0.0,2025-01-10,0
LOAN0006608,CUST001722,Personal Loan,0,,,522208.68,0.0,0.0,2025-06-18,0
LOAN0006609,CUST009312,Personal Loan,0,,,352124.38,0.0,0.0,2025-01-08,0
LOAN0006610,CUST005312,Personal Loan,0,,,655571.0,0.0,0.0,2026-08-01,0
LOAN0006611,CUST009234,Personal Loan,0,,,263000.28,0.0,0.0,2026-06-29,0
LOAN0006612,CUST002083,BNPL,0,,,34497.06,0.0,0.0,2024-05-19,0
LOAN0006613,CUST006057,Personal Loan,1,120.0,4.0,225614.76,271439.24,100587.81,2024-01-02,1
LOAN0006614,CUST004045,SME Loan,0,,,120624.75,0.0,0.0,2025-03-22,0
LOAN0006615,CUST007751,Personal Loan,0,,,488606.82,0.0,0.0,2025-12-11,0
LOAN0006616,CUST006071,SME Loan,0,,,157873.6,0.0,0.0,2026-07-27,0
LOAN0006617,CUST004955,Personal Loan,1,60.0,2.0,18249.62,149237.38,54902.75,2023-11-26,1
LOAN0006618,CUST009136,BNPL,1,210.0,7.0,50624.15,0.0,0.0,2023-11-10,1
LOAN0006619,CUST003775,SME Loan,0,,,142115.22,0.0,0.0,2025-12-05,0
LOAN0006620,CUST002204,Personal Loan,0,,,13932.6,0.0,0.0,2024-08-01,0
LOAN0006621,CUST006092,SME Loan,0,,,467413.52,0.0,0.0,2026-02-03,0
LOAN0006622,CUST006254,Personal Loan,0,,,74133.76,0.0,0.0,2025-04-16,0
LOAN0006623,CUST004391,BNPL,0,,,15786.48,0.0,0.0,2023-07-02,0
LOAN0006624,CUST004874,Personal Loan,0,,,52349.7,0.0,0.0,2025-04-08,0
LOAN0006625,CUST009597,BNPL,0,,,52907.7,0.0,0.0,2024-02-14,0
LOAN0006626,CUST007345,Personal Loan,0,,,238045.76,0.0,0.0,2024-12-11,0
LOAN0006627,CUST001119,Personal Loan,0,,,642937.68,0.0,0.0,2025-11-14,0
LOAN0006628,CUST002126,Personal Loan,0,,,18441.21,0.0,0.0,2024-03-31,0
LOAN0006629,CUST009757,Personal Loan,0,,,354622.51,0.0,0.0,2024-05-05,0
LOAN0006630,CUST007282,BNPL,0,,,20928.8,0.0,0.0,2024-07-29,0
LOAN0006631,CUST009153,Personal Loan,0,,,155394.4,0.0,0.0,2024-07-14,0
LOAN0006632,CUST003040,Personal Loan,0,,,261194.15,0.0,0.0,2026-11-23,0
LOAN0006633,CUST007433,Personal Loan,0,,,36829.17,0.0,0.0,2024-06-14,0
LOAN0006634,CUST007158,Personal Loan,1,60.0,2.0,75596.83,353010.17,36868.51,2023-09-25,1
LOAN0006635,CUST002949,Personal Loan,0,,,218010.78,0.0,0.0,2025-05-15,0
LOAN0006636,CUST005515,Personal Loan,0,,,339176.18,0.0,0.0,2025-04-21,0
LOAN0006637,CUST006288,BNPL,0,,,55897.96,0.0,0.0,2023-12-25,0
LOAN0006638,CUST004817,SME Loan,0,,,685867.8,0.0,0.0,2025-01-24,0
LOAN0006639,CUST008285,Personal Loan,1,180.0,6.0,63447.6,105948.4,30717.19,2023-05-02,1
LOAN0006640,CUST008341,Education Loan,0,,,712733.2,0.0,0.0,2027-02-22,0
LOAN0006641,CUST008521,Personal Loan,1,210.0,7.0,50676.72,172115.28,56743.29,2024-04-15,1
LOAN0006642,CUST008048,BNPL,1,240.0,8.0,31369.73,7176.27,1892.89,2024-08-23,1
LOAN0006643,CUST004890,SME Loan,0,,,636963.34,0.0,0.0,2026-01-28,0
LOAN0006644,CUST003820,BNPL,0,,,48369.18,0.0,0.0,2023-04-06,0
LOAN0006645,CUST008328,Personal Loan,0,,,284859.46,0.0,0.0,2025-12-29,0
LOAN0006646,CUST004913,BNPL,0,,,38812.24,0.0,0.0,2024-04-05,0
LOAN0006647,CUST002467,BNPL,0,,,61122.51,0.0,0.0,2024-07-28,0
LOAN0006648,CUST005079,Personal Loan,0,,,559956.6,0.0,0.0,2026-11-28,0
LOAN0006649,CUST001434,SME Loan,0,,,418566.88,0.0,0.0,2024-07-13,0
LOAN0006650,CUST006937,BNPL,1,180.0,6.0,23500.65,4585.35,800.65,2024-01-26,1
LOAN0006651,CUST003356,SME Loan,0,,,370430.08,0.0,0.0,2024-12-08,0
LOAN0006652,CUST002610,Personal Loan,0,,,114832.4,0.0,0.0,2024-02-18,0
LOAN0006653,CUST009567,Personal Loan,0,,,63417.6,0.0,0.0,2024-09-09,0
LOAN0006654,CUST007777,BNPL,0,,,21777.63,0.0,0.0,2024-04-12,0
LOAN0006655,CUST007883,Personal Loan,0,,,482297.06,0.0,0.0,2024-08-23,0
LOAN0006656,CUST006250,Personal Loan,0,,,78651.3,0.0,0.0,2025-07-21,0
LOAN0006657,CUST008401,BNPL,0,,,53195.8,0.0,0.0,2023-09-28,0
LOAN0006658,CUST007603,Personal Loan,0,,,379383.84,0.0,0.0,2025-06-12,0
LOAN0006659,CUST005999,Personal Loan,1,90.0,3.0,55059.98,383854.02,99428.85,2024-01-27,1
LOAN0006660,CUST009612,Personal Loan,0,,,551006.7,0.0,0.0,2024-02-22,0
LOAN0006661,CUST001923,BNPL,0,,,60283.44,0.0,0.0,2023-09-23,0
LOAN0006662,CUST009435,SME Loan,0,,,349722.8,0.0,0.0,2024-05-30,0
LOAN0006663,CUST004022,Personal Loan,0,,,397808.46,0.0,0.0,2023-07-12,0
LOAN0006664,CUST005290,BNPL,0,,,31153.4,0.0,0.0,2024-01-30,0
LOAN0006665,CUST001242,Personal Loan,0,,,189181.44,0.0,0.0,2024-05-01,0
LOAN0006666,CUST005407,Personal Loan,0,,,50678.74,0.0,0.0,2024-03-23,0
LOAN0006667,CUST006126,Personal Loan,0,,,94425.76,0.0,0.0,2025-04-27,0
LOAN0006668,CUST009975,BNPL,1,60.0,2.0,13108.78,37886.22,12186.11,2023-10-03,1
LOAN0006669,CUST009753,BNPL,0,,,9606.75,0.0,0.0,2024-05-08,0
LOAN0006670,CUST009666,Personal Loan,0,,,341399.8,0.0,0.0,2026-11-07,0
LOAN0006671,CUST003479,BNPL,1,120.0,4.0,10609.26,0.0,0.0,2023-05-19,1
LOAN0006672,CUST009910,SME Loan,0,,,277890.15,0.0,0.0,2025-03-07,0
LOAN0006673,CUST004551,SME Loan,0,,,221105.21,0.0,0.0,2025-01-26,0
LOAN0006674,CUST008532,BNPL,0,,,50184.16,0.0,0.0,2024-03-07,0
LOAN0006675,CUST002167,Personal Loan,0,,,61530.54,0.0,0.0,2024-01-18,0
LOAN0006676,CUST005064,Personal Loan,0,,,46640.64,0.0,0.0,2026-04-25,0
LOAN0006677,CUST009661,Personal Loan,1,90.0,3.0,25769.5,89797.5,27844.65,2023-09-17,1
LOAN0006678,CUST009472,Personal Loan,0,,,625535.13,0.0,0.0,2026-01-07,0
LOAN0006679,CUST006854,Personal Loan,0,,,118285.0,0.0,0.0,2025-12-21,0
LOAN0006680,CUST007991,BNPL,0,,,22911.9,0.0,0.0,2023-02-14,0
LOAN0006681,CUST001775,Personal Loan,0,,,202677.12,0.0,0.0,2024-01-20,0
LOAN0006682,CUST007232,Personal Loan,0,,,430408.38,0.0,0.0,2026-10-26,0
LOAN0006683,CUST006195,Personal Loan,0,,,205679.46,0.0,0.0,2023-10-05,0
LOAN0006684,CUST000925,BNPL,0,,,46593.24,0.0,0.0,2023-07-02,0
LOAN0006685,CUST001144,Personal Loan,1,180.0,6.0,65475.75,204417.25,47978.15,2024-04-29,1
LOAN0006686,CUST001096,SME Loan,1,60.0,2.0,52761.31,337262.69,54255.71,2022-11-20,1
LOAN0006687,CUST007261,Personal Loan,0,,,266495.94,0.0,0.0,2025-09-03,0
LOAN0006688,CUST001433,Personal Loan,0,,,486333.54,0.0,0.0,2025-08-10,0
LOAN0006689,CUST004675,BNPL,0,,,26500.32,0.0,0.0,2024-03-27,0
LOAN0006690,CUST003572,BNPL,1,150.0,5.0,43662.68,9365.32,3222.58,2022-11-06,1
LOAN0006691,CUST005512,SME Loan,0,,,207319.08,0.0,0.0,2024-10-04,0
LOAN0006692,CUST007082,SME Loan,0,,,705100.5,0.0,0.0,2025-12-06,0
LOAN0006693,CUST006865,BNPL,0,,,18036.58,0.0,0.0,2023-10-11,0
LOAN0006694,CUST005161,Personal Loan,1,150.0,5.0,2670.52,8429.48,863.38,2023-09-09,1
LOAN0006695,CUST004643,Education Loan,0,,,210208.83,0.0,0.0,2026-06-26,0
LOAN0006696,CUST003984,SME Loan,0,,,369094.44,0.0,0.0,2024-12-23,0
LOAN0006697,CUST008631,SME Loan,0,,,361357.74,0.0,0.0,2023-04-10,0
LOAN0006698,CUST003309,BNPL,0,,,36818.22,0.0,0.0,2024-05-24,0
LOAN0006699,CUST002597,Personal Loan,0,,,451771.56,0.0,0.0,2026-08-24,0
LOAN0006700,CUST007449,Personal Loan,0,,,490642.68,0.0,0.0,2025-04-24,0
LOAN0006701,CUST003598,Personal Loan,1,240.0,8.0,223907.25,138512.75,53835.22,2024-08-08,1
LOAN0006702,CUST008482,Personal Loan,0,,,449754.58,0.0,0.0,2025-10-07,0
LOAN0006703,CUST003278,Personal Loan,1,120.0,4.0,11442.78,74100.22,21166.05,2023-03-19,1
LOAN0006704,CUST007039,BNPL,1,60.0,2.0,8322.92,32561.08,5669.95,2023-01-10,1
LOAN0006705,CUST000456,BNPL,1,240.0,8.0,6107.57,2287.43,350.66,2024-02-21,1
LOAN0006706,CUST003860,Education Loan,0,,,121170.28,0.0,0.0,2027-05-23,0
LOAN0006707,CUST003431,Personal Loan,0,,,430096.68,0.0,0.0,2024-01-15,0
LOAN0006708,CUST008180,BNPL,0,,,41272.56,0.0,0.0,2024-08-11,0
LOAN0006709,CUST009672,Personal Loan,0,,,409177.44,0.0,0.0,2024-12-20,0
LOAN0006710,CUST004604,BNPL,0,,,35336.82,0.0,0.0,2024-01-18,0
LOAN0006711,CUST008262,BNPL,1,240.0,8.0,41589.87,0.0,0.0,2024-04-12,1
LOAN0006712,CUST007019,Personal Loan,0,,,261602.4,0.0,0.0,2025-01-11,0
LOAN0006713,CUST009675,Personal Loan,0,,,552075.36,0.0,0.0,2024-09-12,0
LOAN0006714,CUST008124,BNPL,0,,,34402.08,0.0,0.0,2024-04-19,0
LOAN0006715,CUST000783,Personal Loan,0,,,290658.96,0.0,0.0,2024-11-20,0
LOAN0006716,CUST007150,SME Loan,1,180.0,6.0,277198.15,309184.85,31652.63,2023-09-18,1
LOAN0006717,CUST005363,BNPL,1,210.0,7.0,22285.68,10667.32,3804.54,2024-04-29,1
LOAN0006718,CUST000172,BNPL,1,150.0,5.0,26038.2,24388.8,6580.92,2022-08-30,1
LOAN0006719,CUST002516,SME Loan,0,,,614616.45,0.0,0.0,2025-01-15,0
LOAN0006720,CUST009222,Personal Loan,0,,,338636.16,0.0,0.0,2024-04-23,0
LOAN0006721,CUST009263,Personal Loan,0,,,371216.52,0.0,0.0,2026-12-09,0
LOAN0006722,CUST008003,Personal Loan,0,,,111165.48,0.0,0.0,2024-11-07,0
LOAN0006723,CUST009817,Personal Loan,0,,,319912.58,0.0,0.0,2023-05-11,0
LOAN0006724,CUST008079,BNPL,0,,,36274.64,0.0,0.0,2024-08-29,0
LOAN0006725,CUST000105,Personal Loan,0,,,166268.5,0.0,0.0,2026-05-21,0
LOAN0006726,CUST002880,BNPL,0,,,46406.1,0.0,0.0,2024-05-30,0
LOAN0006727,CUST000313,SME Loan,0,,,404937.6,0.0,0.0,2026-06-26,0
LOAN0006728,CUST000952,SME Loan,0,,,663881.96,0.0,0.0,2023-12-28,0
LOAN0006729,CUST002193,Personal Loan,0,,,84866.4,0.0,0.0,2024-09-30,0
LOAN0006730,CUST005042,Personal Loan,1,60.0,2.0,26836.84,310672.16,117126.44,2024-02-23,1
LOAN0006731,CUST008488,BNPL,0,,,47123.64,0.0,0.0,2024-06-28,0
LOAN0006732,CUST008632,Personal Loan,1,180.0,6.0,25586.7,69868.3,19215.36,2023-12-02,1
LOAN0006733,CUST006176,Personal Loan,0,,,291959.1,0.0,0.0,2025-03-25,0
LOAN0006734,CUST009285,Education Loan,0,,,1029680.91,0.0,0.0,2025-09-07,0
LOAN0006735,CUST005009,Personal Loan,1,60.0,2.0,31974.58,227737.42,46874.98,2024-01-21,1
LOAN0006736,CUST008903,SME Loan,1,150.0,5.0,84304.2,213251.8,80507.92,2023-07-11,1
LOAN0006737,CUST004537,SME Loan,1,150.0,5.0,44728.24,142984.76,27382.75,2024-05-14,1
LOAN0006738,CUST002774,Personal Loan,1,150.0,5.0,100058.48,247540.52,59620.68,2023-08-23,1
LOAN0006739,CUST009166,Education Loan,0,,,365859.56,0.0,0.0,2024-12-04,0
LOAN0006740,CUST003884,Personal Loan,0,,,159134.15,0.0,0.0,2025-11-10,0
LOAN0006741,CUST005041,Personal Loan,0,,,205494.52,0.0,0.0,2025-09-10,0
LOAN0006742,CUST003288,Education Loan,0,,,536384.96,0.0,0.0,2025-03-10,0
LOAN0006743,CUST006635,BNPL,0,,,46549.44,0.0,0.0,2023-09-17,0
LOAN0006744,CUST009951,BNPL,0,,,33907.02,0.0,0.0,2023-12-22,0
LOAN0006745,CUST000265,Education Loan,1,240.0,8.0,149915.22,473182.78,53588.38,2024-06-23,1
LOAN0006746,CUST009007,SME Loan,1,240.0,8.0,198483.95,207014.05,36004.77,2024-02-12,1
LOAN0006747,CUST000041,BNPL,0,,,51057.18,0.0,0.0,2024-09-22,0
LOAN0006748,CUST003644,BNPL,1,240.0,8.0,43254.9,0.0,0.0,2024-08-21,1
LOAN0006749,CUST001696,Personal Loan,0,,,202620.08,0.0,0.0,2026-01-14,0
LOAN0006750,CUST007584,BNPL,0,,,9600.9,0.0,0.0,2023-12-14,0
LOAN0006751,CUST000512,BNPL,0,,,37353.21,0.0,0.0,2024-03-31,0
LOAN0006752,CUST005540,Personal Loan,1,120.0,4.0,63757.56,381492.44,128845.82,2023-12-15,1
LOAN0006753,CUST002952,Personal Loan,0,,,77130.8,0.0,0.0,2024-05-11,0
LOAN0006754,CUST001350,Personal Loan,0,,,412728.05,0.0,0.0,2026-08-26,0
LOAN0006755,CUST007727,BNPL,0,,,27788.8,0.0,0.0,2024-08-28,0
LOAN0006756,CUST002179,Personal Loan,0,,,367786.6,0.0,0.0,2024-02-02,0
LOAN0006757,CUST002245,BNPL,0,,,45534.12,0.0,0.0,2024-04-28,0
LOAN0006758,CUST002752,Personal Loan,0,,,554349.25,0.0,0.0,2026-07-22,0
LOAN0006759,CUST005880,Personal Loan,1,90.0,3.0,18239.68,201432.32,32340.14,2023-03-27,1
LOAN0006760,CUST006605,BNPL,0,,,13550.9,0.0,0.0,2024-10-20,0
LOAN0006761,CUST000185,BNPL,0,,,56133.72,0.0,0.0,2023-09-26,0
LOAN0006762,CUST002421,Personal Loan,0,,,379360.5,0.0,0.0,2024-02-16,0
LOAN0006763,CUST004311,Personal Loan,0,,,166225.73,0.0,0.0,2024-03-03,0
LOAN0006764,CUST003319,Education Loan,1,150.0,5.0,105396.72,772805.28,234497.41,2023-12-16,1
LOAN0006765,CUST008854,Personal Loan,0,,,312606.36,0.0,0.0,2023-11-29,0
LOAN0006766,CUST007890,Personal Loan,0,,,33832.7,0.0,0.0,2024-07-16,0
LOAN0006767,CUST006274,BNPL,0,,,59546.34,0.0,0.0,2023-02-08,0
LOAN0006768,CUST003377,Personal Loan,1,210.0,7.0,23103.42,64525.58,13114.01,2022-12-18,1
LOAN0006769,CUST007027,BNPL,0,,,20484.2,0.0,0.0,2023-09-30,0
LOAN0006770,CUST008447,Personal Loan,1,60.0,2.0,7890.14,162291.86,54210.81,2023-03-12,1
LOAN0006771,CUST005959,BNPL,0,,,31782.96,0.0,0.0,2024-05-01,0
LOAN0006772,CUST007856,Personal Loan,0,,,204427.38,0.0,0.0,2024-11-20,0
LOAN0006773,CUST007505,BNPL,1,210.0,7.0,49901.22,0.0,0.0,2023-10-17,1
LOAN0006774,CUST005730,SME Loan,0,,,98800.29,0.0,0.0,2025-12-19,0
LOAN0006775,CUST003125,SME Loan,0,,,160830.0,0.0,0.0,2024-02-04,0
LOAN0006776,CUST007473,Education Loan,0,,,916717.7,0.0,0.0,2024-12-10,0
LOAN0006777,CUST002072,Personal Loan,0,,,529764.4,0.0,0.0,2024-08-08,0
LOAN0006778,CUST007807,BNPL,0,,,50948.46,0.0,0.0,2023-05-17,0
LOAN0006779,CUST008060,SME Loan,0,,,153812.25,0.0,0.0,2024-12-11,0
LOAN0006780,CUST008236,Personal Loan,0,,,329074.2,0.0,0.0,2026-11-02,0
LOAN0006781,CUST004726,Personal Loan,1,90.0,3.0,35932.1,413665.9,130923.84,2023-07-20,1
LOAN0006782,CUST001931,Personal Loan,0,,,486503.85,0.0,0.0,2026-11-30,0
LOAN0006783,CUST001006,BNPL,0,,,52105.34,0.0,0.0,2023-11-25,0
LOAN0006784,CUST007450,Personal Loan,0,,,141501.42,0.0,0.0,2024-03-06,0
LOAN0006785,CUST008873,Personal Loan,0,,,143510.04,0.0,0.0,2025-01-23,0
LOAN0006786,CUST006516,BNPL,0,,,3370.28,0.0,0.0,2023-10-15,0
LOAN0006787,CUST001457,Personal Loan,0,,,639346.48,0.0,0.0,2025-03-03,0
LOAN0006788,CUST009350,Education Loan,1,90.0,3.0,8829.46,152981.54,24362.91,2023-09-13,1
LOAN0006789,CUST009887,Personal Loan,0,,,703970.68,0.0,0.0,2026-10-31,0
LOAN0006790,CUST004337,BNPL,0,,,56889.36,0.0,0.0,2022-12-17,0
LOAN0006791,CUST005959,Personal Loan,0,,,575796.8,0.0,0.0,2026-09-14,0
LOAN0006792,CUST007781,Personal Loan,1,240.0,8.0,99479.66,202893.34,72789.8,2024-01-23,1
LOAN0006793,CUST007380,SME Loan,0,,,420464.4,0.0,0.0,2024-10-26,0
LOAN0006794,CUST009679,Personal Loan,0,,,31489.27,0.0,0.0,2025-01-05,0
LOAN0006795,CUST001162,BNPL,0,,,55030.71,0.0,0.0,2024-02-06,0
LOAN0006796,CUST005823,Personal Loan,1,90.0,3.0,23296.28,187104.72,44454.67,2023-01-02,1
LOAN0006797,CUST006940,Personal Loan,0,,,247930.25,0.0,0.0,2025-12-26,0
LOAN0006798,CUST008912,BNPL,0,,,21468.75,0.0,0.0,2023-10-29,0
LOAN0006799,CUST008751,BNPL,0,,,46168.86,0.0,0.0,2023-05-12,0
LOAN0006800,CUST009781,BNPL,0,,,41246.37,0.0,0.0,2022-10-24,0
LOAN0006801,CUST005127,BNPL,0,,,21552.75,0.0,0.0,2023-11-02,0
LOAN0006802,CUST008321,Personal Loan,0,,,468553.92,0.0,0.0,2026-05-11,0
LOAN0006803,CUST004275,Personal Loan,0,,,301617.36,0.0,0.0,2026-05-18,0
LOAN0006804,CUST004228,SME Loan,0,,,639517.14,0.0,0.0,2024-11-17,0
LOAN0006805,CUST002537,Personal Loan,0,,,376599.47,0.0,0.0,2026-01-10,0
LOAN0006806,CUST008197,SME Loan,0,,,462737.99,0.0,0.0,2024-08-23,0
LOAN0006807,CUST009854,Personal Loan,0,,,108381.28,0.0,0.0,2024-11-12,0
LOAN0006808,CUST002568,SME Loan,0,,,432091.8,0.0,0.0,2025-08-07,0
LOAN0006809,CUST000567,BNPL,0,,,9637.6,0.0,0.0,2024-06-04,0
LOAN0006810,CUST008168,Personal Loan,0,,,542559.49,0.0,0.0,2024-07-02,0
LOAN0006811,CUST006218,Personal Loan,0,,,128127.22,0.0,0.0,2025-06-11,0
LOAN0006812,CUST009599,Personal Loan,0,,,146662.0,0.0,0.0,2024-02-13,0
LOAN0006813,CUST002525,Education Loan,0,,,251011.12,0.0,0.0,2026-09-09,0
LOAN0006814,CUST000720,Personal Loan,0,,,122958.56,0.0,0.0,2025-03-11,0
LOAN0006815,CUST004935,Personal Loan,0,,,304637.31,0.0,0.0,2025-12-10,0
LOAN0006816,CUST000862,Personal Loan,1,240.0,8.0,141870.68,235098.32,73705.86,2024-01-13,1
LOAN0006817,CUST002623,BNPL,0,,,60296.08,0.0,0.0,2022-12-29,0
LOAN0006818,CUST001272,Education Loan,0,,,832494.89,0.0,0.0,2024-11-09,0
LOAN0006819,CUST002250,Personal Loan,1,240.0,8.0,238333.55,249803.45,95043.08,2024-04-24,1
LOAN0006820,CUST001073,Personal Loan,1,150.0,5.0,41239.2,207444.8,32988.72,2023-12-16,1
LOAN0006821,CUST009541,Personal Loan,0,,,331660.82,0.0,0.0,2026-03-04,0
LOAN0006822,CUST002790,SME Loan,0,,,530442.78,0.0,0.0,2023-12-22,0
LOAN0006823,CUST004440,BNPL,0,,,42702.45,0.0,0.0,2023-05-04,0
LOAN0006824,CUST008994,BNPL,0,,,2740.29,0.0,0.0,2024-05-30,0
LOAN0006825,CUST006786,Education Loan,1,210.0,7.0,87550.56,182674.44,56313.8,2023-10-25,1
LOAN0006826,CUST006195,Personal Loan,0,,,269202.56,0.0,0.0,2025-11-02,0
LOAN0006827,CUST007073,Personal Loan,0,,,166664.77,0.0,0.0,2024-09-16,0
LOAN0006828,CUST008301,SME Loan,0,,,802454.8,0.0,0.0,2025-12-20,0
LOAN0006829,CUST008789,Personal Loan,0,,,406864.4,0.0,0.0,2025-08-24,0
LOAN0006830,CUST006434,BNPL,0,,,2892.05,0.0,0.0,2024-04-04,0
LOAN0006831,CUST008911,Personal Loan,0,,,453357.19,0.0,0.0,2024-09-18,0
LOAN0006832,CUST005362,Personal Loan,0,,,69931.44,0.0,0.0,2025-07-23,0
LOAN0006833,CUST002775,Personal Loan,0,,,203031.36,0.0,0.0,2023-06-19,0
LOAN0006834,CUST008812,BNPL,0,,,36666.04,0.0,0.0,2023-10-24,0
LOAN0006835,CUST005420,Personal Loan,0,,,550700.54,0.0,0.0,2024-11-26,0
LOAN0006836,CUST009072,Personal Loan,0,,,132264.44,0.0,0.0,2025-09-27,0
LOAN0006837,CUST000408,Personal Loan,0,,,489368.66,0.0,0.0,2024-02-10,0
LOAN0006838,CUST003980,Personal Loan,1,210.0,7.0,102303.18,190997.82,26582.94,2024-07-04,1
LOAN0006839,CUST009483,SME Loan,0,,,111381.92,0.0,0.0,2025-06-01,0
LOAN0006840,CUST002499,SME Loan,0,,,432922.68,0.0,0.0,2024-07-21,0
LOAN0006841,CUST009417,BNPL,0,,,24718.56,0.0,0.0,2023-06-26,0
LOAN0006842,CUST009541,Personal Loan,0,,,620366.72,0.0,0.0,2026-06-30,0
LOAN0006843,CUST008833,SME Loan,1,210.0,7.0,482836.14,107703.86,25630.71,2023-06-12,1
LOAN0006844,CUST005646,Personal Loan,0,,,178054.47,0.0,0.0,2026-03-01,0
LOAN0006845,CUST006477,SME Loan,0,,,622101.0,0.0,0.0,2024-05-09,0
LOAN0006846,CUST008708,Personal Loan,0,,,59752.32,0.0,0.0,2026-08-06,0
LOAN0006847,CUST007767,BNPL,0,,,19537.23,0.0,0.0,2023-09-14,0
LOAN0006848,CUST006312,Personal Loan,0,,,280788.66,0.0,0.0,2026-02-03,0
LOAN0006849,CUST009820,BNPL,1,150.0,5.0,4357.64,0.0,0.0,2024-05-04,1
LOAN0006850,CUST006875,Education Loan,1,90.0,3.0,65251.74,487867.26,177540.55,2022-10-17,1
LOAN0006851,CUST009755,Personal Loan,0,,,272066.81,0.0,0.0,2025-03-28,0
LOAN0006852,CUST000579,Personal Loan,1,240.0,8.0,146952.89,272680.11,51759.92,2024-03-06,1
LOAN0006853,CUST001404,SME Loan,1,240.0,8.0,309575.07,116053.93,27570.26,2022-10-27,1
LOAN0006854,CUST004511,SME Loan,0,,,135533.84,0.0,0.0,2025-05-24,0
LOAN0006855,CUST003854,SME Loan,1,150.0,5.0,131162.8,385449.2,124072.73,2024-01-31,1
LOAN0006856,CUST007839,BNPL,0,,,25718.04,0.0,0.0,2023-09-16,0
LOAN0006857,CUST001617,SME Loan,0,,,612799.32,0.0,0.0,2024-12-22,0
LOAN0006858,CUST009763,SME Loan,0,,,514769.64,0.0,0.0,2025-08-04,0
LOAN0006859,CUST003152,Personal Loan,0,,,367823.4,0.0,0.0,2026-06-29,0
LOAN0006860,CUST004291,Personal Loan,0,,,338092.11,0.0,0.0,2025-01-11,0
LOAN0006861,CUST002749,Education Loan,1,210.0,7.0,153552.0,458363.0,107599.49,2024-06-26,1
LOAN0006862,CUST005809,Personal Loan,0,,,53201.5,0.0,0.0,2025-04-06,0
LOAN0006863,CUST000593,Personal Loan,0,,,402722.87,0.0,0.0,2025-10-02,0
LOAN0006864,CUST001507,Personal Loan,0,,,313075.4,0.0,0.0,2026-05-01,0
LOAN0006865,CUST007473,Education Loan,1,120.0,4.0,41045.58,486272.42,96543.09,2024-02-16,1
LOAN0006866,CUST001875,SME Loan,0,,,625597.8,0.0,0.0,2025-04-24,0
LOAN0006867,CUST002361,Personal Loan,0,,,266857.2,0.0,0.0,2026-08-16,0
LOAN0006868,CUST007942,Personal Loan,0,,,466848.16,0.0,0.0,2024-08-06,0
LOAN0006869,CUST000943,SME Loan,0,,,109288.41,0.0,0.0,2025-07-04,0
LOAN0006870,CUST004375,Personal Loan,0,,,85452.88,0.0,0.0,2026-10-30,0
LOAN0006871,CUST000239,SME Loan,0,,,541900.8,0.0,0.0,2025-11-09,0
LOAN0006872,CUST003464,BNPL,0,,,19423.2,0.0,0.0,2024-06-29,0
LOAN0006873,CUST007010,Personal Loan,1,60.0,2.0,13717.69,289118.31,62748.13,2023-09-30,1
LOAN0006874,CUST000911,BNPL,1,180.0,6.0,13854.3,10726.7,3072.23,2024-02-22,1
LOAN0006875,CUST008896,Personal Loan,0,,,558007.32,0.0,0.0,2025-06-03,0
LOAN0006876,CUST009102,SME Loan,0,,,269402.64,0.0,0.0,2025-11-30,0
LOAN0006877,CUST001061,Personal Loan,1,180.0,6.0,70868.2,107417.8,39974.26,2023-06-07,1
LOAN0006878,CUST009904,Personal Loan,1,210.0,7.0,83332.2,295887.8,76835.43,2024-07-25,1
LOAN0006879,CUST002977,Education Loan,1,90.0,3.0,55392.84,943279.16,132016.6,2023-06-05,1
LOAN0006880,CUST000849,Personal Loan,0,,,325734.67,0.0,0.0,2026-05-15,0
LOAN0006881,CUST000053,SME Loan,1,150.0,5.0,106928.84,411018.16,77561.91,2023-07-19,1
LOAN0006882,CUST004093,Personal Loan,0,,,228999.16,0.0,0.0,2025-11-24,0
LOAN0006883,CUST006309,Personal Loan,1,150.0,5.0,33386.2,36843.8,13697.85,2024-03-31,1
LOAN0006884,CUST003321,Personal Loan,1,60.0,2.0,4103.15,69756.85,11259.03,2023-04-05,1
LOAN0006885,CUST008378,BNPL,0,,,18692.96,0.0,0.0,2023-12-17,0
LOAN0006886,CUST007182,Personal Loan,0,,,107922.24,0.0,0.0,2025-02-23,0
LOAN0006887,CUST003497,Education Loan,0,,,981309.72,0.0,0.0,2024-09-28,0
LOAN0006888,CUST007362,BNPL,1,180.0,6.0,38812.56,0.0,0.0,2023-07-28,1
LOAN0006889,CUST009407,Personal Loan,0,,,125459.73,0.0,0.0,2026-06-12,0
LOAN0006890,CUST000942,BNPL,0,,,36528.82,0.0,0.0,2023-07-04,0
LOAN0006891,CUST003064,Personal Loan,0,,,347641.35,0.0,0.0,2024-08-29,0
LOAN0006892,CUST004630,BNPL,0,,,19290.24,0.0,0.0,2024-03-29,0
LOAN0006893,CUST004988,Personal Loan,0,,,303090.0,0.0,0.0,2026-01-07,0
LOAN0006894,CUST005428,Personal Loan,0,,,50406.6,0.0,0.0,2025-03-21,0
LOAN0006895,CUST003009,SME Loan,1,150.0,5.0,67202.0,131708.0,48672.88,2022-07-10,1
LOAN0006896,CUST006681,Personal Loan,0,,,135654.8,0.0,0.0,2025-01-19,0
LOAN0006897,CUST006458,Personal Loan,1,240.0,8.0,124103.91,100122.09,13393.27,2024-03-12,1
LOAN0006898,CUST005791,Personal Loan,0,,,121395.98,0.0,0.0,2024-05-20,0
LOAN0006899,CUST001151,SME Loan,0,,,698693.6,0.0,0.0,2024-11-29,0
LOAN0006900,CUST004769,Personal Loan,0,,,176800.78,0.0,0.0,2025-11-07,0
LOAN0006901,CUST003565,Personal Loan,0,,,545827.8,0.0,0.0,2026-03-03,0
LOAN0006902,CUST004922,Personal Loan,0,,,597848.58,0.0,0.0,2024-05-30,0
LOAN0006903,CUST009223,BNPL,1,120.0,4.0,25807.65,7783.35,1578.62,2023-08-22,1
LOAN0006904,CUST004811,BNPL,0,,,55505.7,0.0,0.0,2024-08-21,0
LOAN0006905,CUST000147,Personal Loan,0,,,501729.8,0.0,0.0,2025-10-07,0
LOAN0006906,CUST004387,Personal Loan,1,150.0,5.0,85458.0,275277.0,88779.64,2024-05-16,1
LOAN0006907,CUST008222,Personal Loan,0,,,544355.3,0.0,0.0,2025-06-08,0
LOAN0006908,CUST007814,BNPL,1,150.0,5.0,25090.72,5359.28,1892.43,2024-03-25,1
LOAN0006909,CUST005140,SME Loan,1,240.0,8.0,273401.24,219744.76,84927.4,2023-06-10,1
LOAN0006910,CUST002500,BNPL,0,,,3762.32,0.0,0.0,2024-02-24,0
LOAN0006911,CUST004650,BNPL,1,180.0,6.0,7330.98,0.0,0.0,2023-12-29,1
LOAN0006912,CUST005647,Personal Loan,0,,,252862.56,0.0,0.0,2026-08-02,0
LOAN0006913,CUST009999,BNPL,0,,,2969.28,0.0,0.0,2024-07-26,0
LOAN0006914,CUST006448,Personal Loan,1,210.0,7.0,95357.4,22534.6,6229.09,2024-05-23,1
LOAN0006915,CUST006962,BNPL,1,240.0,8.0,32731.88,0.0,0.0,2024-04-16,1
LOAN0006916,CUST004926,BNPL,0,,,56618.17,0.0,0.0,2024-03-13,0
LOAN0006917,CUST003548,Personal Loan,0,,,108464.4,0.0,0.0,2026-11-02,0
LOAN0006918,CUST008143,Personal Loan,0,,,93659.2,0.0,0.0,2025-12-11,0
LOAN0006919,CUST004958,BNPL,0,,,34421.52,0.0,0.0,2023-09-03,0
LOAN0006920,CUST009948,Personal Loan,0,,,379060.85,0.0,0.0,2026-11-17,0
LOAN0006921,CUST004569,Personal Loan,0,,,322739.22,0.0,0.0,2024-09-09,0
LOAN0006922,CUST000688,SME Loan,0,,,723920.49,0.0,0.0,2025-09-20,0
LOAN0006923,CUST006842,Personal Loan,1,180.0,6.0,91939.25,326513.75,117131.45,2024-06-08,1
LOAN0006924,CUST000473,SME Loan,0,,,456635.16,0.0,0.0,2024-09-30,0
LOAN0006925,CUST002508,Personal Loan,1,60.0,2.0,11911.41,200514.59,32292.34,2023-08-19,1
LOAN0006926,CUST003539,Personal Loan,0,,,620531.96,0.0,0.0,2025-08-31,0
LOAN0006927,CUST007411,Personal Loan,1,90.0,3.0,10689.38,24556.62,6778.43,2024-02-03,1
LOAN0006928,CUST004952,Personal Loan,0,,,561072.57,0.0,0.0,2026-03-20,0
LOAN0006929,CUST000295,SME Loan,0,,,573033.6,0.0,0.0,2026-04-03,0
LOAN0006930,CUST006183,Personal Loan,0,,,598844.04,0.0,0.0,2024-08-07,0
LOAN0006931,CUST004122,Personal Loan,0,,,297131.9,0.0,0.0,2026-02-23,0
LOAN0006932,CUST009223,Personal Loan,0,,,259765.95,0.0,0.0,2024-11-02,0
LOAN0006933,CUST005003,Education Loan,1,60.0,2.0,40847.57,846127.43,122935.99,2023-12-11,1
LOAN0006934,CUST007108,SME Loan,0,,,312607.76,0.0,0.0,2025-03-01,0
LOAN0006935,CUST002194,BNPL,0,,,29994.75,0.0,0.0,2023-12-10,0
LOAN0006936,CUST007622,Personal Loan,1,120.0,4.0,47082.45,320092.55,57291.18,2024-03-21,1
LOAN0006937,CUST007224,Personal Loan,0,,,238066.2,0.0,0.0,2025-02-27,0
LOAN0006938,CUST009050,Personal Loan,0,,,463172.36,0.0,0.0,2025-06-20,0
LOAN0006939,CUST000344,BNPL,0,,,52175.8,0.0,0.0,2024-01-20,0
LOAN0006940,CUST004477,Personal Loan,0,,,201726.59,0.0,0.0,2024-07-11,0
LOAN0006941,CUST006806,Personal Loan,0,,,625742.26,0.0,0.0,2025-03-11,0
LOAN0006942,CUST000962,Personal Loan,0,,,530979.84,0.0,0.0,2024-06-21,0
LOAN0006943,CUST004114,Personal Loan,0,,,38263.6,0.0,0.0,2025-10-14,0
LOAN0006944,CUST009423,Personal Loan,0,,,53936.46,0.0,0.0,2024-06-14,0
LOAN0006945,CUST004359,Personal Loan,0,,,197888.64,0.0,0.0,2024-12-10,0
LOAN0006946,CUST009850,BNPL,1,180.0,6.0,24845.4,4816.6,704.64,2024-03-08,1
LOAN0006947,CUST000573,BNPL,1,90.0,3.0,1716.58,2454.42,357.66,2023-12-17,1
LOAN0006948,CUST007192,Personal Loan,1,240.0,8.0,111190.1,41080.9,11398.65,2024-05-28,1
LOAN0006949,CUST005826,SME Loan,1,60.0,2.0,16340.03,220641.97,36741.29,2024-02-08,1
LOAN0006950,CUST005013,BNPL,1,240.0,8.0,35820.3,0.0,0.0,2023-10-22,1
LOAN0006951,CUST009709,BNPL,1,240.0,8.0,57071.88,0.0,0.0,2024-07-25,1
LOAN0006952,CUST001309,Personal Loan,0,,,100803.32,0.0,0.0,2026-07-06,0
LOAN0006953,CUST008969,Personal Loan,1,120.0,4.0,142502.46,211092.54,48383.51,2022-10-29,1
LOAN0006954,CUST006933,Personal Loan,0,,,53807.0,0.0,0.0,2024-10-05,0
LOAN0006955,CUST002593,Personal Loan,1,180.0,6.0,28690.0,72800.0,8498.3,2023-05-25,1
LOAN0006956,CUST009026,Personal Loan,0,,,546351.44,0.0,0.0,2025-10-16,0
LOAN0006957,CUST004295,Personal Loan,0,,,302935.14,0.0,0.0,2024-08-02,0
LOAN0006958,CUST008157,Personal Loan,1,180.0,6.0,68348.05,258765.95,71256.29,2023-01-17,1
LOAN0006959,CUST003892,Personal Loan,0,,,267413.52,0.0,0.0,2025-05-16,0
LOAN0006960,CUST008524,BNPL,1,180.0,6.0,19989.1,11146.9,2308.84,2024-04-11,1
LOAN0006961,CUST006374,SME Loan,1,60.0,2.0,12672.18,301199.82,73015.31,2023-02-27,1
LOAN0006962,CUST001427,Personal Loan,0,,,381813.0,0.0,0.0,2024-08-14,0
LOAN0006963,CUST006504,Personal Loan,0,,,294418.92,0.0,0.0,2026-09-16,0
LOAN0006964,CUST001921,Personal Loan,0,,,533720.88,0.0,0.0,2025-01-28,0
LOAN0006965,CUST004127,SME Loan,0,,,352850.12,0.0,0.0,2026-02-09,0
LOAN0006966,CUST001713,BNPL,1,150.0,5.0,11639.67,0.0,0.0,2023-10-10,1
LOAN0006967,CUST000229,Education Loan,1,150.0,5.0,41766.88,155445.12,53898.01,2024-03-09,1
LOAN0006968,CUST002124,SME Loan,0,,,579016.2,0.0,0.0,2025-04-21,0
LOAN0006969,CUST005370,Personal Loan,0,,,469393.86,0.0,0.0,2025-07-09,0
LOAN0006970,CUST004823,BNPL,0,,,6253.11,0.0,0.0,2024-09-01,0
LOAN0006971,CUST005023,SME Loan,0,,,141965.46,0.0,0.0,2025-10-28,0
LOAN0006972,CUST002480,Personal Loan,0,,,678261.6,0.0,0.0,2024-04-16,0
LOAN0006973,CUST006870,SME Loan,0,,,306418.68,0.0,0.0,2025-06-01,0
LOAN0006974,CUST007062,Personal Loan,0,,,241072.7,0.0,0.0,2024-08-30,0
LOAN0006975,CUST003581,Personal Loan,0,,,140796.48,0.0,0.0,2024-03-23,0
LOAN0006976,CUST008823,BNPL,0,,,29167.5,0.0,0.0,2023-11-17,0
LOAN0006977,CUST006447,SME Loan,1,60.0,2.0,3578.06,67320.94,18960.16,2023-12-12,1
LOAN0006978,CUST007148,Personal Loan,0,,,255273.26,0.0,0.0,2024-08-16,0
LOAN0006979,CUST002775,Personal Loan,0,,,58437.08,0.0,0.0,2024-05-24,0
LOAN0006980,CUST000006,BNPL,1,210.0,7.0,44171.45,0.0,0.0,2024-07-14,1
LOAN0006981,CUST008665,Personal Loan,0,,,298280.5,0.0,0.0,2024-08-28,0
LOAN0006982,CUST008238,SME Loan,0,,,346514.56,0.0,0.0,2026-03-04,0
LOAN0006983,CUST001245,SME Loan,0,,,71118.84,0.0,0.0,2025-10-03,0
LOAN0006984,CUST003744,Personal Loan,0,,,15604.47,0.0,0.0,2025-06-16,0
LOAN0006985,CUST006622,BNPL,1,210.0,7.0,31277.22,10148.78,2749.83,2023-10-01,1
LOAN0006986,CUST006531,BNPL,1,150.0,5.0,15609.72,21882.28,7156.12,2024-03-17,1
LOAN0006987,CUST008613,SME Loan,1,210.0,7.0,192522.78,401292.22,130675.4,2024-05-29,1
LOAN0006988,CUST001417,SME Loan,0,,,335570.31,0.0,0.0,2025-09-13,0
LOAN0006989,CUST004301,Personal Loan,0,,,231454.08,0.0,0.0,2025-04-24,0
LOAN0006990,CUST000982,SME Loan,0,,,555142.2,0.0,0.0,2024-06-21,0
LOAN0006991,CUST003899,SME Loan,1,120.0,4.0,65060.31,470085.69,164359.97,2023-05-07,1
LOAN0006992,CUST000159,BNPL,0,,,53211.9,0.0,0.0,2024-07-19,0
LOAN0006993,CUST008990,Personal Loan,0,,,24220.4,0.0,0.0,2025-07-18,0
LOAN0006994,CUST005274,SME Loan,0,,,352985.0,0.0,0.0,2025-02-22,0
LOAN0006995,CUST008513,SME Loan,0,,,512156.24,0.0,0.0,2025-11-17,0
LOAN0006996,CUST000608,Personal Loan,0,,,415533.58,0.0,0.0,2024-02-05,0
LOAN0006997,CUST002279,Personal Loan,0,,,25927.04,0.0,0.0,2026-06-19,0
LOAN0006998,CUST002597,BNPL,0,,,36410.31,0.0,0.0,2024-08-26,0
LOAN0006999,CUST003871,Personal Loan,1,240.0,8.0,169579.13,159761.87,42616.39,2024-08-27,1
LOAN0007000,CUST008043,BNPL,0,,,47899.53,0.0,0.0,2023-05-22,0
LOAN0007001,CUST003869,Personal Loan,0,,,404614.0,0.0,0.0,2025-02-28,0
LOAN0007002,CUST002052,BNPL,0,,,23269.36,0.0,0.0,2024-03-10,0
LOAN0007003,CUST000656,Personal Loan,0,,,439722.85,0.0,0.0,2025-11-07,0
LOAN0007004,CUST000803,Personal Loan,0,,,415324.5,0.0,0.0,2026-03-17,0
LOAN0007005,CUST007613,SME Loan,0,,,106181.01,0.0,0.0,2024-11-17,0
LOAN0007006,CUST004450,Personal Loan,0,,,582334.21,0.0,0.0,2026-03-22,0
LOAN0007007,CUST007280,Personal Loan,0,,,541043.24,0.0,0.0,2025-04-15,0
LOAN0007008,CUST006838,SME Loan,0,,,666678.0,0.0,0.0,2024-11-03,0
LOAN0007009,CUST001366,Personal Loan,0,,,543729.89,0.0,0.0,2025-09-16,0
LOAN0007010,CUST001444,Personal Loan,0,,,89481.24,0.0,0.0,2026-01-01,0
LOAN0007011,CUST007564,SME Loan,0,,,742744.86,0.0,0.0,2024-07-24,0
LOAN0007012,CUST007228,Personal Loan,0,,,377063.28,0.0,0.0,2024-07-29,0
LOAN0007013,CUST003785,Education Loan,0,,,623786.7,0.0,0.0,2026-11-06,0
LOAN0007014,CUST000782,Personal Loan,0,,,423184.59,0.0,0.0,2025-08-13,0
LOAN0007015,CUST000127,Education Loan,0,,,534087.04,0.0,0.0,2025-01-04,0
LOAN0007016,CUST002885,Personal Loan,0,,,297909.34,0.0,0.0,2025-07-09,0
LOAN0007017,CUST000096,BNPL,1,180.0,6.0,40167.6,0.0,0.0,2023-06-30,1
LOAN0007018,CUST002308,Personal Loan,0,,,286938.33,0.0,0.0,2024-10-30,0
LOAN0007019,CUST004201,BNPL,1,210.0,7.0,33409.62,9300.38,2706.41,2023-03-02,1
LOAN0007020,CUST001227,Personal Loan,0,,,270283.8,0.0,0.0,2026-05-24,0
LOAN0007021,CUST001055,SME Loan,1,240.0,8.0,91772.73,26466.27,4256.8,2024-08-12,1
LOAN0007022,CUST008975,Personal Loan,1,90.0,3.0,39441.22,183399.78,47955.01,2023-11-27,1
LOAN0007023,CUST005867,Personal Loan,0,,,243014.31,0.0,0.0,2025-01-30,0
LOAN0007024,CUST009345,Personal Loan,0,,,50983.17,0.0,0.0,2025-04-18,0
LOAN0007025,CUST003455,SME Loan,0,,,151735.83,0.0,0.0,2026-04-05,0
LOAN0007026,CUST006784,BNPL,0,,,33441.66,0.0,0.0,2024-06-28,0
LOAN0007027,CUST002052,Personal Loan,0,,,344504.8,0.0,0.0,2024-12-29,0
LOAN0007028,CUST006199,Personal Loan,0,,,548731.4,0.0,0.0,2025-03-04,0
LOAN0007029,CUST001308,Education Loan,1,210.0,7.0,113566.2,324859.8,33657.19,2024-06-30,1
LOAN0007030,CUST000023,Personal Loan,0,,,462912.24,0.0,0.0,2024-05-10,0
LOAN0007031,CUST009318,BNPL,1,90.0,3.0,12034.16,11429.84,2222.25,2024-01-12,1
LOAN0007032,CUST005556,SME Loan,0,,,388532.48,0.0,0.0,2026-04-05,0
LOAN0007033,CUST009273,Personal Loan,0,,,549198.37,0.0,0.0,2025-05-04,0
LOAN0007034,CUST003336,Personal Loan,0,,,65513.4,0.0,0.0,2024-11-02,0
LOAN0007035,CUST003278,Personal Loan,0,,,86512.01,0.0,0.0,2025-06-01,0
LOAN0007036,CUST004013,Personal Loan,0,,,365516.69,0.0,0.0,2024-10-27,0
LOAN0007037,CUST007078,Personal Loan,0,,,147666.6,0.0,0.0,2025-03-08,0
LOAN0007038,CUST005666,Personal Loan,0,,,452280.15,0.0,0.0,2025-07-03,0
LOAN0007039,CUST009256,SME Loan,0,,,137895.0,0.0,0.0,2024-08-05,0
LOAN0007040,CUST000264,BNPL,1,210.0,7.0,35951.52,0.0,0.0,2024-01-18,1
LOAN0007041,CUST007098,BNPL,0,,,47952.04,0.0,0.0,2023-07-19,0
LOAN0007042,CUST003304,Personal Loan,0,,,456091.5,0.0,0.0,2025-01-05,0
LOAN0007043,CUST001812,Personal Loan,0,,,180514.4,0.0,0.0,2025-04-17,0
LOAN0007044,CUST005111,Personal Loan,0,,,176951.94,0.0,0.0,2025-08-14,0
LOAN0007045,CUST005056,Personal Loan,0,,,72369.0,0.0,0.0,2026-05-04,0
LOAN0007046,CUST001383,Personal Loan,0,,,340074.36,0.0,0.0,2026-05-05,0
LOAN0007047,CUST002024,Personal Loan,0,,,561127.8,0.0,0.0,2023-11-25,0
LOAN0007048,CUST004089,Education Loan,1,120.0,4.0,7436.82,93425.18,13245.95,2024-04-15,1
LOAN0007049,CUST004096,Personal Loan,0,,,46107.32,0.0,0.0,2025-02-28,0
LOAN0007050,CUST003177,SME Loan,1,240.0,8.0,105761.53,30025.47,4618.46,2024-03-28,1
LOAN0007051,CUST001497,Personal Loan,0,,,333738.16,0.0,0.0,2026-04-29,0
LOAN0007052,CUST000046,Personal Loan,0,,,23378.88,0.0,0.0,2025-12-07,0
LOAN0007053,CUST009702,Personal Loan,0,,,518632.96,0.0,0.0,2026-07-19,0
LOAN0007054,CUST009437,Personal Loan,0,,,193977.9,0.0,0.0,2026-01-17,0
LOAN0007055,CUST004843,BNPL,0,,,14014.65,0.0,0.0,2023-07-26,0
LOAN0007056,CUST009951,BNPL,1,90.0,3.0,12490.52,42816.48,5820.3,2023-10-12,1
LOAN0007057,CUST006747,SME Loan,0,,,568089.5,0.0,0.0,2025-11-14,0
LOAN0007058,CUST000697,Personal Loan,0,,,16893.0,0.0,0.0,2024-06-28,0
LOAN0007059,CUST001191,Personal Loan,0,,,96140.99,0.0,0.0,2024-04-06,0
LOAN0007060,CUST009163,Personal Loan,1,210.0,7.0,138852.72,293894.28,79501.91,2024-03-07,1
LOAN0007061,CUST006311,Personal Loan,0,,,599938.16,0.0,0.0,2025-01-27,0
LOAN0007062,CUST008443,SME Loan,0,,,446322.42,0.0,0.0,2026-01-23,0
LOAN0007063,CUST008990,Personal Loan,1,210.0,7.0,20044.2,23599.8,9105.76,2024-07-08,1
LOAN0007064,CUST004480,BNPL,0,,,24679.4,0.0,0.0,2024-07-22,0
LOAN0007065,CUST000492,Personal Loan,0,,,360788.78,0.0,0.0,2025-03-05,0
LOAN0007066,CUST001892,SME Loan,0,,,617994.56,0.0,0.0,2026-05-21,0
LOAN0007067,CUST000674,BNPL,1,240.0,8.0,20413.33,7061.67,2197.83,2024-06-14,1
LOAN0007068,CUST001896,Personal Loan,0,,,142341.4,0.0,0.0,2024-09-24,0
LOAN0007069,CUST004113,SME Loan,0,,,152202.96,0.0,0.0,2026-03-20,0
LOAN0007070,CUST001196,Education Loan,0,,,479995.48,0.0,0.0,2027-01-07,0
LOAN0007071,CUST001678,SME Loan,1,180.0,6.0,130033.3,264236.7,51910.56,2023-09-21,1
LOAN0007072,CUST004460,Personal Loan,0,,,162625.2,0.0,0.0,2024-04-19,0
LOAN0007073,CUST003400,Personal Loan,1,210.0,7.0,141881.64,91968.36,14504.63,2024-03-11,1
LOAN0007074,CUST004675,Personal Loan,0,,,315155.28,0.0,0.0,2025-05-20,0
LOAN0007075,CUST004293,Personal Loan,1,180.0,6.0,5270.15,21991.85,6237.61,2024-05-19,1
LOAN0007076,CUST006452,SME Loan,0,,,649412.02,0.0,0.0,2025-01-29,0
LOAN0007077,CUST009374,Education Loan,0,,,504790.63,0.0,0.0,2026-11-29,0
LOAN0007078,CUST001090,BNPL,0,,,6387.85,0.0,0.0,2023-12-06,0
LOAN0007079,CUST001001,Personal Loan,0,,,601733.36,0.0,0.0,2025-05-18,0
LOAN0007080,CUST008541,Personal Loan,1,210.0,7.0,206567.64,197487.36,74889.51,2024-05-11,1
LOAN0007081,CUST005070,BNPL,0,,,30425.8,0.0,0.0,2024-03-18,0
LOAN0007082,CUST007672,BNPL,0,,,57552.52,0.0,0.0,2024-01-11,0
LOAN0007083,CUST002160,SME Loan,0,,,640936.52,0.0,0.0,2025-08-28,0
LOAN0007084,CUST008302,Personal Loan,0,,,397285.14,0.0,0.0,2025-05-10,0
LOAN0007085,CUST009242,Personal Loan,0,,,627359.46,0.0,0.0,2025-02-28,0
LOAN0007086,CUST006363,Personal Loan,0,,,587947.5,0.0,0.0,2025-11-30,0
LOAN0007087,CUST001069,SME Loan,1,210.0,7.0,72239.4,174111.6,64526.64,2024-05-27,1
LOAN0007088,CUST008964,SME Loan,0,,,258953.25,0.0,0.0,2024-11-22,0
LOAN0007089,CUST007939,BNPL,1,90.0,3.0,13248.44,45538.56,6120.54,2022-10-23,1
LOAN0007090,CUST007524,Personal Loan,0,,,423644.04,0.0,0.0,2024-11-16,0
LOAN0007091,CUST000371,Personal Loan,0,,,55171.6,0.0,0.0,2024-08-19,0
LOAN0007092,CUST008004,SME Loan,0,,,196423.11,0.0,0.0,2024-07-05,0
LOAN0007093,CUST001393,Personal Loan,0,,,468755.71,0.0,0.0,2026-05-20,0
LOAN0007094,CUST002231,SME Loan,0,,,146790.18,0.0,0.0,2024-02-05,0
LOAN0007095,CUST005782,BNPL,0,,,27267.72,0.0,0.0,2024-04-20,0
LOAN0007096,CUST002652,BNPL,0,,,17294.46,0.0,0.0,2024-05-29,0
LOAN0007097,CUST006622,Personal Loan,0,,,235414.8,0.0,0.0,2024-09-28,0
LOAN0007098,CUST006092,Personal Loan,0,,,211354.29,0.0,0.0,2024-02-15,0
LOAN0007099,CUST001093,SME Loan,0,,,210874.92,0.0,0.0,2023-11-01,0
LOAN0007100,CUST006569,Personal Loan,0,,,564910.75,0.0,0.0,2025-12-06,0
LOAN0007101,CUST009243,Personal Loan,1,150.0,5.0,21934.8,28753.2,7017.27,2023-11-01,1
LOAN0007102,CUST001621,Personal Loan,1,120.0,4.0,64561.47,358390.53,116906.82,2024-03-28,1
LOAN0007103,CUST005983,SME Loan,0,,,92055.92,0.0,0.0,2024-04-26,0
LOAN0007104,CUST003419,Personal Loan,0,,,90623.4,0.0,0.0,2026-03-22,0
LOAN0007105,CUST004593,BNPL,1,240.0,8.0,37547.37,10151.63,2779.13,2024-06-07,1
LOAN0007106,CUST002873,Education Loan,1,210.0,7.0,234393.12,551232.88,164496.01,2024-04-23,1
LOAN0007107,CUST003543,Personal Loan,0,,,210899.04,0.0,0.0,2024-08-02,0
LOAN0007108,CUST000297,Personal Loan,0,,,219438.15,0.0,0.0,2026-05-22,0
LOAN0007109,CUST009814,SME Loan,0,,,163501.07,0.0,0.0,2025-04-06,0
LOAN0007110,CUST006261,BNPL,0,,,29623.94,0.0,0.0,2023-12-02,0
LOAN0007111,CUST005014,BNPL,0,,,51548.3,0.0,0.0,2024-05-28,0
LOAN0007112,CUST003843,BNPL,0,,,20430.3,0.0,0.0,2023-06-07,0
LOAN0007113,CUST005398,Personal Loan,1,150.0,5.0,83411.24,397515.76,72603.46,2024-05-01,1
LOAN0007114,CUST003807,Personal Loan,0,,,515126.5,0.0,0.0,2024-01-03,0
LOAN0007115,CUST003599,Personal Loan,0,,,463721.93,0.0,0.0,2023-07-06,0
LOAN0007116,CUST004638,SME Loan,1,90.0,3.0,7315.86,72777.14,22542.42,2023-10-03,1
LOAN0007117,CUST002762,BNPL,0,,,12807.65,0.0,0.0,2023-02-20,0
LOAN0007118,CUST001810,Personal Loan,0,,,26973.6,0.0,0.0,2025-09-12,0
LOAN0007119,CUST005575,SME Loan,0,,,200947.18,0.0,0.0,2024-10-17,0
LOAN0007120,CUST008439,Personal Loan,0,,,300252.75,0.0,0.0,2026-07-01,0
LOAN0007121,CUST001540,Personal Loan,0,,,73429.08,0.0,0.0,2024-12-28,0
LOAN0007122,CUST000333,Personal Loan,0,,,420003.36,0.0,0.0,2026-04-27,0
LOAN0007123,CUST002471,BNPL,0,,,55695.85,0.0,0.0,2024-04-07,0
LOAN0007124,CUST009798,Personal Loan,0,,,138213.21,0.0,0.0,2025-10-08,0
LOAN0007125,CUST008301,SME Loan,0,,,507140.77,0.0,0.0,2025-04-28,0
LOAN0007126,CUST005970,Education Loan,1,240.0,8.0,162320.69,648974.31,171535.61,2024-06-18,1
LOAN0007127,CUST009294,BNPL,0,,,38660.82,0.0,0.0,2023-10-01,0
LOAN0007128,CUST004454,Education Loan,1,180.0,6.0,101831.2,450479.8,98886.45,2024-03-18,1
LOAN0007129,CUST009828,BNPL,0,,,2682.54,0.0,0.0,2023-10-30,0
LOAN0007130,CUST002967,SME Loan,0,,,292523.66,0.0,0.0,2026-02-08,0
LOAN0007131,CUST002406,SME Loan,0,,,438380.3,0.0,0.0,2024-09-05,0
LOAN0007132,CUST006388,Personal Loan,0,,,192472.02,0.0,0.0,2024-06-23,0
LOAN0007133,CUST003787,Personal Loan,0,,,341692.78,0.0,0.0,2025-01-30,0
LOAN0007134,CUST006278,Personal Loan,0,,,521130.72,0.0,0.0,2023-11-12,0
LOAN0007135,CUST003052,BNPL,0,,,56920.77,0.0,0.0,2023-07-17,0
LOAN0007136,CUST006194,SME Loan,0,,,171299.6,0.0,0.0,2023-10-17,0
LOAN0007137,CUST002759,Personal Loan,0,,,48597.62,0.0,0.0,2025-11-21,0
LOAN0007138,CUST000517,Personal Loan,1,240.0,8.0,35900.76,89329.24,13423.94,2023-10-11,1
LOAN0007139,CUST009128,SME Loan,1,120.0,4.0,111691.71,199362.29,30918.25,2023-04-25,1
LOAN0007140,CUST008845,Personal Loan,0,,,86480.7,0.0,0.0,2026-03-16,0
LOAN0007141,CUST009709,Personal Loan,1,120.0,4.0,28078.86,175356.14,30888.47,2024-03-29,1
LOAN0007142,CUST007181,BNPL,1,150.0,5.0,22199.92,30651.08,10743.38,2022-10-29,1
LOAN0007143,CUST006844,Personal Loan,0,,,435910.64,0.0,0.0,2023-12-17,0
LOAN0007144,CUST005597,BNPL,0,,,25976.22,0.0,0.0,2024-04-03,0
LOAN0007145,CUST001271,Personal Loan,0,,,547301.52,0.0,0.0,2026-10-19,0
LOAN0007146,CUST001900,Personal Loan,0,,,334372.8,0.0,0.0,2025-11-20,0
LOAN0007147,CUST002898,SME Loan,0,,,627952.0,0.0,0.0,2025-10-25,0
LOAN0007148,CUST008912,Personal Loan,0,,,28635.24,0.0,0.0,2023-12-25,0
LOAN0007149,CUST001740,Personal Loan,0,,,582617.28,0.0,0.0,2025-11-24,0
LOAN0007150,CUST009233,SME Loan,1,150.0,5.0,101654.4,374298.6,82685.65,2024-02-29,1
LOAN0007151,CUST005233,Personal Loan,0,,,404506.44,0.0,0.0,2026-05-13,0
LOAN0007152,CUST007172,Education Loan,0,,,955129.28,0.0,0.0,2026-02-28,0
LOAN0007153,CUST001115,Personal Loan,0,,,558678.56,0.0,0.0,2024-11-04,0
LOAN0007154,CUST002692,BNPL,0,,,30739.38,0.0,0.0,2023-01-21,0
LOAN0007155,CUST009588,Personal Loan,0,,,183881.67,0.0,0.0,2024-05-26,0
LOAN0007156,CUST002664,SME Loan,0,,,108126.34,0.0,0.0,2024-12-17,0
LOAN0007157,CUST002968,SME Loan,1,240.0,8.0,39052.3,82632.7,11941.56,2024-08-26,1
LOAN0007158,CUST001980,Personal Loan,0,,,167277.6,0.0,0.0,2024-07-03,0
LOAN0007159,CUST001304,Personal Loan,1,240.0,8.0,16763.04,31496.96,6732.11,2024-06-12,1
LOAN0007160,CUST002339,BNPL,0,,,47079.3,0.0,0.0,2024-02-29,0
LOAN0007161,CUST006431,Personal Loan,0,,,517179.61,0.0,0.0,2025-06-28,0
LOAN0007162,CUST004550,Personal Loan,0,,,526682.2,0.0,0.0,2024-06-24,0
LOAN0007163,CUST005543,Education Loan,1,60.0,2.0,32612.84,763539.16,201723.2,2023-09-25,1
LOAN0007164,CUST001237,Education Loan,0,,,178840.48,0.0,0.0,2024-06-11,0
LOAN0007165,CUST008033,Personal Loan,0,,,360587.7,0.0,0.0,2026-02-26,0
LOAN0007166,CUST007852,SME Loan,0,,,684743.36,0.0,0.0,2026-08-23,0
LOAN0007167,CUST000224,BNPL,1,150.0,5.0,13605.08,0.0,0.0,2024-02-12,1
LOAN0007168,CUST003841,Personal Loan,0,,,245508.89,0.0,0.0,2024-07-07,0
LOAN0007169,CUST000696,Personal Loan,0,,,164749.48,0.0,0.0,2023-12-26,0
LOAN0007170,CUST007935,Personal Loan,0,,,706236.48,0.0,0.0,2026-08-09,0
LOAN0007171,CUST007390,Personal Loan,1,90.0,3.0,45568.7,409368.3,81105.43,2023-08-20,1
LOAN0007172,CUST009029,Personal Loan,0,,,66590.02,0.0,0.0,2026-10-29,0
LOAN0007173,CUST002370,Personal Loan,0,,,501696.72,0.0,0.0,2025-03-09,0
LOAN0007174,CUST004559,SME Loan,0,,,153247.6,0.0,0.0,2025-09-14,0
LOAN0007175,CUST001855,SME Loan,1,120.0,4.0,45497.73,115051.27,17524.49,2024-03-21,1
LOAN0007176,CUST003714,Personal Loan,0,,,487137.75,0.0,0.0,2025-01-19,0
LOAN0007177,CUST005229,BNPL,0,,,35005.88,0.0,0.0,2024-01-14,0
LOAN0007178,CUST000542,SME Loan,0,,,522165.8,0.0,0.0,2025-02-28,0
LOAN0007179,CUST007165,SME Loan,0,,,346327.41,0.0,0.0,2023-10-20,0
LOAN0007180,CUST005438,Education Loan,1,180.0,6.0,48480.7,212602.3,43703.57,2023-10-13,1
LOAN0007181,CUST008303,SME Loan,0,,,427670.8,0.0,0.0,2024-09-10,0
LOAN0007182,CUST002720,Personal Loan,0,,,529820.28,0.0,0.0,2024-10-13,0
LOAN0007183,CUST009042,Personal Loan,0,,,141554.5,0.0,0.0,2024-08-01,0
LOAN0007184,CUST009986,Personal Loan,0,,,522744.57,0.0,0.0,2025-08-19,0
LOAN0007185,CUST009198,SME Loan,0,,,569256.4,0.0,0.0,2024-12-04,0
LOAN0007186,CUST007789,Personal Loan,0,,,51174.18,0.0,0.0,2025-08-27,0
LOAN0007187,CUST008137,Personal Loan,0,,,316542.15,0.0,0.0,2024-08-26,0
LOAN0007188,CUST005749,Personal Loan,0,,,440347.23,0.0,0.0,2024-08-22,0
LOAN0007189,CUST001910,BNPL,0,,,17504.94,0.0,0.0,2024-05-09,0
LOAN0007190,CUST006783,Personal Loan,0,,,504575.64,0.0,0.0,2025-06-29,0
LOAN0007191,CUST007146,Personal Loan,0,,,383898.4,0.0,0.0,2023-04-17,0
LOAN0007192,CUST009850,BNPL,1,60.0,2.0,7021.31,6893.69,2364.88,2023-05-18,1
LOAN0007193,CUST005419,Personal Loan,0,,,383121.03,0.0,0.0,2025-09-11,0
LOAN0007194,CUST002715,Personal Loan,0,,,232680.34,0.0,0.0,2024-11-10,0
LOAN0007195,CUST006854,Personal Loan,0,,,247709.0,0.0,0.0,2025-11-07,0
LOAN0007196,CUST009795,Personal Loan,0,,,239394.1,0.0,0.0,2024-07-28,0
LOAN0007197,CUST001783,Personal Loan,0,,,617661.78,0.0,0.0,2025-10-25,0
LOAN0007198,CUST003261,Personal Loan,0,,,687402.56,0.0,0.0,2026-08-23,0
LOAN0007199,CUST005425,SME Loan,0,,,321973.68,0.0,0.0,2025-02-20,0
LOAN0007200,CUST001713,Personal Loan,0,,,569879.04,0.0,0.0,2025-10-14,0
LOAN0007201,CUST000231,SME Loan,0,,,66668.55,0.0,0.0,2024-12-24,0
LOAN0007202,CUST003366,Personal Loan,0,,,270849.6,0.0,0.0,2026-05-21,0
LOAN0007203,CUST008665,Personal Loan,0,,,18973.16,0.0,0.0,2025-09-14,0
LOAN0007204,CUST000440,Personal Loan,0,,,389405.87,0.0,0.0,2025-09-06,0
LOAN0007205,CUST004291,BNPL,0,,,46866.2,0.0,0.0,2024-03-06,0
LOAN0007206,CUST007632,Personal Loan,0,,,361330.2,0.0,0.0,2024-04-27,0
LOAN0007207,CUST009535,Personal Loan,0,,,531700.62,0.0,0.0,2025-07-20,0
LOAN0007208,CUST009851,BNPL,0,,,54033.3,0.0,0.0,2024-06-17,0
LOAN0007209,CUST004226,SME Loan,0,,,525962.75,0.0,0.0,2025-04-08,0
LOAN0007210,CUST009508,Personal Loan,0,,,418920.06,0.0,0.0,2025-12-24,0
LOAN0007211,CUST000358,Personal Loan,0,,,417651.19,0.0,0.0,2024-07-26,0
LOAN0007212,CUST007474,Personal Loan,0,,,212410.17,0.0,0.0,2023-12-09,0
LOAN0007213,CUST006435,Personal Loan,1,120.0,4.0,73416.48,247043.52,52865.11,2023-01-11,1
LOAN0007214,CUST002497,Personal Loan,1,120.0,4.0,42550.2,150167.8,25697.86,2023-12-28,1
LOAN0007215,CUST005078,Personal Loan,0,,,357807.66,0.0,0.0,2023-01-25,0
LOAN0007216,CUST001308,Education Loan,1,60.0,2.0,22598.24,804449.76,168871.55,2023-10-22,1
LOAN0007217,CUST008727,Personal Loan,0,,,69332.04,0.0,0.0,2024-07-16,0
LOAN0007218,CUST003580,BNPL,1,90.0,3.0,28466.0,14043.0,3576.03,2023-04-13,1
LOAN0007219,CUST006275,BNPL,1,210.0,7.0,17931.18,2205.82,355.13,2024-07-14,1
LOAN0007220,CUST001596,BNPL,0,,,49741.94,0.0,0.0,2022-10-12,0
LOAN0007221,CUST002066,BNPL,1,210.0,7.0,25698.0,12498.0,4623.81,2024-06-14,1
LOAN0007222,CUST009918,Personal Loan,0,,,334008.8,0.0,0.0,2024-05-16,0
LOAN0007223,CUST007543,Personal Loan,0,,,141804.26,0.0,0.0,2024-09-22,0
LOAN0007224,CUST009622,SME Loan,0,,,472715.77,0.0,0.0,2025-04-27,0
LOAN0007225,CUST002961,Personal Loan,0,,,539590.08,0.0,0.0,2026-07-05,0
LOAN0007226,CUST001655,Personal Loan,0,,,234697.47,0.0,0.0,2024-03-22,0
LOAN0007227,CUST005038,Personal Loan,1,210.0,7.0,44595.48,64162.52,23167.15,2024-06-03,1
LOAN0007228,CUST004956,BNPL,0,,,52367.3,0.0,0.0,2023-10-13,0
LOAN0007229,CUST001761,Personal Loan,1,180.0,6.0,31115.0,77797.0,18556.33,2023-01-23,1
LOAN0007230,CUST007350,SME Loan,0,,,63839.43,0.0,0.0,2025-05-15,0
LOAN0007231,CUST003618,Education Loan,0,,,301122.0,0.0,0.0,2027-05-27,0
LOAN0007232,CUST001874,Education Loan,0,,,390402.93,0.0,0.0,2026-04-28,0
LOAN0007233,CUST003319,Education Loan,0,,,610221.69,0.0,0.0,2026-09-10,0
LOAN0007234,CUST005646,Personal Loan,0,,,49380.3,0.0,0.0,2025-12-18,0
LOAN0007235,CUST007282,SME Loan,0,,,592878.4,0.0,0.0,2025-11-13,0
LOAN0007236,CUST004825,Personal Loan,0,,,405474.16,0.0,0.0,2024-06-29,0
LOAN0007237,CUST005258,Personal Loan,1,120.0,4.0,96824.46,303203.54,60473.98,2023-09-02,1
LOAN0007238,CUST001403,Personal Loan,1,240.0,8.0,28282.8,75742.2,8033.69,2024-01-08,1
LOAN0007239,CUST009150,Personal Loan,0,,,78106.0,0.0,0.0,2025-08-25,0
LOAN0007240,CUST009290,Personal Loan,0,,,221303.79,0.0,0.0,2025-05-24,0
LOAN0007241,CUST006851,BNPL,0,,,38499.09,0.0,0.0,2024-02-04,0
LOAN0007242,CUST000185,BNPL,0,,,45631.88,0.0,0.0,2024-05-29,0
LOAN0007243,CUST005376,SME Loan,1,240.0,8.0,72232.3,29459.7,7937.3,2024-07-22,1
LOAN0007244,CUST006305,Personal Loan,0,,,222474.0,0.0,0.0,2024-03-24,0
LOAN0007245,CUST009948,Personal Loan,0,,,266179.52,0.0,0.0,2023-05-12,0
LOAN0007246,CUST009961,BNPL,1,90.0,3.0,9886.78,29443.22,10153.22,2023-02-20,1
LOAN0007247,CUST008588,Personal Loan,0,,,149090.37,0.0,0.0,2025-07-16,0
LOAN0007248,CUST000647,Personal Loan,0,,,193955.3,0.0,0.0,2025-01-30,0
LOAN0007249,CUST009536,Personal Loan,0,,,469010.58,0.0,0.0,2023-08-13,0
LOAN0007250,CUST006140,Education Loan,0,,,541724.55,0.0,0.0,2025-02-17,0
LOAN0007251,CUST008021,Personal Loan,0,,,335533.2,0.0,0.0,2025-12-03,0
LOAN0007252,CUST004079,Personal Loan,0,,,353625.28,0.0,0.0,2025-02-12,0
LOAN0007253,CUST003199,Personal Loan,0,,,115436.3,0.0,0.0,2024-05-10,0
LOAN0007254,CUST004630,Personal Loan,1,120.0,4.0,12066.18,83470.82,27443.63,2023-10-30,1
LOAN0007255,CUST001482,BNPL,0,,,55698.0,0.0,0.0,2023-12-09,0
LOAN0007256,CUST003572,Personal Loan,0,,,313769.7,0.0,0.0,2025-05-15,0
LOAN0007257,CUST008588,Personal Loan,0,,,423517.68,0.0,0.0,2025-03-03,0
LOAN0007258,CUST000385,Personal Loan,0,,,203824.74,0.0,0.0,2024-05-09,0
LOAN0007259,CUST001519,Personal Loan,0,,,504057.58,0.0,0.0,2026-01-26,0
LOAN0007260,CUST001264,BNPL,1,90.0,3.0,2970.92,8352.08,3067.08,2023-11-25,1
LOAN0007261,CUST004038,Personal Loan,0,,,350772.6,0.0,0.0,2025-05-28,0
LOAN0007262,CUST009967,Personal Loan,0,,,400024.35,0.0,0.0,2024-10-15,0
LOAN0007263,CUST001744,BNPL,0,,,34757.82,0.0,0.0,2024-06-14,0
LOAN0007264,CUST001470,SME Loan,0,,,396152.85,0.0,0.0,2024-07-26,0
LOAN0007265,CUST009153,Personal Loan,0,,,442897.4,0.0,0.0,2025-06-30,0
LOAN0007266,CUST008833,SME Loan,0,,,445134.24,0.0,0.0,2023-09-13,0
LOAN0007267,CUST000329,BNPL,1,60.0,2.0,14844.93,29300.07,10601.05,2024-01-19,1
LOAN0007268,CUST007530,Personal Loan,0,,,27446.18,0.0,0.0,2026-02-28,0
LOAN0007269,CUST006565,Personal Loan,1,210.0,7.0,168403.56,327079.44,46181.27,2024-05-28,1
LOAN0007270,CUST007685,BNPL,0,,,15839.6,0.0,0.0,2023-08-06,0
LOAN0007271,CUST004954,Personal Loan,1,150.0,5.0,106961.72,275938.28,103988.14,2023-06-02,1
LOAN0007272,CUST009912,SME Loan,0,,,431569.8,0.0,0.0,2026-02-11,0
LOAN0007273,CUST000444,BNPL,1,90.0,3.0,1786.94,5951.06,668.83,2024-01-18,1
LOAN0007274,CUST002349,BNPL,1,120.0,4.0,33407.67,10842.33,1815.37,2024-02-18,1
LOAN0007275,CUST003971,SME Loan,0,,,177112.11,0.0,0.0,2024-11-26,0
LOAN0007276,CUST004495,Personal Loan,0,,,247136.76,0.0,0.0,2025-05-20,0
LOAN0007277,CUST009217,Personal Loan,1,150.0,5.0,75210.0,268479.0,73040.57,2024-05-18,1
LOAN0007278,CUST005606,Personal Loan,0,,,389418.12,0.0,0.0,2024-12-20,0
LOAN0007279,CUST000456,Personal Loan,1,60.0,2.0,10401.38,200857.62,78445.42,2023-08-23,1
LOAN0007280,CUST004086,Personal Loan,0,,,299610.21,0.0,0.0,2025-03-31,0
LOAN0007281,CUST004173,BNPL,1,180.0,6.0,25150.15,8754.85,2985.19,2024-03-31,1
LOAN0007282,CUST009656,Personal Loan,0,,,291605.53,0.0,0.0,2025-02-10,0
LOAN0007283,CUST006004,SME Loan,0,,,123012.24,0.0,0.0,2024-07-04,0
LOAN0007284,CUST006365,BNPL,0,,,31223.12,0.0,0.0,2022-09-11,0
LOAN0007285,CUST007150,Personal Loan,0,,,112668.48,0.0,0.0,2026-12-04,0
LOAN0007286,CUST007708,SME Loan,0,,,258916.6,0.0,0.0,2024-06-25,0
LOAN0007287,CUST006359,SME Loan,0,,,516747.2,0.0,0.0,2025-08-30,0
LOAN0007288,CUST002376,BNPL,0,,,10943.61,0.0,0.0,2023-07-14,0
LOAN0007289,CUST008751,Personal Loan,0,,,207427.88,0.0,0.0,2026-08-11,0
LOAN0007290,CUST007341,SME Loan,0,,,274160.46,0.0,0.0,2025-06-03,0
LOAN0007291,CUST007433,Personal Loan,0,,,466198.2,0.0,0.0,2025-07-16,0
LOAN0007292,CUST009964,Personal Loan,0,,,97063.74,0.0,0.0,2024-01-09,0
LOAN0007293,CUST008038,Education Loan,1,90.0,3.0,44295.0,593587.0,178421.42,2023-07-08,1
LOAN0007294,CUST008305,Personal Loan,0,,,578548.05,0.0,0.0,2024-11-22,0
LOAN0007295,CUST009517,Personal Loan,0,,,392605.2,0.0,0.0,2026-04-12,0
LOAN0007296,CUST001522,SME Loan,0,,,559517.92,0.0,0.0,2025-04-27,0
LOAN0007297,CUST004985,Personal Loan,0,,,105884.74,0.0,0.0,2024-04-03,0
LOAN0007298,CUST005822,Personal Loan,0,,,441676.16,0.0,0.0,2026-07-23,0
LOAN0007299,CUST003293,Personal Loan,0,,,612699.72,0.0,0.0,2026-07-11,0
LOAN0007300,CUST008404,BNPL,0,,,41190.45,0.0,0.0,2022-10-22,0
LOAN0007301,CUST007635,SME Loan,0,,,321863.55,0.0,0.0,2024-11-15,0
LOAN0007302,CUST007223,Personal Loan,0,,,110467.26,0.0,0.0,2024-12-19,0
LOAN0007303,CUST009969,Personal Loan,1,60.0,2.0,21707.77,153748.23,55436.57,2024-01-17,1
LOAN0007304,CUST002597,Personal Loan,0,,,549120.91,0.0,0.0,2025-04-24,0
LOAN0007305,CUST007371,Personal Loan,0,,,480948.48,0.0,0.0,2024-09-19,0
LOAN0007306,CUST005521,Education Loan,1,240.0,8.0,113885.38,455132.62,172198.05,2023-11-18,1
LOAN0007307,CUST003134,BNPL,1,180.0,6.0,6977.4,6444.6,2509.19,2023-12-12,1
LOAN0007308,CUST001616,Personal Loan,0,,,372945.6,0.0,0.0,2025-03-02,0
LOAN0007309,CUST008969,BNPL,1,60.0,2.0,5934.62,45374.38,12222.36,2024-02-13,1
LOAN0007310,CUST005965,Personal Loan,0,,,205566.06,0.0,0.0,2025-01-08,0
LOAN0007311,CUST008263,Personal Loan,0,,,604927.4,0.0,0.0,2024-11-15,0
LOAN0007312,CUST005460,SME Loan,0,,,670885.74,0.0,0.0,2024-10-15,0
LOAN0007313,CUST002204,Personal Loan,0,,,77817.0,0.0,0.0,2025-11-14,0
LOAN0007314,CUST003372,BNPL,1,210.0,7.0,54252.4,0.0,0.0,2024-07-13,1
LOAN0007315,CUST003821,Personal Loan,0,,,76665.76,0.0,0.0,2024-08-21,0
LOAN0007316,CUST009730,SME Loan,0,,,659751.84,0.0,0.0,2023-12-14,0
LOAN0007317,CUST000060,SME Loan,0,,,434519.04,0.0,0.0,2026-08-10,0
LOAN0007318,CUST009852,Personal Loan,0,,,513819.18,0.0,0.0,2025-06-30,0
LOAN0007319,CUST009805,BNPL,1,150.0,5.0,46390.12,0.0,0.0,2023-09-18,1
LOAN0007320,CUST009961,Personal Loan,1,240.0,8.0,247032.94,190657.06,53859.92,2023-09-07,1
LOAN0007321,CUST004764,Personal Loan,0,,,514792.75,0.0,0.0,2026-01-31,0
LOAN0007322,CUST009640,Personal Loan,0,,,272260.38,0.0,0.0,2025-04-22,0
LOAN0007323,CUST003962,BNPL,0,,,19939.68,0.0,0.0,2024-08-17,0
LOAN0007324,CUST000272,Education Loan,0,,,689216.04,0.0,0.0,2024-05-08,0
LOAN0007325,CUST002253,Personal Loan,0,,,178844.1,0.0,0.0,2024-07-30,0
LOAN0007326,CUST009456,BNPL,1,150.0,5.0,27789.72,24993.28,4563.81,2024-05-27,1
LOAN0007327,CUST000145,Personal Loan,0,,,121999.32,0.0,0.0,2024-08-20,0
LOAN0007328,CUST005467,Personal Loan,0,,,85646.5,0.0,0.0,2025-12-18,0
LOAN0007329,CUST000765,SME Loan,0,,,418689.18,0.0,0.0,2024-06-22,0
LOAN0007330,CUST002867,BNPL,1,90.0,3.0,12934.8,43719.2,6613.31,2024-03-12,1
LOAN0007331,CUST000889,Personal Loan,0,,,192162.96,0.0,0.0,2024-09-20,0
LOAN0007332,CUST008605,Personal Loan,0,,,398320.96,0.0,0.0,2026-02-19,0
LOAN0007333,CUST005920,Personal Loan,0,,,23624.8,0.0,0.0,2023-09-18,0
LOAN0007334,CUST009030,Personal Loan,1,150.0,5.0,41001.84,188055.16,56432.55,2024-03-28,1
LOAN0007335,CUST006904,Personal Loan,0,,,26055.84,0.0,0.0,2025-10-02,0
LOAN0007336,CUST009710,Personal Loan,0,,,326356.43,0.0,0.0,2026-05-16,0
LOAN0007337,CUST005105,SME Loan,0,,,172380.96,0.0,0.0,2025-03-06,0
LOAN0007338,CUST006394,Personal Loan,0,,,115887.52,0.0,0.0,2025-05-04,0
LOAN0007339,CUST005774,SME Loan,0,,,609280.2,0.0,0.0,2023-11-30,0
LOAN0007340,CUST004849,SME Loan,0,,,160239.6,0.0,0.0,2025-05-04,0
LOAN0007341,CUST008471,Personal Loan,0,,,347792.8,0.0,0.0,2024-08-10,0
LOAN0007342,CUST006452,SME Loan,0,,,492376.56,0.0,0.0,2024-12-22,0
LOAN0007343,CUST008026,Personal Loan,0,,,127555.78,0.0,0.0,2025-10-24,0
LOAN0007344,CUST007877,BNPL,0,,,8273.3,0.0,0.0,2024-06-29,0
LOAN0007345,CUST001919,BNPL,0,,,57153.72,0.0,0.0,2023-10-29,0
LOAN0007346,CUST006510,BNPL,0,,,21145.92,0.0,0.0,2024-08-26,0
LOAN0007347,CUST002000,BNPL,0,,,5545.04,0.0,0.0,2024-04-17,0
LOAN0007348,CUST005847,Personal Loan,0,,,206334.96,0.0,0.0,2024-01-31,0
LOAN0007349,CUST006787,SME Loan,0,,,164138.39,0.0,0.0,2024-02-29,0
LOAN0007350,CUST009970,BNPL,0,,,36166.8,0.0,0.0,2024-07-14,0
LOAN0007351,CUST000312,BNPL,0,,,51356.9,0.0,0.0,2024-06-27,0
LOAN0007352,CUST000922,BNPL,0,,,43848.49,0.0,0.0,2024-02-05,0
LOAN0007353,CUST000779,Personal Loan,0,,,164217.6,0.0,0.0,2025-01-08,0
LOAN0007354,CUST003991,BNPL,0,,,52529.43,0.0,0.0,2024-01-16,0
LOAN0007355,CUST008232,BNPL,1,120.0,4.0,7335.9,9481.1,3198.71,2023-05-13,1
LOAN0007356,CUST008451,Personal Loan,1,150.0,5.0,47920.2,42238.8,10847.65,2024-03-30,1
LOAN0007357,CUST007385,Personal Loan,0,,,537084.0,0.0,0.0,2025-02-22,0
LOAN0007358,CUST008978,BNPL,0,,,22534.0,0.0,0.0,2024-04-08,0
LOAN0007359,CUST003231,Personal Loan,0,,,458677.85,0.0,0.0,2025-02-06,0
LOAN0007360,CUST000889,BNPL,0,,,23156.32,0.0,0.0,2024-01-31,0
LOAN0007361,CUST000587,Personal Loan,0,,,487956.0,0.0,0.0,2026-09-01,0
LOAN0007362,CUST008535,Personal Loan,0,,,286259.96,0.0,0.0,2025-10-16,0
LOAN0007363,CUST007323,Personal Loan,0,,,128395.26,0.0,0.0,2025-11-29,0
LOAN0007364,CUST007006,Personal Loan,0,,,412035.77,0.0,0.0,2026-05-22,0
LOAN0007365,CUST003394,BNPL,1,120.0,4.0,9405.57,14873.43,1535.7,2023-08-31,1
LOAN0007366,CUST003805,Personal Loan,0,,,220467.65,0.0,0.0,2024-09-25,0
LOAN0007367,CUST009584,Personal Loan,0,,,543951.27,0.0,0.0,2023-11-12,0
LOAN0007368,CUST000647,BNPL,1,180.0,6.0,41512.55,16394.45,1641.22,2024-06-21,1
LOAN0007369,CUST007746,BNPL,1,60.0,2.0,5124.96,34819.04,13740.62,2023-06-19,1
LOAN0007370,CUST003100,BNPL,1,90.0,3.0,46614.94,0.0,0.0,2024-03-27,1
LOAN0007371,CUST000397,Education Loan,0,,,918777.3,0.0,0.0,2025-05-26,0
LOAN0007372,CUST007442,BNPL,0,,,7852.32,0.0,0.0,2024-01-20,0
LOAN0007373,CUST003309,Personal Loan,0,,,329276.53,0.0,0.0,2024-07-22,0
LOAN0007374,CUST007237,SME Loan,0,,,709691.45,0.0,0.0,2024-11-21,0
LOAN0007375,CUST007093,Personal Loan,0,,,452288.7,0.0,0.0,2024-12-11,0
LOAN0007376,CUST005356,Personal Loan,0,,,317867.2,0.0,0.0,2026-02-05,0
LOAN0007377,CUST007782,Personal Loan,0,,,14523.88,0.0,0.0,2024-07-29,0
LOAN0007378,CUST005826,BNPL,0,,,9197.09,0.0,0.0,2024-01-14,0
LOAN0007379,CUST002869,BNPL,1,180.0,6.0,52981.34,0.0,0.0,2023-07-20,1
LOAN0007380,CUST007360,BNPL,0,,,18385.52,0.0,0.0,2024-04-10,0
LOAN0007381,CUST005902,BNPL,0,,,10472.1,0.0,0.0,2024-03-11,0
LOAN0007382,CUST000134,Personal Loan,0,,,216118.65,0.0,0.0,2026-08-09,0
LOAN0007383,CUST009026,Personal Loan,0,,,33427.29,0.0,0.0,2024-03-26,0
LOAN0007384,CUST005464,Personal Loan,0,,,665455.25,0.0,0.0,2025-10-08,0
LOAN0007385,CUST008699,Personal Loan,1,90.0,3.0,29659.96,314985.04,60191.13,2023-03-28,1
LOAN0007386,CUST008839,SME Loan,0,,,198581.76,0.0,0.0,2025-07-18,0
LOAN0007387,CUST004451,BNPL,1,90.0,3.0,7124.9,3373.1,811.51,2022-10-12,1
LOAN0007388,CUST005081,BNPL,0,,,47109.69,0.0,0.0,2023-04-05,0
LOAN0007389,CUST004164,Personal Loan,1,240.0,8.0,46029.2,64184.8,11817.5,2023-05-22,1
LOAN0007390,CUST004493,Personal Loan,0,,,553154.0,0.0,0.0,2026-02-21,0
LOAN0007391,CUST008963,Personal Loan,0,,,192178.42,0.0,0.0,2024-09-06,0
LOAN0007392,CUST007894,Personal Loan,0,,,450549.36,0.0,0.0,2025-02-16,0
LOAN0007393,CUST001278,SME Loan,1,210.0,7.0,61736.82,176079.18,65833.84,2023-07-11,1
LOAN0007394,CUST006116,SME Loan,0,,,121553.52,0.0,0.0,2025-10-24,0
LOAN0007395,CUST009959,BNPL,0,,,15650.24,0.0,0.0,2023-12-14,0
LOAN0007396,CUST005966,Education Loan,1,60.0,2.0,11504.69,442343.31,165845.26,2023-11-05,1
LOAN0007397,CUST007872,Personal Loan,0,,,435071.78,0.0,0.0,2026-01-09,0
LOAN0007398,CUST007698,SME Loan,1,180.0,6.0,166908.55,211628.45,25599.21,2024-04-14,1
LOAN0007399,CUST003499,BNPL,0,,,58147.65,0.0,0.0,2023-09-23,0
LOAN0007400,CUST003722,Education Loan,1,120.0,4.0,35875.77,279268.23,108198.46,2023-02-06,1
LOAN0007401,CUST007258,BNPL,0,,,22412.08,0.0,0.0,2022-12-14,0
LOAN0007402,CUST005008,Education Loan,0,,,829539.31,0.0,0.0,2023-09-25,0
LOAN0007403,CUST005716,SME Loan,0,,,338579.4,0.0,0.0,2023-08-28,0
LOAN0007404,CUST007147,Personal Loan,0,,,480558.72,0.0,0.0,2023-11-29,0
LOAN0007405,CUST007785,Personal Loan,0,,,515541.3,0.0,0.0,2023-04-14,0
LOAN0007406,CUST002717,Personal Loan,0,,,434980.56,0.0,0.0,2025-01-12,0
LOAN0007407,CUST001481,Education Loan,1,60.0,2.0,18875.1,716857.9,184361.57,2023-06-12,1
LOAN0007408,CUST002922,SME Loan,0,,,456961.93,0.0,0.0,2024-10-13,0
LOAN0007409,CUST005080,BNPL,0,,,39002.1,0.0,0.0,2024-05-10,0
LOAN0007410,CUST003422,Personal Loan,0,,,415501.76,0.0,0.0,2024-11-01,0
LOAN0007411,CUST005693,Personal Loan,0,,,146461.86,0.0,0.0,2024-11-16,0
LOAN0007412,CUST000544,BNPL,0,,,2230.9,0.0,0.0,2023-12-15,0
LOAN0007413,CUST005104,Personal Loan,0,,,467775.72,0.0,0.0,2025-06-20,0
LOAN0007414,CUST003681,Personal Loan,0,,,457838.08,0.0,0.0,2025-07-26,0
LOAN0007415,CUST005355,BNPL,1,120.0,4.0,5073.48,8067.52,2158.89,2023-09-03,1
LOAN0007416,CUST004231,Personal Loan,1,150.0,5.0,284908.6,182685.4,64999.24,2024-05-20,1
LOAN0007417,CUST002845,BNPL,0,,,37141.0,0.0,0.0,2023-11-16,0
LOAN0007418,CUST009050,Personal Loan,1,120.0,4.0,36434.97,92009.03,16013.01,2024-03-15,1
LOAN0007419,CUST001858,Personal Loan,1,240.0,8.0,187907.3,81404.7,27101.6,2024-01-30,1
LOAN0007420,CUST006829,BNPL,0,,,59005.32,0.0,0.0,2024-05-22,0
LOAN0007421,CUST009248,Personal Loan,0,,,199339.11,0.0,0.0,2024-02-12,0
LOAN0007422,CUST005392,BNPL,0,,,46359.04,0.0,0.0,2023-09-02,0
LOAN0007423,CUST008777,Personal Loan,0,,,201202.76,0.0,0.0,2024-09-08,0
LOAN0007424,CUST001261,Personal Loan,0,,,568389.24,0.0,0.0,2025-05-04,0
LOAN0007425,CUST004948,SME Loan,0,,,581395.1,0.0,0.0,2023-10-15,0
LOAN0007426,CUST004568,SME Loan,0,,,561640.3,0.0,0.0,2024-03-09,0
LOAN0007427,CUST000087,SME Loan,0,,,296769.4,0.0,0.0,2024-09-12,0
LOAN0007428,CUST004433,BNPL,1,120.0,4.0,23322.81,36076.19,9211.19,2024-04-28,1
LOAN0007429,CUST003691,Education Loan,1,240.0,8.0,329653.52,635606.48,100785.29,2024-05-16,1
LOAN0007430,CUST006705,BNPL,0,,,8330.31,0.0,0.0,2023-08-27,0
LOAN0007431,CUST009385,SME Loan,0,,,101003.07,0.0,0.0,2025-03-22,0
LOAN0007432,CUST000865,Personal Loan,0,,,533851.2,0.0,0.0,2025-11-26,0
LOAN0007433,CUST003274,BNPL,0,,,47845.28,0.0,0.0,2024-02-13,0
LOAN0007434,CUST004443,BNPL,1,180.0,6.0,16402.74,0.0,0.0,2024-06-09,1
LOAN0007435,CUST004548,Personal Loan,0,,,203438.04,0.0,0.0,2025-11-02,0
LOAN0007436,CUST007756,SME Loan,0,,,442217.36,0.0,0.0,2026-02-21,0
LOAN0007437,CUST004434,SME Loan,0,,,130060.32,0.0,0.0,2024-11-16,0
LOAN0007438,CUST000280,Personal Loan,0,,,281579.62,0.0,0.0,2025-06-04,0
LOAN0007439,CUST007119,Personal Loan,0,,,267452.25,0.0,0.0,2024-10-21,0
LOAN0007440,CUST008860,Personal Loan,0,,,344621.9,0.0,0.0,2025-02-10,0
LOAN0007441,CUST005145,Personal Loan,1,210.0,7.0,67214.76,48040.24,18793.82,2024-05-15,1
LOAN0007442,CUST005826,Personal Loan,1,150.0,5.0,40510.56,205308.44,21184.13,2023-09-01,1
LOAN0007443,CUST001638,Personal Loan,0,,,405223.0,0.0,0.0,2025-03-28,0
LOAN0007444,CUST002212,Education Loan,0,,,840870.25,0.0,0.0,2025-06-25,0
LOAN0007445,CUST002357,SME Loan,1,120.0,4.0,43859.43,295270.57,84282.26,2024-04-11,1
LOAN0007446,CUST004309,Education Loan,0,,,537510.96,0.0,0.0,2024-05-20,0
LOAN0007447,CUST009285,Education Loan,1,120.0,4.0,100874.61,283908.39,58624.33,2023-10-20,1
LOAN0007448,CUST005225,Personal Loan,0,,,145636.56,0.0,0.0,2024-01-15,0
LOAN0007449,CUST001927,Personal Loan,1,150.0,5.0,50420.04,87343.96,30794.19,2024-03-03,1
LOAN0007450,CUST002663,Personal Loan,0,,,456312.96,0.0,0.0,2025-04-29,0
LOAN0007451,CUST003846,BNPL,1,150.0,5.0,16888.56,8318.44,1545.88,2024-04-26,1
LOAN0007452,CUST006246,SME Loan,0,,,73746.5,0.0,0.0,2023-04-15,0
LOAN0007453,CUST004402,Personal Loan,0,,,183695.76,0.0,0.0,2024-10-24,0
LOAN0007454,CUST003928,SME Loan,1,240.0,8.0,112856.31,48033.69,6694.45,2024-08-10,1
LOAN0007455,CUST005656,Personal Loan,0,,,133882.17,0.0,0.0,2025-06-09,0
LOAN0007456,CUST002421,Personal Loan,0,,,195876.78,0.0,0.0,2025-06-27,0
LOAN0007457,CUST000797,SME Loan,0,,,560129.52,0.0,0.0,2024-11-30,0
LOAN0007458,CUST000254,Personal Loan,0,,,362946.4,0.0,0.0,2023-10-11,0
LOAN0007459,CUST002515,Personal Loan,0,,,488817.72,0.0,0.0,2024-12-28,0
LOAN0007460,CUST000925,Personal Loan,0,,,125241.96,0.0,0.0,2024-04-25,0
LOAN0007461,CUST003360,Personal Loan,0,,,479467.26,0.0,0.0,2024-10-27,0
LOAN0007462,CUST007739,BNPL,0,,,60117.21,0.0,0.0,2022-11-29,0
LOAN0007463,CUST007179,Personal Loan,0,,,103063.68,0.0,0.0,2023-10-06,0
LOAN0007464,CUST006122,Personal Loan,0,,,123945.62,0.0,0.0,2024-09-27,0
LOAN0007465,CUST008539,Personal Loan,0,,,377182.8,0.0,0.0,2024-05-26,0
LOAN0007466,CUST002823,SME Loan,0,,,305328.98,0.0,0.0,2024-07-24,0
LOAN0007467,CUST008862,Education Loan,0,,,1094468.8,0.0,0.0,2027-05-12,0
LOAN0007468,CUST003999,Personal Loan,1,150.0,5.0,32041.44,84985.56,33254.71,2024-05-20,1
LOAN0007469,CUST004015,Personal Loan,1,150.0,5.0,31464.04,132563.96,15959.01,2023-11-24,1
LOAN0007470,CUST004061,Personal Loan,0,,,196943.76,0.0,0.0,2024-07-30,0
LOAN0007471,CUST000989,Personal Loan,0,,,504053.1,0.0,0.0,2026-05-01,0
LOAN0007472,CUST009756,Personal Loan,0,,,636188.19,0.0,0.0,2026-02-23,0
LOAN0007473,CUST001399,Personal Loan,0,,,307554.14,0.0,0.0,2026-09-12,0
LOAN0007474,CUST003410,Personal Loan,1,60.0,2.0,7456.88,108101.12,27065.3,2024-02-22,1
LOAN0007475,CUST003195,Personal Loan,0,,,354150.72,0.0,0.0,2024-12-07,0
LOAN0007476,CUST000756,SME Loan,0,,,296327.7,0.0,0.0,2024-10-10,0
LOAN0007477,CUST001534,Personal Loan,0,,,14480.48,0.0,0.0,2024-04-11,0
LOAN0007478,CUST000454,SME Loan,0,,,325577.49,0.0,0.0,2026-01-02,0
LOAN0007479,CUST002929,Personal Loan,0,,,434726.53,0.0,0.0,2026-01-24,0
LOAN0007480,CUST008678,BNPL,0,,,41794.29,0.0,0.0,2024-03-23,0
LOAN0007481,CUST003391,Personal Loan,0,,,361815.58,0.0,0.0,2024-11-09,0
LOAN0007482,CUST001250,BNPL,0,,,12808.68,0.0,0.0,2024-01-29,0
LOAN0007483,CUST006465,Education Loan,0,,,819003.24,0.0,0.0,2027-08-29,0
LOAN0007484,CUST009964,Personal Loan,0,,,229881.66,0.0,0.0,2024-03-21,0
LOAN0007485,CUST002330,BNPL,0,,,57488.46,0.0,0.0,2023-09-11,0
LOAN0007486,CUST002799,SME Loan,0,,,85603.32,0.0,0.0,2025-05-02,0
LOAN0007487,CUST009720,Personal Loan,0,,,386888.48,0.0,0.0,2024-06-04,0
LOAN0007488,CUST001797,SME Loan,0,,,178065.6,0.0,0.0,2026-06-30,0
LOAN0007489,CUST005118,BNPL,0,,,52517.75,0.0,0.0,2024-05-27,0
LOAN0007490,CUST002400,Personal Loan,0,,,504906.48,0.0,0.0,2025-07-17,0
LOAN0007491,CUST009326,SME Loan,0,,,676824.0,0.0,0.0,2025-12-19,0
LOAN0007492,CUST009814,BNPL,0,,,12621.96,0.0,0.0,2023-12-19,0
LOAN0007493,CUST008160,Personal Loan,0,,,347723.05,0.0,0.0,2025-04-21,0
LOAN0007494,CUST003149,SME Loan,0,,,554317.4,0.0,0.0,2026-02-24,0
LOAN0007495,CUST004042,Personal Loan,0,,,89895.0,0.0,0.0,2026-02-13,0
LOAN0007496,CUST002426,SME Loan,0,,,124652.48,0.0,0.0,2026-05-12,0
LOAN0007497,CUST008918,Education Loan,0,,,305434.08,0.0,0.0,2024-09-28,0
LOAN0007498,CUST009149,Personal Loan,1,60.0,2.0,2561.04,55605.96,17617.33,2023-02-09,1
LOAN0007499,CUST004194,SME Loan,0,,,639781.74,0.0,0.0,2025-11-21,0
LOAN0007500,CUST006574,Education Loan,0,,,379782.9,0.0,0.0,2027-06-12,0
LOAN0007501,CUST001664,Personal Loan,1,240.0,8.0,58992.43,103718.57,38867.2,2023-01-14,1
LOAN0007502,CUST004351,SME Loan,0,,,431137.56,0.0,0.0,2024-10-19,0
LOAN0007503,CUST006324,Personal Loan,0,,,444880.04,0.0,0.0,2025-05-04,0
LOAN0007504,CUST003859,BNPL,1,180.0,6.0,20819.95,0.0,0.0,2024-06-28,1
LOAN0007505,CUST003578,Personal Loan,0,,,391630.68,0.0,0.0,2024-12-29,0
LOAN0007506,CUST000010,SME Loan,1,120.0,4.0,67334.67,289263.33,101187.49,2023-06-06,1
LOAN0007507,CUST008058,Personal Loan,1,180.0,6.0,13218.95,31335.05,4740.32,2024-02-03,1
LOAN0007508,CUST008905,Personal Loan,0,,,387389.33,0.0,0.0,2026-07-05,0
LOAN0007509,CUST009695,Personal Loan,0,,,457653.96,0.0,0.0,2026-10-22,0
LOAN0007510,CUST007207,Personal Loan,0,,,257793.18,0.0,0.0,2023-12-09,0
LOAN0007511,CUST005495,BNPL,0,,,26013.69,0.0,0.0,2023-07-17,0
LOAN0007512,CUST002694,BNPL,1,240.0,8.0,7086.84,0.0,0.0,2024-03-25,1
LOAN0007513,CUST009992,Personal Loan,0,,,555544.02,0.0,0.0,2024-02-10,0
LOAN0007514,CUST005908,Personal Loan,1,60.0,2.0,14920.66,240955.34,52621.26,2024-01-22,1
LOAN0007515,CUST006826,Education Loan,0,,,557435.48,0.0,0.0,2025-06-23,0
LOAN0007516,CUST006839,Personal Loan,0,,,153598.17,0.0,0.0,2026-09-10,0
LOAN0007517,CUST008463,BNPL,0,,,59869.8,0.0,0.0,2024-05-13,0
LOAN0007518,CUST000099,Personal Loan,0,,,370154.26,0.0,0.0,2024-07-02,0
LOAN0007519,CUST002207,SME Loan,0,,,641622.6,0.0,0.0,2026-03-05,0
LOAN0007520,CUST006663,SME Loan,0,,,553112.85,0.0,0.0,2024-11-13,0
LOAN0007521,CUST008963,Personal Loan,0,,,254179.51,0.0,0.0,2024-12-20,0
LOAN0007522,CUST006871,Personal Loan,0,,,223636.2,0.0,0.0,2024-03-18,0
LOAN0007523,CUST004142,Personal Loan,0,,,200741.84,0.0,0.0,2025-01-06,0
LOAN0007524,CUST003616,BNPL,0,,,56573.55,0.0,0.0,2024-09-09,0
LOAN0007525,CUST007396,Personal Loan,1,60.0,2.0,7685.16,166800.84,40754.4,2023-10-25,1
LOAN0007526,CUST007427,Personal Loan,0,,,18040.32,0.0,0.0,2026-04-25,0
LOAN0007527,CUST006082,SME Loan,0,,,372247.82,0.0,0.0,2024-01-30,0
LOAN0007528,CUST002919,Personal Loan,1,90.0,3.0,15379.4,118898.6,18626.13,2023-12-05,1
LOAN0007529,CUST009254,SME Loan,0,,,174695.92,0.0,0.0,2024-09-19,0
LOAN0007530,CUST005525,BNPL,1,90.0,3.0,54566.9,0.0,0.0,2024-01-12,1
LOAN0007531,CUST007918,Personal Loan,0,,,459633.6,0.0,0.0,2026-08-26,0
LOAN0007532,CUST002148,Personal Loan,0,,,202129.8,0.0,0.0,2024-09-09,0
LOAN0007533,CUST003438,Personal Loan,0,,,369440.09,0.0,0.0,2025-04-28,0
LOAN0007534,CUST008758,Personal Loan,0,,,627689.37,0.0,0.0,2025-12-09,0
LOAN0007535,CUST000508,Education Loan,0,,,1005675.45,0.0,0.0,2026-09-28,0
LOAN0007536,CUST005130,Education Loan,0,,,634202.8,0.0,0.0,2025-03-09,0
LOAN0007537,CUST004824,Personal Loan,0,,,343915.32,0.0,0.0,2023-06-17,0
LOAN0007538,CUST007526,SME Loan,0,,,100984.38,0.0,0.0,2026-03-22,0
LOAN0007539,CUST002822,Personal Loan,0,,,513633.46,0.0,0.0,2025-04-27,0
LOAN0007540,CUST002196,Personal Loan,0,,,294355.53,0.0,0.0,2023-07-09,0
LOAN0007541,CUST009263,Personal Loan,0,,,395643.64,0.0,0.0,2026-04-18,0
LOAN0007542,CUST005729,Personal Loan,0,,,493446.24,0.0,0.0,2024-05-24,0
LOAN0007543,CUST001058,Personal Loan,0,,,622331.2,0.0,0.0,2026-05-05,0
LOAN0007544,CUST001935,Personal Loan,0,,,30188.84,0.0,0.0,2024-12-06,0
LOAN0007545,CUST009987,SME Loan,0,,,685310.94,0.0,0.0,2024-08-14,0
LOAN0007546,CUST001959,SME Loan,0,,,168110.64,0.0,0.0,2025-08-14,0
LOAN0007547,CUST006117,Personal Loan,0,,,644011.41,0.0,0.0,2025-10-20,0
LOAN0007548,CUST004208,BNPL,1,240.0,8.0,16755.6,0.0,0.0,2024-05-13,1
LOAN0007549,CUST008867,Personal Loan,0,,,235197.2,0.0,0.0,2025-01-30,0
LOAN0007550,CUST007562,SME Loan,1,240.0,8.0,47722.43,85105.57,24350.81,2023-12-05,1
LOAN0007551,CUST005982,Personal Loan,0,,,438043.05,0.0,0.0,2025-02-02,0
LOAN0007552,CUST000111,Personal Loan,0,,,70324.2,0.0,0.0,2025-04-03,0
LOAN0007553,CUST008809,Personal Loan,0,,,488759.4,0.0,0.0,2026-01-26,0
LOAN0007554,CUST004448,SME Loan,0,,,718709.61,0.0,0.0,2026-02-10,0
LOAN0007555,CUST009318,BNPL,1,150.0,5.0,10833.44,9891.56,3493.86,2024-05-08,1
LOAN0007556,CUST004964,Personal Loan,0,,,200888.8,0.0,0.0,2025-09-02,0
LOAN0007557,CUST006962,Personal Loan,0,,,563822.64,0.0,0.0,2026-04-19,0
LOAN0007558,CUST000701,BNPL,1,240.0,8.0,36963.0,0.0,0.0,2024-04-08,1
LOAN0007559,CUST007466,BNPL,0,,,52859.82,0.0,0.0,2024-02-20,0
LOAN0007560,CUST003376,Personal Loan,0,,,213019.95,0.0,0.0,2024-12-20,0
LOAN0007561,CUST003511,Personal Loan,0,,,161588.79,0.0,0.0,2026-09-20,0
LOAN0007562,CUST001201,Personal Loan,0,,,128250.54,0.0,0.0,2025-05-13,0
LOAN0007563,CUST001482,Personal Loan,0,,,474221.8,0.0,0.0,2025-09-06,0
LOAN0007564,CUST001868,SME Loan,0,,,627014.88,0.0,0.0,2024-07-15,0
LOAN0007565,CUST003281,Personal Loan,0,,,540735.48,0.0,0.0,2025-06-25,0
LOAN0007566,CUST008930,SME Loan,0,,,317680.2,0.0,0.0,2026-04-09,0
LOAN0007567,CUST003683,Personal Loan,0,,,408958.48,0.0,0.0,2024-11-05,0
LOAN0007568,CUST007261,Personal Loan,0,,,216102.72,0.0,0.0,2025-04-21,0
LOAN0007569,CUST000836,Personal Loan,1,60.0,2.0,27385.12,232833.88,70279.92,2023-12-03,1
LOAN0007570,CUST005920,BNPL,0,,,19563.28,0.0,0.0,2024-02-21,0
LOAN0007571,CUST004825,Personal Loan,0,,,191879.04,0.0,0.0,2023-06-02,0
LOAN0007572,CUST009781,Personal Loan,1,180.0,6.0,16967.35,47398.65,5290.22,2023-10-06,1
LOAN0007573,CUST008474,Personal Loan,0,,,178196.81,0.0,0.0,2023-05-21,0
LOAN0007574,CUST004545,Personal Loan,1,180.0,6.0,143486.95,131072.05,51896.05,2024-01-20,1
LOAN0007575,CUST007761,BNPL,0,,,16021.53,0.0,0.0,2024-04-21,0
LOAN0007576,CUST001935,Personal Loan,0,,,489664.98,0.0,0.0,2025-03-06,0
LOAN0007577,CUST005631,Personal Loan,0,,,300079.68,0.0,0.0,2023-09-26,0
LOAN0007578,CUST000755,Personal Loan,0,,,204558.75,0.0,0.0,2024-10-21,0
LOAN0007579,CUST003476,Education Loan,0,,,391983.4,0.0,0.0,2025-07-24,0
LOAN0007580,CUST002266,SME Loan,0,,,676620.57,0.0,0.0,2024-09-21,0
LOAN0007581,CUST007203,Personal Loan,1,180.0,6.0,167913.3,239769.7,81995.88,2024-04-16,1
LOAN0007582,CUST004912,BNPL,0,,,36163.3,0.0,0.0,2023-11-14,0
LOAN0007583,CUST007525,BNPL,0,,,2742.16,0.0,0.0,2023-08-17,0
LOAN0007584,CUST005159,BNPL,1,210.0,7.0,5949.36,0.0,0.0,2023-09-15,1
LOAN0007585,CUST000872,Personal Loan,0,,,245331.9,0.0,0.0,2024-03-07,0
LOAN0007586,CUST007371,SME Loan,0,,,562361.73,0.0,0.0,2024-01-09,0
LOAN0007587,CUST008344,Personal Loan,0,,,250379.46,0.0,0.0,2025-04-23,0
LOAN0007588,CUST009045,Personal Loan,0,,,71345.52,0.0,0.0,2024-06-23,0
LOAN0007589,CUST005732,Personal Loan,1,210.0,7.0,143471.7,354574.3,48733.6,2022-12-15,1
LOAN0007590,CUST007549,Education Loan,0,,,297338.92,0.0,0.0,2027-10-14,0
LOAN0007591,CUST007534,Personal Loan,0,,,361355.28,0.0,0.0,2025-10-19,0
LOAN0007592,CUST001569,Personal Loan,1,180.0,6.0,17262.35,53170.65,18494.62,2024-01-24,1
LOAN0007593,CUST001651,Personal Loan,0,,,564476.16,0.0,0.0,2025-08-31,0
LOAN0007594,CUST000718,Personal Loan,0,,,358024.48,0.0,0.0,2024-02-26,0
LOAN0007595,CUST003201,BNPL,0,,,59988.6,0.0,0.0,2023-06-03,0
LOAN0007596,CUST004733,BNPL,0,,,58626.64,0.0,0.0,2023-08-22,0
LOAN0007597,CUST009977,BNPL,0,,,28495.8,0.0,0.0,2023-10-28,0
LOAN0007598,CUST004311,BNPL,0,,,30938.0,0.0,0.0,2024-04-16,0
LOAN0007599,CUST007280,Personal Loan,0,,,163791.42,0.0,0.0,2025-11-08,0
LOAN0007600,CUST006955,Education Loan,0,,,253284.44,0.0,0.0,2027-01-18,0
LOAN0007601,CUST002050,Personal Loan,0,,,292533.71,0.0,0.0,2024-06-21,0
LOAN0007602,CUST000592,Personal Loan,0,,,492567.36,0.0,0.0,2025-11-17,0
LOAN0007603,CUST005468,Education Loan,0,,,593036.1,0.0,0.0,2025-01-12,0
LOAN0007604,CUST007024,Personal Loan,1,240.0,8.0,155575.49,161377.51,49607.49,2024-04-25,1
LOAN0007605,CUST009981,SME Loan,0,,,77969.32,0.0,0.0,2025-01-31,0
LOAN0007606,CUST003587,Personal Loan,1,180.0,6.0,43801.4,74626.6,10059.87,2022-11-18,1
LOAN0007607,CUST008974,Personal Loan,0,,,150860.91,0.0,0.0,2025-03-30,0
LOAN0007608,CUST003825,Personal Loan,0,,,93060.13,0.0,0.0,2025-11-23,0
LOAN0007609,CUST006916,Personal Loan,0,,,84710.64,0.0,0.0,2025-03-01,0
LOAN0007610,CUST005996,Personal Loan,0,,,268824.36,0.0,0.0,2023-11-26,0
LOAN0007611,CUST000539,BNPL,1,240.0,8.0,60183.15,0.0,0.0,2024-08-17,1
LOAN0007612,CUST000792,BNPL,1,90.0,3.0,9513.24,18528.76,7268.8,2023-08-29,1
LOAN0007613,CUST000217,BNPL,0,,,59601.42,0.0,0.0,2024-03-22,0
LOAN0007614,CUST003711,BNPL,0,,,35935.68,0.0,0.0,2023-10-07,0
LOAN0007615,CUST007473,Education Loan,0,,,425085.25,0.0,0.0,2024-08-29,0
LOAN0007616,CUST001739,BNPL,1,120.0,4.0,10735.23,20003.77,7399.59,2024-02-13,1
LOAN0007617,CUST006070,Personal Loan,0,,,40777.23,0.0,0.0,2023-06-22,0
LOAN0007618,CUST002892,Personal Loan,0,,,116488.46,0.0,0.0,2024-11-09,0
LOAN0007619,CUST007985,BNPL,0,,,45798.24,0.0,0.0,2023-10-17,0
LOAN0007620,CUST007998,Personal Loan,0,,,30964.87,0.0,0.0,2025-04-29,0
LOAN0007621,CUST007763,BNPL,0,,,18601.38,0.0,0.0,2023-06-18,0
LOAN0007622,CUST005251,Personal Loan,0,,,261767.16,0.0,0.0,2026-07-26,0
LOAN0007623,CUST002848,BNPL,0,,,33867.28,0.0,0.0,2024-03-20,0
LOAN0007624,CUST008108,BNPL,1,210.0,7.0,36295.02,0.0,0.0,2024-01-10,1
LOAN0007625,CUST001872,BNPL,0,,,27195.66,0.0,0.0,2024-04-16,0
LOAN0007626,CUST002901,Personal Loan,0,,,321226.08,0.0,0.0,2026-04-22,0
LOAN0007627,CUST001849,Education Loan,0,,,613423.55,0.0,0.0,2027-02-23,0
LOAN0007628,CUST006752,BNPL,1,60.0,2.0,4559.52,13387.48,2049.02,2024-01-17,1
LOAN0007629,CUST006881,Personal Loan,0,,,546987.58,0.0,0.0,2025-03-25,0
LOAN0007630,CUST006536,SME Loan,0,,,309270.88,0.0,0.0,2026-02-10,0
LOAN0007631,CUST004163,Personal Loan,0,,,514469.76,0.0,0.0,2024-11-23,0
LOAN0007632,CUST001010,Personal Loan,0,,,569975.76,0.0,0.0,2026-12-22,0
LOAN0007633,CUST009119,SME Loan,0,,,265134.4,0.0,0.0,2026-03-17,0
LOAN0007634,CUST005082,Personal Loan,0,,,249193.78,0.0,0.0,2025-04-14,0
LOAN0007635,CUST004077,Personal Loan,0,,,262015.74,0.0,0.0,2024-08-30,0
LOAN0007636,CUST005900,Personal Loan,0,,,250652.96,0.0,0.0,2024-06-24,0
LOAN0007637,CUST001933,Personal Loan,0,,,533350.65,0.0,0.0,2025-06-07,0
LOAN0007638,CUST001339,Personal Loan,0,,,31874.58,0.0,0.0,2025-06-05,0
LOAN0007639,CUST004063,BNPL,0,,,54277.45,0.0,0.0,2024-01-14,0
LOAN0007640,CUST002277,SME Loan,0,,,129130.98,0.0,0.0,2025-07-26,0
LOAN0007641,CUST002446,Personal Loan,0,,,445674.56,0.0,0.0,2026-08-08,0
LOAN0007642,CUST008935,BNPL,0,,,26815.35,0.0,0.0,2024-03-10,0
LOAN0007643,CUST005312,Personal Loan,0,,,275172.03,0.0,0.0,2024-05-28,0
LOAN0007644,CUST004840,SME Loan,0,,,674570.7,0.0,0.0,2026-01-10,0
LOAN0007645,CUST006917,Personal Loan,0,,,387381.39,0.0,0.0,2026-07-08,0
LOAN0007646,CUST009518,BNPL,0,,,54959.3,0.0,0.0,2024-02-15,0
LOAN0007647,CUST001135,BNPL,1,210.0,7.0,28255.44,3687.56,389.66,2024-05-31,1
LOAN0007648,CUST008347,Education Loan,1,240.0,8.0,101199.77,318360.23,100893.17,2024-03-31,1
LOAN0007649,CUST005855,BNPL,1,180.0,6.0,36121.95,13338.05,3652.56,2023-10-27,1
LOAN0007650,CUST001476,SME Loan,0,,,456430.54,0.0,0.0,2025-07-26,0
LOAN0007651,CUST002974,Personal Loan,0,,,430102.42,0.0,0.0,2025-10-06,0
LOAN0007652,CUST004830,Personal Loan,0,,,529460.28,0.0,0.0,2023-08-10,0
LOAN0007653,CUST006933,Personal Loan,1,150.0,5.0,47759.32,253547.68,35714.93,2023-03-18,1
LOAN0007654,CUST002430,Education Loan,0,,,653164.65,0.0,0.0,2027-02-05,0
LOAN0007655,CUST005356,Personal Loan,1,210.0,7.0,259153.2,199118.8,54457.15,2024-05-29,1
LOAN0007656,CUST006865,Personal Loan,0,,,307411.92,0.0,0.0,2025-09-24,0
LOAN0007657,CUST004487,Personal Loan,1,210.0,7.0,89813.82,173081.18,54906.36,2024-06-13,1
LOAN0007658,CUST008642,Personal Loan,0,,,408145.86,0.0,0.0,2024-10-16,0
LOAN0007659,CUST008707,Personal Loan,1,180.0,6.0,75986.2,275392.8,64067.39,2023-12-24,1
LOAN0007660,CUST004705,Personal Loan,0,,,520090.74,0.0,0.0,2024-04-13,0
LOAN0007661,CUST009730,SME Loan,0,,,295245.45,0.0,0.0,2024-01-08,0
LOAN0007662,CUST000764,BNPL,0,,,53616.5,0.0,0.0,2023-03-27,0
LOAN0007663,CUST000035,SME Loan,1,240.0,8.0,269113.04,317424.96,64314.55,2024-03-22,1
LOAN0007664,CUST003813,Personal Loan,0,,,516096.9,0.0,0.0,2024-10-18,0
LOAN0007665,CUST006023,BNPL,0,,,31973.04,0.0,0.0,2023-05-10,0
LOAN0007666,CUST006305,BNPL,0,,,47908.08,0.0,0.0,2023-05-27,0
LOAN0007667,CUST004763,BNPL,0,,,53970.16,0.0,0.0,2024-06-04,0
LOAN0007668,CUST001262,Personal Loan,0,,,463137.48,0.0,0.0,2024-07-19,0
LOAN0007669,CUST001715,Personal Loan,0,,,531379.2,0.0,0.0,2024-05-15,0
LOAN0007670,CUST008535,BNPL,1,120.0,4.0,14660.06,0.0,0.0,2024-03-27,1
LOAN0007671,CUST008692,Personal Loan,0,,,575096.76,0.0,0.0,2025-02-10,0
LOAN0007672,CUST006749,SME Loan,0,,,295973.16,0.0,0.0,2025-03-29,0
LOAN0007673,CUST006648,BNPL,0,,,36972.6,0.0,0.0,2023-02-28,0
LOAN0007674,CUST005990,Education Loan,0,,,855438.92,0.0,0.0,2026-04-05,0
LOAN0007675,CUST002034,Personal Loan,0,,,195309.6,0.0,0.0,2024-12-08,0
LOAN0007676,CUST004285,Personal Loan,0,,,467197.99,0.0,0.0,2023-07-03,0
LOAN0007677,CUST006977,Personal Loan,0,,,580712.86,0.0,0.0,2026-10-17,0
LOAN0007678,CUST005377,Personal Loan,0,,,387951.2,0.0,0.0,2026-04-23,0
LOAN0007679,CUST000195,Personal Loan,0,,,250895.61,0.0,0.0,2024-09-18,0
LOAN0007680,CUST009538,Personal Loan,0,,,259161.12,0.0,0.0,2023-10-15,0
LOAN0007681,CUST008458,BNPL,0,,,12708.6,0.0,0.0,2023-10-02,0
LOAN0007682,CUST002609,BNPL,1,60.0,2.0,13798.55,26779.45,7067.15,2022-10-02,1
LOAN0007683,CUST006178,Personal Loan,0,,,379591.0,0.0,0.0,2025-03-10,0
LOAN0007684,CUST009236,BNPL,0,,,17960.11,0.0,0.0,2023-11-23,0
LOAN0007685,CUST000970,Personal Loan,0,,,352769.34,0.0,0.0,2025-11-25,0
LOAN0007686,CUST005037,SME Loan,0,,,157620.0,0.0,0.0,2025-04-30,0
LOAN0007687,CUST004558,BNPL,0,,,3123.99,0.0,0.0,2024-01-05,0
LOAN0007688,CUST004111,Personal Loan,0,,,125648.88,0.0,0.0,2024-11-25,0
LOAN0007689,CUST008368,BNPL,0,,,2847.45,0.0,0.0,2024-03-26,0
LOAN0007690,CUST003813,Personal Loan,0,,,488437.95,0.0,0.0,2024-09-30,0
LOAN0007691,CUST000645,BNPL,1,240.0,8.0,8147.09,1924.91,652.28,2024-08-01,1
LOAN0007692,CUST000664,SME Loan,0,,,179245.08,0.0,0.0,2025-05-31,0
LOAN0007693,CUST000433,SME Loan,0,,,662027.7,0.0,0.0,2026-03-16,0
LOAN0007694,CUST004100,BNPL,0,,,54055.06,0.0,0.0,2023-10-14,0
LOAN0007695,CUST007198,Personal Loan,0,,,263187.82,0.0,0.0,2024-07-07,0
LOAN0007696,CUST002043,Personal Loan,0,,,29997.24,0.0,0.0,2026-01-26,0
LOAN0007697,CUST006473,Personal Loan,0,,,322968.0,0.0,0.0,2025-12-30,0
LOAN0007698,CUST006890,Personal Loan,0,,,227362.0,0.0,0.0,2024-07-06,0
LOAN0007699,CUST002556,Personal Loan,0,,,448973.62,0.0,0.0,2025-09-24,0
LOAN0007700,CUST006018,Personal Loan,1,180.0,6.0,49143.7,5364.3,2080.39,2023-03-06,1
LOAN0007701,CUST006867,BNPL,1,240.0,8.0,22610.61,0.0,0.0,2023-09-19,1
LOAN0007702,CUST004665,Education Loan,0,,,362160.76,0.0,0.0,2027-10-01,0
LOAN0007703,CUST003363,BNPL,0,,,24576.5,0.0,0.0,2024-02-17,0
LOAN0007704,CUST006208,BNPL,0,,,30190.8,0.0,0.0,2024-04-21,0
LOAN0007705,CUST009780,Personal Loan,0,,,546159.81,0.0,0.0,2025-06-04,0
LOAN0007706,CUST004271,Personal Loan,0,,,460367.8,0.0,0.0,2025-05-25,0
LOAN0007707,CUST003922,BNPL,0,,,46281.9,0.0,0.0,2023-12-29,0
LOAN0007708,CUST004642,BNPL,0,,,41387.8,0.0,0.0,2023-11-26,0
LOAN0007709,CUST000771,Personal Loan,0,,,284761.8,0.0,0.0,2023-09-14,0
LOAN0007710,CUST005537,BNPL,1,150.0,5.0,30455.0,7121.0,1147.98,2023-06-13,1
LOAN0007711,CUST003287,Personal Loan,0,,,465481.92,0.0,0.0,2025-09-25,0
LOAN0007712,CUST001227,BNPL,0,,,11521.74,0.0,0.0,2024-04-12,0
LOAN0007713,CUST004661,BNPL,0,,,56151.82,0.0,0.0,2023-05-25,0
LOAN0007714,CUST000035,SME Loan,0,,,648367.93,0.0,0.0,2024-10-17,0
LOAN0007715,CUST004025,SME Loan,1,210.0,7.0,83893.44,164092.56,58751.42,2024-07-27,1
LOAN0007716,CUST001068,BNPL,0,,,3676.64,0.0,0.0,2024-07-27,0
LOAN0007717,CUST000252,Personal Loan,1,120.0,4.0,121356.9,245616.1,95618.12,2023-10-11,1
LOAN0007718,CUST008259,Personal Loan,0,,,362433.54,0.0,0.0,2024-12-06,0
LOAN0007719,CUST009164,Personal Loan,0,,,123094.14,0.0,0.0,2026-02-11,0
LOAN0007720,CUST002083,Personal Loan,1,90.0,3.0,15026.16,172603.84,56669.64,2024-03-11,1
LOAN0007721,CUST005398,BNPL,0,,,5470.25,0.0,0.0,2023-10-30,0
LOAN0007722,CUST002782,Education Loan,0,,,947734.58,0.0,0.0,2025-07-24,0
LOAN0007723,CUST004946,SME Loan,0,,,508534.77,0.0,0.0,2025-02-16,0
LOAN0007724,CUST004366,Personal Loan,0,,,32897.55,0.0,0.0,2025-03-23,0
LOAN0007725,CUST002692,BNPL,0,,,59094.03,0.0,0.0,2023-05-28,0
LOAN0007726,CUST007025,Personal Loan,1,180.0,6.0,129354.8,14542.2,2058.0,2024-05-02,1
LOAN0007727,CUST001277,SME Loan,0,,,129973.48,0.0,0.0,2025-12-28,0
LOAN0007728,CUST000539,BNPL,0,,,7643.28,0.0,0.0,2024-04-21,0
LOAN0007729,CUST007684,Personal Loan,0,,,213929.92,0.0,0.0,2026-03-01,0
LOAN0007730,CUST006666,BNPL,1,240.0,8.0,4938.55,0.0,0.0,2024-04-11,1
LOAN0007731,CUST004992,BNPL,0,,,5043.51,0.0,0.0,2024-09-22,0
LOAN0007732,CUST004676,Education Loan,0,,,487469.58,0.0,0.0,2027-02-14,0
LOAN0007733,CUST004983,Personal Loan,0,,,254219.28,0.0,0.0,2025-02-07,0
LOAN0007734,CUST004370,Personal Loan,0,,,244028.6,0.0,0.0,2025-07-27,0
LOAN0007735,CUST003933,Personal Loan,0,,,174518.19,0.0,0.0,2024-07-09,0
LOAN0007736,CUST005005,Education Loan,0,,,697376.96,0.0,0.0,2024-09-13,0
LOAN0007737,CUST005290,SME Loan,0,,,627617.76,0.0,0.0,2024-02-01,0
LOAN0007738,CUST006939,BNPL,1,120.0,4.0,11968.98,7632.02,2718.36,2023-11-26,1
LOAN0007739,CUST007131,Personal Loan,1,120.0,4.0,38357.34,300813.66,106908.51,2023-04-26,1
LOAN0007740,CUST003780,Education Loan,0,,,201040.92,0.0,0.0,2024-11-08,0
LOAN0007741,CUST004143,Personal Loan,0,,,518807.1,0.0,0.0,2023-12-16,0
LOAN0007742,CUST003740,Personal Loan,0,,,58432.21,0.0,0.0,2026-06-12,0
LOAN0007743,CUST005372,BNPL,0,,,12210.18,0.0,0.0,2024-03-23,0
LOAN0007744,CUST004529,Personal Loan,0,,,704932.9,0.0,0.0,2025-12-22,0
LOAN0007745,CUST008907,Personal Loan,0,,,391494.74,0.0,0.0,2025-01-05,0
LOAN0007746,CUST006982,SME Loan,1,120.0,4.0,86120.64,379231.36,141670.29,2023-12-25,1
LOAN0007747,CUST008995,Personal Loan,0,,,52113.25,0.0,0.0,2026-11-04,0
LOAN0007748,CUST007110,Personal Loan,0,,,98914.41,0.0,0.0,2024-09-30,0
LOAN0007749,CUST009710,Personal Loan,0,,,29745.52,0.0,0.0,2024-07-28,0
LOAN0007750,CUST006365,Personal Loan,0,,,257381.28,0.0,0.0,2025-12-19,0
LOAN0007751,CUST009637,Personal Loan,0,,,184195.0,0.0,0.0,2025-08-02,0
LOAN0007752,CUST001590,Personal Loan,0,,,320564.65,0.0,0.0,2026-10-08,0
LOAN0007753,CUST000534,Personal Loan,0,,,86960.9,0.0,0.0,2025-12-25,0
LOAN0007754,CUST005805,Personal Loan,0,,,396284.0,0.0,0.0,2026-06-21,0
LOAN0007755,CUST009830,SME Loan,0,,,258744.0,0.0,0.0,2025-06-03,0
LOAN0007756,CUST004183,BNPL,0,,,48500.82,0.0,0.0,2023-05-06,0
LOAN0007757,CUST002126,Personal Loan,1,90.0,3.0,42248.66,452166.34,152507.24,2022-09-05,1
LOAN0007758,CUST005222,BNPL,0,,,30103.85,0.0,0.0,2023-06-29,0
LOAN0007759,CUST006494,Personal Loan,0,,,121465.08,0.0,0.0,2023-01-24,0
LOAN0007760,CUST003153,BNPL,0,,,11809.44,0.0,0.0,2024-03-08,0
LOAN0007761,CUST007164,Personal Loan,1,240.0,8.0,171271.38,77957.62,29788.97,2023-03-26,1
LOAN0007762,CUST009752,BNPL,0,,,44421.6,0.0,0.0,2024-02-17,0
LOAN0007763,CUST008979,Personal Loan,0,,,18353.66,0.0,0.0,2025-09-27,0
LOAN0007764,CUST002920,SME Loan,0,,,282339.86,0.0,0.0,2025-08-31,0
LOAN0007765,CUST003267,BNPL,0,,,20957.3,0.0,0.0,2024-09-06,0
LOAN0007766,CUST003718,Personal Loan,0,,,266622.72,0.0,0.0,2024-04-17,0
LOAN0007767,CUST003949,Personal Loan,0,,,56720.5,0.0,0.0,2025-12-07,0
LOAN0007768,CUST001012,SME Loan,1,120.0,4.0,15841.83,66791.17,12659.18,2024-02-11,1
LOAN0007769,CUST007631,BNPL,0,,,39432.96,0.0,0.0,2024-06-27,0
LOAN0007770,CUST003654,Personal Loan,0,,,378700.84,0.0,0.0,2025-02-16,0
LOAN0007771,CUST008810,SME Loan,0,,,313391.68,0.0,0.0,2024-12-29,0
LOAN0007772,CUST009273,Personal Loan,0,,,140743.57,0.0,0.0,2024-05-15,0
LOAN0007773,CUST000254,Personal Loan,0,,,530103.68,0.0,0.0,2026-01-11,0
LOAN0007774,CUST009881,Personal Loan,1,180.0,6.0,75436.6,297993.4,56872.35,2024-01-13,1
LOAN0007775,CUST007119,Personal Loan,0,,,144625.13,0.0,0.0,2024-08-08,0
LOAN0007776,CUST005212,Personal Loan,0,,,604229.76,0.0,0.0,2026-03-25,0
LOAN0007777,CUST003899,BNPL,1,240.0,8.0,19949.02,2022.98,732.47,2023-08-11,1
LOAN0007778,CUST005192,BNPL,0,,,14148.9,0.0,0.0,2024-02-03,0
LOAN0007779,CUST003247,BNPL,0,,,43544.64,0.0,0.0,2022-11-13,0
LOAN0007780,CUST006241,Personal Loan,0,,,425830.2,0.0,0.0,2024-12-21,0
LOAN0007781,CUST000940,BNPL,0,,,58706.6,0.0,0.0,2024-01-10,0
LOAN0007782,CUST006226,BNPL,0,,,4534.96,0.0,0.0,2024-02-27,0
LOAN0007783,CUST002755,SME Loan,0,,,133352.9,0.0,0.0,2024-05-29,0
LOAN0007784,CUST000185,Personal Loan,0,,,528505.2,0.0,0.0,2024-03-29,0
LOAN0007785,CUST005533,BNPL,1,90.0,3.0,16879.74,24029.26,3272.96,2023-09-10,1
LOAN0007786,CUST005797,BNPL,0,,,30794.8,0.0,0.0,2024-07-18,0
LOAN0007787,CUST004267,Personal Loan,1,150.0,5.0,11882.2,51225.8,5359.76,2024-04-07,1
LOAN0007788,CUST000733,Personal Loan,0,,,141958.16,0.0,0.0,2026-10-27,0
LOAN0007789,CUST008943,Education Loan,0,,,941385.64,0.0,0.0,2024-01-31,0
LOAN0007790,CUST006127,Personal Loan,0,,,267128.0,0.0,0.0,2024-06-06,0
LOAN0007791,CUST001171,Personal Loan,0,,,214713.03,0.0,0.0,2025-05-20,0
LOAN0007792,CUST005116,SME Loan,0,,,507352.86,0.0,0.0,2024-10-30,0
LOAN0007793,CUST004980,BNPL,0,,,54484.85,0.0,0.0,2024-05-07,0
LOAN0007794,CUST000612,Personal Loan,0,,,17911.85,0.0,0.0,2023-09-05,0
LOAN0007795,CUST006080,Personal Loan,1,240.0,8.0,216505.38,157340.62,22089.91,2023-08-10,1
LOAN0007796,CUST008097,Personal Loan,0,,,227497.68,0.0,0.0,2026-11-20,0
LOAN0007797,CUST007505,BNPL,0,,,44829.36,0.0,0.0,2024-02-08,0
LOAN0007798,CUST002035,BNPL,0,,,33258.48,0.0,0.0,2023-11-18,0
LOAN0007799,CUST008636,Education Loan,1,240.0,8.0,216840.54,219267.46,67093.46,2024-06-22,1
LOAN0007800,CUST003426,BNPL,0,,,12639.24,0.0,0.0,2024-09-07,0
LOAN0007801,CUST009468,SME Loan,0,,,226720.89,0.0,0.0,2026-03-30,0
LOAN0007802,CUST000728,Personal Loan,0,,,103760.51,0.0,0.0,2024-02-18,0
LOAN0007803,CUST004869,BNPL,1,210.0,7.0,16327.08,9489.92,1145.3,2023-08-26,1
LOAN0007804,CUST005984,Personal Loan,1,150.0,5.0,39815.92,208453.08,46577.24,2024-04-05,1
LOAN0007805,CUST002480,Personal Loan,0,,,21855.06,0.0,0.0,2023-12-02,0
LOAN0007806,CUST007722,SME Loan,1,120.0,4.0,146914.77,321681.23,64015.68,2024-02-16,1
LOAN0007807,CUST006283,Personal Loan,1,180.0,6.0,326033.5,95794.5,28319.93,2023-09-27,1
LOAN0007808,CUST000189,Personal Loan,1,240.0,8.0,178185.14,195931.86,72328.14,2024-04-02,1
LOAN0007809,CUST006094,Personal Loan,0,,,147610.98,0.0,0.0,2026-04-05,0
LOAN0007810,CUST004926,BNPL,0,,,13867.7,0.0,0.0,2023-10-01,0
LOAN0007811,CUST001963,Education Loan,0,,,118400.76,0.0,0.0,2024-11-17,0
LOAN0007812,CUST009958,SME Loan,0,,,488426.12,0.0,0.0,2026-04-28,0
LOAN0007813,CUST008981,BNPL,0,,,13139.28,0.0,0.0,2023-01-28,0
LOAN0007814,CUST002930,BNPL,0,,,55290.5,0.0,0.0,2024-05-12,0
LOAN0007815,CUST005416,Personal Loan,0,,,153635.58,0.0,0.0,2025-07-29,0
LOAN0007816,CUST003166,BNPL,0,,,48677.65,0.0,0.0,2023-07-17,0
LOAN0007817,CUST007764,BNPL,0,,,45920.56,0.0,0.0,2024-04-12,0
LOAN0007818,CUST009306,Personal Loan,0,,,48501.2,0.0,0.0,2025-05-21,0
LOAN0007819,CUST003588,Personal Loan,0,,,527781.52,0.0,0.0,2025-02-15,0
LOAN0007820,CUST008071,Personal Loan,0,,,353881.35,0.0,0.0,2025-02-17,0
LOAN0007821,CUST004991,SME Loan,0,,,88069.28,0.0,0.0,2025-08-20,0
LOAN0007822,CUST003972,BNPL,0,,,15072.65,0.0,0.0,2023-08-09,0
LOAN0007823,CUST009386,Education Loan,1,120.0,4.0,10577.46,93923.54,35421.16,2024-04-25,1
LOAN0007824,CUST005111,SME Loan,0,,,553959.64,0.0,0.0,2025-10-15,0
LOAN0007825,CUST004672,Education Loan,0,,,563209.93,0.0,0.0,2026-04-19,0
LOAN0007826,CUST006733,Personal Loan,0,,,169630.02,0.0,0.0,2025-04-23,0
LOAN0007827,CUST002617,Personal Loan,0,,,19475.28,0.0,0.0,2026-06-01,0
LOAN0007828,CUST003248,Personal Loan,0,,,189226.8,0.0,0.0,2024-02-27,0
LOAN0007829,CUST009323,Personal Loan,0,,,206212.8,0.0,0.0,2026-04-13,0
LOAN0007830,CUST006800,Personal Loan,0,,,645264.54,0.0,0.0,2024-12-07,0
LOAN0007831,CUST008278,SME Loan,0,,,398369.6,0.0,0.0,2024-08-21,0
LOAN0007832,CUST002712,Personal Loan,1,90.0,3.0,33897.64,179536.36,21892.99,2023-10-19,1
LOAN0007833,CUST005444,SME Loan,0,,,293485.36,0.0,0.0,2025-02-23,0
LOAN0007834,CUST009715,Personal Loan,0,,,519758.37,0.0,0.0,2026-01-01,0
LOAN0007835,CUST003188,Personal Loan,0,,,486659.88,0.0,0.0,2026-05-21,0
LOAN0007836,CUST001616,Personal Loan,0,,,205620.15,0.0,0.0,2026-05-31,0
LOAN0007837,CUST005116,Personal Loan,0,,,184518.12,0.0,0.0,2023-11-04,0
LOAN0007838,CUST003882,Personal Loan,0,,,76236.96,0.0,0.0,2024-06-09,0
LOAN0007839,CUST001606,BNPL,0,,,51487.92,0.0,0.0,2024-01-19,0
LOAN0007840,CUST008898,BNPL,1,180.0,6.0,53974.76,0.0,0.0,2024-06-14,1
LOAN0007841,CUST009904,Personal Loan,0,,,66425.52,0.0,0.0,2025-12-22,0
LOAN0007842,CUST005695,Personal Loan,0,,,105489.34,0.0,0.0,2024-12-03,0
LOAN0007843,CUST007755,Personal Loan,0,,,449293.6,0.0,0.0,2025-05-03,0
LOAN0007844,CUST008601,Personal Loan,0,,,104450.58,0.0,0.0,2025-12-10,0
LOAN0007845,CUST007031,Personal Loan,0,,,153545.7,0.0,0.0,2025-06-24,0
LOAN0007846,CUST000448,BNPL,0,,,50930.19,0.0,0.0,2024-08-15,0
LOAN0007847,CUST001586,BNPL,0,,,23621.28,0.0,0.0,2024-01-15,0
LOAN0007848,CUST000720,Personal Loan,0,,,535092.0,0.0,0.0,2026-01-27,0
LOAN0007849,CUST000102,BNPL,0,,,49868.38,0.0,0.0,2023-02-10,0
LOAN0007850,CUST003063,BNPL,1,180.0,6.0,44594.15,0.0,0.0,2023-05-18,1
LOAN0007851,CUST003928,BNPL,0,,,33084.6,0.0,0.0,2024-06-22,0
LOAN0007852,CUST002413,Personal Loan,1,240.0,8.0,135630.25,139767.75,25171.89,2023-08-30,1
LOAN0007853,CUST000653,BNPL,1,240.0,8.0,51792.95,0.0,0.0,2024-08-21,1
LOAN0007854,CUST005304,Education Loan,0,,,560920.5,0.0,0.0,2024-12-12,0
LOAN0007855,CUST002735,Personal Loan,0,,,535732.5,0.0,0.0,2024-04-12,0
LOAN0007856,CUST007975,BNPL,0,,,9214.64,0.0,0.0,2024-08-15,0
LOAN0007857,CUST000086,Personal Loan,0,,,323436.0,0.0,0.0,2023-11-06,0
LOAN0007858,CUST008437,Personal Loan,0,,,566389.56,0.0,0.0,2024-08-19,0
LOAN0007859,CUST009551,Personal Loan,0,,,35133.39,0.0,0.0,2024-11-05,0
LOAN0007860,CUST007178,SME Loan,1,210.0,7.0,92671.32,283449.68,28735.06,2024-04-02,1
LOAN0007861,CUST007354,Personal Loan,0,,,384505.16,0.0,0.0,2024-05-14,0
LOAN0007862,CUST009337,Personal Loan,0,,,637810.56,0.0,0.0,2026-07-12,0
LOAN0007863,CUST002096,SME Loan,0,,,177751.71,0.0,0.0,2024-09-23,0
LOAN0007864,CUST009947,Personal Loan,0,,,495206.4,0.0,0.0,2025-09-17,0
LOAN0007865,CUST007744,SME Loan,1,180.0,6.0,68102.4,237186.6,46230.82,2023-11-03,1
LOAN0007866,CUST007284,Personal Loan,0,,,480173.89,0.0,0.0,2025-03-30,0
LOAN0007867,CUST003612,Personal Loan,0,,,126827.05,0.0,0.0,2026-10-27,0
LOAN0007868,CUST005466,Personal Loan,0,,,167481.86,0.0,0.0,2024-07-15,0
LOAN0007869,CUST006550,Personal Loan,0,,,196449.84,0.0,0.0,2025-11-13,0
LOAN0007870,CUST006219,Personal Loan,0,,,248386.38,0.0,0.0,2025-08-30,0
LOAN0007871,CUST007068,Personal Loan,0,,,503991.72,0.0,0.0,2025-04-26,0
LOAN0007872,CUST000832,Personal Loan,0,,,79824.64,0.0,0.0,2024-03-06,0
LOAN0007873,CUST003559,Personal Loan,0,,,426238.99,0.0,0.0,2025-03-12,0
LOAN0007874,CUST004343,Education Loan,0,,,1019469.48,0.0,0.0,2025-10-14,0
LOAN0007875,CUST002610,Personal Loan,0,,,81916.24,0.0,0.0,2024-05-15,0
LOAN0007876,CUST001737,Personal Loan,1,240.0,8.0,122344.25,173019.75,24032.83,2024-04-05,1
LOAN0007877,CUST001403,BNPL,0,,,5682.04,0.0,0.0,2023-05-13,0
LOAN0007878,CUST003665,Personal Loan,1,150.0,5.0,47372.24,186058.76,21732.48,2023-10-22,1
LOAN0007879,CUST004945,Personal Loan,0,,,90572.88,0.0,0.0,2024-09-11,0
LOAN0007880,CUST000637,Personal Loan,0,,,197741.17,0.0,0.0,2025-05-05,0
LOAN0007881,CUST009468,SME Loan,0,,,753820.76,0.0,0.0,2026-04-28,0
LOAN0007882,CUST007662,Personal Loan,0,,,455466.54,0.0,0.0,2023-12-06,0
LOAN0007883,CUST007328,Personal Loan,0,,,509618.56,0.0,0.0,2024-11-01,0
LOAN0007884,CUST001740,BNPL,1,240.0,8.0,12144.98,0.0,0.0,2024-03-26,1
LOAN0007885,CUST006051,BNPL,1,240.0,8.0,14501.83,0.0,0.0,2023-01-02,1
LOAN0007886,CUST005303,SME Loan,0,,,326923.02,0.0,0.0,2026-02-06,0
LOAN0007887,CUST009822,SME Loan,0,,,121944.68,0.0,0.0,2025-10-12,0
LOAN0007888,CUST007490,Education Loan,0,,,1002601.82,0.0,0.0,2025-10-01,0
LOAN0007889,CUST005769,Personal Loan,0,,,546469.44,0.0,0.0,2024-11-25,0
LOAN0007890,CUST008523,BNPL,0,,,14301.56,0.0,0.0,2023-09-21,0
LOAN0007891,CUST001563,BNPL,0,,,44416.54,0.0,0.0,2023-07-29,0
LOAN0007892,CUST000160,Personal Loan,0,,,427785.75,0.0,0.0,2026-07-25,0
LOAN0007893,CUST006924,BNPL,1,240.0,8.0,28942.55,7141.45,940.29,2023-09-06,1
LOAN0007894,CUST000991,Personal Loan,0,,,525641.16,0.0,0.0,2024-05-13,0
LOAN0007895,CUST001168,Personal Loan,0,,,525433.16,0.0,0.0,2024-06-04,0
LOAN0007896,CUST007462,BNPL,0,,,35404.8,0.0,0.0,2024-05-19,0
LOAN0007897,CUST002706,Education Loan,0,,,198627.26,0.0,0.0,2023-07-18,0
LOAN0007898,CUST006300,Personal Loan,0,,,103251.26,0.0,0.0,2024-11-21,0
LOAN0007899,CUST009179,Personal Loan,0,,,265656.9,0.0,0.0,2025-01-07,0
LOAN0007900,CUST003166,BNPL,0,,,35064.36,0.0,0.0,2024-03-11,0
LOAN0007901,CUST002177,Personal Loan,0,,,101690.8,0.0,0.0,2024-10-22,0
LOAN0007902,CUST001077,Personal Loan,0,,,505148.2,0.0,0.0,2026-03-23,0
LOAN0007903,CUST001317,Personal Loan,0,,,264169.54,0.0,0.0,2024-10-15,0
LOAN0007904,CUST000630,BNPL,0,,,15243.48,0.0,0.0,2024-04-07,0
LOAN0007905,CUST000884,Personal Loan,0,,,425708.4,0.0,0.0,2024-08-12,0
LOAN0007906,CUST004322,SME Loan,0,,,63731.4,0.0,0.0,2024-08-01,0
LOAN0007907,CUST003210,BNPL,0,,,33500.16,0.0,0.0,2024-08-09,0
LOAN0007908,CUST007082,SME Loan,0,,,300902.55,0.0,0.0,2025-01-15,0
LOAN0007909,CUST008714,Personal Loan,0,,,30465.57,0.0,0.0,2025-05-29,0
LOAN0007910,CUST007858,Personal Loan,0,,,121437.85,0.0,0.0,2025-10-01,0
LOAN0007911,CUST005311,BNPL,0,,,30445.9,0.0,0.0,2023-07-15,0
LOAN0007912,CUST001036,Personal Loan,0,,,119256.1,0.0,0.0,2023-10-08,0
LOAN0007913,CUST007115,Personal Loan,1,60.0,2.0,21268.41,358037.59,114436.77,2023-12-10,1
LOAN0007914,CUST003630,Personal Loan,0,,,511796.6,0.0,0.0,2024-11-12,0
LOAN0007915,CUST000864,Personal Loan,1,180.0,6.0,133875.4,274686.6,104150.96,2024-04-25,1
LOAN0007916,CUST008436,Personal Loan,1,240.0,8.0,124967.08,188980.92,71952.96,2024-06-03,1
LOAN0007917,CUST003378,Personal Loan,0,,,98419.84,0.0,0.0,2025-11-23,0
LOAN0007918,CUST002188,Personal Loan,0,,,567463.52,0.0,0.0,2024-12-04,0
LOAN0007919,CUST008726,BNPL,0,,,22765.68,0.0,0.0,2024-05-30,0
LOAN0007920,CUST009030,Personal Loan,1,90.0,3.0,43214.98,231025.02,77655.73,2024-03-23,1
LOAN0007921,CUST003386,Education Loan,1,150.0,5.0,22813.08,182531.92,47252.88,2024-04-21,1
LOAN0007922,CUST003551,Education Loan,0,,,418805.64,0.0,0.0,2027-04-29,0
LOAN0007923,CUST005811,Personal Loan,0,,,126626.63,0.0,0.0,2026-07-17,0
LOAN0007924,CUST007353,Personal Loan,0,,,515169.5,0.0,0.0,2025-12-18,0
LOAN0007925,CUST000638,Personal Loan,1,120.0,4.0,5266.62,41936.38,10967.83,2024-04-19,1
LOAN0007926,CUST005944,Education Loan,0,,,464602.6,0.0,0.0,2027-08-10,0
LOAN0007927,CUST009531,BNPL,0,,,5146.29,0.0,0.0,2024-03-15,0
LOAN0007928,CUST002626,Personal Loan,0,,,328706.7,0.0,0.0,2025-07-06,0
LOAN0007929,CUST009095,Personal Loan,0,,,157577.13,0.0,0.0,2024-09-24,0
LOAN0007930,CUST009505,BNPL,0,,,59748.1,0.0,0.0,2024-03-23,0
LOAN0007931,CUST002693,Personal Loan,0,,,131574.25,0.0,0.0,2025-08-12,0
LOAN0007932,CUST007554,Personal Loan,1,150.0,5.0,2074.04,8962.96,2915.98,2023-03-25,1
LOAN0007933,CUST002390,SME Loan,0,,,290230.8,0.0,0.0,2025-12-04,0
LOAN0007934,CUST007393,Education Loan,0,,,729927.52,0.0,0.0,2026-04-27,0
LOAN0007935,CUST007988,Personal Loan,0,,,374194.17,0.0,0.0,2024-11-16,0
LOAN0007936,CUST002475,Personal Loan,0,,,595201.0,0.0,0.0,2025-10-06,0
LOAN0007937,CUST007175,Personal Loan,1,210.0,7.0,322180.92,170907.08,50510.94,2024-07-07,1
LOAN0007938,CUST008135,SME Loan,0,,,680439.6,0.0,0.0,2025-11-08,0
LOAN0007939,CUST003587,BNPL,0,,,55982.22,0.0,0.0,2023-02-12,0
LOAN0007940,CUST001688,BNPL,0,,,50334.56,0.0,0.0,2024-03-12,0
LOAN0007941,CUST000928,SME Loan,0,,,277270.08,0.0,0.0,2026-02-14,0
LOAN0007942,CUST005765,Education Loan,0,,,438352.95,0.0,0.0,2026-05-12,0
LOAN0007943,CUST009782,Personal Loan,0,,,457169.27,0.0,0.0,2024-07-26,0
LOAN0007944,CUST008243,Personal Loan,0,,,183922.31,0.0,0.0,2023-09-20,0
LOAN0007945,CUST004359,Personal Loan,0,,,116292.28,0.0,0.0,2025-01-18,0
LOAN0007946,CUST005373,Personal Loan,0,,,46278.96,0.0,0.0,2024-07-02,0
LOAN0007947,CUST002799,SME Loan,1,60.0,2.0,11702.29,184791.71,45700.75,2024-01-30,1
LOAN0007948,CUST001640,SME Loan,0,,,511734.4,0.0,0.0,2026-08-02,0
LOAN0007949,CUST004827,Personal Loan,0,,,248020.68,0.0,0.0,2024-01-20,0
LOAN0007950,CUST004633,Education Loan,1,90.0,3.0,20814.68,231337.32,50752.18,2023-12-21,1
LOAN0007951,CUST005226,Personal Loan,0,,,34802.64,0.0,0.0,2025-09-29,0
LOAN0007952,CUST009531,SME Loan,0,,,425426.52,0.0,0.0,2025-11-30,0
LOAN0007953,CUST006051,Personal Loan,0,,,468470.16,0.0,0.0,2023-07-16,0
LOAN0007954,CUST006069,Personal Loan,0,,,243657.52,0.0,0.0,2026-06-30,0
LOAN0007955,CUST001292,Personal Loan,0,,,427153.22,0.0,0.0,2026-08-19,0
LOAN0007956,CUST009964,BNPL,0,,,56062.64,0.0,0.0,2024-07-23,0
LOAN0007957,CUST007738,Personal Loan,0,,,451577.17,0.0,0.0,2025-04-19,0
LOAN0007958,CUST008786,Personal Loan,0,,,221473.61,0.0,0.0,2025-07-20,0
LOAN0007959,CUST004150,BNPL,0,,,53803.4,0.0,0.0,2024-06-22,0
LOAN0007960,CUST005029,BNPL,0,,,43477.24,0.0,0.0,2023-06-10,0
LOAN0007961,CUST005227,Personal Loan,1,180.0,6.0,83244.9,114465.1,23979.59,2024-03-25,1
LOAN0007962,CUST001945,SME Loan,0,,,246852.3,0.0,0.0,2024-11-30,0
LOAN0007963,CUST006917,BNPL,0,,,41207.49,0.0,0.0,2024-02-12,0
LOAN0007964,CUST009038,Personal Loan,0,,,262538.64,0.0,0.0,2024-09-25,0
LOAN0007965,CUST001646,SME Loan,0,,,385642.32,0.0,0.0,2025-12-13,0
LOAN0007966,CUST000871,Personal Loan,0,,,183663.83,0.0,0.0,2023-06-24,0
LOAN0007967,CUST007399,Personal Loan,0,,,157633.44,0.0,0.0,2024-05-01,0
LOAN0007968,CUST002733,SME Loan,0,,,133584.36,0.0,0.0,2024-02-03,0
LOAN0007969,CUST006252,Personal Loan,1,90.0,3.0,20980.66,194193.34,56463.76,2022-08-20,1
LOAN0007970,CUST006976,Personal Loan,0,,,65520.51,0.0,0.0,2025-05-10,0
LOAN0007971,CUST003221,BNPL,1,210.0,7.0,5194.75,0.0,0.0,2023-11-23,1
LOAN0007972,CUST008165,BNPL,0,,,14954.58,0.0,0.0,2023-05-28,0
LOAN0007973,CUST005506,Personal Loan,0,,,52853.76,0.0,0.0,2024-03-23,0
LOAN0007974,CUST008702,Education Loan,0,,,757525.16,0.0,0.0,2026-02-26,0
LOAN0007975,CUST007644,SME Loan,0,,,505721.76,0.0,0.0,2025-03-03,0
LOAN0007976,CUST008698,BNPL,0,,,3901.2,0.0,0.0,2024-09-29,0
LOAN0007977,CUST000211,Personal Loan,0,,,508288.32,0.0,0.0,2024-12-08,0
LOAN0007978,CUST002439,Personal Loan,0,,,230948.9,0.0,0.0,2024-09-09,0
LOAN0007979,CUST000910,BNPL,1,210.0,7.0,37660.16,0.0,0.0,2023-08-09,1
LOAN0007980,CUST004422,SME Loan,0,,,191944.2,0.0,0.0,2024-05-18,0
LOAN0007981,CUST008911,Personal Loan,0,,,34887.04,0.0,0.0,2025-04-05,0
LOAN0007982,CUST004673,Personal Loan,0,,,328436.88,0.0,0.0,2024-04-16,0
LOAN0007983,CUST008512,BNPL,0,,,3624.06,0.0,0.0,2022-10-16,0
LOAN0007984,CUST003271,BNPL,1,120.0,4.0,2559.87,3939.13,1565.37,2023-01-05,1
LOAN0007985,CUST003393,Education Loan,0,,,541609.2,0.0,0.0,2027-03-11,0
LOAN0007986,CUST008966,Personal Loan,1,90.0,3.0,49008.78,402344.22,96852.05,2024-03-20,1
LOAN0007987,CUST004261,Personal Loan,0,,,357497.64,0.0,0.0,2026-12-28,0
LOAN0007988,CUST007910,BNPL,1,240.0,8.0,53525.64,0.0,0.0,2023-02-20,1
LOAN0007989,CUST002371,SME Loan,0,,,223753.75,0.0,0.0,2024-11-24,0
LOAN0007990,CUST009493,Personal Loan,0,,,174229.44,0.0,0.0,2024-02-11,0
LOAN0007991,CUST005757,SME Loan,0,,,594427.8,0.0,0.0,2024-04-01,0
LOAN0007992,CUST007605,SME Loan,0,,,586642.14,0.0,0.0,2024-08-03,0
LOAN0007993,CUST000905,Personal Loan,1,90.0,3.0,39944.14,264554.86,58559.44,2023-07-15,1
LOAN0007994,CUST004938,BNPL,1,210.0,7.0,24853.98,11124.02,1903.43,2024-03-27,1
LOAN0007995,CUST009020,BNPL,0,,,23607.45,0.0,0.0,2024-06-09,0
LOAN0007996,CUST008784,Personal Loan,0,,,211706.4,0.0,0.0,2024-06-18,0
LOAN0007997,CUST000475,Personal Loan,0,,,308266.48,0.0,0.0,2026-05-16,0
LOAN0007998,CUST003039,BNPL,0,,,31850.36,0.0,0.0,2024-02-24,0
LOAN0007999,CUST004433,BNPL,1,120.0,4.0,9254.28,8882.72,3088.43,2023-12-18,1
LOAN0008000,CUST001734,BNPL,0,,,12619.77,0.0,0.0,2024-02-17,0
LOAN0008001,CUST007319,Personal Loan,0,,,348539.13,0.0,0.0,2024-07-04,0
LOAN0008002,CUST001856,Personal Loan,0,,,439762.8,0.0,0.0,2025-01-19,0
LOAN0008003,CUST003463,Personal Loan,0,,,150375.4,0.0,0.0,2025-09-16,0
LOAN0008004,CUST006639,BNPL,0,,,6506.91,0.0,0.0,2023-11-03,0
LOAN0008005,CUST004827,Personal Loan,0,,,419400.9,0.0,0.0,2024-09-30,0
LOAN0008006,CUST007403,Personal Loan,0,,,295238.55,0.0,0.0,2024-07-12,0
LOAN0008007,CUST009614,Personal Loan,0,,,485550.21,0.0,0.0,2025-12-20,0
LOAN0008008,CUST001179,Personal Loan,1,90.0,3.0,33474.88,283305.12,55783.28,2023-12-26,1
LOAN0008009,CUST007113,SME Loan,0,,,573044.06,0.0,0.0,2026-05-11,0
LOAN0008010,CUST002311,Personal Loan,0,,,166778.85,0.0,0.0,2026-06-30,0
LOAN0008011,CUST004153,BNPL,0,,,6930.36,0.0,0.0,2023-05-20,0
LOAN0008012,CUST000335,Personal Loan,0,,,33949.08,0.0,0.0,2025-01-19,0
LOAN0008013,CUST001372,Personal Loan,0,,,401971.2,0.0,0.0,2023-12-22,0
LOAN0008014,CUST003200,Personal Loan,0,,,377563.12,0.0,0.0,2024-08-10,0
LOAN0008015,CUST003420,Personal Loan,0,,,349110.0,0.0,0.0,2025-05-24,0
LOAN0008016,CUST009004,Personal Loan,0,,,474117.21,0.0,0.0,2025-09-30,0
LOAN0008017,CUST007433,Personal Loan,0,,,295041.6,0.0,0.0,2026-04-05,0
LOAN0008018,CUST009722,BNPL,1,150.0,5.0,15599.68,7221.32,1487.8,2024-04-22,1
LOAN0008019,CUST006003,Education Loan,0,,,372043.2,0.0,0.0,2026-06-22,0
LOAN0008020,CUST002420,BNPL,0,,,18341.92,0.0,0.0,2024-02-23,0
LOAN0008021,CUST003276,Education Loan,0,,,775071.3,0.0,0.0,2025-03-22,0
LOAN0008022,CUST003201,BNPL,1,150.0,5.0,57228.51,0.0,0.0,2023-03-08,1
LOAN0008023,CUST003265,Personal Loan,1,180.0,6.0,49937.4,152609.6,46341.28,2024-05-13,1
LOAN0008024,CUST006739,Personal Loan,0,,,172608.1,0.0,0.0,2024-05-27,0
LOAN0008025,CUST005313,SME Loan,1,210.0,7.0,284762.82,104476.18,40198.49,2023-05-02,1
LOAN0008026,CUST003859,SME Loan,1,240.0,8.0,93885.05,71986.95,22671.77,2024-06-07,1
LOAN0008027,CUST001502,BNPL,1,150.0,5.0,18064.44,25105.56,3055.17,2023-08-05,1
LOAN0008028,CUST000230,Personal Loan,0,,,211104.48,0.0,0.0,2024-09-22,0
LOAN0008029,CUST002193,Personal Loan,0,,,353960.0,0.0,0.0,2025-06-07,0
LOAN0008030,CUST001086,SME Loan,0,,,593418.3,0.0,0.0,2025-02-25,0
LOAN0008031,CUST007867,Personal Loan,0,,,477892.14,0.0,0.0,2025-06-23,0
LOAN0008032,CUST001138,BNPL,0,,,5347.36,0.0,0.0,2023-12-19,0
LOAN0008033,CUST007260,Personal Loan,0,,,80770.32,0.0,0.0,2026-12-14,0
LOAN0008034,CUST003862,SME Loan,0,,,380395.6,0.0,0.0,2024-12-04,0
LOAN0008035,CUST000743,SME Loan,0,,,512127.48,0.0,0.0,2024-02-24,0
LOAN0008036,CUST008141,Personal Loan,0,,,336493.17,0.0,0.0,2025-11-06,0
LOAN0008037,CUST005811,SME Loan,0,,,99500.58,0.0,0.0,2025-06-28,0
LOAN0008038,CUST002363,BNPL,0,,,3615.84,0.0,0.0,2024-01-11,0
LOAN0008039,CUST008958,Education Loan,0,,,1068902.12,0.0,0.0,2025-04-30,0
LOAN0008040,CUST000458,Personal Loan,0,,,490516.2,0.0,0.0,2024-10-05,0
LOAN0008041,CUST002023,SME Loan,0,,,636807.3,0.0,0.0,2026-03-08,0
LOAN0008042,CUST007534,SME Loan,0,,,278652.66,0.0,0.0,2024-11-05,0
LOAN0008043,CUST007112,SME Loan,0,,,227587.12,0.0,0.0,2024-03-24,0
LOAN0008044,CUST002896,BNPL,0,,,58265.16,0.0,0.0,2024-06-23,0
LOAN0008045,CUST000628,SME Loan,0,,,101596.16,0.0,0.0,2026-03-28,0
LOAN0008046,CUST008593,Personal Loan,1,60.0,2.0,5735.98,42085.02,9326.14,2023-05-21,1
LOAN0008047,CUST003140,Personal Loan,0,,,240569.75,0.0,0.0,2025-02-17,0
LOAN0008048,CUST001960,SME Loan,0,,,587036.16,0.0,0.0,2024-07-29,0
LOAN0008049,CUST005167,SME Loan,0,,,208338.06,0.0,0.0,2025-05-05,0
LOAN0008050,CUST009110,Personal Loan,0,,,190368.78,0.0,0.0,2024-04-26,0
LOAN0008051,CUST000442,SME Loan,0,,,506809.92,0.0,0.0,2024-11-28,0
LOAN0008052,CUST007667,Personal Loan,0,,,452125.44,0.0,0.0,2026-07-27,0
LOAN0008053,CUST005736,Personal Loan,1,90.0,3.0,29783.88,292985.12,74616.49,2024-02-28,1
LOAN0008054,CUST004258,Personal Loan,0,,,521999.45,0.0,0.0,2025-05-20,0
LOAN0008055,CUST007457,Personal Loan,0,,,420081.92,0.0,0.0,2026-01-28,0
LOAN0008056,CUST009659,Personal Loan,0,,,125515.04,0.0,0.0,2023-10-26,0
LOAN0008057,CUST002298,Personal Loan,0,,,253536.15,0.0,0.0,2026-10-04,0
LOAN0008058,CUST001452,Personal Loan,0,,,530828.82,0.0,0.0,2024-02-29,0
LOAN0008059,CUST009135,SME Loan,0,,,600015.84,0.0,0.0,2024-09-10,0
LOAN0008060,CUST006697,Personal Loan,0,,,27120.12,0.0,0.0,2024-06-30,0
LOAN0008061,CUST004379,Personal Loan,0,,,21493.2,0.0,0.0,2026-03-04,0
LOAN0008062,CUST005744,SME Loan,0,,,749493.0,0.0,0.0,2026-01-22,0
LOAN0008063,CUST007471,Education Loan,0,,,672406.56,0.0,0.0,2026-12-02,0
LOAN0008064,CUST007739,Personal Loan,0,,,86074.89,0.0,0.0,2026-08-02,0
LOAN0008065,CUST009203,Personal Loan,0,,,332085.32,0.0,0.0,2026-01-15,0
LOAN0008066,CUST004271,SME Loan,1,90.0,3.0,19768.56,188529.44,25768.52,2024-01-20,1
LOAN0008067,CUST002938,BNPL,0,,,6941.9,0.0,0.0,2023-12-25,0
LOAN0008068,CUST006404,Education Loan,0,,,371632.02,0.0,0.0,2026-07-23,0
LOAN0008069,CUST004164,Personal Loan,1,120.0,4.0,31864.8,145529.2,21629.38,2023-03-22,1
LOAN0008070,CUST005958,BNPL,0,,,45005.04,0.0,0.0,2023-09-06,0
LOAN0008071,CUST004206,BNPL,0,,,19777.4,0.0,0.0,2022-09-24,0
LOAN0008072,CUST001541,Personal Loan,0,,,338434.56,0.0,0.0,2024-12-24,0
LOAN0008073,CUST004692,Personal Loan,1,180.0,6.0,82353.65,278048.35,101632.9,2024-04-14,1
LOAN0008074,CUST006930,SME Loan,0,,,693177.19,0.0,0.0,2025-03-25,0
LOAN0008075,CUST008007,Personal Loan,0,,,41796.4,0.0,0.0,2025-01-19,0
LOAN0008076,CUST004944,Personal Loan,0,,,79232.24,0.0,0.0,2024-02-09,0
LOAN0008077,CUST001661,Personal Loan,0,,,207676.0,0.0,0.0,2025-06-30,0
LOAN0008078,CUST004154,Personal Loan,1,240.0,8.0,57855.77,131811.23,20912.05,2023-11-30,1
LOAN0008079,CUST007876,Personal Loan,0,,,351029.56,0.0,0.0,2025-12-01,0
LOAN0008080,CUST004136,Personal Loan,1,210.0,7.0,57298.14,152311.86,24288.95,2023-12-26,1
LOAN0008081,CUST006983,Personal Loan,0,,,410097.8,0.0,0.0,2026-10-08,0
LOAN0008082,CUST005077,Personal Loan,0,,,249831.0,0.0,0.0,2025-08-16,0
LOAN0008083,CUST002415,BNPL,0,,,47501.72,0.0,0.0,2024-01-19,0
LOAN0008084,CUST007977,SME Loan,1,150.0,5.0,77611.04,117084.96,34122.27,2022-10-26,1
LOAN0008085,CUST000850,BNPL,0,,,7935.6,0.0,0.0,2024-03-11,0
LOAN0008086,CUST005251,Personal Loan,1,240.0,8.0,159015.64,289343.36,66471.66,2024-03-14,1
LOAN0008087,CUST002094,SME Loan,0,,,336197.29,0.0,0.0,2024-04-27,0
LOAN0008088,CUST000678,Personal Loan,0,,,659202.12,0.0,0.0,2026-12-01,0
LOAN0008089,CUST005037,Personal Loan,0,,,33327.63,0.0,0.0,2024-03-13,0
LOAN0008090,CUST005003,Education Loan,1,180.0,6.0,17752.75,133485.25,28221.0,2024-01-29,1
LOAN0008091,CUST007085,Personal Loan,0,,,132315.68,0.0,0.0,2025-03-01,0
LOAN0008092,CUST007463,SME Loan,0,,,451617.12,0.0,0.0,2024-12-31,0
LOAN0008093,CUST007296,SME Loan,0,,,177943.64,0.0,0.0,2025-04-16,0
LOAN0008094,CUST004103,SME Loan,0,,,136859.7,0.0,0.0,2024-07-08,0
LOAN0008095,CUST006326,Personal Loan,0,,,140038.47,0.0,0.0,2026-04-22,0
LOAN0008096,CUST005781,Personal Loan,0,,,439032.93,0.0,0.0,2024-07-19,0
LOAN0008097,CUST004222,Personal Loan,1,150.0,5.0,3171.8,15864.2,4452.4,2024-02-11,1
LOAN0008098,CUST005986,Personal Loan,0,,,402194.2,0.0,0.0,2024-09-30,0
LOAN0008099,CUST009475,SME Loan,0,,,595682.98,0.0,0.0,2026-06-08,0
LOAN0008100,CUST001934,Personal Loan,0,,,496574.19,0.0,0.0,2024-03-12,0
LOAN0008101,CUST009068,SME Loan,1,120.0,4.0,52016.94,264861.06,30809.84,2023-07-27,1
LOAN0008102,CUST000544,Personal Loan,0,,,161315.76,0.0,0.0,2025-03-02,0
LOAN0008103,CUST003087,Personal Loan,0,,,131621.48,0.0,0.0,2026-10-26,0
LOAN0008104,CUST002884,SME Loan,0,,,564877.79,0.0,0.0,2025-01-19,0
LOAN0008105,CUST006278,Personal Loan,0,,,169519.0,0.0,0.0,2026-08-03,0
LOAN0008106,CUST001327,Personal Loan,0,,,504894.0,0.0,0.0,2026-02-12,0
LOAN0008107,CUST008835,SME Loan,0,,,239447.25,0.0,0.0,2025-09-21,0
LOAN0008108,CUST008298,SME Loan,1,60.0,2.0,13337.64,223553.36,63303.41,2023-12-26,1
LOAN0008109,CUST006530,BNPL,0,,,3418.38,0.0,0.0,2024-07-07,0
LOAN0008110,CUST004582,Personal Loan,0,,,177346.26,0.0,0.0,2023-09-21,0
LOAN0008111,CUST009332,Personal Loan,0,,,115819.8,0.0,0.0,2023-04-04,0
LOAN0008112,CUST008321,Personal Loan,0,,,43384.87,0.0,0.0,2026-01-12,0
LOAN0008113,CUST005001,BNPL,0,,,39487.4,0.0,0.0,2024-01-20,0
LOAN0008114,CUST007039,Personal Loan,1,90.0,3.0,2136.32,22077.68,5713.45,2023-06-25,1
LOAN0008115,CUST005678,BNPL,0,,,58017.6,0.0,0.0,2023-05-14,0
LOAN0008116,CUST005891,BNPL,0,,,12570.4,0.0,0.0,2023-12-29,0
LOAN0008117,CUST003310,BNPL,0,,,16823.6,0.0,0.0,2024-08-27,0
LOAN0008118,CUST004618,Personal Loan,0,,,234459.27,0.0,0.0,2023-04-23,0
LOAN0008119,CUST000789,Personal Loan,0,,,288725.84,0.0,0.0,2025-08-28,0
LOAN0008120,CUST003576,SME Loan,1,90.0,3.0,60139.04,320837.96,67868.74,2023-12-29,1
LOAN0008121,CUST006976,Personal Loan,0,,,543491.6,0.0,0.0,2024-04-09,0
LOAN0008122,CUST009535,Personal Loan,0,,,280960.02,0.0,0.0,2025-11-18,0
LOAN0008123,CUST009632,Personal Loan,0,,,276595.36,0.0,0.0,2025-01-06,0
LOAN0008124,CUST005565,SME Loan,0,,,244843.2,0.0,0.0,2025-06-21,0
LOAN0008125,CUST006079,Personal Loan,0,,,380255.6,0.0,0.0,2024-10-31,0
LOAN0008126,CUST001867,BNPL,0,,,59481.68,0.0,0.0,2024-01-24,0
LOAN0008127,CUST006972,Personal Loan,0,,,81503.44,0.0,0.0,2026-06-05,0
LOAN0008128,CUST000715,Personal Loan,0,,,365724.48,0.0,0.0,2025-04-19,0
LOAN0008129,CUST002849,Personal Loan,0,,,634538.52,0.0,0.0,2026-10-18,0
LOAN0008130,CUST006692,BNPL,0,,,35848.44,0.0,0.0,2024-07-14,0
LOAN0008131,CUST003106,Personal Loan,0,,,328785.34,0.0,0.0,2026-02-27,0
LOAN0008132,CUST000505,SME Loan,0,,,496531.56,0.0,0.0,2025-02-02,0
LOAN0008133,CUST008332,Personal Loan,0,,,375397.12,0.0,0.0,2026-04-27,0
LOAN0008134,CUST003106,Personal Loan,0,,,61756.1,0.0,0.0,2026-01-13,0
LOAN0008135,CUST000638,BNPL,0,,,15470.1,0.0,0.0,2024-09-15,0
LOAN0008136,CUST000757,Personal Loan,0,,,252944.37,0.0,0.0,2026-01-09,0
LOAN0008137,CUST002520,Personal Loan,0,,,215891.1,0.0,0.0,2024-12-02,0
LOAN0008138,CUST001790,BNPL,0,,,27311.58,0.0,0.0,2023-12-21,0
LOAN0008139,CUST007752,Personal Loan,0,,,209246.9,0.0,0.0,2026-04-21,0
LOAN0008140,CUST003219,Personal Loan,0,,,358950.9,0.0,0.0,2026-05-18,0
LOAN0008141,CUST008061,Personal Loan,0,,,201239.68,0.0,0.0,2025-12-14,0
LOAN0008142,CUST001749,Personal Loan,0,,,56066.92,0.0,0.0,2025-07-30,0
LOAN0008143,CUST004939,Personal Loan,0,,,133831.17,0.0,0.0,2025-08-17,0
LOAN0008144,CUST006900,Personal Loan,0,,,24234.86,0.0,0.0,2025-01-23,0
LOAN0008145,CUST006529,Personal Loan,0,,,597492.28,0.0,0.0,2025-10-19,0
LOAN0008146,CUST006023,Education Loan,1,60.0,2.0,30741.67,922535.33,352381.68,2023-11-07,1
LOAN0008147,CUST009250,Personal Loan,0,,,181660.16,0.0,0.0,2026-08-23,0
LOAN0008148,CUST002291,Personal Loan,0,,,211060.26,0.0,0.0,2023-12-08,0
LOAN0008149,CUST004947,Personal Loan,0,,,86244.84,0.0,0.0,2025-03-08,0
LOAN0008150,CUST008852,BNPL,0,,,40809.55,0.0,0.0,2024-05-16,0
LOAN0008151,CUST000788,Personal Loan,0,,,505884.72,0.0,0.0,2025-01-09,0
LOAN0008152,CUST000565,BNPL,1,90.0,3.0,3236.18,6407.82,1256.8,2024-01-13,1
LOAN0008153,CUST002340,SME Loan,1,180.0,6.0,175258.25,395033.75,47192.41,2024-06-09,1
LOAN0008154,CUST006339,BNPL,0,,,16241.49,0.0,0.0,2024-09-05,0
LOAN0008155,CUST002602,Personal Loan,0,,,319444.0,0.0,0.0,2023-09-19,0
LOAN0008156,CUST001911,Personal Loan,0,,,83566.44,0.0,0.0,2023-05-03,0
LOAN0008157,CUST004585,Personal Loan,0,,,27781.38,0.0,0.0,2025-09-22,0
LOAN0008158,CUST006149,SME Loan,0,,,518214.51,0.0,0.0,2023-09-18,0
LOAN0008159,CUST002489,BNPL,0,,,42828.39,0.0,0.0,2024-08-21,0
LOAN0008160,CUST003010,Personal Loan,0,,,672018.0,0.0,0.0,2026-02-02,0
LOAN0008161,CUST006148,Personal Loan,0,,,404761.56,0.0,0.0,2025-12-01,0
LOAN0008162,CUST009460,Personal Loan,0,,,545469.12,0.0,0.0,2024-12-04,0
LOAN0008163,CUST006758,Personal Loan,0,,,197848.92,0.0,0.0,2024-04-21,0
LOAN0008164,CUST007841,BNPL,1,60.0,2.0,26138.36,25849.64,2836.72,2024-02-22,1
LOAN0008165,CUST003669,BNPL,0,,,32400.08,0.0,0.0,2024-04-12,0
LOAN0008166,CUST002724,Personal Loan,1,60.0,2.0,19328.85,400418.15,142510.62,2024-02-15,1
LOAN0008167,CUST004538,Personal Loan,0,,,468899.1,0.0,0.0,2024-06-18,0
LOAN0008168,CUST008085,Personal Loan,0,,,563281.04,0.0,0.0,2026-03-20,0
LOAN0008169,CUST004559,SME Loan,0,,,659711.36,0.0,0.0,2024-07-22,0
LOAN0008170,CUST008479,Personal Loan,0,,,147242.7,0.0,0.0,2024-11-30,0
LOAN0008171,CUST009883,Personal Loan,1,60.0,2.0,22782.88,371828.12,144592.25,2023-11-06,1
LOAN0008172,CUST000731,Personal Loan,0,,,282118.27,0.0,0.0,2025-05-14,0
LOAN0008173,CUST000460,Personal Loan,0,,,175415.67,0.0,0.0,2025-03-18,0
LOAN0008174,CUST001506,Personal Loan,1,180.0,6.0,39606.25,129343.75,35112.54,2024-04-22,1
LOAN0008175,CUST003849,SME Loan,0,,,200617.35,0.0,0.0,2024-11-14,0
LOAN0008176,CUST001324,SME Loan,0,,,137335.99,0.0,0.0,2024-06-19,0
LOAN0008177,CUST008718,Personal Loan,0,,,91754.18,0.0,0.0,2024-05-24,0
LOAN0008178,CUST000239,Personal Loan,1,240.0,8.0,153430.62,292190.38,82611.0,2024-05-03,1
LOAN0008179,CUST003158,SME Loan,0,,,401326.8,0.0,0.0,2024-10-01,0
LOAN0008180,CUST001857,Personal Loan,0,,,564630.45,0.0,0.0,2025-06-04,0
LOAN0008181,CUST009318,Personal Loan,1,180.0,6.0,85657.05,168467.95,43552.16,2024-02-07,1
LOAN0008182,CUST006702,Personal Loan,0,,,28395.96,0.0,0.0,2023-10-15,0
LOAN0008183,CUST009128,Personal Loan,0,,,336342.3,0.0,0.0,2026-02-28,0
LOAN0008184,CUST009723,SME Loan,0,,,526724.1,0.0,0.0,2026-05-25,0
LOAN0008185,CUST004978,SME Loan,0,,,439042.88,0.0,0.0,2026-08-11,0
LOAN0008186,CUST002349,Personal Loan,0,,,685662.08,0.0,0.0,2025-08-25,0
LOAN0008187,CUST001943,Personal Loan,1,60.0,2.0,21846.92,194883.08,69528.62,2023-09-07,1
LOAN0008188,CUST002236,Personal Loan,0,,,436813.98,0.0,0.0,2026-09-21,0
LOAN0008189,CUST007103,SME Loan,0,,,386307.66,0.0,0.0,2025-03-24,0
LOAN0008190,CUST000412,SME Loan,0,,,386190.0,0.0,0.0,2025-04-20,0
LOAN0008191,CUST000521,BNPL,1,150.0,5.0,24007.96,22874.04,7655.83,2024-03-13,1
LOAN0008192,CUST006092,Personal Loan,0,,,175179.04,0.0,0.0,2025-01-30,0
LOAN0008193,CUST006429,BNPL,0,,,43680.1,0.0,0.0,2024-04-26,0
LOAN0008194,CUST006661,Personal Loan,1,180.0,6.0,44419.5,58832.5,12592.17,2023-01-08,1
LOAN0008195,CUST003722,Education Loan,1,90.0,3.0,66632.38,746663.62,271269.02,2022-09-18,1
LOAN0008196,CUST008073,SME Loan,0,,,251946.9,0.0,0.0,2026-04-12,0
LOAN0008197,CUST005345,SME Loan,0,,,392732.48,0.0,0.0,2025-10-25,0
LOAN0008198,CUST001065,BNPL,0,,,24712.5,0.0,0.0,2024-08-24,0
LOAN0008199,CUST007985,BNPL,0,,,60417.04,0.0,0.0,2023-08-26,0
LOAN0008200,CUST009534,Education Loan,0,,,972256.5,0.0,0.0,2027-06-19,0
LOAN0008201,CUST000609,BNPL,0,,,55636.38,0.0,0.0,2024-08-24,0
LOAN0008202,CUST003917,SME Loan,0,,,372385.25,0.0,0.0,2025-09-27,0
LOAN0008203,CUST004882,BNPL,0,,,25554.7,0.0,0.0,2024-02-27,0
LOAN0008204,CUST001478,SME Loan,0,,,594423.99,0.0,0.0,2023-12-01,0
LOAN0008205,CUST008690,BNPL,0,,,27921.15,0.0,0.0,2024-09-06,0
LOAN0008206,CUST002845,Personal Loan,0,,,525729.6,0.0,0.0,2024-05-22,0
LOAN0008207,CUST007842,Personal Loan,0,,,287206.29,0.0,0.0,2025-11-12,0
LOAN0008208,CUST006717,BNPL,0,,,44101.08,0.0,0.0,2023-03-24,0
LOAN0008209,CUST005994,BNPL,0,,,46802.77,0.0,0.0,2024-01-24,0
LOAN0008210,CUST001928,Personal Loan,1,180.0,6.0,110023.2,68297.8,10472.15,2023-01-12,1
LOAN0008211,CUST002212,Education Loan,0,,,549457.0,0.0,0.0,2024-12-31,0
LOAN0008212,CUST000481,SME Loan,0,,,476497.28,0.0,0.0,2025-10-24,0
LOAN0008213,CUST002410,Personal Loan,1,120.0,4.0,35071.86,104934.14,39454.94,2024-03-24,1
LOAN0008214,CUST003452,SME Loan,0,,,121599.52,0.0,0.0,2023-09-28,0
LOAN0008215,CUST008344,Personal Loan,0,,,96000.0,0.0,0.0,2025-06-11,0
LOAN0008216,CUST003665,Personal Loan,0,,,182980.1,0.0,0.0,2024-09-07,0
LOAN0008217,CUST007558,Personal Loan,1,120.0,4.0,110897.07,386054.93,152516.1,2024-04-13,1
LOAN0008218,CUST004394,BNPL,0,,,30197.1,0.0,0.0,2024-02-29,0
LOAN0008219,CUST007860,Personal Loan,0,,,342454.32,0.0,0.0,2024-12-13,0
LOAN0008220,CUST009766,Personal Loan,0,,,273134.0,0.0,0.0,2025-10-28,0
LOAN0008221,CUST002402,Personal Loan,0,,,366924.7,0.0,0.0,2023-10-08,0
LOAN0008222,CUST008636,Education Loan,0,,,789242.62,0.0,0.0,2027-02-23,0
LOAN0008223,CUST006233,BNPL,1,240.0,8.0,10286.5,891.5,314.17,2024-05-20,1
LOAN0008224,CUST008189,Personal Loan,0,,,174360.78,0.0,0.0,2024-07-01,0
LOAN0008225,CUST006525,BNPL,0,,,57109.8,0.0,0.0,2024-03-27,0
LOAN0008226,CUST004243,SME Loan,0,,,618494.8,0.0,0.0,2024-11-22,0
LOAN0008227,CUST002285,BNPL,0,,,51062.58,0.0,0.0,2024-01-13,0
LOAN0008228,CUST000710,SME Loan,0,,,205206.68,0.0,0.0,2024-03-24,0
LOAN0008229,CUST005363,Personal Loan,0,,,244550.03,0.0,0.0,2024-08-14,0
LOAN0008230,CUST009900,SME Loan,0,,,385706.5,0.0,0.0,2024-07-15,0
LOAN0008231,CUST007398,Education Loan,0,,,678316.8,0.0,0.0,2026-03-05,0
LOAN0008232,CUST003273,BNPL,0,,,15998.16,0.0,0.0,2024-04-30,0
LOAN0008233,CUST008285,Personal Loan,1,240.0,8.0,179638.55,183854.45,72265.76,2023-09-24,1
LOAN0008234,CUST007698,Personal Loan,0,,,436489.68,0.0,0.0,2025-05-30,0
LOAN0008235,CUST002819,Personal Loan,0,,,521987.64,0.0,0.0,2024-09-17,0
LOAN0008236,CUST000151,Personal Loan,1,180.0,6.0,385644.2,112622.8,14327.79,2023-04-23,1
LOAN0008237,CUST001195,Personal Loan,0,,,332898.3,0.0,0.0,2025-06-25,0
LOAN0008238,CUST008786,Personal Loan,1,240.0,8.0,78549.66,215237.34,40881.19,2024-02-23,1
LOAN0008239,CUST008376,BNPL,0,,,27957.66,0.0,0.0,2023-11-17,0
LOAN0008240,CUST002954,Personal Loan,0,,,229116.0,0.0,0.0,2023-04-26,0
LOAN0008241,CUST002854,SME Loan,0,,,524105.28,0.0,0.0,2025-06-27,0
LOAN0008242,CUST007941,SME Loan,0,,,499956.16,0.0,0.0,2026-08-11,0
LOAN0008243,CUST009380,Personal Loan,0,,,95443.04,0.0,0.0,2023-11-27,0
LOAN0008244,CUST007802,Personal Loan,0,,,656248.6,0.0,0.0,2026-06-30,0
LOAN0008245,CUST006067,Personal Loan,0,,,406527.12,0.0,0.0,2024-05-09,0
LOAN0008246,CUST002431,SME Loan,0,,,227270.16,0.0,0.0,2025-09-09,0
LOAN0008247,CUST005260,Education Loan,0,,,622616.5,0.0,0.0,2025-12-30,0
LOAN0008248,CUST002341,SME Loan,1,90.0,3.0,55444.02,522689.98,73501.98,2023-09-26,1
LOAN0008249,CUST008093,Personal Loan,0,,,340441.92,0.0,0.0,2024-04-10,0
LOAN0008250,CUST003873,Personal Loan,0,,,502628.8,0.0,0.0,2024-06-15,0
LOAN0008251,CUST008349,Personal Loan,0,,,380875.35,0.0,0.0,2024-12-14,0
LOAN0008252,CUST003822,Personal Loan,0,,,443232.36,0.0,0.0,2025-05-17,0
LOAN0008253,CUST008255,BNPL,1,120.0,4.0,3863.34,6279.66,1422.73,2023-05-15,1
LOAN0008254,CUST003330,SME Loan,0,,,402788.64,0.0,0.0,2025-12-25,0
LOAN0008255,CUST004403,Personal Loan,1,210.0,7.0,154153.02,36091.98,7241.35,2023-11-14,1
LOAN0008256,CUST006168,SME Loan,0,,,234659.0,0.0,0.0,2025-07-06,0
LOAN0008257,CUST000712,Personal Loan,0,,,333983.43,0.0,0.0,2024-09-22,0
LOAN0008258,CUST009487,Personal Loan,0,,,124059.93,0.0,0.0,2025-02-28,0
LOAN0008259,CUST005747,Personal Loan,0,,,199087.72,0.0,0.0,2024-04-16,0
LOAN0008260,CUST005084,Personal Loan,0,,,481707.52,0.0,0.0,2024-08-21,0
LOAN0008261,CUST008403,Personal Loan,1,120.0,4.0,31473.03,243651.97,38014.44,2024-04-09,1
LOAN0008262,CUST008667,BNPL,0,,,2976.72,0.0,0.0,2024-01-30,0
LOAN0008263,CUST005230,Personal Loan,0,,,146167.65,0.0,0.0,2023-03-05,0
LOAN0008264,CUST009275,Personal Loan,0,,,661051.52,0.0,0.0,2025-11-21,0
LOAN0008265,CUST000654,BNPL,1,90.0,3.0,24794.84,0.0,0.0,2023-06-10,1
LOAN0008266,CUST001145,SME Loan,0,,,279311.04,0.0,0.0,2024-03-27,0
LOAN0008267,CUST005980,Personal Loan,1,210.0,7.0,69471.54,243559.46,71908.81,2024-05-10,1
LOAN0008268,CUST003542,Education Loan,0,,,952720.44,0.0,0.0,2026-04-30,0
LOAN0008269,CUST004641,SME Loan,1,120.0,4.0,27319.32,170126.68,67879.4,2023-11-28,1
LOAN0008270,CUST003280,Personal Loan,0,,,305664.3,0.0,0.0,2024-04-01,0
LOAN0008271,CUST004054,Personal Loan,1,150.0,5.0,70762.88,263992.12,68437.9,2022-12-10,1
LOAN0008272,CUST008240,SME Loan,0,,,742408.41,0.0,0.0,2025-07-19,0
LOAN0008273,CUST005946,Personal Loan,0,,,139878.4,0.0,0.0,2025-05-14,0
LOAN0008274,CUST009971,Personal Loan,1,210.0,7.0,122855.46,162203.54,27535.72,2023-09-29,1
LOAN0008275,CUST007882,SME Loan,1,150.0,5.0,169999.64,372501.36,92449.59,2024-03-22,1
LOAN0008276,CUST002738,BNPL,1,90.0,3.0,18793.84,27867.16,5298.24,2024-03-18,1
LOAN0008277,CUST002647,SME Loan,0,,,456350.04,0.0,0.0,2025-01-24,0
LOAN0008278,CUST003356,Personal Loan,0,,,73346.22,0.0,0.0,2024-03-25,0
LOAN0008279,CUST008443,Personal Loan,0,,,390641.71,0.0,0.0,2024-05-25,0
LOAN0008280,CUST000281,Education Loan,0,,,1026444.72,0.0,0.0,2024-10-22,0
LOAN0008281,CUST002309,Personal Loan,0,,,390425.2,0.0,0.0,2025-10-15,0
LOAN0008282,CUST009059,Personal Loan,0,,,360929.6,0.0,0.0,2025-06-22,0
LOAN0008283,CUST006407,BNPL,0,,,28553.49,0.0,0.0,2024-05-31,0
LOAN0008284,CUST002274,Personal Loan,0,,,532164.33,0.0,0.0,2025-10-22,0
LOAN0008285,CUST002196,Personal Loan,0,,,485530.8,0.0,0.0,2025-04-03,0
LOAN0008286,CUST008639,SME Loan,0,,,694530.32,0.0,0.0,2025-08-02,0
LOAN0008287,CUST008948,SME Loan,0,,,204193.35,0.0,0.0,2024-09-02,0
LOAN0008288,CUST002565,Personal Loan,1,180.0,6.0,18542.75,63446.25,12104.72,2024-06-27,1
LOAN0008289,CUST004212,BNPL,1,90.0,3.0,7964.98,23161.02,2651.53,2023-09-24,1
LOAN0008290,CUST008359,Personal Loan,0,,,611547.75,0.0,0.0,2024-12-05,0
LOAN0008291,CUST007718,SME Loan,1,90.0,3.0,20411.06,202444.94,47592.7,2024-03-22,1
LOAN0008292,CUST008154,SME Loan,0,,,722287.63,0.0,0.0,2025-02-17,0
LOAN0008293,CUST005192,Personal Loan,0,,,260965.81,0.0,0.0,2024-02-16,0
LOAN0008294,CUST009123,Personal Loan,0,,,45092.7,0.0,0.0,2025-02-25,0
LOAN0008295,CUST003260,Education Loan,0,,,455063.4,0.0,0.0,2026-07-11,0
LOAN0008296,CUST001578,Personal Loan,0,,,323133.65,0.0,0.0,2026-10-16,0
LOAN0008297,CUST007104,Personal Loan,0,,,52383.36,0.0,0.0,2024-06-23,0
LOAN0008298,CUST005398,Personal Loan,0,,,125104.72,0.0,0.0,2025-07-14,0
LOAN0008299,CUST008557,BNPL,0,,,55671.8,0.0,0.0,2024-05-01,0
LOAN0008300,CUST000819,Personal Loan,0,,,177019.5,0.0,0.0,2024-07-22,0
LOAN0008301,CUST008447,Personal Loan,1,210.0,7.0,101802.3,309335.7,76835.15,2023-07-12,1
LOAN0008302,CUST002937,SME Loan,0,,,342823.39,0.0,0.0,2024-01-17,0
LOAN0008303,CUST006558,Personal Loan,0,,,420448.2,0.0,0.0,2023-11-24,0
LOAN0008304,CUST000407,BNPL,0,,,17267.96,0.0,0.0,2024-01-08,0
LOAN0008305,CUST006108,Personal Loan,0,,,135814.0,0.0,0.0,2025-08-31,0
LOAN0008306,CUST007188,Personal Loan,0,,,623638.72,0.0,0.0,2025-05-05,0
LOAN0008307,CUST003688,BNPL,1,150.0,5.0,7784.56,11479.44,1852.61,2023-06-28,1
LOAN0008308,CUST002160,Personal Loan,0,,,312785.2,0.0,0.0,2024-02-06,0
LOAN0008309,CUST005382,Personal Loan,1,90.0,3.0,8949.92,92997.08,14544.93,2024-02-22,1
LOAN0008310,CUST008344,Personal Loan,0,,,469974.42,0.0,0.0,2026-02-05,0
LOAN0008311,CUST003239,BNPL,0,,,47137.32,0.0,0.0,2024-02-11,0
LOAN0008312,CUST002528,SME Loan,1,60.0,2.0,8210.62,138169.38,25078.84,2024-02-19,1
LOAN0008313,CUST002793,BNPL,0,,,6094.6,0.0,0.0,2024-04-30,0
LOAN0008314,CUST009496,BNPL,1,60.0,2.0,1142.3,6641.7,675.45,2024-02-25,1
LOAN0008315,CUST003594,Personal Loan,0,,,429219.52,0.0,0.0,2023-11-18,0
LOAN0008316,CUST000038,SME Loan,0,,,741977.1,0.0,0.0,2026-06-19,0
LOAN0008317,CUST007829,Personal Loan,0,,,499498.4,0.0,0.0,2024-05-04,0
LOAN0008318,CUST007014,Personal Loan,0,,,271780.08,0.0,0.0,2025-06-04,0
LOAN0008319,CUST001298,Personal Loan,0,,,28860.4,0.0,0.0,2025-10-20,0
LOAN0008320,CUST009846,BNPL,0,,,57059.31,0.0,0.0,2024-05-09,0
LOAN0008321,CUST006092,SME Loan,0,,,329221.26,0.0,0.0,2024-01-31,0
LOAN0008322,CUST005015,Personal Loan,0,,,24470.1,0.0,0.0,2025-10-14,0
LOAN0008323,CUST003828,Personal Loan,0,,,511306.6,0.0,0.0,2025-01-30,0
LOAN0008324,CUST008995,Personal Loan,0,,,318641.07,0.0,0.0,2026-09-01,0
LOAN0008325,CUST002443,Personal Loan,1,150.0,5.0,72357.72,90061.28,24903.91,2023-08-22,1
LOAN0008326,CUST002861,Education Loan,0,,,258181.42,0.0,0.0,2025-02-21,0
LOAN0008327,CUST001238,BNPL,0,,,45845.46,0.0,0.0,2023-06-11,0
LOAN0008328,CUST007603,BNPL,0,,,55624.82,0.0,0.0,2024-02-07,0
LOAN0008329,CUST005966,Education Loan,0,,,641756.94,0.0,0.0,2027-01-14,0
LOAN0008330,CUST006102,Personal Loan,0,,,263426.83,0.0,0.0,2025-04-20,0
LOAN0008331,CUST002190,SME Loan,0,,,525091.2,0.0,0.0,2026-06-16,0
LOAN0008332,CUST006520,Personal Loan,0,,,364232.14,0.0,0.0,2025-03-06,0
LOAN0008333,CUST007664,Personal Loan,0,,,25148.11,0.0,0.0,2024-10-11,0
LOAN0008334,CUST003580,BNPL,1,180.0,6.0,28571.5,22165.5,5144.51,2023-10-14,1
LOAN0008335,CUST008026,Personal Loan,0,,,163312.6,0.0,0.0,2025-10-24,0
LOAN0008336,CUST003483,BNPL,0,,,52849.4,0.0,0.0,2024-02-09,0
LOAN0008337,CUST007591,BNPL,0,,,2735.3,0.0,0.0,2024-03-20,0
LOAN0008338,CUST000343,SME Loan,0,,,333727.81,0.0,0.0,2024-08-02,0
LOAN0008339,CUST005518,SME Loan,0,,,349587.16,0.0,0.0,2025-04-10,0
LOAN0008340,CUST009696,Personal Loan,0,,,65987.64,0.0,0.0,2024-07-05,0
LOAN0008341,CUST009811,BNPL,0,,,8793.4,0.0,0.0,2024-07-15,0
LOAN0008342,CUST002820,Personal Loan,0,,,450859.02,0.0,0.0,2023-12-28,0
LOAN0008343,CUST004415,BNPL,1,180.0,6.0,22262.5,17392.5,4150.39,2023-05-11,1
LOAN0008344,CUST000637,BNPL,1,210.0,7.0,8807.88,5284.12,2103.85,2024-07-27,1
LOAN0008345,CUST008743,Personal Loan,1,90.0,3.0,7171.36,65253.64,19156.14,2024-02-15,1
LOAN0008346,CUST005695,BNPL,0,,,48386.52,0.0,0.0,2023-07-27,0
LOAN0008347,CUST003856,BNPL,0,,,26678.97,0.0,0.0,2024-08-20,0
LOAN0008348,CUST001140,Personal Loan,0,,,540022.0,0.0,0.0,2024-10-29,0
LOAN0008349,CUST009470,SME Loan,1,60.0,2.0,55255.53,404948.47,154438.43,2023-07-18,1
LOAN0008350,CUST005307,Personal Loan,0,,,543540.36,0.0,0.0,2026-06-10,0
LOAN0008351,CUST002832,Personal Loan,0,,,394410.9,0.0,0.0,2024-07-15,0
LOAN0008352,CUST003497,Personal Loan,0,,,176833.61,0.0,0.0,2026-04-16,0
LOAN0008353,CUST002708,BNPL,0,,,12888.9,0.0,0.0,2023-07-17,0
LOAN0008354,CUST006031,Personal Loan,0,,,359065.72,0.0,0.0,2026-01-11,0
LOAN0008355,CUST009303,Education Loan,0,,,1006499.62,0.0,0.0,2026-05-07,0
LOAN0008356,CUST008579,BNPL,0,,,57786.88,0.0,0.0,2023-09-18,0
LOAN0008357,CUST004599,BNPL,1,120.0,4.0,50323.56,0.0,0.0,2024-03-13,1
LOAN0008358,CUST008277,Personal Loan,1,120.0,4.0,21995.01,100891.99,33241.33,2022-08-25,1
LOAN0008359,CUST004236,Personal Loan,0,,,133192.0,0.0,0.0,2025-02-17,0
LOAN0008360,CUST002525,Education Loan,0,,,988088.92,0.0,0.0,2026-03-14,0
LOAN0008361,CUST009829,Personal Loan,0,,,176895.42,0.0,0.0,2024-05-29,0
LOAN0008362,CUST003041,BNPL,1,210.0,7.0,13135.32,8115.68,2469.46,2024-05-13,1
LOAN0008363,CUST003240,BNPL,0,,,55714.44,0.0,0.0,2022-12-08,0
LOAN0008364,CUST009894,BNPL,1,180.0,6.0,1792.25,1255.75,415.91,2024-01-16,1
LOAN0008365,CUST001353,SME Loan,0,,,716626.18,0.0,0.0,2024-07-06,0
LOAN0008366,CUST007618,SME Loan,1,60.0,2.0,16927.03,202551.97,42623.62,2023-10-31,1
LOAN0008367,CUST009361,Personal Loan,0,,,75938.1,0.0,0.0,2024-06-18,0
LOAN0008368,CUST005124,Personal Loan,0,,,213962.4,0.0,0.0,2023-03-30,0
LOAN0008369,CUST000026,BNPL,0,,,12965.84,0.0,0.0,2023-09-06,0
LOAN0008370,CUST003754,Personal Loan,0,,,348302.29,0.0,0.0,2023-07-02,0
LOAN0008371,CUST001129,BNPL,0,,,43767.95,0.0,0.0,2023-03-10,0
LOAN0008372,CUST004168,Personal Loan,0,,,499479.36,0.0,0.0,2026-08-14,0
LOAN0008373,CUST007913,BNPL,1,90.0,3.0,3654.62,14436.38,3901.38,2023-04-01,1
LOAN0008374,CUST004386,BNPL,1,180.0,6.0,36175.71,0.0,0.0,2024-04-23,1
LOAN0008375,CUST004321,Personal Loan,0,,,468280.05,0.0,0.0,2026-10-18,0
LOAN0008376,CUST005577,SME Loan,0,,,127348.48,0.0,0.0,2025-02-28,0
LOAN0008377,CUST005832,Personal Loan,0,,,283541.44,0.0,0.0,2024-07-26,0
LOAN0008378,CUST008574,Personal Loan,0,,,306103.98,0.0,0.0,2024-09-03,0
LOAN0008379,CUST003086,BNPL,1,240.0,8.0,50292.21,0.0,0.0,2024-08-07,1
LOAN0008380,CUST008232,Personal Loan,1,240.0,8.0,169305.22,235821.78,56393.28,2024-07-13,1
LOAN0008381,CUST005667,Personal Loan,0,,,133285.86,0.0,0.0,2023-05-31,0
LOAN0008382,CUST003009,Personal Loan,0,,,238070.4,0.0,0.0,2023-10-27,0
LOAN0008383,CUST002954,Personal Loan,0,,,319205.64,0.0,0.0,2025-01-10,0
LOAN0008384,CUST003613,Personal Loan,1,90.0,3.0,30616.18,274687.82,86337.08,2023-10-31,1
LOAN0008385,CUST006241,Personal Loan,0,,,517651.42,0.0,0.0,2024-09-17,0
LOAN0008386,CUST002315,SME Loan,0,,,514800.88,0.0,0.0,2026-04-17,0
LOAN0008387,CUST009207,BNPL,0,,,29664.72,0.0,0.0,2023-10-07,0
LOAN0008388,CUST005759,BNPL,0,,,15219.4,0.0,0.0,2024-07-30,0
LOAN0008389,CUST009204,Personal Loan,0,,,601876.44,0.0,0.0,2025-11-25,0
LOAN0008390,CUST000470,SME Loan,0,,,630958.27,0.0,0.0,2025-03-09,0
LOAN0008391,CUST003426,BNPL,0,,,34789.11,0.0,0.0,2024-02-10,0
LOAN0008392,CUST000236,SME Loan,0,,,758960.18,0.0,0.0,2024-02-02,0
LOAN0008393,CUST002724,BNPL,1,120.0,4.0,6549.72,4053.28,1569.75,2024-02-09,1
LOAN0008394,CUST008633,Personal Loan,0,,,75855.36,0.0,0.0,2025-09-28,0
LOAN0008395,CUST000369,Personal Loan,0,,,200419.65,0.0,0.0,2025-07-28,0
LOAN0008396,CUST004362,Personal Loan,0,,,81542.09,0.0,0.0,2026-05-11,0
LOAN0008397,CUST001190,Personal Loan,0,,,261702.72,0.0,0.0,2024-08-23,0
LOAN0008398,CUST004176,SME Loan,0,,,693294.68,0.0,0.0,2025-07-12,0
LOAN0008399,CUST008398,BNPL,0,,,41901.12,0.0,0.0,2023-09-30,0
LOAN0008400,CUST006245,BNPL,0,,,14023.74,0.0,0.0,2023-12-05,0
LOAN0008401,CUST007384,BNPL,0,,,46899.12,0.0,0.0,2023-02-28,0
LOAN0008402,CUST003486,Personal Loan,0,,,333794.4,0.0,0.0,2025-08-03,0
LOAN0008403,CUST009446,Personal Loan,0,,,551393.44,0.0,0.0,2026-02-09,0
LOAN0008404,CUST007111,Personal Loan,0,,,147941.44,0.0,0.0,2025-04-23,0
LOAN0008405,CUST004225,Personal Loan,0,,,357242.49,0.0,0.0,2026-02-13,0
LOAN0008406,CUST004267,Personal Loan,0,,,476408.94,0.0,0.0,2025-08-24,0
LOAN0008407,CUST009190,Education Loan,0,,,653159.52,0.0,0.0,2027-10-15,0
LOAN0008408,CUST005775,BNPL,1,210.0,7.0,43905.3,0.0,0.0,2024-07-09,1
LOAN0008409,CUST007080,Personal Loan,0,,,203050.76,0.0,0.0,2025-06-22,0
LOAN0008410,CUST004178,Education Loan,0,,,940189.14,0.0,0.0,2025-12-05,0
LOAN0008411,CUST002245,Education Loan,1,240.0,8.0,95591.65,158292.35,24674.57,2024-02-08,1
LOAN0008412,CUST007252,SME Loan,0,,,686983.2,0.0,0.0,2025-04-11,0
LOAN0008413,CUST006089,Personal Loan,0,,,99739.8,0.0,0.0,2023-10-02,0
LOAN0008414,CUST005022,BNPL,0,,,25416.72,0.0,0.0,2023-10-11,0
LOAN0008415,CUST006254,Personal Loan,1,90.0,3.0,25016.72,170116.28,31837.93,2024-03-12,1
LOAN0008416,CUST002088,Personal Loan,0,,,31760.4,0.0,0.0,2025-02-28,0
LOAN0008417,CUST007953,SME Loan,0,,,520852.32,0.0,0.0,2025-05-17,0
LOAN0008418,CUST009486,Personal Loan,0,,,100506.78,0.0,0.0,2024-03-11,0
LOAN0008419,CUST008921,BNPL,0,,,6740.37,0.0,0.0,2024-01-06,0
LOAN0008420,CUST003216,Personal Loan,0,,,607588.8,0.0,0.0,2026-04-24,0
LOAN0008421,CUST004069,SME Loan,0,,,419557.44,0.0,0.0,2023-02-06,0
LOAN0008422,CUST008098,Personal Loan,0,,,333467.1,0.0,0.0,2026-05-03,0
LOAN0008423,CUST005962,SME Loan,0,,,516887.6,0.0,0.0,2023-05-16,0
LOAN0008424,CUST005486,SME Loan,1,180.0,6.0,105677.1,374199.9,44434.23,2024-05-03,1
LOAN0008425,CUST009270,Personal Loan,0,,,651536.6,0.0,0.0,2026-01-20,0
LOAN0008426,CUST005367,BNPL,0,,,45690.24,0.0,0.0,2023-02-21,0
LOAN0008427,CUST005155,Personal Loan,0,,,433432.17,0.0,0.0,2025-04-15,0
LOAN0008428,CUST000426,Personal Loan,1,210.0,7.0,112351.86,341282.14,77308.34,2024-02-28,1
LOAN0008429,CUST000702,SME Loan,0,,,689529.78,0.0,0.0,2025-03-25,0
LOAN0008430,CUST000079,Personal Loan,0,,,319229.6,0.0,0.0,2024-07-19,0
LOAN0008431,CUST009138,Personal Loan,0,,,130011.5,0.0,0.0,2025-09-29,0
LOAN0008432,CUST004091,Personal Loan,0,,,308366.66,0.0,0.0,2023-10-10,0
LOAN0008433,CUST004685,Personal Loan,0,,,381087.3,0.0,0.0,2026-03-25,0
LOAN0008434,CUST008465,Personal Loan,0,,,183725.28,0.0,0.0,2024-12-14,0
LOAN0008435,CUST006104,SME Loan,0,,,353307.83,0.0,0.0,2025-09-15,0
LOAN0008436,CUST006107,Personal Loan,0,,,489415.41,0.0,0.0,2024-11-25,0
LOAN0008437,CUST002968,Personal Loan,1,90.0,3.0,1487.22,14047.78,4539.93,2024-03-29,1
LOAN0008438,CUST008351,Education Loan,0,,,950644.0,0.0,0.0,2026-02-01,0
LOAN0008439,CUST001667,Personal Loan,0,,,96406.74,0.0,0.0,2025-01-06,0
LOAN0008440,CUST000540,Personal Loan,0,,,549649.44,0.0,0.0,2025-05-02,0
LOAN0008441,CUST001923,Personal Loan,0,,,565767.8,0.0,0.0,2026-01-13,0
LOAN0008442,CUST002679,SME Loan,0,,,479847.78,0.0,0.0,2025-03-17,0
LOAN0008443,CUST002827,Personal Loan,0,,,562599.71,0.0,0.0,2026-03-14,0
LOAN0008444,CUST006712,Personal Loan,0,,,464029.2,0.0,0.0,2024-07-21,0
LOAN0008445,CUST002184,Personal Loan,0,,,348706.96,0.0,0.0,2023-09-13,0
LOAN0008446,CUST006780,Personal Loan,1,90.0,3.0,16792.7,82707.3,29593.38,2024-02-23,1
LOAN0008447,CUST000920,Personal Loan,0,,,478130.06,0.0,0.0,2024-12-21,0
LOAN0008448,CUST001486,BNPL,0,,,55673.6,0.0,0.0,2024-10-10,0
LOAN0008449,CUST005095,Personal Loan,0,,,84660.7,0.0,0.0,2025-11-23,0
LOAN0008450,CUST009223,Personal Loan,1,180.0,6.0,64541.75,178424.25,30353.26,2023-08-15,1
LOAN0008451,CUST008606,Personal Loan,0,,,222724.08,0.0,0.0,2024-11-11,0
LOAN0008452,CUST009689,Personal Loan,0,,,188307.78,0.0,0.0,2024-03-12,0
LOAN0008453,CUST006513,Education Loan,0,,,108714.84,0.0,0.0,2024-10-08,0
LOAN0008454,CUST006772,Education Loan,0,,,851760.7,0.0,0.0,2026-04-25,0
LOAN0008455,CUST006264,SME Loan,1,180.0,6.0,58235.65,143998.35,35301.11,2024-03-11,1
LOAN0008456,CUST006243,Personal Loan,1,180.0,6.0,23491.25,97673.75,11078.34,2024-06-02,1
LOAN0008457,CUST001485,Personal Loan,1,240.0,8.0,295799.7,0.0,0.0,2024-07-03,1
LOAN0008458,CUST005443,Personal Loan,0,,,605439.04,0.0,0.0,2026-03-19,0
LOAN0008459,CUST003865,SME Loan,0,,,641120.94,0.0,0.0,2025-06-14,0
LOAN0008460,CUST004426,Personal Loan,1,180.0,6.0,103716.3,236855.7,65846.47,2024-04-12,1
LOAN0008461,CUST005240,Personal Loan,0,,,275930.28,0.0,0.0,2026-11-24,0
LOAN0008462,CUST001296,Personal Loan,0,,,497076.48,0.0,0.0,2026-01-23,0
LOAN0008463,CUST003595,BNPL,0,,,8373.42,0.0,0.0,2024-09-27,0
LOAN0008464,CUST000642,SME Loan,0,,,338166.0,0.0,0.0,2026-01-16,0
LOAN0008465,CUST009797,SME Loan,1,60.0,2.0,17702.53,195806.47,65205.74,2023-08-04,1
LOAN0008466,CUST001200,Personal Loan,0,,,401979.6,0.0,0.0,2026-05-04,0
LOAN0008467,CUST002588,Personal Loan,0,,,119601.43,0.0,0.0,2024-02-29,0
LOAN0008468,CUST008923,Personal Loan,0,,,461750.8,0.0,0.0,2024-08-29,0
LOAN0008469,CUST004833,Personal Loan,0,,,168472.15,0.0,0.0,2026-11-15,0
LOAN0008470,CUST001369,Personal Loan,0,,,119312.38,0.0,0.0,2025-10-22,0
LOAN0008471,CUST003848,Personal Loan,0,,,488497.69,0.0,0.0,2026-02-02,0
LOAN0008472,CUST001173,Personal Loan,0,,,546499.78,0.0,0.0,2026-05-20,0
LOAN0008473,CUST002007,Personal Loan,1,150.0,5.0,28125.52,41000.48,5719.34,2024-04-08,1
LOAN0008474,CUST000527,Personal Loan,0,,,503669.67,0.0,0.0,2024-09-30,0
LOAN0008475,CUST004381,Personal Loan,0,,,422388.46,0.0,0.0,2023-12-10,0
LOAN0008476,CUST008080,BNPL,1,240.0,8.0,39372.6,0.0,0.0,2024-08-03,1
LOAN0008477,CUST005873,Personal Loan,0,,,60967.39,0.0,0.0,2025-11-05,0
LOAN0008478,CUST006076,BNPL,0,,,35918.8,0.0,0.0,2024-07-22,0
LOAN0008479,CUST002010,Personal Loan,0,,,518871.78,0.0,0.0,2025-05-13,0
LOAN0008480,CUST003436,Personal Loan,0,,,690294.54,0.0,0.0,2026-05-30,0
LOAN0008481,CUST008463,Personal Loan,0,,,347502.0,0.0,0.0,2024-08-18,0
LOAN0008482,CUST000886,Personal Loan,0,,,211119.48,0.0,0.0,2024-08-11,0
LOAN0008483,CUST008591,Education Loan,0,,,599642.66,0.0,0.0,2027-02-19,0
LOAN0008484,CUST004843,BNPL,1,180.0,6.0,8757.75,1345.25,418.58,2023-10-10,1
LOAN0008485,CUST008382,Personal Loan,1,210.0,7.0,8494.2,24494.8,6350.68,2023-09-17,1
LOAN0008486,CUST003182,Personal Loan,0,,,504381.16,0.0,0.0,2024-11-15,0
LOAN0008487,CUST003384,Personal Loan,1,240.0,8.0,36174.25,85841.75,14807.37,2024-08-26,1
LOAN0008488,CUST007529,SME Loan,0,,,733258.86,0.0,0.0,2024-08-30,0
LOAN0008489,CUST007861,BNPL,0,,,4153.23,0.0,0.0,2024-09-04,0
LOAN0008490,CUST002303,SME Loan,0,,,735426.24,0.0,0.0,2026-07-23,0
LOAN0008491,CUST009730,Personal Loan,0,,,506493.61,0.0,0.0,2023-05-03,0
LOAN0008492,CUST000852,BNPL,0,,,40789.95,0.0,0.0,2023-06-06,0
LOAN0008493,CUST000693,Personal Loan,1,60.0,2.0,1774.89,26665.11,7196.22,2024-01-05,1
LOAN0008494,CUST005965,Personal Loan,0,,,216701.17,0.0,0.0,2025-05-04,0
LOAN0008495,CUST007242,SME Loan,1,60.0,2.0,21093.88,278275.12,36407.33,2024-01-10,1
LOAN0008496,CUST009610,Personal Loan,1,180.0,6.0,112637.2,320093.8,123363.29,2024-05-04,1
LOAN0008497,CUST004056,Personal Loan,0,,,87020.7,0.0,0.0,2025-04-02,0
LOAN0008498,CUST000263,BNPL,0,,,51069.6,0.0,0.0,2024-04-05,0
LOAN0008499,CUST006042,Personal Loan,0,,,128457.99,0.0,0.0,2025-09-11,0
LOAN0008500,CUST002900,Personal Loan,0,,,60922.68,0.0,0.0,2026-01-22,0
LOAN0008501,CUST004333,BNPL,1,120.0,4.0,8831.28,5422.72,1917.54,2024-04-22,1
LOAN0008502,CUST004893,BNPL,0,,,22325.58,0.0,0.0,2024-09-11,0
LOAN0008503,CUST000652,Personal Loan,0,,,755889.84,0.0,0.0,2025-12-09,0
LOAN0008504,CUST004867,Personal Loan,1,210.0,7.0,154249.86,62110.14,9574.06,2024-06-21,1
LOAN0008505,CUST004266,BNPL,0,,,10880.25,0.0,0.0,2023-10-31,0
LOAN0008506,CUST007143,Personal Loan,1,210.0,7.0,237760.98,172272.02,66295.18,2024-06-27,1
LOAN0008507,CUST006465,Personal Loan,0,,,445903.56,0.0,0.0,2025-06-18,0
LOAN0008508,CUST001862,SME Loan,0,,,175985.41,0.0,0.0,2024-08-12,0
LOAN0008509,CUST002066,Personal Loan,0,,,282601.23,0.0,0.0,2025-08-07,0
LOAN0008510,CUST002513,Personal Loan,1,120.0,4.0,50838.81,147723.19,40147.83,2024-03-24,1
LOAN0008511,CUST001798,Personal Loan,0,,,197442.42,0.0,0.0,2024-12-04,0
LOAN0008512,CUST006581,Education Loan,0,,,247887.04,0.0,0.0,2025-05-01,0
LOAN0008513,CUST009945,Personal Loan,0,,,467919.36,0.0,0.0,2025-11-09,0
LOAN0008514,CUST006531,Personal Loan,0,,,446141.6,0.0,0.0,2024-12-08,0
LOAN0008515,CUST006079,Personal Loan,0,,,619058.16,0.0,0.0,2026-12-10,0
LOAN0008516,CUST004108,SME Loan,0,,,175406.58,0.0,0.0,2024-07-18,0
LOAN0008517,CUST003128,BNPL,0,,,49011.78,0.0,0.0,2024-02-09,0
LOAN0008518,CUST009118,SME Loan,1,60.0,2.0,8434.25,82977.75,8760.78,2023-09-21,1
LOAN0008519,CUST009691,SME Loan,0,,,711724.09,0.0,0.0,2026-04-09,0
LOAN0008520,CUST004975,Personal Loan,0,,,520515.2,0.0,0.0,2025-08-18,0
LOAN0008521,CUST002905,BNPL,1,180.0,6.0,18993.6,18311.4,2838.78,2023-09-22,1
LOAN0008522,CUST007708,BNPL,0,,,46699.04,0.0,0.0,2024-05-12,0
LOAN0008523,CUST001338,Personal Loan,0,,,200553.78,0.0,0.0,2025-08-15,0
LOAN0008524,CUST007665,Personal Loan,0,,,24941.04,0.0,0.0,2025-11-26,0
LOAN0008525,CUST008205,Personal Loan,0,,,180237.44,0.0,0.0,2026-08-13,0
LOAN0008526,CUST001262,SME Loan,0,,,467967.33,0.0,0.0,2024-05-24,0
LOAN0008527,CUST009771,Personal Loan,0,,,428556.1,0.0,0.0,2026-10-29,0
LOAN0008528,CUST009851,Personal Loan,0,,,499522.54,0.0,0.0,2024-11-25,0
LOAN0008529,CUST009369,Personal Loan,0,,,272554.72,0.0,0.0,2023-12-05,0
LOAN0008530,CUST004968,Personal Loan,0,,,579438.96,0.0,0.0,2025-12-28,0
LOAN0008531,CUST002464,Personal Loan,0,,,570014.76,0.0,0.0,2025-09-30,0
LOAN0008532,CUST005834,BNPL,0,,,41327.37,0.0,0.0,2023-02-24,0
LOAN0008533,CUST004206,Personal Loan,0,,,477498.0,0.0,0.0,2024-08-20,0
LOAN0008534,CUST002064,BNPL,1,210.0,7.0,37881.9,12510.1,4676.94,2024-06-13,1
LOAN0008535,CUST004241,Personal Loan,1,210.0,7.0,57178.92,123280.08,15258.81,2024-06-17,1
LOAN0008536,CUST006644,Education Loan,0,,,1038327.41,0.0,0.0,2025-05-26,0
LOAN0008537,CUST000719,Personal Loan,1,150.0,5.0,33869.76,143466.24,45887.23,2023-11-28,1
LOAN0008538,CUST003331,Personal Loan,1,180.0,6.0,30548.8,108305.2,27175.52,2024-06-20,1
LOAN0008539,CUST000186,Personal Loan,0,,,281281.8,0.0,0.0,2024-07-04,0
LOAN0008540,CUST007509,Personal Loan,0,,,121789.08,0.0,0.0,2026-04-30,0
LOAN0008541,CUST006416,BNPL,0,,,26672.8,0.0,0.0,2023-05-07,0
LOAN0008542,CUST000634,BNPL,1,90.0,3.0,5125.68,16830.32,4569.75,2024-01-27,1
LOAN0008543,CUST009648,Personal Loan,1,240.0,8.0,138497.03,285825.97,86423.95,2024-04-28,1
LOAN0008544,CUST000234,Personal Loan,1,60.0,2.0,25830.13,451028.87,135244.13,2023-09-16,1
LOAN0008545,CUST005910,BNPL,1,210.0,7.0,36095.76,22633.24,3480.44,2024-04-10,1
LOAN0008546,CUST007771,Personal Loan,0,,,401017.2,0.0,0.0,2023-11-15,0
LOAN0008547,CUST007892,Personal Loan,1,150.0,5.0,39434.44,204209.56,21277.18,2023-12-13,1
LOAN0008548,CUST000348,Personal Loan,0,,,563948.16,0.0,0.0,2025-02-28,0
LOAN0008549,CUST009074,BNPL,1,240.0,8.0,4983.4,0.0,0.0,2023-07-28,1
LOAN0008550,CUST009187,SME Loan,0,,,322054.2,0.0,0.0,2024-01-31,0
LOAN0008551,CUST005621,Personal Loan,0,,,30606.56,0.0,0.0,2025-05-12,0
LOAN0008552,CUST004827,Personal Loan,1,180.0,6.0,31779.8,75650.2,27818.6,2023-05-07,1
LOAN0008553,CUST000454,SME Loan,0,,,583425.99,0.0,0.0,2026-02-20,0
LOAN0008554,CUST005627,SME Loan,1,240.0,8.0,91181.72,135517.28,43872.11,2023-07-29,1
LOAN0008555,CUST004102,Personal Loan,0,,,338746.32,0.0,0.0,2025-08-14,0
LOAN0008556,CUST007737,SME Loan,1,90.0,3.0,46936.7,216834.3,54320.99,2024-02-25,1
LOAN0008557,CUST004045,Personal Loan,1,150.0,5.0,77885.24,214664.76,46662.86,2023-11-03,1
LOAN0008558,CUST006853,SME Loan,0,,,613583.04,0.0,0.0,2024-06-11,0
LOAN0008559,CUST001024,SME Loan,0,,,620348.94,0.0,0.0,2025-05-01,0
LOAN0008560,CUST001344,Personal Loan,0,,,116034.71,0.0,0.0,2024-03-04,0
LOAN0008561,CUST001410,Education Loan,0,,,609672.48,0.0,0.0,2026-08-15,0
LOAN0008562,CUST000461,Personal Loan,0,,,266638.54,0.0,0.0,2024-07-01,0
LOAN0008563,CUST005419,Personal Loan,1,120.0,4.0,9564.36,47055.64,18573.39,2023-11-04,1
LOAN0008564,CUST007953,Personal Loan,0,,,215830.2,0.0,0.0,2025-11-14,0
LOAN0008565,CUST006117,BNPL,1,180.0,6.0,13352.12,0.0,0.0,2024-06-10,1
LOAN0008566,CUST005760,Personal Loan,0,,,14280.0,0.0,0.0,2025-08-19,0
LOAN0008567,CUST006820,Personal Loan,0,,,120043.35,0.0,0.0,2023-05-02,0
LOAN0008568,CUST003394,Personal Loan,0,,,344663.28,0.0,0.0,2025-10-07,0
LOAN0008569,CUST003620,Personal Loan,0,,,423914.92,0.0,0.0,2025-02-05,0
LOAN0008570,CUST003145,Personal Loan,0,,,35049.56,0.0,0.0,2024-10-12,0
LOAN0008571,CUST007139,Personal Loan,0,,,162214.68,0.0,0.0,2026-03-16,0
LOAN0008572,CUST001626,Personal Loan,0,,,63015.36,0.0,0.0,2024-02-20,0
LOAN0008573,CUST000137,Personal Loan,0,,,211883.87,0.0,0.0,2023-05-20,0
LOAN0008574,CUST005974,Education Loan,0,,,693859.76,0.0,0.0,2025-03-30,0
LOAN0008575,CUST009424,Personal Loan,1,210.0,7.0,180680.28,132259.72,21981.97,2023-11-28,1
LOAN0008576,CUST006106,Personal Loan,0,,,657616.0,0.0,0.0,2025-10-03,0
LOAN0008577,CUST007841,Personal Loan,0,,,597317.82,0.0,0.0,2026-07-23,0
LOAN0008578,CUST006737,SME Loan,0,,,146334.08,0.0,0.0,2023-06-01,0
LOAN0008579,CUST004983,SME Loan,0,,,385731.99,0.0,0.0,2025-12-17,0
LOAN0008580,CUST007198,BNPL,0,,,42834.9,0.0,0.0,2023-11-04,0
LOAN0008581,CUST008255,BNPL,0,,,48514.5,0.0,0.0,2023-05-13,0
LOAN0008582,CUST002256,BNPL,1,150.0,5.0,16227.44,7924.56,2489.98,2024-04-24,1
LOAN0008583,CUST003358,Personal Loan,0,,,608564.6,0.0,0.0,2025-08-21,0
LOAN0008584,CUST002246,Personal Loan,0,,,265934.06,0.0,0.0,2026-05-23,0
LOAN0008585,CUST004517,BNPL,1,60.0,2.0,5723.17,37954.83,4012.85,2023-01-14,1
LOAN0008586,CUST008863,Education Loan,1,120.0,4.0,66333.0,877001.0,244390.36,2024-01-28,1
LOAN0008587,CUST003450,Personal Loan,0,,,172661.52,0.0,0.0,2024-11-19,0
LOAN0008588,CUST003748,SME Loan,0,,,113926.02,0.0,0.0,2025-12-07,0
LOAN0008589,CUST008613,Personal Loan,0,,,286642.67,0.0,0.0,2026-03-06,0
LOAN0008590,CUST005159,BNPL,0,,,48755.61,0.0,0.0,2023-10-28,0
LOAN0008591,CUST005363,BNPL,0,,,16531.82,0.0,0.0,2023-03-11,0
LOAN0008592,CUST008619,SME Loan,0,,,399768.6,0.0,0.0,2024-10-23,0
LOAN0008593,CUST004917,BNPL,1,180.0,6.0,19325.2,10530.8,1182.03,2024-05-22,1
LOAN0008594,CUST006830,Personal Loan,1,90.0,3.0,20720.14,93416.86,33192.36,2023-10-17,1
LOAN0008595,CUST000864,SME Loan,0,,,720804.26,0.0,0.0,2025-01-12,0
LOAN0008596,CUST001795,SME Loan,0,,,71803.95,0.0,0.0,2024-10-21,0
LOAN0008597,CUST004050,Personal Loan,0,,,503850.93,0.0,0.0,2024-11-20,0
LOAN0008598,CUST004957,Personal Loan,1,240.0,8.0,176104.67,282281.33,37805.64,2024-06-02,1
LOAN0008599,CUST009659,SME Loan,0,,,193721.64,0.0,0.0,2024-06-26,0
LOAN0008600,CUST009707,Personal Loan,0,,,191522.4,0.0,0.0,2025-04-14,0
LOAN0008601,CUST008527,BNPL,1,180.0,6.0,12020.95,8954.05,1892.49,2024-06-14,1
LOAN0008602,CUST003156,BNPL,0,,,4971.16,0.0,0.0,2024-01-28,0
LOAN0008603,CUST009642,Personal Loan,0,,,25645.92,0.0,0.0,2024-08-22,0
LOAN0008604,CUST006915,BNPL,0,,,29277.48,0.0,0.0,2024-04-20,0
LOAN0008605,CUST003933,Personal Loan,0,,,178124.56,0.0,0.0,2024-07-18,0
LOAN0008606,CUST007037,BNPL,0,,,30260.93,0.0,0.0,2024-01-10,0
LOAN0008607,CUST000173,Personal Loan,0,,,650848.5,0.0,0.0,2026-02-27,0
LOAN0008608,CUST001476,Personal Loan,0,,,434936.25,0.0,0.0,2024-12-19,0
LOAN0008609,CUST008310,SME Loan,1,90.0,3.0,12148.12,123689.88,26693.57,2023-03-16,1
LOAN0008610,CUST006464,Personal Loan,0,,,366048.48,0.0,0.0,2024-11-12,0
LOAN0008611,CUST003644,BNPL,0,,,47148.44,0.0,0.0,2024-04-07,0
LOAN0008612,CUST005014,Personal Loan,0,,,371223.82,0.0,0.0,2025-09-22,0
LOAN0008613,CUST009062,Education Loan,0,,,698850.45,0.0,0.0,2026-01-21,0
LOAN0008614,CUST006325,BNPL,0,,,59303.7,0.0,0.0,2024-02-27,0
LOAN0008615,CUST003988,BNPL,1,60.0,2.0,17603.28,17342.72,4389.44,2024-02-17,1
LOAN0008616,CUST001217,Personal Loan,0,,,395866.0,0.0,0.0,2024-01-18,0
LOAN0008617,CUST002941,Personal Loan,0,,,418336.38,0.0,0.0,2025-06-13,0
LOAN0008618,CUST009784,SME Loan,0,,,630874.08,0.0,0.0,2025-01-14,0
LOAN0008619,CUST004374,BNPL,0,,,55170.84,0.0,0.0,2023-11-05,0
LOAN0008620,CUST004715,BNPL,1,150.0,5.0,16702.74,0.0,0.0,2024-04-23,1
LOAN0008621,CUST004993,BNPL,0,,,44725.59,0.0,0.0,2024-07-03,0
LOAN0008622,CUST008854,Personal Loan,0,,,172322.36,0.0,0.0,2024-06-15,0
LOAN0008623,CUST006052,SME Loan,0,,,442189.66,0.0,0.0,2025-09-25,0
LOAN0008624,CUST006957,SME Loan,1,210.0,7.0,146896.98,228126.02,66046.38,2024-07-06,1
LOAN0008625,CUST003897,Personal Loan,0,,,446943.36,0.0,0.0,2024-01-26,0
LOAN0008626,CUST000299,Personal Loan,0,,,707720.88,0.0,0.0,2026-09-25,0
LOAN0008627,CUST009313,SME Loan,0,,,373972.8,0.0,0.0,2024-10-14,0
LOAN0008628,CUST009496,Personal Loan,0,,,93917.67,0.0,0.0,2025-08-28,0
LOAN0008629,CUST009497,Personal Loan,0,,,30024.96,0.0,0.0,2026-04-12,0
LOAN0008630,CUST009439,Personal Loan,0,,,117522.44,0.0,0.0,2023-07-20,0
LOAN0008631,CUST008165,BNPL,1,120.0,4.0,5702.97,0.0,0.0,2023-05-18,1
LOAN0008632,CUST006865,BNPL,0,,,25934.1,0.0,0.0,2023-09-29,0
LOAN0008633,CUST008455,SME Loan,1,150.0,5.0,26002.08,61870.92,10039.65,2024-01-31,1
LOAN0008634,CUST006018,BNPL,1,180.0,6.0,10410.6,0.0,0.0,2023-02-27,1
LOAN0008635,CUST001356,Education Loan,0,,,785239.92,0.0,0.0,2026-01-01,0
LOAN0008636,CUST003916,Personal Loan,1,60.0,2.0,20620.32,371614.68,144556.54,2023-08-22,1
LOAN0008637,CUST009714,SME Loan,0,,,328339.28,0.0,0.0,2023-07-14,0
LOAN0008638,CUST003508,Personal Loan,1,210.0,7.0,182666.16,72654.84,15232.64,2023-09-29,1
LOAN0008639,CUST008691,Personal Loan,0,,,281390.76,0.0,0.0,2025-08-28,0
LOAN0008640,CUST000942,BNPL,0,,,4952.32,0.0,0.0,2024-02-03,0
LOAN0008641,CUST003339,Personal Loan,1,120.0,4.0,25198.02,67614.98,13195.02,2024-04-24,1
LOAN0008642,CUST003506,BNPL,0,,,17104.26,0.0,0.0,2024-03-01,0
LOAN0008643,CUST000523,SME Loan,0,,,637589.7,0.0,0.0,2023-10-26,0
LOAN0008644,CUST001206,Personal Loan,0,,,126807.48,0.0,0.0,2026-04-14,0
LOAN0008645,CUST001936,Education Loan,0,,,916753.68,0.0,0.0,2025-06-21,0
LOAN0008646,CUST008389,BNPL,0,,,47850.48,0.0,0.0,2024-06-20,0
LOAN0008647,CUST000641,SME Loan,0,,,613515.0,0.0,0.0,2025-03-19,0
LOAN0008648,CUST002989,Personal Loan,0,,,180184.98,0.0,0.0,2024-12-17,0
LOAN0008649,CUST000105,SME Loan,0,,,567585.51,0.0,0.0,2026-03-02,0
LOAN0008650,CUST006975,Personal Loan,1,90.0,3.0,17814.64,215627.36,76889.88,2023-06-29,1
LOAN0008651,CUST006219,BNPL,0,,,5012.46,0.0,0.0,2024-06-04,0
LOAN0008652,CUST006457,SME Loan,1,210.0,7.0,21224.94,39459.06,10415.46,2024-01-12,1
LOAN0008653,CUST003747,BNPL,0,,,52176.64,0.0,0.0,2023-11-02,0
LOAN0008654,CUST002088,Personal Loan,0,,,256442.79,0.0,0.0,2025-01-15,0
LOAN0008655,CUST007216,BNPL,0,,,55827.75,0.0,0.0,2024-03-17,0
LOAN0008656,CUST008124,Personal Loan,0,,,169864.68,0.0,0.0,2025-02-28,0
LOAN0008657,CUST001399,Personal Loan,1,60.0,2.0,11658.4,221067.6,58678.57,2023-09-23,1
LOAN0008658,CUST004876,Personal Loan,0,,,353828.48,0.0,0.0,2026-03-13,0
LOAN0008659,CUST002490,Personal Loan,1,120.0,4.0,140035.98,321382.02,88961.29,2024-04-27,1
LOAN0008660,CUST001692,Personal Loan,1,240.0,8.0,211680.21,227873.79,72103.51,2024-06-17,1
LOAN0008661,CUST007362,BNPL,0,,,45027.65,0.0,0.0,2024-04-01,0
LOAN0008662,CUST005386,Personal Loan,0,,,152103.36,0.0,0.0,2024-08-11,0
LOAN0008663,CUST002166,SME Loan,0,,,480895.36,0.0,0.0,2026-08-16,0
LOAN0008664,CUST003103,Personal Loan,0,,,371673.4,0.0,0.0,2025-01-22,0
LOAN0008665,CUST009669,Personal Loan,0,,,241470.12,0.0,0.0,2024-11-18,0
LOAN0008666,CUST008501,Personal Loan,0,,,497000.84,0.0,0.0,2024-12-14,0
LOAN0008667,CUST008811,BNPL,0,,,14687.4,0.0,0.0,2024-05-22,0
LOAN0008668,CUST004596,Personal Loan,0,,,58403.8,0.0,0.0,2025-02-16,0
LOAN0008669,CUST006251,Personal Loan,0,,,44597.68,0.0,0.0,2023-06-07,0
LOAN0008670,CUST003772,SME Loan,0,,,349352.04,0.0,0.0,2025-01-12,0
LOAN0008671,CUST000786,SME Loan,0,,,371472.39,0.0,0.0,2024-09-08,0
LOAN0008672,CUST004017,Education Loan,0,,,429935.44,0.0,0.0,2027-05-16,0
LOAN0008673,CUST005952,SME Loan,0,,,296074.44,0.0,0.0,2026-03-30,0
LOAN0008674,CUST002874,BNPL,0,,,56699.0,0.0,0.0,2023-07-09,0
LOAN0008675,CUST008493,Personal Loan,1,60.0,2.0,10980.28,269231.72,74262.58,2024-02-06,1
LOAN0008676,CUST001522,SME Loan,0,,,109802.52,0.0,0.0,2023-10-26,0
LOAN0008677,CUST003673,Personal Loan,0,,,76478.04,0.0,0.0,2025-01-21,0
LOAN0008678,CUST001262,SME Loan,1,210.0,7.0,116656.08,176933.92,56091.03,2024-03-24,1
LOAN0008679,CUST004055,Personal Loan,0,,,280928.13,0.0,0.0,2025-09-28,0
LOAN0008680,CUST000402,SME Loan,0,,,345109.86,0.0,0.0,2025-09-14,0
LOAN0008681,CUST002727,Personal Loan,0,,,216771.1,0.0,0.0,2024-08-21,0
LOAN0008682,CUST004014,Personal Loan,0,,,208528.25,0.0,0.0,2023-07-30,0
LOAN0008683,CUST004783,Personal Loan,0,,,572165.07,0.0,0.0,2026-01-16,0
LOAN0008684,CUST005442,Personal Loan,1,120.0,4.0,81067.98,413618.02,64210.33,2024-03-25,1
LOAN0008685,CUST002751,Personal Loan,0,,,577819.41,0.0,0.0,2025-09-16,0
LOAN0008686,CUST005235,Personal Loan,1,240.0,8.0,69635.58,164549.42,39134.5,2023-12-25,1
LOAN0008687,CUST005097,Education Loan,0,,,798283.75,0.0,0.0,2026-01-13,0
LOAN0008688,CUST003163,BNPL,0,,,18470.4,0.0,0.0,2024-01-31,0
LOAN0008689,CUST008315,Personal Loan,0,,,368009.6,0.0,0.0,2026-08-29,0
LOAN0008690,CUST005464,BNPL,0,,,33661.44,0.0,0.0,2023-06-05,0
LOAN0008691,CUST003321,Personal Loan,0,,,79982.87,0.0,0.0,2026-01-27,0
LOAN0008692,CUST009477,SME Loan,0,,,490078.82,0.0,0.0,2024-11-28,0
LOAN0008693,CUST008461,SME Loan,1,240.0,8.0,24323.39,43578.61,17201.57,2023-02-16,1
LOAN0008694,CUST009823,Personal Loan,0,,,214348.5,0.0,0.0,2025-05-15,0
LOAN0008695,CUST006943,Personal Loan,0,,,440707.2,0.0,0.0,2024-10-26,0
LOAN0008696,CUST003787,BNPL,1,60.0,2.0,821.73,3961.27,1533.49,2024-02-29,1
LOAN0008697,CUST002812,BNPL,0,,,46848.69,0.0,0.0,2024-03-05,0
LOAN0008698,CUST006640,Personal Loan,0,,,218870.54,0.0,0.0,2026-05-27,0
LOAN0008699,CUST009807,SME Loan,0,,,356591.2,0.0,0.0,2024-12-29,0
LOAN0008700,CUST006282,Personal Loan,0,,,483620.16,0.0,0.0,2025-04-27,0
LOAN0008701,CUST008829,BNPL,1,90.0,3.0,15215.22,38000.78,14982.54,2023-03-19,1
LOAN0008702,CUST003292,Education Loan,0,,,184314.24,0.0,0.0,2027-05-26,0
LOAN0008703,CUST004077,Personal Loan,0,,,222371.28,0.0,0.0,2025-04-23,0
LOAN0008704,CUST009073,Personal Loan,0,,,622347.99,0.0,0.0,2026-05-27,0
LOAN0008705,CUST007580,SME Loan,0,,,674213.7,0.0,0.0,2025-02-08,0
LOAN0008706,CUST009813,Personal Loan,0,,,405806.57,0.0,0.0,2025-03-23,0
LOAN0008707,CUST007756,Personal Loan,1,120.0,4.0,65127.69,366424.31,72103.91,2024-04-20,1
LOAN0008708,CUST004484,Personal Loan,0,,,154766.64,0.0,0.0,2024-07-28,0
LOAN0008709,CUST005315,Personal Loan,0,,,323155.14,0.0,0.0,2024-02-16,0
LOAN0008710,CUST009013,BNPL,0,,,48900.08,0.0,0.0,2024-06-03,0
LOAN0008711,CUST005523,Personal Loan,1,150.0,5.0,64221.44,249199.56,77682.76,2024-05-26,1
LOAN0008712,CUST002558,Personal Loan,0,,,203117.04,0.0,0.0,2025-12-04,0
LOAN0008713,CUST004357,BNPL,0,,,9491.02,0.0,0.0,2022-10-22,0
LOAN0008714,CUST005170,SME Loan,0,,,225091.98,0.0,0.0,2025-12-01,0
LOAN0008715,CUST000977,SME Loan,1,180.0,6.0,58246.2,176314.8,25204.62,2024-04-29,1
LOAN0008716,CUST007454,Personal Loan,0,,,281109.01,0.0,0.0,2024-12-14,0
LOAN0008717,CUST001107,BNPL,0,,,32695.44,0.0,0.0,2023-11-10,0
LOAN0008718,CUST004055,SME Loan,0,,,442906.4,0.0,0.0,2025-08-30,0
LOAN0008719,CUST008061,Personal Loan,0,,,496910.4,0.0,0.0,2024-04-19,0
LOAN0008720,CUST004674,SME Loan,0,,,676729.2,0.0,0.0,2026-03-04,0
LOAN0008721,CUST008430,BNPL,0,,,4646.52,0.0,0.0,2023-07-24,0
LOAN0008722,CUST003419,Personal Loan,0,,,275180.05,0.0,0.0,2025-10-02,0
LOAN0008723,CUST009578,SME Loan,0,,,131687.14,0.0,0.0,2025-07-05,0
LOAN0008724,CUST002099,Personal Loan,0,,,397199.28,0.0,0.0,2024-08-10,0
LOAN0008725,CUST000389,SME Loan,0,,,557404.5,0.0,0.0,2024-09-15,0
LOAN0008726,CUST008735,Personal Loan,1,120.0,4.0,36410.46,51805.54,10227.59,2024-04-03,1
LOAN0008727,CUST007536,Personal Loan,0,,,611184.86,0.0,0.0,2026-01-09,0
LOAN0008728,CUST002327,Education Loan,1,210.0,7.0,289046.94,267237.06,31833.29,2023-07-28,1
LOAN0008729,CUST009844,SME Loan,0,,,341216.08,0.0,0.0,2024-04-27,0
LOAN0008730,CUST005031,BNPL,0,,,49296.72,0.0,0.0,2024-06-05,0
LOAN0008731,CUST009514,BNPL,0,,,17504.64,0.0,0.0,2024-01-08,0
LOAN0008732,CUST005056,SME Loan,0,,,257406.16,0.0,0.0,2025-07-29,0
LOAN0008733,CUST004715,Personal Loan,0,,,43731.8,0.0,0.0,2025-01-31,0
LOAN0008734,CUST004490,SME Loan,1,240.0,8.0,155606.92,190327.08,66250.55,2024-02-26,1
LOAN0008735,CUST003345,BNPL,1,240.0,8.0,21565.86,0.0,0.0,2024-07-12,1
LOAN0008736,CUST005346,Personal Loan,0,,,605031.6,0.0,0.0,2025-06-29,0
LOAN0008737,CUST004522,Personal Loan,0,,,17058.96,0.0,0.0,2024-06-30,0
LOAN0008738,CUST000371,BNPL,1,60.0,2.0,1012.33,7693.67,2191.39,2024-01-22,1
LOAN0008739,CUST002608,SME Loan,0,,,155310.47,0.0,0.0,2025-04-05,0
LOAN0008740,CUST002136,Education Loan,0,,,885526.92,0.0,0.0,2024-12-13,0
LOAN0008741,CUST008686,BNPL,0,,,36533.36,0.0,0.0,2024-06-21,0
LOAN0008742,CUST006001,Personal Loan,0,,,481596.15,0.0,0.0,2023-09-28,0
LOAN0008743,CUST007648,Personal Loan,0,,,21905.64,0.0,0.0,2026-07-05,0
LOAN0008744,CUST009570,Education Loan,0,,,1044767.23,0.0,0.0,2027-11-30,0
LOAN0008745,CUST006447,SME Loan,0,,,312919.88,0.0,0.0,2025-02-11,0
LOAN0008746,CUST009823,SME Loan,0,,,160957.71,0.0,0.0,2024-09-17,0
LOAN0008747,CUST003121,Personal Loan,0,,,185934.4,0.0,0.0,2023-08-17,0
LOAN0008748,CUST001873,SME Loan,0,,,377515.6,0.0,0.0,2026-04-05,0
LOAN0008749,CUST004040,Personal Loan,0,,,470597.58,0.0,0.0,2024-04-19,0
LOAN0008750,CUST004705,Personal Loan,0,,,45596.6,0.0,0.0,2025-12-23,0
LOAN0008751,CUST008965,BNPL,0,,,42718.24,0.0,0.0,2024-02-22,0
LOAN0008752,CUST005606,Personal Loan,0,,,551681.76,0.0,0.0,2025-02-20,0
LOAN0008753,CUST002927,Education Loan,0,,,1026004.32,0.0,0.0,2026-10-18,0
LOAN0008754,CUST007443,Personal Loan,0,,,496837.8,0.0,0.0,2024-08-07,0
LOAN0008755,CUST005064,Personal Loan,0,,,403416.06,0.0,0.0,2024-05-25,0
LOAN0008756,CUST001631,Personal Loan,0,,,246314.7,0.0,0.0,2026-08-24,0
LOAN0008757,CUST005779,Education Loan,0,,,175443.66,0.0,0.0,2024-12-03,0
LOAN0008758,CUST009122,Personal Loan,0,,,519571.15,0.0,0.0,2025-10-13,0
LOAN0008759,CUST008437,Personal Loan,1,150.0,5.0,137777.96,288222.04,70935.46,2023-10-01,1
LOAN0008760,CUST005881,SME Loan,0,,,389630.22,0.0,0.0,2025-09-25,0
LOAN0008761,CUST003775,SME Loan,1,180.0,6.0,96814.1,239612.9,39866.56,2024-02-16,1
LOAN0008762,CUST000877,BNPL,0,,,17922.06,0.0,0.0,2024-05-19,0
LOAN0008763,CUST004695,Personal Loan,0,,,490663.41,0.0,0.0,2025-01-13,0
LOAN0008764,CUST007534,Personal Loan,1,90.0,3.0,6527.56,57393.44,9662.69,2024-01-04,1
LOAN0008765,CUST003602,BNPL,1,210.0,7.0,28972.0,0.0,0.0,2024-03-10,1
LOAN0008766,CUST002360,Personal Loan,0,,,446950.0,0.0,0.0,2025-05-13,0
LOAN0008767,CUST009316,Personal Loan,1,150.0,5.0,75126.2,336091.8,130365.84,2024-04-19,1
LOAN0008768,CUST008231,Personal Loan,0,,,221181.8,0.0,0.0,2025-06-26,0
LOAN0008769,CUST006390,SME Loan,0,,,61475.31,0.0,0.0,2024-11-27,0
LOAN0008770,CUST001380,Personal Loan,0,,,459209.7,0.0,0.0,2024-05-18,0
LOAN0008771,CUST001464,Personal Loan,1,90.0,3.0,84866.4,259453.6,81429.24,2024-02-05,1
LOAN0008772,CUST001044,SME Loan,0,,,529001.99,0.0,0.0,2025-07-04,0
LOAN0008773,CUST006177,Personal Loan,0,,,430273.2,0.0,0.0,2024-08-24,0
LOAN0008774,CUST001170,Personal Loan,0,,,84352.88,0.0,0.0,2025-06-11,0
LOAN0008775,CUST008437,BNPL,1,120.0,4.0,46678.88,0.0,0.0,2023-05-29,1
LOAN0008776,CUST009928,SME Loan,0,,,279680.58,0.0,0.0,2026-01-05,0
LOAN0008777,CUST003664,BNPL,0,,,14993.84,0.0,0.0,2024-08-15,0
LOAN0008778,CUST004533,Personal Loan,0,,,482121.39,0.0,0.0,2025-05-20,0
LOAN0008779,CUST007135,BNPL,0,,,37672.56,0.0,0.0,2024-06-16,0
LOAN0008780,CUST009373,BNPL,0,,,21453.44,0.0,0.0,2024-08-27,0
LOAN0008781,CUST008952,Education Loan,0,,,994731.15,0.0,0.0,2025-11-23,0
LOAN0008782,CUST000581,Personal Loan,0,,,317206.78,0.0,0.0,2024-11-30,0
LOAN0008783,CUST001702,SME Loan,0,,,250390.64,0.0,0.0,2026-05-15,0
LOAN0008784,CUST007558,Personal Loan,1,210.0,7.0,115017.24,202749.76,48080.85,2024-05-30,1
LOAN0008785,CUST006910,BNPL,1,150.0,5.0,40770.64,0.0,0.0,2024-02-01,1
LOAN0008786,CUST001345,Personal Loan,0,,,547179.88,0.0,0.0,2025-11-23,0
LOAN0008787,CUST005029,BNPL,1,120.0,4.0,17866.68,34916.32,4235.81,2023-06-25,1
LOAN0008788,CUST007821,Personal Loan,1,240.0,8.0,131557.79,106873.21,32325.73,2023-07-17,1
LOAN0008789,CUST002193,SME Loan,0,,,563615.88,0.0,0.0,2024-10-06,0
LOAN0008790,CUST008724,Personal Loan,1,120.0,4.0,2837.79,16908.21,5541.88,2022-07-03,1
LOAN0008791,CUST000539,BNPL,0,,,3273.35,0.0,0.0,2024-05-26,0
LOAN0008792,CUST007835,Personal Loan,1,120.0,4.0,1998.12,13523.88,4594.92,2023-08-21,1
LOAN0008793,CUST006172,Personal Loan,0,,,405589.95,0.0,0.0,2024-07-23,0
LOAN0008794,CUST003153,BNPL,0,,,42347.41,0.0,0.0,2023-04-14,0
LOAN0008795,CUST007223,Personal Loan,0,,,250330.68,0.0,0.0,2026-10-31,0
LOAN0008796,CUST007836,Personal Loan,0,,,484904.35,0.0,0.0,2026-10-20,0
LOAN0008797,CUST009340,BNPL,1,210.0,7.0,23823.06,11597.94,2812.52,2024-06-16,1
LOAN0008798,CUST003679,Education Loan,0,,,901149.25,0.0,0.0,2027-05-28,0
LOAN0008799,CUST006879,Personal Loan,0,,,58423.22,0.0,0.0,2026-06-30,0
LOAN0008800,CUST006039,BNPL,0,,,19109.23,0.0,0.0,2024-07-04,0
LOAN0008801,CUST005255,BNPL,1,60.0,2.0,2076.97,14047.03,3269.34,2023-11-14,1
LOAN0008802,CUST008915,SME Loan,0,,,275895.12,0.0,0.0,2025-01-25,0
LOAN0008803,CUST000032,Personal Loan,0,,,282852.36,0.0,0.0,2026-12-19,0
LOAN0008804,CUST002824,Personal Loan,0,,,387546.61,0.0,0.0,2025-04-09,0
LOAN0008805,CUST005388,Personal Loan,0,,,221445.7,0.0,0.0,2026-02-28,0
LOAN0008806,CUST001792,Personal Loan,0,,,239830.4,0.0,0.0,2025-04-23,0
LOAN0008807,CUST009087,Personal Loan,1,150.0,5.0,60635.32,284908.68,82488.8,2024-02-07,1
LOAN0008808,CUST006483,Personal Loan,0,,,665253.36,0.0,0.0,2026-10-14,0
LOAN0008809,CUST004780,BNPL,0,,,8230.1,0.0,0.0,2024-02-11,0
LOAN0008810,CUST008160,SME Loan,0,,,634260.0,0.0,0.0,2025-06-15,0
LOAN0008811,CUST004505,Personal Loan,1,90.0,3.0,13488.72,120991.28,39000.8,2024-02-24,1
LOAN0008812,CUST005595,Personal Loan,0,,,329559.21,0.0,0.0,2024-06-12,0
LOAN0008813,CUST000028,Personal Loan,1,210.0,7.0,48405.06,81965.94,23305.63,2024-03-27,1
LOAN0008814,CUST003658,SME Loan,1,240.0,8.0,50150.1,82103.9,8997.86,2024-05-16,1
LOAN0008815,CUST001401,Personal Loan,1,180.0,6.0,31989.95,100784.05,13635.63,2024-03-22,1
LOAN0008816,CUST006919,Personal Loan,0,,,370568.38,0.0,0.0,2026-03-25,0
LOAN0008817,CUST004792,SME Loan,0,,,384705.04,0.0,0.0,2026-05-25,0
LOAN0008818,CUST003020,BNPL,0,,,9325.56,0.0,0.0,2024-06-22,0
LOAN0008819,CUST004676,Education Loan,1,90.0,3.0,10972.86,190595.14,40077.2,2022-12-10,1
LOAN0008820,CUST002100,Personal Loan,0,,,323688.96,0.0,0.0,2025-05-04,0
LOAN0008821,CUST009253,Personal Loan,0,,,69693.91,0.0,0.0,2025-11-26,0
LOAN0008822,CUST000548,SME Loan,1,120.0,4.0,50380.74,71569.26,26471.04,2023-08-01,1
LOAN0008823,CUST008665,BNPL,1,90.0,3.0,14073.86,41583.14,13141.71,2023-11-04,1
LOAN0008824,CUST005119,Personal Loan,0,,,722931.12,0.0,0.0,2025-10-27,0
LOAN0008825,CUST006205,Personal Loan,1,90.0,3.0,40238.54,350319.46,103201.74,2023-07-14,1
LOAN0008826,CUST003028,SME Loan,0,,,404359.68,0.0,0.0,2025-07-02,0
LOAN0008827,CUST009669,Personal Loan,0,,,419026.2,0.0,0.0,2025-08-07,0
LOAN0008828,CUST002821,SME Loan,0,,,436400.2,0.0,0.0,2024-04-12,0
LOAN0008829,CUST005900,Personal Loan,1,240.0,8.0,27803.58,44125.42,11583.12,2024-03-05,1
LOAN0008830,CUST009934,Personal Loan,0,,,567624.6,0.0,0.0,2024-10-07,0
LOAN0008831,CUST008822,SME Loan,0,,,127452.92,0.0,0.0,2024-10-28,0
LOAN0008832,CUST005370,Personal Loan,0,,,458120.64,0.0,0.0,2025-10-26,0
LOAN0008833,CUST009901,Personal Loan,0,,,645657.15,0.0,0.0,2025-10-29,0
LOAN0008834,CUST007034,Personal Loan,0,,,287661.69,0.0,0.0,2023-03-21,0
LOAN0008835,CUST002092,SME Loan,1,180.0,6.0,80242.8,283274.2,91139.6,2023-11-08,1
LOAN0008836,CUST004064,Personal Loan,1,120.0,4.0,27644.34,187107.66,54812.7,2024-01-22,1
LOAN0008837,CUST003341,Education Loan,1,150.0,5.0,42929.8,307347.2,85246.49,2023-12-03,1
LOAN0008838,CUST003438,Personal Loan,0,,,67127.68,0.0,0.0,2025-01-26,0
LOAN0008839,CUST007617,BNPL,0,,,31390.41,0.0,0.0,2024-02-12,0
LOAN0008840,CUST005857,Personal Loan,1,90.0,3.0,5676.7,52839.3,17869.13,2024-02-04,1
LOAN0008841,CUST000387,Personal Loan,0,,,542435.04,0.0,0.0,2025-01-22,0
LOAN0008842,CUST008787,BNPL,0,,,30045.95,0.0,0.0,2023-11-06,0
LOAN0008843,CUST002971,BNPL,0,,,13979.82,0.0,0.0,2023-08-23,0
LOAN0008844,CUST009968,Personal Loan,0,,,441752.26,0.0,0.0,2025-06-24,0
LOAN0008845,CUST009544,Personal Loan,1,150.0,5.0,49073.92,243417.08,31673.99,2023-01-25,1
LOAN0008846,CUST009408,BNPL,0,,,29036.07,0.0,0.0,2023-12-06,0
LOAN0008847,CUST008124,BNPL,1,180.0,6.0,15102.75,15010.25,5922.28,2023-03-30,1
LOAN0008848,CUST002211,Personal Loan,0,,,329947.52,0.0,0.0,2026-01-14,0
LOAN0008849,CUST005332,Personal Loan,0,,,164973.96,0.0,0.0,2024-08-11,0
LOAN0008850,CUST002252,SME Loan,1,240.0,8.0,134637.86,322170.14,124876.48,2024-05-19,1
LOAN0008851,CUST002600,SME Loan,0,,,623299.75,0.0,0.0,2026-01-24,0
LOAN0008852,CUST006123,Personal Loan,0,,,191636.06,0.0,0.0,2025-07-17,0
LOAN0008853,CUST000415,SME Loan,0,,,338081.48,0.0,0.0,2024-05-16,0
LOAN0008854,CUST009695,Personal Loan,1,210.0,7.0,104947.86,309064.14,39942.54,2024-03-26,1
LOAN0008855,CUST009190,Education Loan,0,,,602096.55,0.0,0.0,2026-09-17,0
LOAN0008856,CUST003814,SME Loan,0,,,110795.46,0.0,0.0,2025-04-17,0
LOAN0008857,CUST005160,Personal Loan,0,,,417227.84,0.0,0.0,2024-06-15,0
LOAN0008858,CUST004660,Personal Loan,0,,,118888.12,0.0,0.0,2026-01-20,0
LOAN0008859,CUST008834,Personal Loan,0,,,360639.76,0.0,0.0,2024-08-27,0
LOAN0008860,CUST006906,Personal Loan,0,,,15439.06,0.0,0.0,2026-08-18,0
LOAN0008861,CUST002784,BNPL,0,,,7493.2,0.0,0.0,2023-09-20,0
LOAN0008862,CUST004470,Education Loan,0,,,708889.05,0.0,0.0,2024-02-24,0
LOAN0008863,CUST004291,BNPL,1,210.0,7.0,5824.56,3844.44,1303.43,2024-04-13,1
LOAN0008864,CUST009595,Personal Loan,0,,,202370.99,0.0,0.0,2024-11-17,0
LOAN0008865,CUST001764,Personal Loan,0,,,375622.1,0.0,0.0,2024-07-23,0
LOAN0008866,CUST000905,Personal Loan,0,,,297367.2,0.0,0.0,2025-10-03,0
LOAN0008867,CUST008817,Personal Loan,0,,,458359.44,0.0,0.0,2025-11-26,0
LOAN0008868,CUST008976,Personal Loan,1,60.0,2.0,51571.17,397671.83,155329.13,2024-02-17,1
LOAN0008869,CUST008729,Personal Loan,1,180.0,6.0,7742.8,27692.2,9011.06,2024-02-27,1
LOAN0008870,CUST005116,SME Loan,0,,,553455.56,0.0,0.0,2025-03-02,0
LOAN0008871,CUST006605,BNPL,0,,,28868.0,0.0,0.0,2024-01-29,0
LOAN0008872,CUST005643,BNPL,0,,,47801.04,0.0,0.0,2024-04-30,0
LOAN0008873,CUST000702,BNPL,1,240.0,8.0,30062.83,3834.17,722.03,2023-03-15,1
LOAN0008874,CUST005970,Education Loan,0,,,630134.04,0.0,0.0,2027-06-02,0
LOAN0008875,CUST000143,BNPL,0,,,25656.54,0.0,0.0,2023-07-06,0
LOAN0008876,CUST003250,Personal Loan,0,,,362007.72,0.0,0.0,2024-08-24,0
LOAN0008877,CUST009325,Personal Loan,0,,,572165.94,0.0,0.0,2025-08-24,0
LOAN0008878,CUST003043,Personal Loan,0,,,248134.44,0.0,0.0,2025-08-18,0
LOAN0008879,CUST009401,Personal Loan,0,,,278032.05,0.0,0.0,2025-03-26,0
LOAN0008880,CUST002503,Personal Loan,1,210.0,7.0,385587.06,21316.94,2287.24,2023-06-30,1
LOAN0008881,CUST003148,BNPL,0,,,17413.6,0.0,0.0,2024-03-03,0
LOAN0008882,CUST006298,Personal Loan,0,,,253631.1,0.0,0.0,2026-02-28,0
LOAN0008883,CUST007628,BNPL,0,,,42190.95,0.0,0.0,2024-01-21,0
LOAN0008884,CUST005022,Personal Loan,0,,,46049.85,0.0,0.0,2026-01-05,0
LOAN0008885,CUST008833,Personal Loan,0,,,182808.08,0.0,0.0,2025-02-28,0
LOAN0008886,CUST000409,SME Loan,0,,,654693.12,0.0,0.0,2024-10-20,0
LOAN0008887,CUST009227,Personal Loan,0,,,236689.47,0.0,0.0,2025-03-06,0
LOAN0008888,CUST001965,Personal Loan,1,120.0,4.0,148287.48,204632.52,34743.15,2023-01-27,1
LOAN0008889,CUST008855,Personal Loan,0,,,659424.75,0.0,0.0,2025-11-30,0
LOAN0008890,CUST004015,Personal Loan,0,,,470056.02,0.0,0.0,2024-10-22,0
LOAN0008891,CUST008340,Personal Loan,0,,,203660.46,0.0,0.0,2023-08-08,0
LOAN0008892,CUST006724,Personal Loan,0,,,394144.22,0.0,0.0,2024-09-18,0
LOAN0008893,CUST001770,Personal Loan,1,210.0,7.0,84569.82,143475.18,18186.26,2023-11-12,1
LOAN0008894,CUST009184,SME Loan,0,,,132252.07,0.0,0.0,2025-05-05,0
LOAN0008895,CUST002459,Personal Loan,1,90.0,3.0,47253.36,246333.64,88232.2,2023-10-10,1
LOAN0008896,CUST002445,Personal Loan,0,,,518398.53,0.0,0.0,2024-07-05,0
LOAN0008897,CUST008157,BNPL,0,,,46221.2,0.0,0.0,2024-10-08,0
LOAN0008898,CUST001069,BNPL,0,,,53752.98,0.02,0.0,2024-06-06,0
LOAN0008899,CUST002228,Personal Loan,1,60.0,2.0,15843.25,138808.75,33268.61,2023-10-04,1
LOAN0008900,CUST005044,Personal Loan,0,,,159148.11,0.0,0.0,2025-12-17,0
LOAN0008901,CUST008318,Personal Loan,0,,,391279.77,0.0,0.0,2025-02-06,0
LOAN0008902,CUST001488,Personal Loan,0,,,117637.36,0.0,0.0,2024-10-10,0
LOAN0008903,CUST005484,SME Loan,0,,,107544.96,0.0,0.0,2026-06-30,0
LOAN0008904,CUST007131,Personal Loan,0,,,438533.13,0.0,0.0,2025-05-27,0
LOAN0008905,CUST008616,SME Loan,0,,,460819.52,0.0,0.0,2025-09-02,0
LOAN0008906,CUST009358,BNPL,0,,,12931.9,0.0,0.0,2023-02-04,0
LOAN0008907,CUST007857,BNPL,1,90.0,3.0,4463.02,13320.98,2537.74,2023-08-11,1
LOAN0008908,CUST006539,Personal Loan,1,180.0,6.0,123568.2,362152.8,121211.55,2023-11-17,1
LOAN0008909,CUST004339,Personal Loan,1,90.0,3.0,63885.76,381559.24,88723.84,2023-09-10,1
LOAN0008910,CUST001135,Personal Loan,0,,,319179.1,0.0,0.0,2025-05-23,0
LOAN0008911,CUST007115,BNPL,0,,,23832.6,0.0,0.0,2024-01-13,0
LOAN0008912,CUST009926,Personal Loan,0,,,697297.88,0.0,0.0,2025-04-21,0
LOAN0008913,CUST007384,BNPL,0,,,35618.15,0.0,0.0,2024-04-15,0
LOAN0008914,CUST000175,Personal Loan,0,,,571128.16,0.0,0.0,2024-12-03,0
LOAN0008915,CUST004970,BNPL,1,90.0,3.0,12952.7,6353.3,2383.43,2024-01-03,1
LOAN0008916,CUST006159,Personal Loan,0,,,98444.76,0.0,0.0,2024-05-12,0
LOAN0008917,CUST006919,Personal Loan,1,150.0,5.0,267795.0,157127.0,39430.3,2024-05-25,1
LOAN0008918,CUST007211,BNPL,1,120.0,4.0,13783.41,13697.59,4502.53,2023-08-23,1
LOAN0008919,CUST005589,SME Loan,0,,,732203.52,0.0,0.0,2025-03-03,0
LOAN0008920,CUST002242,Personal Loan,0,,,515561.31,0.0,0.0,2024-11-22,0
LOAN0008921,CUST009423,Personal Loan,0,,,494878.54,0.0,0.0,2025-10-06,0
LOAN0008922,CUST006985,Education Loan,0,,,1038794.52,0.0,0.0,2026-10-14,0
LOAN0008923,CUST002373,BNPL,0,,,58612.25,0.0,0.0,2023-02-17,0
LOAN0008924,CUST003225,SME Loan,1,210.0,7.0,46207.86,16870.14,6067.43,2024-03-06,1
LOAN0008925,CUST009223,Personal Loan,0,,,304740.13,0.0,0.0,2024-11-23,0
LOAN0008926,CUST008887,Personal Loan,1,150.0,5.0,128602.48,167752.52,17147.57,2024-03-25,1
LOAN0008927,CUST004059,Education Loan,1,240.0,8.0,91924.98,327763.02,119777.18,2024-05-26,1
LOAN0008928,CUST000389,Personal Loan,1,240.0,8.0,37067.03,57483.97,11576.21,2023-03-24,1
LOAN0008929,CUST000491,BNPL,1,180.0,6.0,45318.28,0.0,0.0,2024-05-16,1
LOAN0008930,CUST002842,BNPL,1,90.0,3.0,950.54,3230.46,810.83,2023-07-19,1
LOAN0008931,CUST006304,Personal Loan,1,240.0,8.0,143988.81,315021.19,108195.9,2024-07-26,1
LOAN0008932,CUST005856,SME Loan,0,,,346992.66,0.0,0.0,2024-02-17,0
LOAN0008933,CUST006347,Personal Loan,0,,,67501.8,0.0,0.0,2026-07-01,0
LOAN0008934,CUST007188,BNPL,1,210.0,7.0,9540.3,0.0,0.0,2023-07-22,1
LOAN0008935,CUST000200,Personal Loan,0,,,453484.6,0.0,0.0,2025-04-26,0
LOAN0008936,CUST001062,SME Loan,0,,,553144.05,0.0,0.0,2025-03-24,0
LOAN0008937,CUST003595,Personal Loan,0,,,446819.12,0.0,0.0,2026-05-01,0
LOAN0008938,CUST001560,SME Loan,0,,,524138.72,0.0,0.0,2023-09-23,0
LOAN0008939,CUST000761,Personal Loan,0,,,598958.72,0.0,0.0,2026-05-24,0
LOAN0008940,CUST006418,SME Loan,0,,,770659.68,0.0,0.0,2025-12-24,0
LOAN0008941,CUST008166,Personal Loan,1,180.0,6.0,102898.1,367207.9,65327.73,2023-08-22,1
LOAN0008942,CUST007539,Personal Loan,1,60.0,2.0,11036.98,272043.02,102635.98,2023-08-09,1
LOAN0008943,CUST008185,BNPL,0,,,18112.0,0.0,0.0,2024-09-21,0
LOAN0008944,CUST006666,Personal Loan,0,,,484634.61,0.0,0.0,2025-10-24,0
LOAN0008945,CUST007371,Personal Loan,0,,,42575.48,0.0,0.0,2026-01-13,0
LOAN0008946,CUST002720,Personal Loan,0,,,166270.72,0.0,0.0,2023-01-22,0
LOAN0008947,CUST009928,SME Loan,1,150.0,5.0,52158.44,57449.56,10588.57,2024-04-27,1
LOAN0008948,CUST001841,BNPL,0,,,2331.2,0.0,0.0,2024-10-22,0
LOAN0008949,CUST002149,BNPL,1,90.0,3.0,6396.1,9099.9,2150.4,2023-04-20,1
LOAN0008950,CUST002893,Personal Loan,0,,,245109.12,0.0,0.0,2025-09-08,0
LOAN0008951,CUST009754,BNPL,0,,,6477.03,0.0,0.0,2024-01-19,0
LOAN0008952,CUST009880,Personal Loan,0,,,299551.49,0.0,0.0,2024-07-26,0
LOAN0008953,CUST007963,Personal Loan,0,,,409894.14,0.0,0.0,2026-10-23,0
LOAN0008954,CUST006304,Personal Loan,1,180.0,6.0,145329.9,116602.1,32599.64,2024-05-30,1
LOAN0008955,CUST005208,BNPL,0,,,34802.81,0.0,0.0,2024-04-23,0
LOAN0008956,CUST009707,Personal Loan,0,,,581342.38,0.0,0.0,2026-05-18,0
LOAN0008957,CUST006975,Personal Loan,0,,,453931.75,0.0,0.0,2025-10-26,0
LOAN0008958,CUST009450,Personal Loan,0,,,626113.4,0.0,0.0,2025-08-30,0
LOAN0008959,CUST003166,Personal Loan,0,,,117835.08,0.0,0.0,2025-06-30,0
LOAN0008960,CUST003335,Education Loan,0,,,505372.2,0.0,0.0,2026-12-18,0
LOAN0008961,CUST008558,BNPL,0,,,9257.61,0.0,0.0,2023-08-21,0
LOAN0008962,CUST001508,BNPL,0,,,50350.44,0.0,0.0,2024-03-25,0
LOAN0008963,CUST009462,Personal Loan,0,,,184802.88,0.0,0.0,2026-04-09,0
LOAN0008964,CUST005080,Personal Loan,1,240.0,8.0,272811.35,66658.65,10946.99,2024-08-12,1
LOAN0008965,CUST009267,Personal Loan,0,,,108092.9,0.0,0.0,2024-10-09,0
LOAN0008966,CUST003364,Personal Loan,0,,,184005.72,0.0,0.0,2025-01-18,0
LOAN0008967,CUST007176,Personal Loan,0,,,317271.18,0.0,0.0,2023-09-25,0
LOAN0008968,CUST004834,BNPL,1,180.0,6.0,27674.73,0.0,0.0,2024-06-12,1
LOAN0008969,CUST006282,Personal Loan,1,180.0,6.0,60624.4,181930.6,22204.35,2024-06-17,1
LOAN0008970,CUST005049,Personal Loan,0,,,75799.92,0.0,0.0,2024-06-07,0
LOAN0008971,CUST009672,Personal Loan,0,,,636748.56,0.0,0.0,2025-08-08,0
LOAN0008972,CUST006942,BNPL,0,,,53562.68,0.0,0.0,2024-03-22,0
LOAN0008973,CUST002516,SME Loan,0,,,536816.7,0.0,0.0,2026-03-21,0
LOAN0008974,CUST009104,BNPL,0,,,23087.82,0.0,0.0,2023-06-18,0
LOAN0008975,CUST002944,Personal Loan,0,,,656411.04,0.0,0.0,2025-11-25,0
LOAN0008976,CUST003719,Personal Loan,0,,,544523.59,0.0,0.0,2024-12-11,0
LOAN0008977,CUST001032,Personal Loan,0,,,286609.4,0.0,0.0,2025-09-05,0
LOAN0008978,CUST009008,SME Loan,1,240.0,8.0,266908.74,263289.26,93973.55,2024-02-14,1
LOAN0008979,CUST002865,Personal Loan,0,,,58690.98,0.0,0.0,2025-11-06,0
LOAN0008980,CUST002593,BNPL,1,60.0,2.0,716.84,1411.16,238.7,2023-02-24,1
LOAN0008981,CUST009207,Personal Loan,1,180.0,6.0,187407.15,186256.85,70385.24,2022-11-25,1
LOAN0008982,CUST008070,Personal Loan,0,,,205322.32,0.0,0.0,2025-02-10,0
LOAN0008983,CUST001427,Personal Loan,0,,,329765.7,0.0,0.0,2025-06-20,0
LOAN0008984,CUST007702,Personal Loan,0,,,152493.32,0.0,0.0,2024-08-23,0
LOAN0008985,CUST009136,Personal Loan,1,120.0,4.0,53551.44,308103.56,80174.43,2023-08-25,1
LOAN0008986,CUST000793,SME Loan,1,150.0,5.0,121086.44,381257.56,82602.27,2024-05-29,1
LOAN0008987,CUST008267,SME Loan,0,,,259199.01,0.0,0.0,2025-07-27,0
LOAN0008988,CUST005482,Personal Loan,0,,,490900.76,0.0,0.0,2025-02-16,0
LOAN0008989,CUST006699,Education Loan,1,90.0,3.0,56410.66,930874.34,146680.74,2024-03-15,1
LOAN0008990,CUST004939,Personal Loan,0,,,234733.45,0.0,0.0,2026-02-09,0
LOAN0008991,CUST006998,SME Loan,0,,,557632.8,0.0,0.0,2025-02-28,0
LOAN0008992,CUST000346,Personal Loan,0,,,172699.62,0.0,0.0,2023-11-23,0
LOAN0008993,CUST007638,Personal Loan,0,,,375405.5,0.0,0.0,2025-04-11,0
LOAN0008994,CUST000340,SME Loan,0,,,422768.43,0.0,0.0,2024-01-30,0
LOAN0008995,CUST004549,Personal Loan,0,,,56784.0,0.0,0.0,2026-09-22,0
LOAN0008996,CUST001520,SME Loan,1,120.0,4.0,47669.76,214642.24,66078.62,2024-01-03,1
LOAN0008997,CUST008249,SME Loan,0,,,491616.86,0.0,0.0,2024-05-27,0
LOAN0008998,CUST003139,Personal Loan,0,,,315200.96,0.0,0.0,2025-10-25,0
LOAN0008999,CUST004537,SME Loan,0,,,151917.12,0.0,0.0,2026-08-05,0
LOAN0009000,CUST004289,SME Loan,0,,,568250.84,0.0,0.0,2025-04-29,0
LOAN0009001,CUST007734,BNPL,0,,,20421.2,0.0,0.0,2023-11-21,0
LOAN0009002,CUST004817,SME Loan,1,240.0,8.0,196615.44,377314.56,113063.65,2024-04-21,1
LOAN0009003,CUST007902,Personal Loan,0,,,297095.12,0.0,0.0,2023-12-22,0
LOAN0009004,CUST000744,Personal Loan,1,240.0,8.0,152713.05,209844.95,36162.74,2023-09-29,1
LOAN0009005,CUST001923,Personal Loan,0,,,390441.03,0.0,0.0,2025-01-23,0
LOAN0009006,CUST005522,BNPL,1,210.0,7.0,26490.12,3070.88,814.9,2024-03-24,1
LOAN0009007,CUST009473,Education Loan,0,,,267526.7,0.0,0.0,2026-06-10,0
LOAN0009008,CUST000756,Personal Loan,0,,,323354.52,0.0,0.0,2024-04-03,0
LOAN0009009,CUST000436,Personal Loan,1,240.0,8.0,28797.16,48559.84,10639.9,2023-03-07,1
LOAN0009010,CUST001577,Personal Loan,0,,,615732.6,0.0,0.0,2026-03-18,0
LOAN0009011,CUST006419,Personal Loan,0,,,618167.42,0.0,0.0,2026-02-25,0
LOAN0009012,CUST003997,Personal Loan,0,,,383064.32,0.0,0.0,2025-04-12,0
LOAN0009013,CUST008269,SME Loan,0,,,59743.95,0.0,0.0,2024-11-19,0
LOAN0009014,CUST000729,Personal Loan,0,,,189482.17,0.0,0.0,2025-03-25,0
LOAN0009015,CUST001966,Personal Loan,1,150.0,5.0,61680.08,193857.92,61735.52,2023-07-17,1
LOAN0009016,CUST003003,SME Loan,0,,,504736.08,0.0,0.0,2024-06-15,0
LOAN0009017,CUST006282,BNPL,0,,,50999.92,0.0,0.0,2024-07-26,0
LOAN0009018,CUST006870,Personal Loan,1,180.0,6.0,100936.25,210471.75,26089.25,2023-01-07,1
LOAN0009019,CUST001255,Personal Loan,0,,,503876.1,0.0,0.0,2026-02-09,0
LOAN0009020,CUST009440,SME Loan,0,,,95616.45,0.0,0.0,2024-09-26,0
LOAN0009021,CUST003411,Personal Loan,1,150.0,5.0,57728.0,238926.0,29451.84,2023-05-22,1
LOAN0009022,CUST007149,BNPL,1,60.0,2.0,536.21,3072.79,794.04,2023-12-13,1
LOAN0009023,CUST005246,Personal Loan,0,,,75505.36,0.0,0.0,2026-03-19,0
LOAN0009024,CUST002235,BNPL,0,,,41298.24,0.0,0.0,2024-02-16,0
LOAN0009025,CUST008474,Personal Loan,0,,,199148.67,0.0,0.0,2023-02-27,0
LOAN0009026,CUST008197,Personal Loan,0,,,213579.8,0.0,0.0,2025-12-14,0
LOAN0009027,CUST003966,Personal Loan,0,,,71955.1,0.0,0.0,2025-06-10,0
LOAN0009028,CUST005897,SME Loan,0,,,730000.08,0.0,0.0,2025-10-01,0
LOAN0009029,CUST002583,Personal Loan,0,,,519021.84,0.0,0.0,2026-07-26,0
LOAN0009030,CUST006920,Personal Loan,0,,,415410.66,0.0,0.0,2023-09-19,0
LOAN0009031,CUST003093,Personal Loan,1,120.0,4.0,27961.29,155067.71,45445.21,2023-06-28,1
LOAN0009032,CUST008451,BNPL,0,,,27197.13,0.0,0.0,2024-03-02,0
LOAN0009033,CUST002179,Personal Loan,0,,,523755.87,0.0,0.0,2024-02-19,0
LOAN0009034,CUST000157,Personal Loan,0,,,419784.0,0.0,0.0,2026-05-09,0
LOAN0009035,CUST002688,BNPL,0,,,48811.28,0.0,0.0,2024-06-09,0
LOAN0009036,CUST001919,BNPL,0,,,31775.76,0.0,0.0,2023-09-22,0
LOAN0009037,CUST005088,SME Loan,0,,,189009.3,0.0,0.0,2025-01-09,0
LOAN0009038,CUST002043,Personal Loan,0,,,296847.53,0.0,0.0,2024-03-25,0
LOAN0009039,CUST007643,Personal Loan,0,,,460020.16,0.0,0.0,2026-04-04,0
LOAN0009040,CUST002416,SME Loan,0,,,552722.5,0.0,0.0,2024-10-21,0
LOAN0009041,CUST007085,SME Loan,0,,,399763.36,0.0,0.0,2024-08-15,0
LOAN0009042,CUST005797,SME Loan,0,,,340124.16,0.0,0.0,2025-10-01,0
LOAN0009043,CUST009858,BNPL,0,,,39958.62,0.0,0.0,2023-09-26,0
LOAN0009044,CUST009999,BNPL,1,180.0,6.0,24579.75,9592.25,3279.03,2024-03-05,1
LOAN0009045,CUST008708,Personal Loan,1,210.0,7.0,51603.78,142596.22,55129.88,2024-06-28,1
LOAN0009046,CUST007612,SME Loan,0,,,362802.92,0.0,0.0,2025-09-23,0
LOAN0009047,CUST003868,Personal Loan,0,,,129770.0,0.0,0.0,2024-10-20,0
LOAN0009048,CUST007546,Personal Loan,0,,,578203.08,0.0,0.0,2026-02-28,0
LOAN0009049,CUST009569,Personal Loan,0,,,259892.36,0.0,0.0,2026-04-29,0
LOAN0009050,CUST000242,SME Loan,0,,,204261.21,0.0,0.0,2025-07-23,0
LOAN0009051,CUST005385,Personal Loan,0,,,11745.6,0.0,0.0,2024-12-14,0
LOAN0009052,CUST002185,BNPL,0,,,31166.1,0.0,0.0,2023-01-16,0
LOAN0009053,CUST005587,Personal Loan,0,,,238479.9,0.0,0.0,2026-01-04,0
LOAN0009054,CUST004663,Personal Loan,1,210.0,7.0,89432.34,225691.66,57713.46,2023-10-11,1
LOAN0009055,CUST005769,Personal Loan,0,,,591220.7,0.0,0.0,2026-10-13,0
LOAN0009056,CUST005516,Personal Loan,0,,,300541.56,0.0,0.0,2026-08-30,0
LOAN0009057,CUST009603,BNPL,1,150.0,5.0,47402.12,0.0,0.0,2024-02-09,1
LOAN0009058,CUST005527,BNPL,0,,,31191.87,0.0,0.0,2023-04-04,0
LOAN0009059,CUST008474,Personal Loan,0,,,602658.16,0.0,0.0,2025-05-13,0
LOAN0009060,CUST003200,Personal Loan,1,150.0,5.0,13562.12,70104.88,23923.86,2023-12-11,1
LOAN0009061,CUST004380,SME Loan,0,,,500528.48,0.0,0.0,2023-09-15,0
LOAN0009062,CUST004703,Personal Loan,0,,,440272.12,0.0,0.0,2026-01-10,0
LOAN0009063,CUST002791,Personal Loan,0,,,205362.43,0.0,0.0,2024-05-24,0
LOAN0009064,CUST003803,Education Loan,0,,,385849.42,0.0,0.0,2025-07-24,0
LOAN0009065,CUST005997,SME Loan,0,,,260203.68,0.0,0.0,2025-12-17,0
LOAN0009066,CUST005818,Personal Loan,0,,,354900.0,0.0,0.0,2025-07-09,0
LOAN0009067,CUST006371,Personal Loan,0,,,334437.61,0.0,0.0,2026-07-28,0
LOAN0009068,CUST003517,BNPL,0,,,4948.44,0.0,0.0,2024-03-30,0
LOAN0009069,CUST003159,Education Loan,0,,,345717.05,0.0,0.0,2025-09-20,0
LOAN0009070,CUST006130,Personal Loan,0,,,606585.75,0.0,0.0,2025-05-22,0
LOAN0009071,CUST001342,Personal Loan,1,240.0,8.0,38630.34,56049.66,11829.4,2024-05-31,1
LOAN0009072,CUST002535,BNPL,0,,,7249.36,0.0,0.0,2023-01-10,0
LOAN0009073,CUST000427,BNPL,0,,,27775.02,0.0,0.0,2024-02-29,0
LOAN0009074,CUST000736,Education Loan,0,,,1053684.45,0.0,0.0,2025-06-27,0
LOAN0009075,CUST002438,BNPL,0,,,31169.34,0.0,0.0,2024-02-22,0
LOAN0009076,CUST000205,Personal Loan,0,,,258249.4,0.0,0.0,2024-04-30,0
LOAN0009077,CUST002458,BNPL,0,,,13057.38,0.0,0.0,2023-02-28,0
LOAN0009078,CUST006559,SME Loan,0,,,287632.52,0.0,0.0,2025-03-18,0
LOAN0009079,CUST000620,Personal Loan,0,,,16584.0,0.0,0.0,2026-05-27,0
LOAN0009080,CUST004367,BNPL,0,,,46875.8,0.0,0.0,2024-02-05,0
LOAN0009081,CUST009137,Personal Loan,0,,,287264.8,0.0,0.0,2024-08-14,0
LOAN0009082,CUST007926,Personal Loan,0,,,18931.6,0.0,0.0,2024-12-20,0
LOAN0009083,CUST003056,SME Loan,1,210.0,7.0,55952.16,122269.84,28145.31,2024-02-27,1
LOAN0009084,CUST009250,Personal Loan,0,,,475447.31,0.0,0.0,2024-07-15,0
LOAN0009085,CUST003297,Personal Loan,0,,,241236.64,0.0,0.0,2024-09-30,0
LOAN0009086,CUST000735,BNPL,0,,,54988.43,0.0,0.0,2024-04-13,0
LOAN0009087,CUST009940,Personal Loan,0,,,262545.08,0.0,0.0,2024-05-24,0
LOAN0009088,CUST008713,Personal Loan,0,,,318292.26,0.0,0.0,2026-02-28,0
LOAN0009089,CUST004659,Personal Loan,0,,,88840.11,0.0,0.0,2026-05-06,0
LOAN0009090,CUST006672,Education Loan,0,,,618884.46,0.0,0.0,2027-10-14,0
LOAN0009091,CUST006719,Personal Loan,0,,,652996.44,0.0,0.0,2026-04-15,0
LOAN0009092,CUST001949,Personal Loan,0,,,91057.26,0.0,0.0,2025-08-03,0
LOAN0009093,CUST002005,Personal Loan,0,,,422502.81,0.0,0.0,2025-06-17,0
LOAN0009094,CUST004694,Personal Loan,0,,,453328.81,0.0,0.0,2026-03-23,0
LOAN0009095,CUST009123,SME Loan,0,,,376759.37,0.0,0.0,2024-09-14,0
LOAN0009096,CUST000103,Personal Loan,0,,,443948.8,0.0,0.0,2024-03-24,0
LOAN0009097,CUST007837,Personal Loan,0,,,225563.4,0.0,0.0,2026-04-28,0
LOAN0009098,CUST000581,BNPL,0,,,24544.24,0.0,0.0,2024-04-27,0
LOAN0009099,CUST004784,Personal Loan,0,,,487896.0,0.0,0.0,2024-10-14,0
LOAN0009100,CUST006387,Personal Loan,0,,,331199.25,0.0,0.0,2025-12-29,0
LOAN0009101,CUST006887,Personal Loan,0,,,637944.72,0.0,0.0,2024-08-23,0
LOAN0009102,CUST000592,Personal Loan,0,,,150691.2,0.0,0.0,2025-08-07,0
LOAN0009103,CUST004192,Education Loan,0,,,882613.12,0.0,0.0,2026-08-31,0
LOAN0009104,CUST005853,Education Loan,0,,,826278.03,0.0,0.0,2025-01-16,0
LOAN0009105,CUST000666,BNPL,0,,,31024.56,0.0,0.0,2023-02-17,0
LOAN0009106,CUST001364,Personal Loan,0,,,226191.21,0.0,0.0,2024-05-05,0
LOAN0009107,CUST006642,BNPL,0,,,5971.5,0.0,0.0,2024-10-12,0
LOAN0009108,CUST005224,Personal Loan,0,,,113631.14,0.0,0.0,2024-01-14,0
LOAN0009109,CUST001628,Personal Loan,0,,,238464.8,0.0,0.0,2024-01-08,0
LOAN0009110,CUST005361,Personal Loan,0,,,594329.48,0.0,0.0,2026-05-16,0
LOAN0009111,CUST009133,Personal Loan,0,,,329960.16,0.0,0.0,2026-11-15,0
LOAN0009112,CUST000163,BNPL,1,120.0,4.0,23514.42,7066.58,1575.49,2023-11-17,1
LOAN0009113,CUST006434,BNPL,0,,,17921.28,0.0,0.0,2024-08-17,0
LOAN0009114,CUST000745,Personal Loan,0,,,20867.88,0.0,0.0,2025-10-27,0
LOAN0009115,CUST000069,Personal Loan,0,,,271864.06,0.0,0.0,2024-09-11,0
LOAN0009116,CUST001516,Personal Loan,0,,,78372.72,0.0,0.0,2025-06-10,0
LOAN0009117,CUST004233,Personal Loan,1,210.0,7.0,149694.18,68764.82,10502.62,2023-09-23,1
LOAN0009118,CUST008036,BNPL,0,,,8157.85,0.0,0.0,2023-06-13,0
LOAN0009119,CUST002820,Personal Loan,0,,,423774.23,0.0,0.0,2024-04-27,0
LOAN0009120,CUST006271,BNPL,1,180.0,6.0,12817.45,5021.55,1801.96,2023-06-19,1
LOAN0009121,CUST004120,BNPL,0,,,11542.66,0.0,0.0,2024-02-14,0
LOAN0009122,CUST002349,BNPL,0,,,20392.71,0.0,0.0,2022-12-11,0
LOAN0009123,CUST005148,Education Loan,1,240.0,8.0,196981.75,298722.25,98844.28,2023-12-08,1
LOAN0009124,CUST007988,BNPL,1,150.0,5.0,2229.44,3036.56,709.08,2023-07-30,1
LOAN0009125,CUST008338,BNPL,0,,,37033.44,0.0,0.0,2023-12-19,0
LOAN0009126,CUST008477,Personal Loan,0,,,218946.35,0.0,0.0,2026-10-21,0
LOAN0009127,CUST003381,BNPL,0,,,15750.4,0.0,0.0,2023-10-13,0
LOAN0009128,CUST007947,Personal Loan,0,,,313744.41,0.0,0.0,2025-08-20,0
LOAN0009129,CUST002127,SME Loan,0,,,125485.21,0.0,0.0,2026-03-22,0
LOAN0009130,CUST007402,Personal Loan,0,,,266180.84,0.0,0.0,2024-10-07,0
LOAN0009131,CUST009489,Personal Loan,0,,,31293.8,0.0,0.0,2024-05-14,0
LOAN0009132,CUST000145,Personal Loan,1,210.0,7.0,76919.16,62978.84,17233.95,2024-03-28,1
LOAN0009133,CUST004405,SME Loan,0,,,380165.1,0.0,0.0,2024-07-03,0
LOAN0009134,CUST006485,Personal Loan,0,,,153678.56,0.0,0.0,2023-09-27,0
LOAN0009135,CUST007038,Personal Loan,0,,,49488.54,0.0,0.0,2024-11-07,0
LOAN0009136,CUST001771,BNPL,0,,,15560.76,0.0,0.0,2023-12-02,0
LOAN0009137,CUST009722,Personal Loan,0,,,329201.08,0.0,0.0,2025-01-08,0
LOAN0009138,CUST006166,BNPL,0,,,5613.9,0.0,0.0,2024-02-28,0
LOAN0009139,CUST001653,BNPL,1,180.0,6.0,20469.4,11987.6,2443.63,2023-07-11,1
LOAN0009140,CUST000215,BNPL,0,,,43598.22,0.0,0.0,2023-04-11,0
LOAN0009141,CUST007844,BNPL,1,240.0,8.0,37828.2,0.0,0.0,2023-05-27,1
LOAN0009142,CUST000804,SME Loan,0,,,136954.25,0.0,0.0,2025-11-25,0
LOAN0009143,CUST001427,Personal Loan,1,60.0,2.0,56393.52,252960.48,54933.79,2024-01-13,1
LOAN0009144,CUST005759,Personal Loan,0,,,376827.5,0.0,0.0,2025-12-20,0
LOAN0009145,CUST006048,Personal Loan,1,210.0,7.0,21754.56,18190.44,5831.91,2024-04-09,1
LOAN0009146,CUST006888,Personal Loan,0,,,423010.32,0.0,0.0,2025-07-20,0
LOAN0009147,CUST003939,Personal Loan,0,,,458012.28,0.0,0.0,2024-10-06,0
LOAN0009148,CUST007748,Personal Loan,0,,,601896.44,0.0,0.0,2025-04-14,0
LOAN0009149,CUST009744,SME Loan,1,240.0,8.0,102053.84,149085.16,49296.8,2024-07-04,1
LOAN0009150,CUST002712,Personal Loan,0,,,381006.72,0.0,0.0,2025-01-02,0
LOAN0009151,CUST007048,Personal Loan,0,,,497016.1,0.0,0.0,2026-09-08,0
LOAN0009152,CUST009287,Personal Loan,0,,,586269.48,0.0,0.0,2026-09-14,0
LOAN0009153,CUST006881,Personal Loan,0,,,560268.24,0.0,0.0,2024-11-20,0
LOAN0009154,CUST006825,Personal Loan,0,,,140515.07,0.0,0.0,2024-08-10,0
LOAN0009155,CUST002246,Personal Loan,0,,,235053.52,0.0,0.0,2026-01-14,0
LOAN0009156,CUST005360,Personal Loan,0,,,465018.75,0.0,0.0,2026-11-22,0
LOAN0009157,CUST005633,Personal Loan,0,,,88474.12,0.0,0.0,2026-01-15,0
LOAN0009158,CUST007022,BNPL,0,,,5386.68,0.0,0.0,2024-04-25,0
LOAN0009159,CUST009966,Personal Loan,0,,,157697.5,0.0,0.0,2023-06-10,0
LOAN0009160,CUST000342,SME Loan,0,,,411997.2,0.0,0.0,2026-05-07,0
LOAN0009161,CUST000659,BNPL,0,,,14269.26,0.0,0.0,2023-10-13,0
LOAN0009162,CUST000788,BNPL,0,,,27379.03,0.0,0.0,2024-07-14,0
LOAN0009163,CUST007446,Personal Loan,0,,,341339.24,0.0,0.0,2025-07-17,0
LOAN0009164,CUST001377,Personal Loan,0,,,369229.76,0.0,0.0,2024-11-17,0
LOAN0009165,CUST006238,Personal Loan,0,,,434792.58,0.0,0.0,2025-06-14,0
LOAN0009166,CUST003248,Personal Loan,1,240.0,8.0,234430.49,189890.51,52921.59,2023-01-24,1
LOAN0009167,CUST004571,BNPL,0,,,40938.5,0.0,0.0,2024-07-10,0
LOAN0009168,CUST002161,Personal Loan,0,,,43522.1,0.0,0.0,2024-08-02,0
LOAN0009169,CUST008672,Personal Loan,0,,,195229.76,0.0,0.0,2024-09-30,0
LOAN0009170,CUST005875,Personal Loan,0,,,424325.67,0.0,0.0,2024-12-29,0
LOAN0009171,CUST009448,Personal Loan,1,180.0,6.0,83508.8,329841.2,90084.62,2023-07-01,1
LOAN0009172,CUST005757,Personal Loan,0,,,413918.45,0.0,0.0,2024-02-14,0
LOAN0009173,CUST001252,SME Loan,1,240.0,8.0,224785.05,317097.95,83759.38,2024-02-25,1
LOAN0009174,CUST001719,SME Loan,0,,,483157.92,0.0,0.0,2025-09-03,0
LOAN0009175,CUST009887,Education Loan,0,,,310484.09,0.0,0.0,2025-03-09,0
LOAN0009176,CUST007273,SME Loan,1,240.0,8.0,203834.68,304330.32,38721.09,2024-01-26,1
LOAN0009177,CUST000499,SME Loan,0,,,480772.92,0.0,0.0,2024-11-30,0
LOAN0009178,CUST007055,Personal Loan,0,,,355994.1,0.0,0.0,2023-10-21,0
LOAN0009179,CUST004129,Personal Loan,0,,,524256.32,0.0,0.0,2024-03-16,0
LOAN0009180,CUST003075,Personal Loan,0,,,444774.48,0.0,0.0,2025-11-18,0
LOAN0009181,CUST001552,BNPL,0,,,27314.01,0.0,0.0,2024-04-30,0
LOAN0009182,CUST008409,Personal Loan,0,,,158973.45,0.0,0.0,2024-10-28,0
LOAN0009183,CUST000647,Personal Loan,0,,,577912.0,0.0,0.0,2024-10-31,0
LOAN0009184,CUST002902,Personal Loan,0,,,317459.16,0.0,0.0,2024-07-06,0
LOAN0009185,CUST003066,BNPL,1,60.0,2.0,4827.99,33365.01,10101.51,2023-09-01,1
LOAN0009186,CUST001619,Personal Loan,0,,,187789.14,0.0,0.0,2026-08-21,0
LOAN0009187,CUST005087,Personal Loan,0,,,603952.47,0.0,0.0,2026-02-24,0
LOAN0009188,CUST000122,Education Loan,0,,,900633.4,0.0,0.0,2024-03-03,0
LOAN0009189,CUST003013,Personal Loan,1,90.0,3.0,13676.4,104497.6,32696.28,2022-11-27,1
LOAN0009190,CUST009337,Personal Loan,1,90.0,3.0,36704.92,355450.08,124458.18,2023-11-28,1
LOAN0009191,CUST003108,Personal Loan,0,,,402375.82,0.0,0.0,2025-04-30,0
LOAN0009192,CUST003604,BNPL,1,120.0,4.0,21127.8,6387.2,1427.27,2023-05-30,1
LOAN0009193,CUST004729,SME Loan,0,,,695648.48,0.0,0.0,2025-04-17,0
LOAN0009194,CUST005625,Personal Loan,0,,,135455.58,0.0,0.0,2024-07-07,0
LOAN0009195,CUST008101,Education Loan,1,60.0,2.0,16920.79,604002.21,87479.85,2024-01-28,1
LOAN0009196,CUST001912,Education Loan,0,,,646877.5,0.0,0.0,2026-01-07,0
LOAN0009197,CUST008729,BNPL,0,,,37054.54,0.0,0.0,2023-06-12,0
LOAN0009198,CUST007586,SME Loan,0,,,782896.2,0.0,0.0,2025-02-28,0
LOAN0009199,CUST007241,Education Loan,0,,,238730.86,0.0,0.0,2027-05-19,0
LOAN0009200,CUST000875,Personal Loan,0,,,274883.58,0.0,0.0,2024-09-19,0
LOAN0009201,CUST000225,BNPL,0,,,39635.1,0.0,0.0,2024-03-25,0
LOAN0009202,CUST005952,Personal Loan,0,,,46555.6,0.0,0.0,2025-07-28,0
LOAN0009203,CUST008644,Personal Loan,0,,,357493.68,0.0,0.0,2025-03-28,0
LOAN0009204,CUST005859,Personal Loan,0,,,298872.08,0.0,0.0,2024-03-11,0
LOAN0009205,CUST002137,Personal Loan,0,,,607387.77,0.0,0.0,2026-02-12,0
LOAN0009206,CUST000915,Personal Loan,0,,,570130.86,0.0,0.0,2026-02-03,0
LOAN0009207,CUST007017,SME Loan,0,,,729294.0,0.0,0.0,2026-05-18,0
LOAN0009208,CUST007233,Personal Loan,1,210.0,7.0,93632.16,261341.84,72272.1,2023-10-22,1
LOAN0009209,CUST001737,Personal Loan,0,,,500664.45,0.0,0.0,2024-07-24,0
LOAN0009210,CUST000290,BNPL,0,,,23528.79,0.0,0.0,2023-03-16,0
LOAN0009211,CUST004091,Personal Loan,0,,,82864.95,0.0,0.0,2026-03-01,0
LOAN0009212,CUST005840,BNPL,0,,,47312.72,0.0,0.0,2023-12-20,0
LOAN0009213,CUST007078,Personal Loan,0,,,419850.69,0.0,0.0,2023-10-18,0
LOAN0009214,CUST008113,SME Loan,0,,,309081.0,0.0,0.0,2024-11-15,0
LOAN0009215,CUST006118,SME Loan,1,150.0,5.0,46615.64,174434.36,26519.71,2024-05-24,1
LOAN0009216,CUST001123,Education Loan,1,180.0,6.0,52394.45,117827.55,17963.04,2024-06-04,1
LOAN0009217,CUST006842,Personal Loan,1,180.0,6.0,114249.5,237295.5,34233.84,2023-11-07,1
LOAN0009218,CUST009838,Personal Loan,0,,,453210.6,0.0,0.0,2024-05-06,0
LOAN0009219,CUST009066,Personal Loan,0,,,238624.2,0.0,0.0,2024-06-09,0
LOAN0009220,CUST008728,Personal Loan,0,,,575871.36,0.0,0.0,2026-01-05,0
LOAN0009221,CUST003024,BNPL,0,,,32724.44,0.0,0.0,2024-02-04,0
LOAN0009222,CUST007523,Personal Loan,0,,,627975.12,0.0,0.0,2025-12-30,0
LOAN0009223,CUST008525,Personal Loan,1,210.0,7.0,115029.96,358092.04,53299.98,2024-04-30,1
LOAN0009224,CUST006797,SME Loan,0,,,415976.87,0.0,0.0,2026-01-10,0
LOAN0009225,CUST002508,SME Loan,0,,,90056.61,0.0,0.0,2025-06-18,0
LOAN0009226,CUST009540,Personal Loan,0,,,400910.4,0.0,0.0,2024-04-02,0
LOAN0009227,CUST004505,Personal Loan,0,,,219951.09,0.0,0.0,2023-11-08,0
LOAN0009228,CUST001311,Personal Loan,1,210.0,7.0,29106.06,93396.94,30634.26,2024-02-29,1
LOAN0009229,CUST001110,SME Loan,0,,,415143.6,0.0,0.0,2025-12-22,0
LOAN0009230,CUST006483,BNPL,0,,,9330.0,0.0,0.0,2024-01-05,0
LOAN0009231,CUST004376,BNPL,1,60.0,2.0,8342.18,48261.82,12809.29,2023-10-02,1
LOAN0009232,CUST000956,Personal Loan,0,,,272627.08,0.0,0.0,2025-09-09,0
LOAN0009233,CUST007420,SME Loan,1,150.0,5.0,195418.52,289886.48,60669.7,2023-10-22,1
LOAN0009234,CUST008007,Personal Loan,0,,,305397.44,0.0,0.0,2025-09-25,0
LOAN0009235,CUST007272,SME Loan,1,150.0,5.0,69255.16,110460.84,42535.26,2024-04-01,1
LOAN0009236,CUST002027,Personal Loan,0,,,475581.76,0.0,0.0,2023-12-12,0
LOAN0009237,CUST006919,Personal Loan,0,,,89976.24,0.0,0.0,2026-09-04,0
LOAN0009238,CUST000110,BNPL,0,,,51766.0,0.0,0.0,2023-09-16,0
LOAN0009239,CUST003052,BNPL,1,60.0,2.0,21506.53,20905.47,8323.82,2023-12-10,1
LOAN0009240,CUST003996,Personal Loan,0,,,50830.5,0.0,0.0,2024-06-05,0
LOAN0009241,CUST008366,Personal Loan,0,,,586468.08,0.0,0.0,2024-11-06,0
LOAN0009242,CUST003907,Personal Loan,0,,,545820.31,0.0,0.0,2025-12-03,0
LOAN0009243,CUST000117,Education Loan,0,,,916651.06,0.0,0.0,2025-03-24,0
LOAN0009244,CUST003523,Personal Loan,1,120.0,4.0,4376.19,31043.81,6108.66,2024-03-21,1
LOAN0009245,CUST004997,Personal Loan,1,60.0,2.0,38294.11,268617.89,87511.22,2023-06-21,1
LOAN0009246,CUST009495,Personal Loan,1,210.0,7.0,137011.32,300111.68,44116.42,2024-07-20,1
LOAN0009247,CUST009412,Personal Loan,0,,,452837.6,0.0,0.0,2024-10-29,0
LOAN0009248,CUST001819,BNPL,0,,,25435.98,0.0,0.0,2024-02-25,0
LOAN0009249,CUST001861,Personal Loan,0,,,524345.36,0.0,0.0,2024-08-02,0
LOAN0009250,CUST001643,Personal Loan,0,,,621538.36,0.0,0.0,2026-05-03,0
LOAN0009251,CUST007901,BNPL,1,210.0,7.0,31596.06,9886.94,3398.22,2023-06-02,1
LOAN0009252,CUST000064,Personal Loan,0,,,385845.12,0.0,0.0,2026-07-26,0
LOAN0009253,CUST001283,BNPL,1,150.0,5.0,12148.56,5823.44,1575.45,2024-02-05,1
LOAN0009254,CUST005385,BNPL,0,,,54904.4,0.0,0.0,2023-07-31,0
LOAN0009255,CUST002479,Personal Loan,0,,,321195.2,0.0,0.0,2025-01-14,0
LOAN0009256,CUST000933,SME Loan,0,,,204934.56,0.0,0.0,2025-02-14,0
LOAN0009257,CUST003599,Personal Loan,0,,,159464.91,0.0,0.0,2026-01-18,0
LOAN0009258,CUST002745,Personal Loan,0,,,166875.25,0.0,0.0,2025-06-21,0
LOAN0009259,CUST005117,Personal Loan,1,90.0,3.0,82436.24,318882.76,61872.45,2024-03-29,1
LOAN0009260,CUST009793,Personal Loan,0,,,80520.16,0.0,0.0,2024-03-07,0
LOAN0009261,CUST001256,Personal Loan,1,60.0,2.0,1411.56,23850.44,3036.01,2023-09-16,1
LOAN0009262,CUST003732,SME Loan,0,,,595570.56,0.0,0.0,2026-03-19,0
LOAN0009263,CUST009322,Education Loan,1,180.0,6.0,80606.35,466405.65,58403.93,2024-04-22,1
LOAN0009264,CUST008783,Personal Loan,1,240.0,8.0,107306.43,172965.57,64372.19,2024-03-28,1
LOAN0009265,CUST003947,Personal Loan,0,,,382636.8,0.0,0.0,2026-03-16,0
LOAN0009266,CUST007009,BNPL,1,210.0,7.0,39579.36,11659.64,1349.1,2024-04-14,1
LOAN0009267,CUST000886,BNPL,0,,,52193.04,0.0,0.0,2024-02-11,0
LOAN0009268,CUST007143,Personal Loan,0,,,274106.97,0.0,0.0,2024-08-08,0
LOAN0009269,CUST009729,Personal Loan,0,,,101182.05,0.0,0.0,2024-01-21,0
LOAN0009270,CUST005380,Personal Loan,1,240.0,8.0,27648.81,50577.19,12792.77,2023-08-25,1
LOAN0009271,CUST004992,BNPL,1,120.0,4.0,15219.42,19188.58,2997.51,2024-04-27,1
LOAN0009272,CUST001882,BNPL,0,,,42376.4,0.0,0.0,2024-10-04,0
LOAN0009273,CUST006347,Personal Loan,0,,,422411.04,0.0,0.0,2024-12-06,0
LOAN0009274,CUST005914,Personal Loan,0,,,439758.54,0.0,0.0,2025-04-04,0
LOAN0009275,CUST006529,Personal Loan,0,,,53149.99,0.0,0.0,2025-03-25,0
LOAN0009276,CUST000269,Personal Loan,0,,,250532.04,0.0,0.0,2025-06-12,0
LOAN0009277,CUST005494,BNPL,0,,,29104.18,0.0,0.0,2024-04-04,0
LOAN0009278,CUST005961,BNPL,0,,,43261.28,0.0,0.0,2024-08-11,0
LOAN0009279,CUST002081,Personal Loan,0,,,503903.28,0.0,0.0,2024-01-13,0
LOAN0009280,CUST002088,Personal Loan,0,,,85023.0,0.0,0.0,2024-09-19,0
LOAN0009281,CUST002764,Personal Loan,0,,,227870.72,0.0,0.0,2023-05-09,0
LOAN0009282,CUST007135,Personal Loan,0,,,487006.47,0.0,0.0,2024-02-28,0
LOAN0009283,CUST006075,Personal Loan,0,,,547607.04,0.0,0.0,2025-09-12,0
LOAN0009284,CUST008469,Personal Loan,0,,,446861.9,0.0,0.0,2025-12-13,0
LOAN0009285,CUST002958,Education Loan,0,,,218472.6,0.0,0.0,2027-05-31,0
LOAN0009286,CUST009128,Personal Loan,0,,,551277.72,0.0,0.0,2024-11-23,0
LOAN0009287,CUST007453,Personal Loan,1,180.0,6.0,96239.25,264945.75,49636.83,2023-10-10,1
LOAN0009288,CUST003956,Personal Loan,0,,,238323.28,0.0,0.0,2023-04-26,0
LOAN0009289,CUST000963,Personal Loan,0,,,444082.8,0.0,0.0,2024-07-17,0
LOAN0009290,CUST002575,SME Loan,0,,,86819.58,0.0,0.0,2025-08-28,0
LOAN0009291,CUST009569,BNPL,0,,,61068.1,0.0,0.0,2024-09-01,0
LOAN0009292,CUST003106,BNPL,0,,,38038.02,0.0,0.0,2023-06-17,0
LOAN0009293,CUST003299,BNPL,1,60.0,2.0,5595.71,16245.29,4832.32,2022-10-22,1
LOAN0009294,CUST001904,Personal Loan,0,,,267831.68,0.0,0.0,2026-08-27,0
LOAN0009295,CUST008082,Personal Loan,0,,,254744.6,0.0,0.0,2025-04-14,0
LOAN0009296,CUST002758,BNPL,0,,,14024.5,0.0,0.0,2023-11-19,0
LOAN0009297,CUST003303,BNPL,0,,,29992.14,0.0,0.0,2022-11-25,0
LOAN0009298,CUST004151,BNPL,0,,,61804.4,0.0,0.0,2023-09-28,0
LOAN0009299,CUST004340,Personal Loan,0,,,481814.32,0.0,0.0,2024-11-10,0
LOAN0009300,CUST004122,Personal Loan,0,,,140209.38,0.0,0.0,2024-12-20,0
LOAN0009301,CUST005044,Personal Loan,0,,,437123.38,0.0,0.0,2025-10-14,0
LOAN0009302,CUST008159,Personal Loan,0,,,600288.03,0.0,0.0,2024-08-26,0
LOAN0009303,CUST008209,Personal Loan,0,,,284605.12,0.0,0.0,2025-04-25,0
LOAN0009304,CUST007998,Personal Loan,0,,,399076.6,0.0,0.0,2024-02-25,0
LOAN0009305,CUST001021,SME Loan,0,,,130032.96,0.0,0.0,2024-06-07,0
LOAN0009306,CUST008011,Education Loan,0,,,987347.14,0.0,0.0,2026-02-22,0
LOAN0009307,CUST001216,Personal Loan,0,,,456520.56,0.0,0.0,2024-01-29,0
LOAN0009308,CUST001260,Personal Loan,0,,,139924.41,0.0,0.0,2025-08-15,0
LOAN0009309,CUST009483,Personal Loan,0,,,411021.12,0.0,0.0,2026-08-15,0
LOAN0009310,CUST008210,Personal Loan,0,,,95708.3,0.0,0.0,2026-10-17,0
LOAN0009311,CUST005530,Personal Loan,0,,,265011.6,0.0,0.0,2025-11-17,0
LOAN0009312,CUST008762,Personal Loan,0,,,125068.16,0.0,0.0,2024-08-19,0
LOAN0009313,CUST009891,Personal Loan,0,,,382785.36,0.0,0.0,2024-11-09,0
LOAN0009314,CUST006119,SME Loan,1,210.0,7.0,53676.48,106648.52,20710.32,2023-12-15,1
LOAN0009315,CUST006142,BNPL,0,,,3745.76,0.0,0.0,2024-04-17,0
LOAN0009316,CUST007556,Personal Loan,0,,,170622.72,0.0,0.0,2025-11-14,0
LOAN0009317,CUST002329,Personal Loan,0,,,453586.59,0.0,0.0,2024-04-02,0
LOAN0009318,CUST001682,SME Loan,1,180.0,6.0,173241.25,262402.75,95949.59,2023-11-18,1
LOAN0009319,CUST007607,BNPL,0,,,16523.1,0.0,0.0,2024-03-23,0
LOAN0009320,CUST003448,Personal Loan,0,,,76395.52,0.0,0.0,2026-08-19,0
LOAN0009321,CUST001363,SME Loan,0,,,275305.17,0.0,0.0,2025-07-25,0
LOAN0009322,CUST003150,BNPL,1,150.0,5.0,47900.25,0.0,0.0,2024-05-21,1
LOAN0009323,CUST003587,BNPL,0,,,40630.23,0.0,0.0,2023-07-25,0
LOAN0009324,CUST009654,Personal Loan,0,,,444859.42,0.0,0.0,2026-05-11,0
LOAN0009325,CUST007000,Personal Loan,0,,,364656.96,0.0,0.0,2026-01-16,0
LOAN0009326,CUST005313,SME Loan,0,,,651801.26,0.0,0.0,2025-07-27,0
LOAN0009327,CUST009690,Education Loan,0,,,286753.11,0.0,0.0,2024-02-12,0
LOAN0009328,CUST009040,BNPL,1,240.0,8.0,12303.48,1563.52,200.17,2023-11-26,1
LOAN0009329,CUST005126,SME Loan,0,,,725832.59,0.0,0.0,2025-03-03,0
LOAN0009330,CUST009066,Personal Loan,0,,,540842.2,0.0,0.0,2024-07-09,0
LOAN0009331,CUST004049,BNPL,0,,,3562.89,0.0,0.0,2023-10-08,0
LOAN0009332,CUST002311,Personal Loan,0,,,67529.54,0.0,0.0,2024-02-24,0
LOAN0009333,CUST002334,Personal Loan,0,,,474564.3,0.0,0.0,2023-12-09,0
LOAN0009334,CUST006630,Personal Loan,0,,,248496.54,0.0,0.0,2024-01-25,0
LOAN0009335,CUST005019,BNPL,1,60.0,2.0,5000.03,43990.97,8039.34,2024-01-23,1
LOAN0009336,CUST006598,Personal Loan,0,,,544840.56,0.0,0.0,2025-03-24,0
LOAN0009337,CUST006879,Personal Loan,0,,,218473.08,0.0,0.0,2026-03-01,0
LOAN0009338,CUST000232,Personal Loan,0,,,119891.61,0.0,0.0,2024-09-24,0
LOAN0009339,CUST000548,SME Loan,0,,,575434.08,0.0,0.0,2023-06-04,0
LOAN0009340,CUST005333,Personal Loan,0,,,359369.85,0.0,0.0,2025-09-04,0
LOAN0009341,CUST001918,BNPL,0,,,15735.42,0.0,0.0,2023-06-28,0
LOAN0009342,CUST006334,Personal Loan,0,,,582068.7,0.0,0.0,2025-05-19,0
LOAN0009343,CUST005527,BNPL,0,,,46930.48,0.0,0.0,2024-02-07,0
LOAN0009344,CUST005871,BNPL,1,120.0,4.0,22226.16,29386.84,3438.11,2023-12-22,1
LOAN0009345,CUST003027,SME Loan,1,120.0,4.0,82947.48,474171.52,133872.53,2024-02-28,1
LOAN0009346,CUST006407,Personal Loan,0,,,575696.1,0.0,0.0,2025-08-29,0
LOAN0009347,CUST008309,BNPL,0,,,6985.53,0.0,0.0,2024-08-07,0
LOAN0009348,CUST009980,Personal Loan,1,180.0,6.0,69483.65,242647.35,26952.47,2023-10-20,1
LOAN0009349,CUST008395,Personal Loan,0,,,410184.6,0.0,0.0,2023-05-14,0
LOAN0009350,CUST005584,SME Loan,1,60.0,2.0,3566.51,71220.49,26674.53,2023-11-18,1
LOAN0009351,CUST001939,Personal Loan,0,,,270303.78,0.0,0.0,2026-04-14,0
LOAN0009352,CUST006829,Personal Loan,0,,,538455.68,0.0,0.0,2024-06-22,0
LOAN0009353,CUST009378,BNPL,1,90.0,3.0,20926.32,30280.68,10604.69,2023-12-10,1
LOAN0009354,CUST002124,Personal Loan,0,,,503871.3,0.0,0.0,2025-12-03,0
LOAN0009355,CUST002564,Personal Loan,1,210.0,7.0,5653.38,18779.62,7004.61,2023-04-20,1
LOAN0009356,CUST001501,BNPL,0,,,23861.79,0.0,0.0,2024-07-31,0
LOAN0009357,CUST007384,Personal Loan,0,,,180005.36,0.0,0.0,2024-05-04,0
LOAN0009358,CUST004074,Personal Loan,0,,,405342.6,0.0,0.0,2025-07-06,0
LOAN0009359,CUST000634,Personal Loan,0,,,404870.75,0.0,0.0,2025-08-05,0
LOAN0009360,CUST008762,BNPL,0,,,56903.7,0.0,0.0,2024-05-27,0
LOAN0009361,CUST005585,BNPL,0,,,51796.2,0.0,0.0,2024-06-03,0
LOAN0009362,CUST003311,Personal Loan,0,,,130335.94,0.0,0.0,2025-10-07,0
LOAN0009363,CUST003438,Personal Loan,1,180.0,6.0,161095.75,300064.25,119428.38,2023-05-19,1
LOAN0009364,CUST002905,Personal Loan,1,180.0,6.0,149077.45,340414.55,109625.7,2023-09-13,1
LOAN0009365,CUST004551,Personal Loan,0,,,240075.36,0.0,0.0,2024-11-08,0
LOAN0009366,CUST003366,SME Loan,0,,,523709.31,0.0,0.0,2025-07-20,0
LOAN0009367,CUST005487,Personal Loan,0,,,601430.48,0.0,0.0,2025-06-18,0
LOAN0009368,CUST007744,Personal Loan,0,,,120117.8,0.0,0.0,2024-10-30,0
LOAN0009369,CUST006756,Personal Loan,0,,,164254.2,0.0,0.0,2023-04-06,0
LOAN0009370,CUST002948,Personal Loan,0,,,524775.04,0.0,0.0,2026-07-19,0
LOAN0009371,CUST005294,BNPL,0,,,58952.5,0.0,0.0,2023-09-06,0
LOAN0009372,CUST008410,BNPL,0,,,61401.27,0.0,0.0,2024-02-07,0
LOAN0009373,CUST000690,Personal Loan,0,,,96662.61,0.0,0.0,2026-05-13,0
LOAN0009374,CUST000792,Personal Loan,0,,,92169.22,0.0,0.0,2024-09-07,0
LOAN0009375,CUST005570,SME Loan,0,,,290521.84,0.0,0.0,2025-02-03,0
LOAN0009376,CUST006398,BNPL,0,,,42239.67,0.0,0.0,2024-03-25,0
LOAN0009377,CUST002119,Personal Loan,0,,,484093.47,0.0,0.0,2024-02-28,0
LOAN0009378,CUST007467,Education Loan,1,150.0,5.0,81219.8,287898.2,75675.05,2023-10-22,1
LOAN0009379,CUST006471,Personal Loan,0,,,67881.25,0.0,0.0,2025-12-09,0
LOAN0009380,CUST009236,Personal Loan,0,,,497495.32,0.0,0.0,2025-12-14,0
LOAN0009381,CUST001700,BNPL,0,,,40282.8,0.0,0.0,2024-08-19,0
LOAN0009382,CUST007527,Personal Loan,1,60.0,2.0,32002.15,414196.85,157452.89,2023-12-02,1
LOAN0009383,CUST000844,SME Loan,0,,,111091.92,0.0,0.0,2025-12-09,0
LOAN0009384,CUST005662,SME Loan,0,,,774003.2,0.0,0.0,2026-08-08,0
LOAN0009385,CUST005525,Personal Loan,0,,,87112.44,0.0,0.0,2026-09-11,0
LOAN0009386,CUST003889,Personal Loan,0,,,113944.25,0.0,0.0,2026-03-26,0
LOAN0009387,CUST008455,SME Loan,1,90.0,3.0,38416.98,248652.02,46692.37,2024-02-23,1
LOAN0009388,CUST000046,Personal Loan,0,,,115704.94,0.0,0.0,2024-04-16,0
LOAN0009389,CUST005209,Education Loan,0,,,210317.2,0.0,0.0,2025-12-28,0
LOAN0009390,CUST002177,Personal Loan,0,,,551156.94,0.0,0.0,2025-01-31,0
LOAN0009391,CUST007451,BNPL,0,,,9648.3,0.0,0.0,2024-02-24,0
LOAN0009392,CUST000436,Personal Loan,0,,,234450.0,0.0,0.0,2024-11-28,0
LOAN0009393,CUST008330,Personal Loan,0,,,69724.5,0.0,0.0,2025-10-04,0
LOAN0009394,CUST008391,SME Loan,0,,,358935.67,0.0,0.0,2026-06-24,0
LOAN0009395,CUST008341,BNPL,0,,,2065.63,0.0,0.0,2024-05-25,0
LOAN0009396,CUST001537,BNPL,0,,,34856.64,0.0,0.0,2024-06-26,0
LOAN0009397,CUST006315,BNPL,0,,,14854.8,0.0,0.0,2023-12-02,0
LOAN0009398,CUST000152,BNPL,0,,,42754.2,0.0,0.0,2023-07-06,0
LOAN0009399,CUST008493,Personal Loan,1,180.0,6.0,40509.35,119442.65,32454.77,2024-01-28,1
LOAN0009400,CUST007245,BNPL,0,,,26424.72,0.0,0.0,2023-12-30,0
LOAN0009401,CUST005316,Personal Loan,0,,,513828.16,0.0,0.0,2025-12-09,0
LOAN0009402,CUST007325,Personal Loan,0,,,622170.72,0.0,0.0,2026-04-11,0
LOAN0009403,CUST000954,Personal Loan,0,,,131838.56,0.0,0.0,2025-06-12,0
LOAN0009404,CUST005292,BNPL,0,,,56427.66,0.0,0.0,2024-03-29,0
LOAN0009405,CUST002917,Personal Loan,0,,,223940.92,0.0,0.0,2026-01-23,0
LOAN0009406,CUST009726,SME Loan,0,,,121852.7,0.0,0.0,2024-05-05,0
LOAN0009407,CUST008584,Personal Loan,0,,,418237.92,0.0,0.0,2025-01-13,0
LOAN0009408,CUST007351,Personal Loan,0,,,427407.05,0.0,0.0,2026-07-08,0
LOAN0009409,CUST009339,BNPL,1,210.0,7.0,16956.57,0.0,0.0,2023-10-03,1
LOAN0009410,CUST003464,Personal Loan,0,,,164836.2,0.0,0.0,2024-04-12,0
LOAN0009411,CUST009018,Education Loan,0,,,167815.56,0.0,0.0,2024-03-25,0
LOAN0009412,CUST003253,Personal Loan,0,,,222604.2,0.0,0.0,2025-04-11,0
LOAN0009413,CUST007347,BNPL,0,,,55250.24,0.0,0.0,2024-06-17,0
LOAN0009414,CUST007380,Personal Loan,0,,,453026.25,0.0,0.0,2025-03-23,0
LOAN0009415,CUST000192,Education Loan,1,210.0,7.0,70267.74,294084.26,80630.11,2024-03-15,1
LOAN0009416,CUST003612,Personal Loan,0,,,147182.88,0.0,0.0,2025-12-23,0
LOAN0009417,CUST000204,Education Loan,0,,,770520.19,0.0,0.0,2025-10-14,0
LOAN0009418,CUST009969,Personal Loan,0,,,202523.44,0.0,0.0,2023-10-10,0
LOAN0009419,CUST001236,Personal Loan,1,60.0,2.0,23636.34,412499.66,79929.14,2024-01-07,1
LOAN0009420,CUST005433,BNPL,0,,,40255.76,0.0,0.0,2024-07-13,0
LOAN0009421,CUST007919,Personal Loan,0,,,314250.02,0.0,0.0,2025-01-09,0
LOAN0009422,CUST002017,BNPL,0,,,30104.1,0.0,0.0,2023-08-13,0
LOAN0009423,CUST004857,BNPL,0,,,16630.5,0.0,0.0,2024-02-06,0
LOAN0009424,CUST006086,Personal Loan,0,,,250431.93,0.0,0.0,2024-07-14,0
LOAN0009425,CUST001613,Personal Loan,0,,,97788.33,0.0,0.0,2026-01-03,0
LOAN0009426,CUST007794,SME Loan,1,120.0,4.0,201179.76,354189.24,101933.38,2024-01-02,1
LOAN0009427,CUST002996,Education Loan,0,,,538630.32,0.0,0.0,2024-06-21,0
LOAN0009428,CUST002115,BNPL,0,,,50850.36,0.0,0.0,2024-06-26,0
LOAN0009429,CUST005590,Personal Loan,0,,,49285.88,0.0,0.0,2025-01-22,0
LOAN0009430,CUST004111,Personal Loan,0,,,496608.42,0.0,0.0,2026-09-08,0
LOAN0009431,CUST009207,Personal Loan,1,90.0,3.0,47283.12,232621.88,41587.83,2023-08-03,1
LOAN0009432,CUST008812,BNPL,0,,,39733.44,0.0,0.0,2024-03-05,0
LOAN0009433,CUST004838,BNPL,0,,,14968.0,0.0,0.0,2024-08-24,0
LOAN0009434,CUST003594,BNPL,1,120.0,4.0,25990.14,33011.86,10223.09,2024-04-21,1
LOAN0009435,CUST003256,Personal Loan,1,60.0,2.0,7122.09,101207.91,30310.59,2023-03-18,1
LOAN0009436,CUST002677,Personal Loan,1,60.0,2.0,37634.42,320092.58,61687.69,2023-03-25,1
LOAN0009437,CUST005452,Personal Loan,0,,,60019.5,0.0,0.0,2023-11-23,0
LOAN0009438,CUST008065,SME Loan,0,,,89297.28,0.0,0.0,2025-08-31,0
LOAN0009439,CUST003110,SME Loan,0,,,75273.0,0.0,0.0,2025-06-04,0
LOAN0009440,CUST001909,BNPL,0,,,4888.74,0.0,0.0,2023-10-10,0
LOAN0009441,CUST004753,BNPL,0,,,17101.8,0.0,0.0,2023-03-15,0
LOAN0009442,CUST000698,BNPL,0,,,2381.4,0.0,0.0,2024-05-31,0
LOAN0009443,CUST007033,Personal Loan,1,150.0,5.0,92343.04,255438.96,38287.57,2024-05-04,1
LOAN0009444,CUST005191,Personal Loan,0,,,130082.31,0.0,0.0,2024-09-05,0
LOAN0009445,CUST004971,Personal Loan,0,,,165480.0,0.0,0.0,2026-02-03,0
LOAN0009446,CUST003008,BNPL,0,,,41875.5,0.0,0.0,2023-08-12,0
LOAN0009447,CUST009056,SME Loan,0,,,642716.52,0.0,0.0,2024-04-13,0
LOAN0009448,CUST000914,Personal Loan,0,,,542689.98,0.0,0.0,2025-08-28,0
LOAN0009449,CUST008710,Personal Loan,0,,,154261.4,0.0,0.0,2025-03-09,0
LOAN0009450,CUST003771,Personal Loan,1,90.0,3.0,122421.38,282861.62,84520.48,2024-01-07,1
LOAN0009451,CUST008817,BNPL,0,,,34248.6,0.0,0.0,2024-05-21,0
LOAN0009452,CUST007306,SME Loan,1,90.0,3.0,75849.12,523899.88,95963.78,2023-07-30,1
LOAN0009453,CUST001054,BNPL,0,,,51497.73,0.0,0.0,2023-11-12,0
LOAN0009454,CUST008330,Personal Loan,0,,,51947.6,0.0,0.0,2024-01-31,0
LOAN0009455,CUST006837,BNPL,0,,,43310.04,0.0,0.0,2023-11-02,0
LOAN0009456,CUST000329,Personal Loan,0,,,77900.2,0.0,0.0,2024-07-25,0
LOAN0009457,CUST001350,Personal Loan,0,,,247401.96,0.0,0.0,2026-02-07,0
LOAN0009458,CUST006364,Personal Loan,0,,,193914.5,0.0,0.0,2023-12-20,0
LOAN0009459,CUST006633,SME Loan,0,,,445010.51,0.0,0.0,2026-02-02,0
LOAN0009460,CUST007481,BNPL,0,,,29250.8,0.0,0.0,2024-07-03,0
LOAN0009461,CUST007216,Personal Loan,1,120.0,4.0,16008.03,53049.97,12688.98,2023-05-25,1
LOAN0009462,CUST006603,BNPL,0,,,31350.8,0.0,0.0,2024-06-17,0
LOAN0009463,CUST007671,Personal Loan,0,,,409209.8,0.0,0.0,2024-09-25,0
LOAN0009464,CUST005761,Personal Loan,0,,,604056.4,0.0,0.0,2025-08-10,0
LOAN0009465,CUST002612,BNPL,0,,,47166.91,0.0,0.0,2024-03-14,0
LOAN0009466,CUST009131,BNPL,0,,,53501.4,0.0,0.0,2024-10-31,0
LOAN0009467,CUST000190,Personal Loan,0,,,94766.21,0.0,0.0,2024-10-06,0
LOAN0009468,CUST003666,Personal Loan,0,,,231902.88,0.0,0.0,2024-10-26,0
LOAN0009469,CUST007308,Personal Loan,0,,,76799.2,0.0,0.0,2025-11-24,0
LOAN0009470,CUST004274,Personal Loan,1,210.0,7.0,79269.54,209587.46,47723.19,2024-04-04,1
LOAN0009471,CUST000258,BNPL,0,,,14573.75,0.0,0.0,2023-11-03,0
LOAN0009472,CUST000666,SME Loan,0,,,618775.32,0.0,0.0,2024-11-06,0
LOAN0009473,CUST006493,Personal Loan,1,120.0,4.0,37086.51,268686.49,38768.73,2022-07-17,1
LOAN0009474,CUST009649,Personal Loan,1,210.0,7.0,118325.88,142809.12,33964.31,2023-11-06,1
LOAN0009475,CUST005525,BNPL,0,,,14677.46,0.0,0.0,2024-07-18,0
LOAN0009476,CUST005073,Personal Loan,0,,,162815.39,0.0,0.0,2024-12-14,0
LOAN0009477,CUST003186,BNPL,0,,,49844.4,0.0,0.0,2023-05-21,0
LOAN0009478,CUST002572,SME Loan,0,,,540250.26,0.0,0.0,2024-06-20,0
LOAN0009479,CUST000219,Personal Loan,0,,,692548.48,0.0,0.0,2026-08-07,0
LOAN0009480,CUST002731,Personal Loan,1,90.0,3.0,5291.34,44376.66,11106.55,2023-12-21,1
LOAN0009481,CUST004490,BNPL,0,,,52569.0,0.0,0.0,2024-03-04,0
LOAN0009482,CUST001984,Personal Loan,1,90.0,3.0,36742.2,438021.8,68908.42,2023-12-21,1
LOAN0009483,CUST000881,Personal Loan,0,,,573214.46,0.0,0.0,2025-11-30,0
LOAN0009484,CUST007191,Personal Loan,1,240.0,8.0,186875.43,299459.57,116179.79,2023-06-18,1
LOAN0009485,CUST008957,BNPL,0,,,56564.0,0.0,0.0,2024-01-17,0
LOAN0009486,CUST009370,SME Loan,0,,,654793.44,0.0,0.0,2025-08-02,0
LOAN0009487,CUST006195,Personal Loan,0,,,493882.18,0.0,0.0,2024-12-15,0
LOAN0009488,CUST000536,SME Loan,0,,,695520.54,0.0,0.0,2024-10-18,0
LOAN0009489,CUST007424,Personal Loan,0,,,645780.0,0.0,0.0,2024-08-03,0
LOAN0009490,CUST001114,Personal Loan,0,,,197162.55,0.0,0.0,2025-01-06,0
LOAN0009491,CUST006704,Personal Loan,1,150.0,5.0,145440.6,327046.4,125405.3,2024-05-25,1
LOAN0009492,CUST007805,BNPL,0,,,32905.92,0.0,0.0,2024-08-15,0
LOAN0009493,CUST007276,Personal Loan,0,,,23867.28,0.0,0.0,2024-05-21,0
LOAN0009494,CUST009521,BNPL,0,,,34378.16,0.0,0.0,2024-04-06,0
LOAN0009495,CUST007399,Personal Loan,0,,,309621.6,0.0,0.0,2026-08-25,0
LOAN0009496,CUST006953,Personal Loan,0,,,230317.5,0.0,0.0,2024-10-18,0
LOAN0009497,CUST002623,BNPL,1,240.0,8.0,48521.55,0.0,0.0,2023-09-16,1
LOAN0009498,CUST009250,Personal Loan,0,,,96789.12,0.0,0.0,2024-04-21,0
LOAN0009499,CUST001805,Personal Loan,0,,,373094.8,0.0,0.0,2024-01-20,0
LOAN0009500,CUST009059,Personal Loan,0,,,194416.93,0.0,0.0,2025-11-01,0
LOAN0009501,CUST003130,Education Loan,0,,,933033.42,0.0,0.0,2026-06-19,0
LOAN0009502,CUST001315,Personal Loan,1,90.0,3.0,68506.36,154872.64,38254.52,2023-05-27,1
LOAN0009503,CUST008279,BNPL,0,,,54793.26,0.0,0.0,2024-09-07,0
LOAN0009504,CUST000026,BNPL,0,,,25146.52,0.0,0.0,2024-02-16,0
LOAN0009505,CUST008334,BNPL,1,60.0,2.0,2595.41,19547.59,2196.95,2024-01-29,1
LOAN0009506,CUST002628,Personal Loan,0,,,136286.08,0.0,0.0,2026-05-23,0
LOAN0009507,CUST008860,Personal Loan,0,,,570597.94,0.0,0.0,2025-07-18,0
LOAN0009508,CUST006936,BNPL,0,,,16093.08,0.0,0.0,2022-10-22,0
LOAN0009509,CUST006669,Personal Loan,0,,,684189.22,0.0,0.0,2026-02-07,0
LOAN0009510,CUST003653,Personal Loan,0,,,351683.43,0.0,0.0,2024-04-12,0
LOAN0009511,CUST000602,Personal Loan,0,,,277419.34,0.0,0.0,2025-10-26,0
LOAN0009512,CUST008314,Personal Loan,0,,,489545.91,0.0,0.0,2023-12-30,0
LOAN0009513,CUST001720,Personal Loan,0,,,515072.0,0.0,0.0,2024-03-15,0
LOAN0009514,CUST003727,Personal Loan,0,,,177217.95,0.0,0.0,2026-09-20,0
LOAN0009515,CUST006016,Personal Loan,0,,,83212.29,0.0,0.0,2024-04-01,0
LOAN0009516,CUST004829,BNPL,0,,,54575.25,0.0,0.0,2023-05-10,0
LOAN0009517,CUST001990,Personal Loan,0,,,334652.5,0.0,0.0,2026-09-30,0
LOAN0009518,CUST001421,Personal Loan,0,,,506961.5,0.0,0.0,2024-07-29,0
LOAN0009519,CUST001246,SME Loan,0,,,189146.64,0.0,0.0,2024-07-06,0
LOAN0009520,CUST008642,Personal Loan,1,60.0,2.0,13777.49,162735.51,18842.18,2023-06-18,1
LOAN0009521,CUST000323,Personal Loan,0,,,444054.24,0.0,0.0,2025-12-19,0
LOAN0009522,CUST009773,Personal Loan,0,,,95114.47,0.0,0.0,2023-12-15,0
LOAN0009523,CUST001989,BNPL,0,,,43251.08,0.0,0.0,2023-10-02,0
LOAN0009524,CUST001116,Personal Loan,0,,,687634.95,0.0,0.0,2026-03-06,0
LOAN0009525,CUST005781,BNPL,0,,,16770.04,0.0,0.0,2023-08-20,0
LOAN0009526,CUST000806,SME Loan,0,,,88527.5,0.0,0.0,2025-11-30,0
LOAN0009527,CUST006037,Personal Loan,1,150.0,5.0,61175.68,192283.32,38812.99,2023-09-20,1
LOAN0009528,CUST008521,Personal Loan,0,,,470707.65,0.0,0.0,2026-04-22,0
LOAN0009529,CUST000485,Personal Loan,0,,,225142.08,0.0,0.0,2024-07-28,0
LOAN0009530,CUST008013,BNPL,0,,,26880.64,0.0,0.0,2024-02-04,0
LOAN0009531,CUST003948,BNPL,0,,,15825.63,0.0,0.0,2022-06-12,0
LOAN0009532,CUST001605,Personal Loan,0,,,589517.46,0.0,0.0,2025-04-14,0
LOAN0009533,CUST001771,BNPL,1,240.0,8.0,34597.15,0.0,0.0,2024-06-09,1
LOAN0009534,CUST009192,Personal Loan,0,,,312909.39,0.0,0.0,2024-09-15,0
LOAN0009535,CUST001119,Personal Loan,0,,,475445.04,0.0,0.0,2023-08-04,0
LOAN0009536,CUST008679,Personal Loan,1,120.0,4.0,61553.49,320322.51,98890.1,2024-04-22,1
LOAN0009537,CUST005449,BNPL,0,,,30968.76,0.0,0.0,2023-03-23,0
LOAN0009538,CUST000397,Education Loan,0,,,919985.47,0.0,0.0,2026-08-30,0
LOAN0009539,CUST004645,BNPL,1,120.0,4.0,49059.42,0.0,0.0,2023-12-09,1
LOAN0009540,CUST008190,Personal Loan,0,,,276980.76,0.0,0.0,2026-04-26,0
LOAN0009541,CUST007280,SME Loan,0,,,582586.25,0.0,0.0,2025-03-01,0
LOAN0009542,CUST004897,Personal Loan,0,,,619598.1,0.0,0.0,2025-09-17,0
LOAN0009543,CUST008610,Personal Loan,0,,,493840.2,0.0,0.0,2026-10-21,0
LOAN0009544,CUST001217,Personal Loan,0,,,661396.32,0.0,0.0,2026-02-09,0
LOAN0009545,CUST009107,Personal Loan,0,,,181868.4,0.0,0.0,2025-11-02,0
LOAN0009546,CUST008476,SME Loan,0,,,370410.88,0.0,0.0,2025-03-08,0
LOAN0009547,CUST007099,Personal Loan,0,,,217875.32,0.0,0.0,2024-10-24,0
LOAN0009548,CUST008194,Personal Loan,0,,,343640.22,0.0,0.0,2024-12-22,0
LOAN0009549,CUST005444,SME Loan,0,,,650825.25,0.0,0.0,2025-11-30,0
LOAN0009550,CUST006764,BNPL,0,,,10798.8,0.0,0.0,2024-07-22,0
LOAN0009551,CUST005612,SME Loan,0,,,542870.02,0.0,0.0,2024-10-04,0
LOAN0009552,CUST003557,Personal Loan,0,,,165113.26,0.0,0.0,2026-02-12,0
LOAN0009553,CUST005697,Personal Loan,1,210.0,7.0,90956.16,179321.84,43058.78,2024-07-16,1
LOAN0009554,CUST002579,Personal Loan,1,180.0,6.0,95523.35,149957.65,37510.47,2024-06-16,1
LOAN0009555,CUST004404,Personal Loan,0,,,54855.09,0.0,0.0,2025-02-14,0
LOAN0009556,CUST002812,Personal Loan,0,,,152356.88,0.0,0.0,2026-01-04,0
LOAN0009557,CUST001243,Personal Loan,0,,,272642.94,0.0,0.0,2025-06-04,0
LOAN0009558,CUST003220,Personal Loan,0,,,507161.11,0.0,0.0,2025-06-01,0
LOAN0009559,CUST008533,Personal Loan,1,150.0,5.0,30322.0,127723.0,32507.19,2023-11-16,1
LOAN0009560,CUST003817,Personal Loan,1,210.0,7.0,90531.78,162998.22,38909.29,2022-11-02,1
LOAN0009561,CUST007493,Personal Loan,0,,,15447.6,0.0,0.0,2026-04-29,0
LOAN0009562,CUST001764,SME Loan,0,,,455179.08,0.0,0.0,2025-04-16,0
LOAN0009563,CUST004248,Personal Loan,1,240.0,8.0,97480.74,87666.26,15691.16,2024-08-17,1
LOAN0009564,CUST001162,BNPL,0,,,48459.6,0.0,0.0,2023-06-29,0
LOAN0009565,CUST001400,SME Loan,0,,,471704.22,0.0,0.0,2024-10-06,0
LOAN0009566,CUST006190,BNPL,0,,,8462.8,0.0,0.0,2023-08-07,0
LOAN0009567,CUST006086,Personal Loan,0,,,627249.92,0.0,0.0,2026-05-02,0
LOAN0009568,CUST002138,Personal Loan,0,,,132075.55,0.0,0.0,2024-09-11,0
LOAN0009569,CUST004741,SME Loan,0,,,286808.17,0.0,0.0,2024-11-04,0
LOAN0009570,CUST008645,BNPL,0,,,36950.2,0.0,0.0,2024-05-21,0
LOAN0009571,CUST001752,BNPL,0,,,19042.72,0.0,0.0,2024-05-09,0
LOAN0009572,CUST000201,Personal Loan,0,,,476853.39,0.0,0.0,2024-09-20,0
LOAN0009573,CUST006529,BNPL,0,,,34668.24,0.0,0.0,2024-07-11,0
LOAN0009574,CUST000544,Personal Loan,0,,,101914.75,0.0,0.0,2026-06-17,0
LOAN0009575,CUST009799,Personal Loan,0,,,111542.78,0.0,0.0,2026-09-26,0
LOAN0009576,CUST006108,Personal Loan,0,,,317362.32,0.0,0.0,2025-01-18,0
LOAN0009577,CUST004702,SME Loan,1,150.0,5.0,30914.56,112918.44,35238.72,2024-05-07,1
LOAN0009578,CUST004302,SME Loan,0,,,359866.26,0.0,0.0,2026-03-30,0
LOAN0009579,CUST005742,BNPL,1,60.0,2.0,4265.1,29759.9,11672.6,2023-05-13,1
LOAN0009580,CUST000915,Personal Loan,1,60.0,2.0,34299.14,396022.86,72768.24,2024-02-11,1
LOAN0009581,CUST009304,Personal Loan,0,,,162193.95,0.0,0.0,2024-11-26,0
LOAN0009582,CUST006271,Personal Loan,1,180.0,6.0,6536.8,11808.2,4718.86,2024-04-23,1
LOAN0009583,CUST001849,Education Loan,0,,,969506.58,0.0,0.0,2024-11-26,0
LOAN0009584,CUST005634,Personal Loan,0,,,283184.44,0.0,0.0,2025-07-11,0
LOAN0009585,CUST001346,BNPL,0,,,10279.29,0.0,0.0,2023-11-02,0
LOAN0009586,CUST000184,Education Loan,0,,,498141.0,0.0,0.0,2026-10-01,0
LOAN0009587,CUST006316,SME Loan,0,,,429918.75,0.0,0.0,2025-01-06,0
LOAN0009588,CUST006491,Personal Loan,0,,,193620.53,0.0,0.0,2025-08-15,0
LOAN0009589,CUST005851,Personal Loan,0,,,115351.02,0.0,0.0,2024-10-09,0
LOAN0009590,CUST001843,Personal Loan,1,210.0,7.0,217151.46,280570.54,39722.96,2024-07-15,1
LOAN0009591,CUST006047,BNPL,0,,,48945.54,0.0,0.0,2023-12-11,0
LOAN0009592,CUST000571,Personal Loan,1,180.0,6.0,72406.4,234558.6,47758.91,2024-02-10,1
LOAN0009593,CUST006104,Personal Loan,0,,,227052.06,0.0,0.0,2024-02-23,0
LOAN0009594,CUST005546,SME Loan,0,,,371900.68,0.0,0.0,2025-06-03,0
LOAN0009595,CUST006563,Personal Loan,0,,,619243.68,0.0,0.0,2025-08-11,0
LOAN0009596,CUST008966,SME Loan,0,,,446804.55,0.0,0.0,2026-07-22,0
LOAN0009597,CUST008519,BNPL,1,240.0,8.0,46677.44,0.0,0.0,2023-12-03,1
LOAN0009598,CUST009806,Personal Loan,0,,,290369.85,0.0,0.0,2023-09-11,0
LOAN0009599,CUST009765,Education Loan,0,,,998726.3,0.0,0.0,2025-08-31,0
LOAN0009600,CUST007731,BNPL,0,,,14764.83,0.0,0.0,2023-09-07,0
LOAN0009601,CUST009566,BNPL,0,,,38938.83,0.0,0.0,2024-04-24,0
LOAN0009602,CUST008685,Personal Loan,0,,,103417.35,0.0,0.0,2024-11-25,0
LOAN0009603,CUST007294,Personal Loan,0,,,423541.35,0.0,0.0,2025-03-13,0
LOAN0009604,CUST000762,Personal Loan,0,,,44314.71,0.0,0.0,2025-04-12,0
LOAN0009605,CUST000496,Personal Loan,0,,,62747.04,0.0,0.0,2023-12-31,0
LOAN0009606,CUST008386,BNPL,0,,,9831.0,0.0,0.0,2024-02-22,0
LOAN0009607,CUST004908,BNPL,0,,,51791.7,0.0,0.0,2024-01-07,0
LOAN0009608,CUST008160,Personal Loan,0,,,299099.5,0.0,0.0,2024-07-15,0
LOAN0009609,CUST003133,SME Loan,0,,,548915.3,0.0,0.0,2024-09-28,0
LOAN0009610,CUST003982,Education Loan,0,,,132721.04,0.0,0.0,2027-04-27,0
LOAN0009611,CUST007023,SME Loan,0,,,318794.84,0.0,0.0,2025-03-22,0
LOAN0009612,CUST009156,Personal Loan,0,,,176760.72,0.0,0.0,2025-05-23,0
LOAN0009613,CUST000885,BNPL,0,,,21339.48,0.0,0.0,2023-02-28,0
LOAN0009614,CUST008627,Personal Loan,0,,,546589.76,0.0,0.0,2025-04-30,0
LOAN0009615,CUST007942,Personal Loan,0,,,538870.31,0.0,0.0,2024-08-01,0
LOAN0009616,CUST003155,SME Loan,0,,,375498.35,0.0,0.0,2026-01-29,0
LOAN0009617,CUST003555,Personal Loan,0,,,108780.24,0.0,0.0,2024-11-13,0
LOAN0009618,CUST000471,Personal Loan,0,,,292730.48,0.0,0.0,2026-02-17,0
LOAN0009619,CUST000164,Personal Loan,0,,,203802.37,0.0,0.0,2026-04-16,0
LOAN0009620,CUST004769,Personal Loan,1,60.0,2.0,16288.28,288765.72,54064.94,2023-04-13,1
LOAN0009621,CUST000966,Personal Loan,1,240.0,8.0,61478.13,66513.87,20713.54,2023-07-15,1
LOAN0009622,CUST001945,Personal Loan,0,,,325353.51,0.0,0.0,2024-07-25,0
LOAN0009623,CUST008479,BNPL,0,,,25521.44,0.0,0.0,2022-07-03,0
LOAN0009624,CUST005722,BNPL,1,60.0,2.0,4484.53,39525.47,15060.6,2023-09-14,1
LOAN0009625,CUST006345,Personal Loan,0,,,547384.7,0.0,0.0,2024-03-22,0
LOAN0009626,CUST001884,Personal Loan,0,,,410726.4,0.0,0.0,2023-11-08,0
LOAN0009627,CUST008300,Education Loan,1,90.0,3.0,27269.7,477556.3,130505.33,2023-12-03,1
LOAN0009628,CUST008692,SME Loan,0,,,491912.0,0.0,0.0,2025-05-12,0
LOAN0009629,CUST005238,Personal Loan,1,180.0,6.0,226293.25,226114.75,28682.97,2024-01-06,1
LOAN0009630,CUST009132,Personal Loan,0,,,505934.64,0.0,0.0,2024-04-21,0
LOAN0009631,CUST008458,BNPL,0,,,39328.05,0.0,0.0,2023-12-03,0
LOAN0009632,CUST007333,Personal Loan,0,,,570330.96,0.0,0.0,2024-03-29,0
LOAN0009633,CUST007359,SME Loan,0,,,202946.94,0.0,0.0,2024-04-27,0
LOAN0009634,CUST001065,Personal Loan,1,90.0,3.0,31116.72,125355.28,49353.84,2023-05-28,1
LOAN0009635,CUST002710,SME Loan,0,,,617991.6,0.0,0.0,2024-09-03,0
LOAN0009636,CUST000676,SME Loan,1,90.0,3.0,50422.54,200400.46,68530.73,2023-04-01,1
LOAN0009637,CUST000092,Personal Loan,0,,,233406.25,0.0,0.0,2023-10-13,0
LOAN0009638,CUST001591,Personal Loan,1,90.0,3.0,102480.56,224625.44,22650.86,2024-02-29,1
LOAN0009639,CUST008816,Personal Loan,0,,,580880.48,0.0,0.0,2025-04-29,0
LOAN0009640,CUST002402,Personal Loan,0,,,291742.75,0.0,0.0,2025-01-28,0
LOAN0009641,CUST009701,BNPL,1,240.0,8.0,41682.27,10863.73,2886.36,2024-04-01,1
LOAN0009642,CUST005987,BNPL,1,60.0,2.0,7977.53,23085.47,5201.03,2023-03-19,1
LOAN0009643,CUST002377,BNPL,0,,,59680.26,0.0,0.0,2023-11-04,0
LOAN0009644,CUST004979,Personal Loan,0,,,231242.9,0.0,0.0,2024-05-19,0
LOAN0009645,CUST002196,Personal Loan,0,,,324565.05,0.0,0.0,2024-12-09,0
LOAN0009646,CUST009835,Personal Loan,0,,,216991.45,0.0,0.0,2023-11-27,0
LOAN0009647,CUST008485,SME Loan,0,,,409008.78,0.0,0.0,2025-03-22,0
LOAN0009648,CUST000272,Education Loan,0,,,729964.13,0.0,0.0,2027-05-24,0
LOAN0009649,CUST009483,Personal Loan,1,240.0,8.0,55710.55,110493.45,35033.14,2023-11-20,1
LOAN0009650,CUST007225,Education Loan,0,,,624019.5,0.0,0.0,2027-02-07,0
LOAN0009651,CUST000832,Personal Loan,0,,,189709.2,0.0,0.0,2024-10-30,0
LOAN0009652,CUST006713,Personal Loan,0,,,58427.6,0.0,0.0,2024-11-10,0
LOAN0009653,CUST006477,Personal Loan,0,,,171831.8,0.0,0.0,2025-12-26,0
LOAN0009654,CUST002193,Personal Loan,0,,,51690.06,0.0,0.0,2023-07-31,0
LOAN0009655,CUST007594,Education Loan,1,240.0,8.0,225951.67,620946.33,85652.45,2024-03-03,1
LOAN0009656,CUST000878,Personal Loan,0,,,137555.1,0.0,0.0,2023-08-08,0
LOAN0009657,CUST004905,SME Loan,1,150.0,5.0,81307.64,222149.36,42740.09,2024-05-16,1
LOAN0009658,CUST000102,Personal Loan,0,,,665167.65,0.0,0.0,2025-10-05,0
LOAN0009659,CUST009689,Personal Loan,0,,,561997.26,0.0,0.0,2026-02-26,0
LOAN0009660,CUST007529,BNPL,0,,,21350.07,0.0,0.0,2024-02-24,0
LOAN0009661,CUST001597,Personal Loan,0,,,383791.23,0.0,0.0,2025-08-27,0
LOAN0009662,CUST003417,Personal Loan,0,,,35020.48,0.0,0.0,2025-10-25,0
LOAN0009663,CUST001616,Personal Loan,1,60.0,2.0,9394.06,67245.94,12279.83,2023-10-20,1
LOAN0009664,CUST007675,Personal Loan,0,,,297521.7,0.0,0.0,2025-01-03,0
LOAN0009665,CUST000596,Personal Loan,1,210.0,7.0,159899.64,110974.36,20592.28,2024-06-15,1
LOAN0009666,CUST008413,BNPL,0,,,7312.5,0.0,0.0,2024-01-09,0
LOAN0009667,CUST009423,BNPL,1,60.0,2.0,6343.12,12536.88,1722.76,2023-09-18,1
LOAN0009668,CUST006780,Personal Loan,0,,,485322.84,0.0,0.0,2025-05-17,0
LOAN0009669,CUST002134,BNPL,0,,,36908.65,0.0,0.0,2024-05-14,0
LOAN0009670,CUST003600,Personal Loan,0,,,496496.9,0.0,0.0,2024-04-19,0
LOAN0009671,CUST004772,Personal Loan,1,120.0,4.0,8624.1,19635.9,3469.33,2024-03-19,1
LOAN0009672,CUST006058,BNPL,1,240.0,8.0,13342.0,5015.0,655.33,2024-08-22,1
LOAN0009673,CUST006695,Personal Loan,0,,,467459.52,0.0,0.0,2024-07-12,0
LOAN0009674,CUST005549,SME Loan,0,,,649857.39,0.0,0.0,2025-02-28,0
LOAN0009675,CUST003510,BNPL,0,,,32324.64,0.0,0.0,2023-10-05,0
LOAN0009676,CUST008920,Personal Loan,1,90.0,3.0,52058.08,309910.92,43057.76,2023-11-05,1
LOAN0009677,CUST000822,SME Loan,1,60.0,2.0,55978.21,410169.79,44106.57,2024-02-25,1
LOAN0009678,CUST004661,Personal Loan,0,,,365708.24,0.0,0.0,2026-04-23,0
LOAN0009679,CUST007764,SME Loan,0,,,343318.65,0.0,0.0,2025-02-28,0
LOAN0009680,CUST000617,Personal Loan,0,,,483509.34,0.0,0.0,2025-07-25,0
LOAN0009681,CUST007072,Personal Loan,1,210.0,7.0,86592.96,264221.04,29948.43,2023-04-26,1
LOAN0009682,CUST008214,Personal Loan,1,90.0,3.0,35436.42,257854.58,70592.72,2024-03-17,1
LOAN0009683,CUST006617,SME Loan,0,,,395025.1,0.0,0.0,2024-03-05,0
LOAN0009684,CUST000137,Personal Loan,0,,,157904.67,0.0,0.0,2025-07-23,0
LOAN0009685,CUST001811,BNPL,0,,,9129.35,0.0,0.0,2024-05-15,0
LOAN0009686,CUST003421,Personal Loan,0,,,447372.8,0.0,0.0,2025-08-29,0
LOAN0009687,CUST002343,Personal Loan,0,,,624621.0,0.0,0.0,2025-12-10,0
LOAN0009688,CUST009628,BNPL,0,,,48516.6,0.0,0.0,2024-08-09,0
LOAN0009689,CUST006525,Personal Loan,1,60.0,2.0,20986.85,255161.15,102022.48,2023-11-06,1
LOAN0009690,CUST002972,Personal Loan,0,,,210150.72,0.0,0.0,2026-08-10,0
LOAN0009691,CUST009300,SME Loan,0,,,794989.35,0.0,0.0,2025-04-21,0
LOAN0009692,CUST007422,SME Loan,0,,,541166.43,0.0,0.0,2025-03-26,0
LOAN0009693,CUST002848,Personal Loan,0,,,670898.16,0.0,0.0,2026-11-10,0
LOAN0009694,CUST003794,SME Loan,0,,,479891.34,0.0,0.0,2024-01-09,0
LOAN0009695,CUST001997,Personal Loan,0,,,227950.45,0.0,0.0,2024-10-13,0
LOAN0009696,CUST009711,Personal Loan,0,,,311084.55,0.0,0.0,2025-10-23,0
LOAN0009697,CUST005180,SME Loan,0,,,139776.67,0.0,0.0,2023-08-07,0
LOAN0009698,CUST008970,BNPL,0,,,45760.24,0.0,0.0,2024-03-25,0
LOAN0009699,CUST003461,SME Loan,0,,,267590.76,0.0,0.0,2025-09-19,0
LOAN0009700,CUST008620,Personal Loan,0,,,325604.95,0.0,0.0,2024-09-27,0
LOAN0009701,CUST000547,BNPL,1,90.0,3.0,5739.74,13822.26,2285.23,2023-06-12,1
LOAN0009702,CUST009819,BNPL,1,240.0,8.0,47160.89,6723.11,1917.1,2023-10-28,1
LOAN0009703,CUST009128,Personal Loan,0,,,302291.76,0.0,0.0,2025-08-06,0
LOAN0009704,CUST003633,BNPL,0,,,5567.22,0.0,0.0,2024-02-23,0
LOAN0009705,CUST007756,Personal Loan,0,,,118500.14,0.0,0.0,2025-08-08,0
LOAN0009706,CUST007536,Personal Loan,0,,,465156.93,0.0,0.0,2025-06-11,0
LOAN0009707,CUST009022,Education Loan,0,,,673894.76,0.0,0.0,2025-03-09,0
LOAN0009708,CUST003075,BNPL,0,,,23324.0,0.0,0.0,2024-04-29,0
LOAN0009709,CUST004655,Personal Loan,1,210.0,7.0,75709.56,216969.44,63259.14,2024-02-28,1
LOAN0009710,CUST008661,SME Loan,0,,,352426.2,0.0,0.0,2024-07-24,0
LOAN0009711,CUST007795,Personal Loan,0,,,384986.46,0.0,0.0,2024-04-29,0
LOAN0009712,CUST003939,BNPL,1,150.0,5.0,28930.76,0.0,0.0,2023-12-26,1
LOAN0009713,CUST008468,BNPL,0,,,58350.32,0.0,0.0,2024-06-12,0
LOAN0009714,CUST000477,SME Loan,1,240.0,8.0,171250.1,80345.9,9402.16,2023-06-27,1
LOAN0009715,CUST007833,Personal Loan,0,,,536921.55,0.0,0.0,2025-12-18,0
LOAN0009716,CUST002072,Personal Loan,0,,,220104.92,0.0,0.0,2026-02-24,0
LOAN0009717,CUST002865,SME Loan,1,150.0,5.0,77317.96,138504.04,20784.7,2023-11-21,1
LOAN0009718,CUST004943,Education Loan,0,,,310923.88,0.0,0.0,2026-10-19,0
LOAN0009719,CUST004495,BNPL,0,,,6335.1,0.0,0.0,2024-05-13,0
LOAN0009720,CUST005214,Personal Loan,0,,,382462.92,0.0,0.0,2024-02-05,0
LOAN0009721,CUST005455,SME Loan,0,,,701710.36,0.0,0.0,2026-01-07,0
LOAN0009722,CUST003314,Personal Loan,0,,,341680.02,0.0,0.0,2024-06-05,0
LOAN0009723,CUST001764,BNPL,0,,,36816.3,0.0,0.0,2024-04-18,0
LOAN0009724,CUST007694,BNPL,0,,,17930.05,0.0,0.0,2024-05-29,0
LOAN0009725,CUST004007,Personal Loan,1,210.0,7.0,19554.36,60328.64,6598.27,2023-03-22,1
LOAN0009726,CUST005064,Personal Loan,0,,,49346.82,0.0,0.0,2025-11-01,0
LOAN0009727,CUST006454,SME Loan,0,,,677964.21,0.0,0.0,2024-11-09,0
LOAN0009728,CUST009104,Personal Loan,0,,,334552.02,0.0,0.0,2026-03-27,0
LOAN0009729,CUST007091,Personal Loan,1,60.0,2.0,11309.44,216748.56,81018.45,2023-10-19,1
LOAN0009730,CUST000460,BNPL,1,90.0,3.0,8165.0,28498.0,5808.65,2023-03-22,1
LOAN0009731,CUST008396,BNPL,1,240.0,8.0,58060.71,0.0,0.0,2024-08-24,1
LOAN0009732,CUST009891,SME Loan,0,,,270028.98,0.0,0.0,2024-10-02,0
LOAN0009733,CUST004721,Personal Loan,0,,,332462.52,0.0,0.0,2023-11-29,0
LOAN0009734,CUST009696,SME Loan,1,120.0,4.0,107072.22,376089.78,76176.31,2023-11-13,1
LOAN0009735,CUST005481,BNPL,1,120.0,4.0,4428.9,8646.1,958.43,2022-11-14,1
LOAN0009736,CUST004593,Personal Loan,0,,,512393.75,0.0,0.0,2025-10-17,0
LOAN0009737,CUST003313,SME Loan,0,,,434643.16,0.0,0.0,2024-06-04,0
LOAN0009738,CUST006585,Personal Loan,0,,,438206.64,0.0,0.0,2025-12-21,0
LOAN0009739,CUST002305,SME Loan,1,120.0,4.0,39684.63,70329.37,18057.12,2023-11-02,1
LOAN0009740,CUST001060,Personal Loan,1,120.0,4.0,15118.77,104536.23,15839.24,2024-03-02,1
LOAN0009741,CUST000280,Personal Loan,0,,,721099.83,0.0,0.0,2026-05-04,0
LOAN0009742,CUST002929,Personal Loan,0,,,332620.38,0.0,0.0,2024-05-02,0
LOAN0009743,CUST003964,Personal Loan,0,,,503927.92,0.0,0.0,2024-03-07,0
LOAN0009744,CUST005527,BNPL,1,120.0,4.0,31785.99,0.0,0.0,2023-03-11,1
LOAN0009745,CUST002932,Personal Loan,0,,,94313.8,0.0,0.0,2025-07-03,0
LOAN0009746,CUST009836,Personal Loan,0,,,70554.7,0.0,0.0,2024-06-20,0
LOAN0009747,CUST002922,SME Loan,0,,,708296.06,0.0,0.0,2025-05-09,0
LOAN0009748,CUST004411,Personal Loan,0,,,396247.53,0.0,0.0,2024-06-18,0
LOAN0009749,CUST001044,Personal Loan,1,180.0,6.0,103943.3,273862.7,37734.25,2024-03-25,1
LOAN0009750,CUST002610,Personal Loan,0,,,468529.2,0.0,0.0,2024-10-13,0
LOAN0009751,CUST000490,Education Loan,0,,,816740.1,0.0,0.0,2026-01-28,0
LOAN0009752,CUST005601,Personal Loan,0,,,430253.67,0.0,0.0,2025-07-25,0
LOAN0009753,CUST007525,Personal Loan,1,210.0,7.0,79375.38,170706.62,63493.99,2023-11-21,1
LOAN0009754,CUST001960,Personal Loan,0,,,156358.5,0.0,0.0,2025-11-06,0
LOAN0009755,CUST003680,Personal Loan,1,90.0,3.0,55980.58,364605.42,104886.89,2023-05-14,1
LOAN0009756,CUST000173,Personal Loan,0,,,635225.5,0.0,0.0,2025-11-19,0
LOAN0009757,CUST008404,BNPL,1,210.0,7.0,24969.66,0.0,0.0,2023-10-19,1
LOAN0009758,CUST007812,BNPL,0,,,28030.0,0.0,0.0,2024-05-24,0
LOAN0009759,CUST000640,Personal Loan,0,,,280815.99,0.0,0.0,2026-01-06,0
LOAN0009760,CUST003649,BNPL,0,,,16684.2,0.0,0.0,2024-04-06,0
LOAN0009761,CUST009556,Education Loan,0,,,751332.78,0.0,0.0,2025-10-21,0
LOAN0009762,CUST003924,BNPL,0,,,19243.8,0.0,0.0,2024-10-11,0
LOAN0009763,CUST005265,SME Loan,0,,,329494.5,0.0,0.0,2025-11-10,0
LOAN0009764,CUST003555,BNPL,0,,,6063.33,0.0,0.0,2024-06-24,0
LOAN0009765,CUST005973,Education Loan,0,,,110622.0,0.0,0.0,2027-01-19,0
LOAN0009766,CUST009782,Personal Loan,1,150.0,5.0,50818.28,223488.72,68444.75,2022-10-17,1
LOAN0009767,CUST009974,Personal Loan,0,,,286922.22,0.0,0.0,2025-01-02,0
LOAN0009768,CUST007756,BNPL,0,,,3727.32,0.0,0.0,2024-04-07,0
LOAN0009769,CUST004049,BNPL,0,,,33275.3,0.0,0.0,2024-07-23,0
LOAN0009770,CUST004954,SME Loan,0,,,185476.4,0.0,0.0,2024-01-17,0
LOAN0009771,CUST003569,SME Loan,0,,,248640.15,0.0,0.0,2025-12-01,0
LOAN0009772,CUST009851,BNPL,0,,,9654.68,0.0,0.0,2024-04-20,0
LOAN0009773,CUST007093,BNPL,0,,,21097.62,0.0,0.0,2024-06-22,0
LOAN0009774,CUST004489,Personal Loan,0,,,265390.56,0.0,0.0,2025-01-30,0
LOAN0009775,CUST000127,Education Loan,0,,,679652.37,0.0,0.0,2026-06-21,0
LOAN0009776,CUST005213,Personal Loan,0,,,602679.16,0.0,0.0,2026-05-15,0
LOAN0009777,CUST009834,Personal Loan,0,,,257981.44,0.0,0.0,2025-01-23,0
LOAN0009778,CUST005236,Personal Loan,1,180.0,6.0,267994.1,127321.9,33432.72,2023-07-03,1
LOAN0009779,CUST001833,BNPL,0,,,56815.68,0.0,0.0,2023-10-13,0
LOAN0009780,CUST000230,Personal Loan,0,,,324364.05,0.0,0.0,2024-10-07,0
LOAN0009781,CUST003550,Personal Loan,1,90.0,3.0,12575.7,124499.3,24031.97,2023-12-22,1
LOAN0009782,CUST009186,BNPL,0,,,24036.0,0.0,0.0,2024-04-30,0
LOAN0009783,CUST009964,BNPL,1,60.0,2.0,1929.8,15037.2,1859.62,2023-11-12,1
LOAN0009784,CUST009457,Personal Loan,0,,,361195.77,0.0,0.0,2024-04-24,0
LOAN0009785,CUST007314,BNPL,0,,,40776.54,0.0,0.0,2023-08-23,0
LOAN0009786,CUST005589,SME Loan,0,,,590171.19,0.0,0.0,2025-08-20,0
LOAN0009787,CUST005916,Personal Loan,0,,,150769.35,0.0,0.0,2025-06-15,0
LOAN0009788,CUST005395,SME Loan,0,,,596486.44,0.0,0.0,2024-12-28,0
LOAN0009789,CUST007086,Personal Loan,0,,,162598.94,0.0,0.0,2024-11-30,0
LOAN0009790,CUST004194,BNPL,0,,,60588.3,0.0,0.0,2024-03-06,0
LOAN0009791,CUST006699,Education Loan,1,240.0,8.0,31361.54,130740.46,48338.24,2024-03-29,1
LOAN0009792,CUST001229,SME Loan,1,120.0,4.0,54239.37,348409.63,107602.42,2024-02-05,1
LOAN0009793,CUST002659,Personal Loan,0,,,377074.19,0.0,0.0,2024-07-01,0
LOAN0009794,CUST008372,BNPL,0,,,58227.54,0.0,0.0,2024-07-11,0
LOAN0009795,CUST009047,SME Loan,0,,,119594.2,0.0,0.0,2025-04-17,0
LOAN0009796,CUST005395,Personal Loan,0,,,468298.71,0.0,0.0,2026-05-21,0
LOAN0009797,CUST000323,Personal Loan,0,,,219500.5,0.0,0.0,2025-12-23,0
LOAN0009798,CUST009273,BNPL,0,,,48109.6,0.0,0.0,2024-07-27,0
LOAN0009799,CUST007040,Personal Loan,0,,,447414.28,0.0,0.0,2025-02-10,0
LOAN0009800,CUST004148,Personal Loan,1,60.0,2.0,17963.27,277231.73,56257.59,2023-05-21,1
LOAN0009801,CUST005996,SME Loan,0,,,391532.19,0.0,0.0,2025-02-06,0
LOAN0009802,CUST004300,SME Loan,1,180.0,6.0,49761.35,99725.65,17806.77,2024-03-12,1
LOAN0009803,CUST004653,BNPL,1,60.0,2.0,5389.81,26866.19,8816.75,2023-10-15,1
LOAN0009804,CUST008880,Personal Loan,0,,,145032.48,0.0,0.0,2025-12-06,0
LOAN0009805,CUST001620,BNPL,0,,,13701.55,0.0,0.0,2024-02-08,0
LOAN0009806,CUST001049,Education Loan,0,,,801342.25,0.0,0.0,2025-09-19,0
LOAN0009807,CUST000028,Personal Loan,0,,,510608.88,0.0,0.0,2024-11-12,0
LOAN0009808,CUST003143,Personal Loan,0,,,361927.0,0.0,0.0,2024-01-01,0
LOAN0009809,CUST001487,BNPL,0,,,16888.15,0.0,0.0,2024-05-26,0
LOAN0009810,CUST002204,Personal Loan,0,,,350694.56,0.0,0.0,2025-02-19,0
LOAN0009811,CUST000117,Education Loan,0,,,712694.56,0.0,0.0,2025-06-30,0
LOAN0009812,CUST002277,SME Loan,1,210.0,7.0,134370.12,89641.88,16388.0,2024-07-22,1
LOAN0009813,CUST003325,Personal Loan,0,,,216299.16,0.0,0.0,2024-03-07,0
LOAN0009814,CUST000323,Personal Loan,0,,,183167.0,0.0,0.0,2026-01-22,0
LOAN0009815,CUST006091,Personal Loan,0,,,378937.68,0.0,0.0,2024-10-10,0
LOAN0009816,CUST005697,Personal Loan,0,,,391029.3,0.0,0.0,2024-08-19,0
LOAN0009817,CUST000980,Personal Loan,0,,,551064.5,0.0,0.0,2024-05-17,0
LOAN0009818,CUST005961,SME Loan,0,,,512726.02,0.0,0.0,2025-01-07,0
LOAN0009819,CUST009985,Education Loan,0,,,496161.12,0.0,0.0,2026-11-18,0
LOAN0009820,CUST009447,SME Loan,1,180.0,6.0,170279.55,218866.45,46941.89,2023-12-15,1
LOAN0009821,CUST000028,Personal Loan,1,150.0,5.0,66576.4,345593.6,64335.73,2024-03-17,1
LOAN0009822,CUST007968,SME Loan,0,,,386884.64,0.0,0.0,2025-03-01,0
LOAN0009823,CUST003538,Personal Loan,0,,,31962.64,0.0,0.0,2025-09-27,0
LOAN0009824,CUST000645,Personal Loan,0,,,403639.73,0.0,0.0,2024-09-30,0
LOAN0009825,CUST002963,BNPL,0,,,9948.96,0.0,0.0,2022-12-03,0
LOAN0009826,CUST003219,Personal Loan,0,,,158988.6,0.0,0.0,2024-01-09,0
LOAN0009827,CUST005237,Personal Loan,0,,,358847.36,0.0,0.0,2025-04-10,0
LOAN0009828,CUST006619,Personal Loan,0,,,458630.25,0.0,0.0,2025-10-05,0
LOAN0009829,CUST007505,Personal Loan,0,,,419459.6,0.0,0.0,2026-06-10,0
LOAN0009830,CUST002463,Personal Loan,0,,,12776.67,0.0,0.0,2025-12-03,0
LOAN0009831,CUST003220,Personal Loan,0,,,577901.52,0.0,0.0,2025-09-02,0
LOAN0009832,CUST003087,BNPL,0,,,43007.64,0.0,0.0,2023-06-21,0
LOAN0009833,CUST003629,SME Loan,0,,,598424.16,0.0,0.0,2024-03-18,0
LOAN0009834,CUST009997,Education Loan,0,,,954089.18,0.0,0.0,2027-01-12,0
LOAN0009835,CUST007789,Personal Loan,0,,,454849.83,0.0,0.0,2026-03-08,0
LOAN0009836,CUST009750,SME Loan,0,,,124497.87,0.0,0.0,2025-04-23,0
LOAN0009837,CUST006952,BNPL,0,,,42387.94,0.0,0.0,2024-02-20,0
LOAN0009838,CUST004072,BNPL,0,,,21392.16,0.0,0.0,2023-01-20,0
LOAN0009839,CUST003901,BNPL,0,,,50021.73,0.0,0.0,2024-02-09,0
LOAN0009840,CUST004895,BNPL,0,,,36550.2,0.0,0.0,2024-04-22,0
LOAN0009841,CUST004176,Personal Loan,0,,,220581.96,0.0,0.0,2023-10-08,0
LOAN0009842,CUST008297,Personal Loan,0,,,309008.8,0.0,0.0,2023-09-27,0
LOAN0009843,CUST004649,Education Loan,0,,,303812.88,0.0,0.0,2024-09-22,0
LOAN0009844,CUST002958,Education Loan,0,,,1055278.18,0.0,0.0,2025-10-16,0
LOAN0009845,CUST007757,Personal Loan,0,,,287239.8,0.0,0.0,2025-12-21,0
LOAN0009846,CUST008556,Personal Loan,0,,,23284.22,0.0,0.0,2026-02-16,0
LOAN0009847,CUST004211,BNPL,0,,,20142.78,0.0,0.0,2024-04-16,0
LOAN0009848,CUST006687,Personal Loan,0,,,281548.4,0.0,0.0,2026-10-05,0
LOAN0009849,CUST000595,Education Loan,0,,,339986.27,0.0,0.0,2025-01-15,0
LOAN0009850,CUST005300,Personal Loan,0,,,348986.16,0.0,0.0,2024-03-30,0
LOAN0009851,CUST000455,BNPL,0,,,45597.76,0.0,0.0,2024-02-19,0
LOAN0009852,CUST000299,Personal Loan,0,,,472462.38,0.0,0.0,2025-05-28,0
LOAN0009853,CUST006142,Personal Loan,0,,,576446.93,0.0,0.0,2025-11-18,0
LOAN0009854,CUST003035,Personal Loan,0,,,434342.85,0.0,0.0,2024-10-18,0
LOAN0009855,CUST007442,Personal Loan,0,,,633988.41,0.0,0.0,2026-07-22,0
LOAN0009856,CUST008970,BNPL,0,,,22159.36,0.0,0.0,2023-05-30,0
LOAN0009857,CUST001407,Education Loan,0,,,184930.5,0.0,0.0,2025-12-29,0
LOAN0009858,CUST007263,Personal Loan,0,,,303547.6,0.0,0.0,2025-04-30,0
LOAN0009859,CUST005151,Personal Loan,0,,,191025.36,0.0,0.0,2023-02-18,0
LOAN0009860,CUST001135,SME Loan,0,,,415278.76,0.0,0.0,2025-11-13,0
LOAN0009861,CUST006525,Personal Loan,0,,,376483.84,0.0,0.0,2026-04-20,0
LOAN0009862,CUST006107,Personal Loan,0,,,202186.38,0.0,0.0,2025-10-20,0
LOAN0009863,CUST005162,Personal Loan,0,,,74635.25,0.0,0.0,2025-09-26,0
LOAN0009864,CUST009267,SME Loan,0,,,487042.2,0.0,0.0,2023-12-27,0
LOAN0009865,CUST005218,SME Loan,0,,,643431.39,0.0,0.0,2024-06-22,0
LOAN0009866,CUST009902,Personal Loan,1,150.0,5.0,87852.4,253629.6,80262.21,2023-11-15,1
LOAN0009867,CUST005099,Personal Loan,0,,,376506.88,0.0,0.0,2024-07-30,0
LOAN0009868,CUST001173,SME Loan,0,,,262674.08,0.0,0.0,2025-03-27,0
LOAN0009869,CUST004703,Personal Loan,0,,,134558.85,0.0,0.0,2024-03-14,0
LOAN0009870,CUST001832,Personal Loan,0,,,486587.76,0.0,0.0,2025-10-03,0
LOAN0009871,CUST005984,Personal Loan,0,,,138405.69,0.0,0.0,2025-06-19,0
LOAN0009872,CUST006952,Personal Loan,0,,,516279.9,0.0,0.0,2023-11-11,0
LOAN0009873,CUST004683,SME Loan,0,,,208214.96,0.0,0.0,2024-07-24,0
LOAN0009874,CUST000986,Personal Loan,0,,,374595.54,0.0,0.0,2026-06-03,0
LOAN0009875,CUST004685,Personal Loan,0,,,266483.17,0.0,0.0,2025-04-01,0
LOAN0009876,CUST000823,Personal Loan,0,,,600861.51,0.0,0.0,2026-02-14,0
LOAN0009877,CUST006837,Personal Loan,0,,,48425.65,0.0,0.0,2026-01-23,0
LOAN0009878,CUST007917,BNPL,0,,,3892.2,0.0,0.0,2023-06-23,0
LOAN0009879,CUST009625,BNPL,0,,,22015.08,0.0,0.0,2023-10-14,0
LOAN0009880,CUST001499,Personal Loan,1,210.0,7.0,7430.22,12091.78,2304.81,2024-01-02,1
LOAN0009881,CUST005330,BNPL,0,,,23119.38,0.0,0.0,2024-06-26,0
LOAN0009882,CUST005685,Personal Loan,0,,,348105.92,0.0,0.0,2024-08-07,0
LOAN0009883,CUST009229,Personal Loan,1,60.0,2.0,5750.79,112204.21,37722.3,2024-02-15,1
LOAN0009884,CUST006286,BNPL,0,,,41401.98,0.0,0.0,2023-02-25,0
LOAN0009885,CUST001470,Personal Loan,0,,,354717.36,0.0,0.0,2025-03-09,0
LOAN0009886,CUST004363,Personal Loan,0,,,353326.8,0.0,0.0,2025-04-15,0
LOAN0009887,CUST006557,Personal Loan,1,210.0,7.0,103798.32,281913.68,105044.15,2024-07-11,1
LOAN0009888,CUST007024,SME Loan,0,,,468301.75,0.0,0.0,2025-10-11,0
LOAN0009889,CUST008643,SME Loan,0,,,538244.54,0.0,0.0,2025-07-15,0
LOAN0009890,CUST001815,Personal Loan,0,,,530804.97,0.0,0.0,2024-09-25,0
LOAN0009891,CUST009518,BNPL,0,,,7513.6,0.0,0.0,2024-08-11,0
LOAN0009892,CUST000598,Personal Loan,0,,,275328.36,0.0,0.0,2024-06-22,0
LOAN0009893,CUST009832,Personal Loan,1,240.0,8.0,94912.37,210526.63,29388.1,2023-10-12,1
LOAN0009894,CUST008589,Personal Loan,0,,,50759.25,0.0,0.0,2026-01-28,0
LOAN0009895,CUST006611,Education Loan,0,,,868073.38,0.0,0.0,2026-06-25,0
LOAN0009896,CUST007367,Personal Loan,0,,,186612.16,0.0,0.0,2025-02-15,0
LOAN0009897,CUST000737,BNPL,1,210.0,7.0,6939.6,0.0,0.0,2023-11-28,1
LOAN0009898,CUST000421,Personal Loan,1,240.0,8.0,116893.98,295887.02,71716.1,2024-08-08,1
LOAN0009899,CUST001028,Education Loan,0,,,617434.3,0.0,0.0,2025-10-27,0
LOAN0009900,CUST000881,Personal Loan,0,,,177187.6,0.0,0.0,2026-06-22,0
LOAN0009901,CUST005481,Education Loan,0,,,986359.68,0.0,0.0,2025-11-04,0
LOAN0009902,CUST002160,SME Loan,0,,,114642.84,0.0,0.0,2025-01-17,0
LOAN0009903,CUST008611,Personal Loan,1,210.0,7.0,100062.96,303250.04,76646.66,2023-12-10,1
LOAN0009904,CUST004459,Personal Loan,0,,,377121.03,0.0,0.0,2026-03-28,0
LOAN0009905,CUST006974,BNPL,0,,,52560.0,0.0,0.0,2024-04-04,0
LOAN0009906,CUST006539,BNPL,0,,,42480.78,0.0,0.0,2023-12-21,0
LOAN0009907,CUST003201,Personal Loan,0,,,610272.34,0.0,0.0,2025-02-28,0
LOAN0009908,CUST002436,Personal Loan,1,90.0,3.0,49826.46,420324.54,53622.96,2024-03-08,1
LOAN0009909,CUST003424,BNPL,0,,,60138.75,0.0,0.0,2024-05-29,0
LOAN0009910,CUST007981,BNPL,0,,,47436.06,0.0,0.0,2023-05-22,0
LOAN0009911,CUST005876,BNPL,0,,,51481.3,0.0,0.0,2024-10-05,0
LOAN0009912,CUST002539,Personal Loan,0,,,587059.56,0.0,0.0,2025-05-06,0
LOAN0009913,CUST008194,BNPL,0,,,25072.92,0.0,0.0,2024-03-25,0
LOAN0009914,CUST000554,Personal Loan,1,240.0,8.0,155442.98,284754.02,72034.87,2023-06-09,1
LOAN0009915,CUST007013,Personal Loan,0,,,296239.64,0.0,0.0,2025-09-20,0
LOAN0009916,CUST004391,Personal Loan,0,,,21698.64,0.0,0.0,2026-07-08,0
LOAN0009917,CUST007333,SME Loan,0,,,350513.43,0.0,0.0,2026-01-25,0
LOAN0009918,CUST009278,Personal Loan,0,,,32621.4,0.0,0.0,2024-11-07,0
LOAN0009919,CUST007516,Education Loan,0,,,296234.38,0.0,0.0,2025-11-23,0
LOAN0009920,CUST004420,Personal Loan,0,,,436655.64,0.0,0.0,2024-08-09,0
LOAN0009921,CUST001520,SME Loan,1,60.0,2.0,81610.66,511679.34,61720.17,2023-07-06,1
LOAN0009922,CUST008077,Personal Loan,0,,,388036.73,0.0,0.0,2024-06-09,0
LOAN0009923,CUST004602,Personal Loan,0,,,136888.95,0.0,0.0,2025-01-23,0
LOAN0009924,CUST000761,Personal Loan,0,,,398895.8,0.0,0.0,2025-05-10,0
LOAN0009925,CUST007204,Personal Loan,0,,,574980.8,0.0,0.0,2025-02-28,0
LOAN0009926,CUST002923,Education Loan,1,150.0,5.0,174888.2,695747.8,233902.28,2023-03-18,1
LOAN0009927,CUST000495,Personal Loan,0,,,379241.02,0.0,0.0,2025-04-15,0
LOAN0009928,CUST009036,SME Loan,0,,,520031.84,0.0,0.0,2024-04-04,0
LOAN0009929,CUST004837,Personal Loan,0,,,28861.14,0.0,0.0,2024-06-05,0
LOAN0009930,CUST002813,SME Loan,0,,,668417.1,0.0,0.0,2026-01-13,0
LOAN0009931,CUST007180,Personal Loan,0,,,146565.21,0.0,0.0,2026-07-25,0
LOAN0009932,CUST008870,SME Loan,1,60.0,2.0,7490.01,128005.99,22522.38,2023-06-16,1
LOAN0009933,CUST000003,Personal Loan,0,,,403846.26,0.0,0.0,2023-04-10,0
LOAN0009934,CUST006898,Personal Loan,0,,,374167.43,0.0,0.0,2023-09-16,0
LOAN0009935,CUST007677,Personal Loan,0,,,373434.18,0.0,0.0,2024-06-18,0
LOAN0009936,CUST002103,BNPL,0,,,25081.38,0.0,0.0,2023-10-19,0
LOAN0009937,CUST004908,SME Loan,0,,,573113.04,0.0,0.0,2025-07-14,0
LOAN0009938,CUST000903,Personal Loan,0,,,110791.44,0.0,0.0,2024-06-30,0
LOAN0009939,CUST007482,Personal Loan,0,,,106713.16,0.0,0.0,2026-02-22,0
LOAN0009940,CUST008487,BNPL,0,,,35084.84,0.0,0.0,2023-01-04,0
LOAN0009941,CUST001093,BNPL,0,,,20928.74,0.0,0.0,2023-12-05,0
LOAN0009942,CUST008178,Personal Loan,0,,,163679.1,0.0,0.0,2026-05-30,0
LOAN0009943,CUST007724,Personal Loan,0,,,200920.86,0.0,0.0,2024-12-18,0
LOAN0009944,CUST003465,Personal Loan,0,,,517699.84,0.0,0.0,2024-05-29,0
LOAN0009945,CUST006925,Personal Loan,1,150.0,5.0,61951.68,123541.32,20133.73,2024-04-06,1
LOAN0009946,CUST000001,Personal Loan,1,240.0,8.0,52777.13,122062.87,19537.42,2024-06-10,1
LOAN0009947,CUST009320,Personal Loan,0,,,357472.7,0.0,0.0,2024-09-12,0
LOAN0009948,CUST005510,Personal Loan,0,,,128786.0,0.0,0.0,2025-04-03,0
LOAN0009949,CUST006219,Personal Loan,0,,,33187.84,0.0,0.0,2025-06-01,0
LOAN0009950,CUST006653,Personal Loan,0,,,494938.8,0.0,0.0,2026-12-26,0
LOAN0009951,CUST005621,SME Loan,1,180.0,6.0,218058.3,183515.7,30819.85,2023-03-30,1
LOAN0009952,CUST008580,Personal Loan,1,210.0,7.0,21916.56,67910.44,26632.64,2024-06-11,1
LOAN0009953,CUST006109,Personal Loan,0,,,172824.85,0.0,0.0,2024-04-09,0
LOAN0009954,CUST009086,Personal Loan,0,,,124876.08,0.0,0.0,2025-02-07,0
LOAN0009955,CUST005837,Education Loan,0,,,471001.65,0.0,0.0,2026-11-01,0
LOAN0009956,CUST001723,Personal Loan,0,,,29150.24,0.0,0.0,2025-05-21,0
LOAN0009957,CUST009141,Personal Loan,0,,,126020.94,0.0,0.0,2023-09-18,0
LOAN0009958,CUST006831,SME Loan,0,,,344022.81,0.0,0.0,2026-07-30,0
LOAN0009959,CUST007013,BNPL,0,,,21412.17,0.0,0.0,2023-08-17,0
LOAN0009960,CUST009851,SME Loan,1,210.0,7.0,228060.9,281682.1,90628.16,2024-07-24,1
LOAN0009961,CUST000760,SME Loan,0,,,208790.56,0.0,0.0,2025-04-23,0
LOAN0009962,CUST004288,Personal Loan,0,,,426105.63,0.0,0.0,2023-12-14,0
LOAN0009963,CUST002393,Personal Loan,0,,,715477.12,0.0,0.0,2026-07-21,0
LOAN0009964,CUST006315,BNPL,0,,,38093.16,0.0,0.0,2023-12-29,0
LOAN0009965,CUST008081,Personal Loan,0,,,526068.0,0.0,0.0,2026-06-10,0
LOAN0009966,CUST009665,Personal Loan,0,,,330129.6,0.0,0.0,2024-02-29,0
LOAN0009967,CUST004542,Personal Loan,0,,,398633.22,0.0,0.0,2024-01-30,0
LOAN0009968,CUST007876,Personal Loan,1,120.0,4.0,26888.04,164013.96,60203.63,2023-10-10,1
LOAN0009969,CUST009175,Personal Loan,0,,,412764.5,0.0,0.0,2024-10-28,0
LOAN0009970,CUST006849,Personal Loan,0,,,309524.22,0.0,0.0,2024-06-26,0
LOAN0009971,CUST002431,Personal Loan,0,,,175975.5,0.0,0.0,2024-11-28,0
LOAN0009972,CUST006090,Personal Loan,0,,,280030.4,0.0,0.0,2025-01-25,0
LOAN0009973,CUST009699,Personal Loan,1,150.0,5.0,4175.0,10469.0,2651.49,2023-04-26,1
LOAN0009974,CUST009873,Personal Loan,0,,,255866.38,0.0,0.0,2024-05-08,0
LOAN0009975,CUST006431,SME Loan,1,150.0,5.0,95300.04,451555.96,129300.6,2024-02-29,1
LOAN0009976,CUST008882,Personal Loan,0,,,283664.4,0.0,0.0,2025-04-19,0
LOAN0009977,CUST002008,Personal Loan,1,240.0,8.0,90434.82,151404.18,36504.34,2024-02-15,1
LOAN0009978,CUST002464,Personal Loan,0,,,137567.59,0.0,0.0,2026-04-14,0
LOAN0009979,CUST009532,SME Loan,0,,,89400.4,0.0,0.0,2024-07-11,0
LOAN0009980,CUST001365,Personal Loan,0,,,288001.2,0.0,0.0,2024-11-20,0
LOAN0009981,CUST001919,BNPL,1,150.0,5.0,12310.04,9125.96,1798.66,2022-12-06,1
LOAN0009982,CUST004212,Personal Loan,0,,,51845.0,0.0,0.0,2024-12-23,0
LOAN0009983,CUST005906,Personal Loan,0,,,562234.44,0.0,0.0,2024-12-11,0
LOAN0009984,CUST006051,Personal Loan,0,,,173166.5,0.0,0.0,2023-07-22,0
LOAN0009985,CUST002925,BNPL,1,180.0,6.0,31455.26,0.0,0.0,2024-05-24,1
LOAN0009986,CUST009209,SME Loan,0,,,485596.1,0.0,0.0,2025-02-28,0
LOAN0009987,CUST009154,Personal Loan,0,,,264550.44,0.0,0.0,2024-12-24,0
LOAN0009988,CUST003924,Personal Loan,0,,,520647.15,0.0,0.0,2024-11-13,0
LOAN0009989,CUST004346,BNPL,0,,,34688.92,0.0,0.0,2023-11-15,0
LOAN0009990,CUST007043,BNPL,0,,,42562.95,0.0,0.0,2024-05-26,0
LOAN0009991,CUST006636,Personal Loan,0,,,59342.04,0.0,0.0,2026-12-08,0
LOAN0009992,CUST003829,Education Loan,0,,,563353.32,0.0,0.0,2023-12-16,0
LOAN0009993,CUST004150,Personal Loan,0,,,460992.8,0.0,0.0,2024-10-09,0
LOAN0009994,CUST003476,Education Loan,0,,,354161.8,0.0,0.0,2025-07-19,0
LOAN0009995,CUST002359,Personal Loan,1,210.0,7.0,54106.86,193747.14,23455.37,2024-04-29,1
LOAN0009996,CUST004579,SME Loan,0,,,482236.74,0.0,0.0,2026-03-17,0
LOAN0009997,CUST006883,Personal Loan,0,,,387990.0,0.0,0.0,2024-05-30,0
LOAN0009998,CUST007435,Personal Loan,0,,,582153.9,0.0,0.0,2026-06-14,0
LOAN0009999,CUST007798,Personal Loan,0,,,268154.82,0.0,0.0,2025-06-28,0
LOAN0010000,CUST003750,Education Loan,0,,,751417.56,0.0,0.0,2025-08-12,0
LOAN0010001,CUST007658,Personal Loan,0,,,167888.7,0.0,0.0,2024-04-07,0
LOAN0010002,CUST000069,Personal Loan,0,,,485616.31,0.0,0.0,2026-02-09,0
LOAN0010003,CUST004769,Personal Loan,0,,,318086.34,0.0,0.0,2024-07-16,0
LOAN0010004,CUST007952,Personal Loan,1,240.0,8.0,71288.49,154776.51,27376.37,2024-07-22,1
LOAN0010005,CUST006311,BNPL,1,180.0,6.0,13155.3,7299.7,1894.29,2022-09-18,1
LOAN0010006,CUST004739,Personal Loan,0,,,327220.8,0.0,0.0,2026-07-29,0
LOAN0010007,CUST006453,Personal Loan,0,,,136008.27,0.0,0.0,2025-07-27,0
LOAN0010008,CUST009078,Personal Loan,0,,,281115.24,0.0,0.0,2024-06-08,0
LOAN0010009,CUST005672,BNPL,0,,,45086.4,0.0,0.0,2024-08-10,0
LOAN0010010,CUST008012,Personal Loan,0,,,575252.41,0.0,0.0,2026-01-31,0
LOAN0010011,CUST009807,Personal Loan,0,,,563114.16,0.0,0.0,2025-10-17,0
LOAN0010012,CUST007073,Personal Loan,0,,,47626.86,0.0,0.0,2025-07-10,0
LOAN0010013,CUST005745,Personal Loan,0,,,398248.5,0.0,0.0,2023-12-06,0
LOAN0010014,CUST000381,BNPL,1,150.0,5.0,32401.28,7301.72,2516.6,2024-05-23,1
LOAN0010015,CUST003748,BNPL,0,,,19440.5,0.0,0.0,2023-08-30,0
LOAN0010016,CUST005664,BNPL,0,,,31633.36,0.0,0.0,2023-12-21,0
LOAN0010017,CUST007986,Personal Loan,0,,,251231.49,0.0,0.0,2025-07-29,0
LOAN0010018,CUST004380,Personal Loan,1,120.0,4.0,58930.89,66717.11,14340.69,2023-11-22,1
LOAN0010019,CUST009602,BNPL,0,,,44999.12,0.0,0.0,2023-12-30,0
LOAN0010020,CUST002720,BNPL,0,,,18578.56,0.0,0.0,2023-09-06,0
LOAN0010021,CUST007461,BNPL,0,,,3837.28,0.0,0.0,2023-07-23,0
LOAN0010022,CUST004196,Personal Loan,0,,,410584.58,0.0,0.0,2024-06-22,0
LOAN0010023,CUST004867,BNPL,0,,,42512.47,0.0,0.0,2024-06-16,0
LOAN0010024,CUST008038,Education Loan,0,,,984424.35,0.0,0.0,2026-10-16,0
LOAN0010025,CUST002966,SME Loan,0,,,130655.87,0.0,0.0,2025-08-05,0
LOAN0010026,CUST000978,Personal Loan,1,120.0,4.0,31161.24,61453.76,6451.49,2023-06-15,1
LOAN0010027,CUST005210,Personal Loan,0,,,181959.63,0.0,0.0,2026-04-23,0
LOAN0010028,CUST005294,BNPL,0,,,36421.68,0.0,0.0,2023-09-07,0
LOAN0010029,CUST007986,Personal Loan,0,,,30766.32,0.0,0.0,2024-09-27,0
LOAN0010030,CUST009685,Personal Loan,0,,,599294.22,0.0,0.0,2025-02-28,0
LOAN0010031,CUST000560,Personal Loan,0,,,538539.96,0.0,0.0,2024-12-07,0
LOAN0010032,CUST005927,BNPL,0,,,19664.01,0.0,0.0,2024-05-14,0
LOAN0010033,CUST006828,Personal Loan,0,,,548367.7,0.0,0.0,2024-09-15,0
LOAN0010034,CUST009854,Personal Loan,0,,,329305.8,0.0,0.0,2024-10-16,0
LOAN0010035,CUST009426,Personal Loan,0,,,210209.5,0.0,0.0,2026-01-08,0
LOAN0010036,CUST007143,Personal Loan,0,,,250143.1,0.0,0.0,2026-08-11,0
LOAN0010037,CUST005225,BNPL,1,60.0,2.0,2489.86,7210.14,1117.52,2022-09-28,1
LOAN0010038,CUST001625,Personal Loan,0,,,184974.72,0.0,0.0,2023-07-08,0
LOAN0010039,CUST003848,Personal Loan,0,,,16903.6,0.0,0.0,2026-03-10,0
LOAN0010040,CUST005865,Personal Loan,1,240.0,8.0,19555.97,36215.03,9122.65,2024-05-08,1
LOAN0010041,CUST007270,BNPL,0,,,16686.28,0.0,0.0,2024-02-02,0
LOAN0010042,CUST006362,Personal Loan,0,,,19244.4,0.0,0.0,2025-11-16,0
LOAN0010043,CUST007159,Personal Loan,0,,,59031.84,0.0,0.0,2023-10-17,0
LOAN0010044,CUST004293,Personal Loan,0,,,543604.82,0.0,0.0,2025-05-28,0
LOAN0010045,CUST007294,SME Loan,0,,,602695.73,0.0,0.0,2025-04-21,0
LOAN0010046,CUST001453,Education Loan,0,,,556134.4,0.0,0.0,2025-02-09,0
LOAN0010047,CUST001634,Personal Loan,0,,,171493.11,0.0,0.0,2024-09-25,0
LOAN0010048,CUST001637,SME Loan,0,,,611922.36,0.0,0.0,2024-01-27,0
LOAN0010049,CUST008919,Personal Loan,0,,,371741.85,0.0,0.0,2025-03-26,0
LOAN0010050,CUST000769,BNPL,1,60.0,2.0,2301.58,15750.42,6263.28,2023-12-30,1
LOAN0010051,CUST008027,Education Loan,0,,,345984.79,0.0,0.0,2025-02-28,0
LOAN0010052,CUST002342,SME Loan,0,,,98562.95,0.0,0.0,2025-05-31,0
LOAN0010053,CUST004683,SME Loan,0,,,261628.16,0.0,0.0,2024-10-20,0
LOAN0010054,CUST009162,SME Loan,0,,,463714.92,0.0,0.0,2024-09-19,0
LOAN0010055,CUST005873,SME Loan,0,,,455894.92,0.0,0.0,2025-05-26,0
LOAN0010056,CUST002104,Personal Loan,1,60.0,2.0,13988.11,267490.89,58471.57,2024-02-22,1
LOAN0010057,CUST002844,SME Loan,0,,,588930.68,0.0,0.0,2026-01-22,0
LOAN0010058,CUST009208,Personal Loan,0,,,380010.3,0.0,0.0,2026-04-04,0
LOAN0010059,CUST004274,BNPL,1,60.0,2.0,1159.07,5721.93,2069.75,2024-02-21,1
LOAN0010060,CUST005882,Personal Loan,0,,,596700.0,0.0,0.0,2026-07-22,0
LOAN0010061,CUST004595,Personal Loan,0,,,185112.78,0.0,0.0,2025-10-02,0
LOAN0010062,CUST003789,Personal Loan,0,,,362194.32,0.0,0.0,2024-09-08,0
LOAN0010063,CUST002241,Personal Loan,0,,,240280.37,0.0,0.0,2024-11-09,0
LOAN0010064,CUST006881,Personal Loan,0,,,361355.52,0.0,0.0,2026-01-02,0
LOAN0010065,CUST007196,Personal Loan,0,,,164118.08,0.0,0.0,2024-07-24,0
LOAN0010066,CUST002751,Personal Loan,0,,,92823.12,0.0,0.0,2026-02-19,0
LOAN0010067,CUST007902,Personal Loan,0,,,492968.0,0.0,0.0,2025-01-03,0
LOAN0010068,CUST008557,Personal Loan,0,,,301275.98,0.0,0.0,2026-04-19,0
LOAN0010069,CUST009210,BNPL,1,60.0,2.0,6292.66,48136.34,5841.94,2024-01-05,1
LOAN0010070,CUST001621,BNPL,1,90.0,3.0,7508.88,29126.12,2913.95,2023-10-17,1
LOAN0010071,CUST003041,Personal Loan,0,,,249173.36,0.0,0.0,2024-08-12,0
LOAN0010072,CUST008613,SME Loan,0,,,484236.24,0.0,0.0,2024-09-20,0
LOAN0010073,CUST001989,Personal Loan,1,120.0,4.0,76698.84,236918.16,28747.84,2023-09-18,1
LOAN0010074,CUST000037,Personal Loan,0,,,554772.84,0.0,0.0,2024-12-26,0
LOAN0010075,CUST008720,BNPL,1,240.0,8.0,57576.96,0.0,0.0,2023-08-10,1
LOAN0010076,CUST003265,Personal Loan,0,,,263305.89,0.0,0.0,2026-03-30,0
LOAN0010077,CUST004153,BNPL,0,,,36726.64,0.0,0.0,2022-10-26,0
LOAN0010078,CUST004465,Personal Loan,0,,,172399.71,0.0,0.0,2024-08-11,0
LOAN0010079,CUST008497,SME Loan,0,,,122280.99,0.0,0.0,2024-07-22,0
LOAN0010080,CUST003376,Personal Loan,0,,,64745.52,0.0,0.0,2025-11-23,0
LOAN0010081,CUST008933,BNPL,0,,,17353.04,0.0,0.0,2023-12-06,0
LOAN0010082,CUST006184,SME Loan,0,,,616635.28,0.0,0.0,2023-05-16,0
LOAN0010083,CUST005277,SME Loan,0,,,593149.48,0.0,0.0,2025-10-13,0
LOAN0010084,CUST003257,Personal Loan,0,,,613765.11,0.0,0.0,2025-08-10,0
LOAN0010085,CUST002441,Personal Loan,1,120.0,4.0,51947.7,337025.3,119664.13,2024-02-11,1
LOAN0010086,CUST006254,BNPL,0,,,52508.04,0.0,0.0,2023-12-28,0
LOAN0010087,CUST004471,SME Loan,0,,,564157.88,0.0,0.0,2026-02-09,0
LOAN0010088,CUST009113,Personal Loan,1,240.0,8.0,72403.66,168444.34,62604.75,2024-06-20,1
LOAN0010089,CUST004928,BNPL,0,,,2106.66,0.0,0.0,2023-01-15,0
LOAN0010090,CUST005124,Personal Loan,0,,,242062.74,0.0,0.0,2024-06-24,0
LOAN0010091,CUST004174,BNPL,0,,,58966.2,0.0,0.0,2023-07-09,0
LOAN0010092,CUST007906,SME Loan,0,,,208192.8,0.0,0.0,2024-12-19,0
LOAN0010093,CUST004252,Personal Loan,0,,,698536.72,0.0,0.0,2025-09-09,0
LOAN0010094,CUST002694,BNPL,0,,,46551.0,0.0,0.0,2023-05-27,0
LOAN0010095,CUST008633,Personal Loan,0,,,596007.25,0.0,0.0,2025-04-17,0
LOAN0010096,CUST005981,Personal Loan,0,,,183895.58,0.0,0.0,2025-03-28,0
LOAN0010097,CUST005925,Personal Loan,0,,,343026.74,0.0,0.0,2024-12-25,0
LOAN0010098,CUST006121,BNPL,0,,,36920.4,0.0,0.0,2024-10-17,0
LOAN0010099,CUST007202,Personal Loan,0,,,518342.22,0.0,0.0,2024-06-06,0
LOAN0010100,CUST003134,Personal Loan,0,,,150468.45,0.0,0.0,2026-06-12,0
LOAN0010101,CUST000344,Personal Loan,0,,,477067.8,0.0,0.0,2026-02-07,0
LOAN0010102,CUST008119,Personal Loan,0,,,405340.8,0.0,0.0,2026-08-22,0
LOAN0010103,CUST001301,Personal Loan,0,,,126989.7,0.0,0.0,2025-01-12,0
LOAN0010104,CUST007234,Personal Loan,0,,,400300.68,0.0,0.0,2026-02-11,0
LOAN0010105,CUST000832,BNPL,0,,,25349.1,0.0,0.0,2024-03-20,0
LOAN0010106,CUST003758,BNPL,1,60.0,2.0,6097.98,47558.02,9374.52,2023-06-03,1
LOAN0010107,CUST000637,Personal Loan,0,,,646545.36,0.0,0.0,2026-09-07,0
LOAN0010108,CUST005229,Personal Loan,1,210.0,7.0,39559.8,15873.2,5040.3,2024-06-20,1
LOAN0010109,CUST006542,Education Loan,0,,,948300.6,0.0,0.0,2025-02-24,0
LOAN0010110,CUST001726,BNPL,0,,,7215.3,0.0,0.0,2024-03-19,0
LOAN0010111,CUST003719,SME Loan,1,210.0,7.0,121211.04,247724.96,40435.52,2024-05-31,1
LOAN0010112,CUST009305,Personal Loan,0,,,647987.9,0.0,0.0,2026-10-16,0
LOAN0010113,CUST004425,Personal Loan,0,,,610886.64,0.0,0.0,2025-12-24,0
LOAN0010114,CUST008038,Education Loan,0,,,380368.6,0.0,0.0,2025-05-02,0
LOAN0010115,CUST009275,Personal Loan,0,,,199770.51,0.0,0.0,2025-11-15,0
LOAN0010116,CUST009744,SME Loan,0,,,401383.36,0.0,0.0,2025-04-03,0
LOAN0010117,CUST008991,Personal Loan,0,,,127576.78,0.0,0.0,2025-03-24,0
LOAN0010118,CUST003175,Personal Loan,0,,,274871.28,0.0,0.0,2025-11-04,0
LOAN0010119,CUST009627,Personal Loan,0,,,440429.96,0.0,0.0,2026-01-15,0
LOAN0010120,CUST008137,Personal Loan,1,180.0,6.0,79002.9,316512.1,94219.11,2024-05-28,1
LOAN0010121,CUST008382,Personal Loan,0,,,118080.36,0.0,0.0,2024-11-13,0
LOAN0010122,CUST000160,Personal Loan,0,,,324605.7,0.0,0.0,2025-12-27,0
LOAN0010123,CUST009545,Personal Loan,1,180.0,6.0,17138.25,57292.75,18646.3,2024-06-27,1
LOAN0010124,CUST007791,BNPL,1,150.0,5.0,13774.8,0.0,0.0,2023-08-10,1
LOAN0010125,CUST007687,SME Loan,0,,,434402.88,0.0,0.0,2026-07-01,0
LOAN0010126,CUST000824,BNPL,1,60.0,2.0,14381.82,42929.18,7687.72,2022-08-24,1
LOAN0010127,CUST002333,BNPL,0,,,8281.35,0.0,0.0,2024-02-08,0
LOAN0010128,CUST009624,Personal Loan,0,,,179579.52,0.0,0.0,2023-04-15,0
LOAN0010129,CUST005014,SME Loan,0,,,343385.12,0.0,0.0,2023-11-14,0
LOAN0010130,CUST003985,Education Loan,0,,,725252.48,0.0,0.0,2025-04-08,0
LOAN0010131,CUST008409,Personal Loan,0,,,605913.66,0.0,0.0,2025-08-14,0
LOAN0010132,CUST000881,Personal Loan,0,,,10998.8,0.0,0.0,2024-08-27,0
LOAN0010133,CUST004177,BNPL,1,180.0,6.0,24169.3,0.0,0.0,2024-05-04,1
LOAN0010134,CUST003762,Personal Loan,0,,,129483.0,0.0,0.0,2025-01-15,0
LOAN0010135,CUST003493,Education Loan,1,210.0,7.0,164160.24,690223.76,92652.16,2024-03-01,1
LOAN0010136,CUST003080,SME Loan,0,,,564008.94,0.0,0.0,2025-06-30,0
LOAN0010137,CUST002104,SME Loan,0,,,363448.35,0.0,0.0,2026-03-27,0
LOAN0010138,CUST001740,BNPL,1,210.0,7.0,3294.06,917.94,218.1,2024-07-14,1
LOAN0010139,CUST006413,BNPL,1,150.0,5.0,29435.56,20034.44,6846.8,2024-01-16,1
LOAN0010140,CUST009199,Personal Loan,0,,,458403.96,0.0,0.0,2025-02-18,0
LOAN0010141,CUST005095,Personal Loan,0,,,145346.72,0.0,0.0,2023-07-08,0
LOAN0010142,CUST002982,Personal Loan,0,,,47919.75,0.0,0.0,2025-09-30,0
LOAN0010143,CUST001602,Personal Loan,0,,,92596.79,0.0,0.0,2025-05-19,0
LOAN0010144,CUST008315,Personal Loan,1,210.0,7.0,279842.22,140463.78,17055.88,2024-07-28,1
LOAN0010145,CUST009716,Personal Loan,1,240.0,8.0,51085.51,114569.49,17103.58,2023-05-05,1
LOAN0010146,CUST003486,Personal Loan,1,210.0,7.0,97765.56,298261.44,106951.34,2024-07-23,1
LOAN0010147,CUST002914,SME Loan,0,,,371591.68,0.0,0.0,2024-05-19,0
LOAN0010148,CUST006028,Personal Loan,0,,,184739.7,0.0,0.0,2023-10-02,0
LOAN0010149,CUST007763,BNPL,0,,,24886.3,0.0,0.0,2024-01-20,0
LOAN0010150,CUST004550,Personal Loan,0,,,141351.6,0.0,0.0,2024-05-11,0
LOAN0010151,CUST006312,Personal Loan,1,150.0,5.0,53273.28,247827.72,57228.36,2024-02-17,1
LOAN0010152,CUST007182,SME Loan,0,,,559499.85,0.0,0.0,2024-08-17,0
LOAN0010153,CUST009608,BNPL,1,180.0,6.0,28235.15,26849.85,10406.25,2023-03-02,1
LOAN0010154,CUST001660,Personal Loan,0,,,208214.28,0.0,0.0,2026-03-12,0
LOAN0010155,CUST009972,SME Loan,0,,,358865.92,0.0,0.0,2025-07-19,0
LOAN0010156,CUST003926,Personal Loan,0,,,57149.0,0.0,0.0,2025-01-30,0
LOAN0010157,CUST007247,Personal Loan,0,,,422901.57,0.0,0.0,2024-07-05,0
LOAN0010158,CUST005736,Personal Loan,0,,,213154.59,0.0,0.0,2026-09-29,0
LOAN0010159,CUST004875,Personal Loan,0,,,613054.75,0.0,0.0,2026-09-20,0
LOAN0010160,CUST007001,BNPL,0,,,16454.64,0.0,0.0,2023-09-19,0
LOAN0010161,CUST003964,BNPL,1,150.0,5.0,14662.52,16923.48,5725.55,2024-05-08,1
LOAN0010162,CUST001273,Personal Loan,0,,,302141.34,0.0,0.0,2025-08-16,0
LOAN0010163,CUST004898,BNPL,0,,,22341.72,0.0,0.0,2023-07-21,0
LOAN0010164,CUST005226,Personal Loan,0,,,268808.64,0.0,0.0,2024-10-26,0
LOAN0010165,CUST002024,Personal Loan,0,,,631914.84,0.0,0.0,2026-12-16,0
LOAN0010166,CUST009359,Education Loan,1,60.0,2.0,30000.56,427240.44,134283.13,2023-12-30,1
LOAN0010167,CUST002279,Personal Loan,0,,,418793.1,0.0,0.0,2024-01-04,0
LOAN0010168,CUST004101,Personal Loan,0,,,249711.11,0.0,0.0,2025-06-02,0
LOAN0010169,CUST001561,Personal Loan,0,,,44680.76,0.0,0.0,2026-08-13,0
LOAN0010170,CUST005365,BNPL,0,,,53953.56,0.0,0.0,2024-07-05,0
LOAN0010171,CUST003080,SME Loan,0,,,134884.86,0.0,0.0,2025-10-11,0
LOAN0010172,CUST004903,BNPL,0,,,36635.16,0.0,0.0,2022-12-01,0
LOAN0010173,CUST002256,BNPL,0,,,29989.4,0.0,0.0,2024-05-01,0
LOAN0010174,CUST000546,Personal Loan,0,,,81435.3,0.0,0.0,2026-01-09,0
LOAN0010175,CUST007803,SME Loan,0,,,563317.48,0.0,0.0,2024-10-12,0
LOAN0010176,CUST006419,Personal Loan,0,,,205459.67,0.0,0.0,2025-01-16,0
LOAN0010177,CUST003407,Education Loan,1,150.0,5.0,98709.28,663881.72,68662.67,2024-05-28,1
LOAN0010178,CUST000482,SME Loan,0,,,754616.96,0.0,0.0,2026-02-10,0
LOAN0010179,CUST008666,Personal Loan,0,,,93636.92,0.0,0.0,2024-05-17,0
LOAN0010180,CUST001709,Personal Loan,0,,,664981.1,0.0,0.0,2026-05-08,0
LOAN0010181,CUST009310,Personal Loan,0,,,88782.72,0.0,0.0,2025-07-13,0
LOAN0010182,CUST004787,Personal Loan,0,,,515810.52,0.0,0.0,2025-06-21,0
LOAN0010183,CUST003403,Personal Loan,0,,,186251.9,0.0,0.0,2024-02-22,0
LOAN0010184,CUST007432,BNPL,0,,,23590.84,0.0,0.0,2023-03-11,0
LOAN0010185,CUST008782,Education Loan,1,180.0,6.0,19417.85,101425.15,32216.57,2024-05-25,1
LOAN0010186,CUST003709,Personal Loan,0,,,334319.16,0.0,0.0,2024-06-28,0
LOAN0010187,CUST004081,Personal Loan,0,,,86633.6,0.0,0.0,2025-10-26,0
LOAN0010188,CUST004335,Personal Loan,0,,,312850.44,0.0,0.0,2026-04-05,0
LOAN0010189,CUST009228,Education Loan,0,,,1021230.36,0.0,0.0,2027-04-26,0
LOAN0010190,CUST006946,Personal Loan,0,,,711983.91,0.0,0.0,2025-11-11,0
LOAN0010191,CUST002480,BNPL,0,,,52848.48,0.0,0.0,2023-10-10,0
LOAN0010192,CUST001860,Personal Loan,0,,,439193.28,0.0,0.0,2024-07-29,0
LOAN0010193,CUST002311,Personal Loan,0,,,560541.04,0.0,0.0,2025-05-17,0
LOAN0010194,CUST002639,SME Loan,0,,,276302.08,0.0,0.0,2026-01-31,0
LOAN0010195,CUST002309,BNPL,0,,,34495.0,0.0,0.0,2024-09-18,0
LOAN0010196,CUST006593,BNPL,1,150.0,5.0,24650.16,11559.84,1499.71,2023-10-15,1
LOAN0010197,CUST001173,SME Loan,0,,,431492.6,0.0,0.0,2025-05-12,0
LOAN0010198,CUST003878,Education Loan,0,,,799299.16,0.0,0.0,2026-08-22,0
LOAN0010199,CUST006265,Education Loan,0,,,689682.22,0.0,0.0,2027-01-13,0
LOAN0010200,CUST002913,SME Loan,0,,,505036.35,0.0,0.0,2025-12-11,0
LOAN0010201,CUST000659,BNPL,1,240.0,8.0,3960.55,0.0,0.0,2024-01-16,1
LOAN0010202,CUST000827,Personal Loan,0,,,121915.5,0.0,0.0,2024-04-26,0
LOAN0010203,CUST001272,Education Loan,1,180.0,6.0,119858.15,199935.85,60658.22,2023-10-24,1
LOAN0010204,CUST008371,BNPL,0,,,45198.86,0.0,0.0,2024-03-15,0
LOAN0010205,CUST006587,BNPL,0,,,27059.58,0.0,0.0,2024-08-01,0
LOAN0010206,CUST000652,SME Loan,0,,,73563.84,0.0,0.0,2024-11-24,0
LOAN0010207,CUST003915,SME Loan,0,,,505652.01,0.0,0.0,2025-07-15,0
LOAN0010208,CUST002790,SME Loan,0,,,587070.0,0.0,0.0,2023-09-29,0
LOAN0010209,CUST005793,SME Loan,1,240.0,8.0,328286.98,200787.02,57167.22,2023-12-29,1
LOAN0010210,CUST005234,Personal Loan,0,,,178473.75,0.0,0.0,2024-02-17,0
LOAN0010211,CUST004817,SME Loan,0,,,225442.56,0.0,0.0,2024-06-04,0
LOAN0010212,CUST003147,Education Loan,0,,,136653.0,0.0,0.0,2027-04-16,0
LOAN0010213,CUST001391,Personal Loan,0,,,272538.18,0.0,0.0,2025-04-11,0
LOAN0010214,CUST007441,Personal Loan,0,,,62390.52,0.0,0.0,2026-09-09,0
LOAN0010215,CUST008810,BNPL,0,,,9955.98,0.0,0.0,2024-04-27,0
LOAN0010216,CUST009444,Personal Loan,1,90.0,3.0,10692.54,135045.46,49600.36,2023-12-14,1
LOAN0010217,CUST000593,Personal Loan,0,,,348929.28,0.0,0.0,2024-03-05,0
LOAN0010218,CUST007415,BNPL,0,,,27774.78,0.0,0.0,2024-03-07,0
LOAN0010219,CUST007283,SME Loan,0,,,380945.68,0.0,0.0,2024-07-20,0
LOAN0010220,CUST009473,Education Loan,0,,,346665.0,0.0,0.0,2025-10-16,0
LOAN0010221,CUST002533,SME Loan,0,,,93459.72,0.0,0.0,2024-11-27,0
LOAN0010222,CUST007438,Personal Loan,0,,,369513.17,0.0,0.0,2025-01-08,0
LOAN0010223,CUST000553,Personal Loan,0,,,326338.55,0.0,0.0,2025-06-18,0
LOAN0010224,CUST006322,BNPL,0,,,35157.1,0.0,0.0,2023-08-19,0
LOAN0010225,CUST003505,Education Loan,0,,,618094.5,0.0,0.0,2025-11-07,0
LOAN0010226,CUST007697,BNPL,0,,,27935.64,0.0,0.0,2024-02-18,0
LOAN0010227,CUST008645,Personal Loan,0,,,132844.58,0.0,0.0,2025-02-20,0
LOAN0010228,CUST003649,Personal Loan,0,,,558555.57,0.0,0.0,2025-05-05,0
LOAN0010229,CUST005258,BNPL,0,,,5409.76,0.0,0.0,2023-04-30,0
LOAN0010230,CUST001187,Personal Loan,0,,,227906.1,0.0,0.0,2025-06-17,0
LOAN0010231,CUST004177,Personal Loan,1,60.0,2.0,10818.43,226471.57,82325.06,2024-01-09,1
LOAN0010232,CUST003609,SME Loan,0,,,101547.45,0.0,0.0,2024-09-19,0
LOAN0010233,CUST001841,Personal Loan,0,,,406357.68,0.0,0.0,2024-06-12,0
LOAN0010234,CUST008956,Personal Loan,1,240.0,8.0,36180.6,0.0,0.0,2024-08-06,1
LOAN0010235,CUST001493,Personal Loan,1,120.0,4.0,92807.91,249444.09,65324.79,2024-03-05,1
LOAN0010236,CUST006365,Personal Loan,1,210.0,7.0,40755.78,125885.22,47312.37,2024-05-21,1
LOAN0010237,CUST008912,BNPL,0,,,23211.58,0.0,0.0,2024-07-16,0
LOAN0010238,CUST009127,Personal Loan,1,210.0,7.0,127224.96,123991.04,24483.07,2023-11-21,1
LOAN0010239,CUST007945,BNPL,0,,,35893.8,0.0,0.0,2024-03-19,0
LOAN0010240,CUST001771,BNPL,0,,,49849.5,0.0,0.0,2024-02-25,0
LOAN0010241,CUST008190,SME Loan,1,210.0,7.0,41861.52,32959.48,10031.54,2024-06-25,1
LOAN0010242,CUST002768,Personal Loan,0,,,271191.47,0.0,0.0,2025-08-03,0
LOAN0010243,CUST009229,BNPL,0,,,37153.35,0.0,0.0,2024-05-15,0
LOAN0010244,CUST007109,Personal Loan,0,,,552686.16,0.0,0.0,2025-11-18,0
LOAN0010245,CUST007864,Personal Loan,0,,,485354.34,0.0,0.0,2025-03-08,0
LOAN0010246,CUST000859,Personal Loan,1,240.0,8.0,520739.94,0.0,0.0,2024-06-22,1
LOAN0010247,CUST005840,SME Loan,1,240.0,8.0,71971.06,148630.94,43076.03,2023-11-28,1
LOAN0010248,CUST008227,Personal Loan,0,,,453261.36,0.0,0.0,2024-11-02,0
LOAN0010249,CUST008629,BNPL,0,,,30890.95,0.0,0.0,2022-12-02,0
LOAN0010250,CUST000294,Personal Loan,1,60.0,2.0,13985.64,331289.36,56376.32,2023-07-19,1
LOAN0010251,CUST009394,SME Loan,0,,,204760.92,0.0,0.0,2024-03-17,0
LOAN0010252,CUST000439,Personal Loan,0,,,51470.16,0.0,0.0,2025-03-03,0
LOAN0010253,CUST006158,Personal Loan,0,,,114236.98,0.0,0.0,2026-02-22,0
LOAN0010254,CUST006955,Education Loan,0,,,567437.6,0.0,0.0,2025-05-21,0
LOAN0010255,CUST001085,SME Loan,0,,,290441.45,0.0,0.0,2024-06-04,0
LOAN0010256,CUST000485,Personal Loan,0,,,596885.44,0.0,0.0,2025-06-30,0
LOAN0010257,CUST007860,BNPL,0,,,58291.96,0.0,0.0,2024-04-26,0
LOAN0010258,CUST003852,SME Loan,0,,,193705.7,0.0,0.0,2024-04-12,0
LOAN0010259,CUST001083,Personal Loan,0,,,331099.2,0.0,0.0,2025-09-07,0
LOAN0010260,CUST007638,Personal Loan,0,,,262017.08,0.0,0.0,2023-05-15,0
LOAN0010261,CUST008506,Personal Loan,0,,,303040.96,0.0,0.0,2024-01-06,0
LOAN0010262,CUST005886,Personal Loan,0,,,192036.04,0.0,0.0,2024-06-15,0
LOAN0010263,CUST001622,Personal Loan,0,,,18934.32,0.0,0.0,2025-12-15,0
LOAN0010264,CUST000160,Personal Loan,0,,,378239.81,0.0,0.0,2024-12-07,0
LOAN0010265,CUST007029,BNPL,0,,,17713.16,0.0,0.0,2023-11-16,0
LOAN0010266,CUST005508,Personal Loan,0,,,501424.69,0.0,0.0,2025-01-07,0
LOAN0010267,CUST006515,Personal Loan,0,,,290563.31,0.0,0.0,2026-07-14,0
LOAN0010268,CUST008145,SME Loan,0,,,438292.4,0.0,0.0,2026-02-19,0
LOAN0010269,CUST004345,Personal Loan,0,,,28372.11,0.0,0.0,2025-09-16,0
LOAN0010270,CUST001258,Personal Loan,1,90.0,3.0,49131.1,110967.9,31228.19,2024-03-20,1
LOAN0010271,CUST009402,BNPL,0,,,37180.52,0.0,0.0,2023-08-01,0
LOAN0010272,CUST005459,SME Loan,0,,,772707.0,0.0,0.0,2025-12-05,0
LOAN0010273,CUST006166,SME Loan,0,,,123964.85,0.0,0.0,2026-05-01,0
LOAN0010274,CUST009335,Personal Loan,0,,,73035.57,0.0,0.0,2025-05-04,0
LOAN0010275,CUST009318,Personal Loan,1,240.0,8.0,43978.38,0.0,0.0,2024-03-29,1
LOAN0010276,CUST005733,Personal Loan,0,,,477665.2,0.0,0.0,2024-04-25,0
LOAN0010277,CUST002979,Personal Loan,0,,,90276.69,0.0,0.0,2024-06-16,0
LOAN0010278,CUST009969,SME Loan,0,,,801076.48,0.0,0.0,2026-08-28,0
LOAN0010279,CUST006822,Personal Loan,0,,,556141.32,0.0,0.0,2024-07-22,0
LOAN0010280,CUST004092,Personal Loan,1,180.0,6.0,38573.4,158988.6,28265.32,2023-07-31,1
LOAN0010281,CUST005605,Personal Loan,0,,,575782.0,0.0,0.0,2024-12-22,0
LOAN0010282,CUST004165,Personal Loan,0,,,684282.0,0.0,0.0,2025-08-20,0
LOAN0010283,CUST008895,SME Loan,0,,,614885.5,0.0,0.0,2023-12-18,0
LOAN0010284,CUST004831,BNPL,0,,,24174.06,0.0,0.0,2023-09-17,0
LOAN0010285,CUST008248,Personal Loan,0,,,408317.0,0.0,0.0,2024-01-26,0
LOAN0010286,CUST008411,BNPL,0,,,56000.4,0.0,0.0,2024-03-16,0
LOAN0010287,CUST008257,SME Loan,0,,,603661.68,0.0,0.0,2023-11-05,0
LOAN0010288,CUST007237,Personal Loan,0,,,349319.52,0.0,0.0,2025-06-30,0
LOAN0010289,CUST008560,Education Loan,1,90.0,3.0,52729.0,827936.0,323187.63,2023-10-14,1
LOAN0010290,CUST003876,Personal Loan,0,,,49264.32,0.0,0.0,2026-08-22,0
LOAN0010291,CUST001159,Education Loan,0,,,675435.36,0.0,0.0,2027-07-08,0
LOAN0010292,CUST008436,Personal Loan,0,,,87376.9,0.0,0.0,2024-01-28,0
LOAN0010293,CUST004989,SME Loan,0,,,141261.48,0.0,0.0,2025-02-28,0
LOAN0010294,CUST001286,SME Loan,0,,,553461.35,0.0,0.0,2025-01-12,0
LOAN0010295,CUST001167,Education Loan,0,,,185949.96,0.0,0.0,2026-12-12,0
LOAN0010296,CUST001603,SME Loan,0,,,351779.52,0.0,0.0,2023-12-18,0
LOAN0010297,CUST007524,Personal Loan,0,,,353910.81,0.0,0.0,2024-11-28,0
LOAN0010298,CUST007126,BNPL,1,60.0,2.0,8551.02,41855.98,8259.89,2024-02-19,1
LOAN0010299,CUST002044,BNPL,0,,,32741.46,0.0,0.0,2023-05-28,0
LOAN0010300,CUST008481,Personal Loan,0,,,302380.2,0.0,0.0,2026-06-30,0
LOAN0010301,CUST002816,Personal Loan,0,,,348854.77,0.0,0.0,2024-11-03,0
LOAN0010302,CUST007942,Personal Loan,0,,,133616.6,0.0,0.0,2026-08-19,0
LOAN0010303,CUST004897,BNPL,0,,,11413.12,0.0,0.0,2023-04-15,0
LOAN0010304,CUST007335,Personal Loan,1,150.0,5.0,46899.36,206922.64,53750.58,2024-01-24,1
LOAN0010305,CUST003820,BNPL,1,60.0,2.0,8465.05,50502.95,18039.06,2023-04-25,1
LOAN0010306,CUST003467,BNPL,0,,,18862.76,0.0,0.0,2023-09-29,0
LOAN0010307,CUST008421,Personal Loan,0,,,608502.08,0.0,0.0,2024-02-29,0
LOAN0010308,CUST000357,SME Loan,0,,,165906.24,0.0,0.0,2025-07-29,0
LOAN0010309,CUST009747,Personal Loan,0,,,485606.34,0.0,0.0,2026-03-21,0
LOAN0010310,CUST006489,Personal Loan,1,60.0,2.0,10574.42,75894.58,23401.21,2023-10-03,1
LOAN0010311,CUST004327,BNPL,0,,,18359.1,0.0,0.0,2024-01-24,0
LOAN0010312,CUST006294,Personal Loan,0,,,21634.65,0.0,0.0,2024-06-19,0
LOAN0010313,CUST001242,BNPL,0,,,47798.2,0.0,0.0,2023-12-31,0
LOAN0010314,CUST005146,Education Loan,1,180.0,6.0,209646.5,416030.5,112930.54,2023-09-27,1
LOAN0010315,CUST009848,BNPL,0,,,15022.35,0.0,0.0,2024-09-21,0
LOAN0010316,CUST002358,BNPL,0,,,18857.28,0.0,0.0,2024-04-14,0
LOAN0010317,CUST007238,BNPL,0,,,10237.56,0.0,0.0,2024-02-06,0
LOAN0010318,CUST004351,SME Loan,0,,,381979.61,0.0,0.0,2025-06-08,0
LOAN0010319,CUST006535,Personal Loan,0,,,27126.9,0.0,0.0,2025-08-10,0
LOAN0010320,CUST002054,SME Loan,0,,,323251.1,0.0,0.0,2024-03-25,0
LOAN0010321,CUST004703,Personal Loan,0,,,60054.12,0.0,0.0,2025-02-25,0
LOAN0010322,CUST009801,Personal Loan,0,,,194247.6,0.0,0.0,2025-02-21,0
LOAN0010323,CUST001957,Personal Loan,0,,,77013.81,0.0,0.0,2024-08-22,0
LOAN0010324,CUST006371,SME Loan,1,240.0,8.0,224884.03,203557.97,46830.84,2024-08-23,1
LOAN0010325,CUST005767,SME Loan,0,,,539292.96,0.0,0.0,2025-04-04,0
LOAN0010326,CUST005659,Personal Loan,0,,,116282.7,0.0,0.0,2026-01-09,0
LOAN0010327,CUST006165,Personal Loan,0,,,29292.32,0.0,0.0,2024-05-13,0
LOAN0010328,CUST005031,Personal Loan,0,,,470976.33,0.0,0.0,2025-05-20,0
LOAN0010329,CUST000177,Personal Loan,0,,,231016.4,0.0,0.0,2024-04-10,0
LOAN0010330,CUST009009,Personal Loan,0,,,132795.9,0.0,0.0,2024-03-19,0
LOAN0010331,CUST008282,SME Loan,0,,,451360.39,0.0,0.0,2024-06-03,0
LOAN0010332,CUST001752,Personal Loan,0,,,458570.51,0.0,0.0,2025-04-17,0
LOAN0010333,CUST004140,Personal Loan,0,,,212614.75,0.0,0.0,2024-12-09,0
LOAN0010334,CUST007713,BNPL,0,,,17861.52,0.0,0.0,2023-11-01,0
LOAN0010335,CUST009801,Personal Loan,0,,,178960.98,0.0,0.0,2025-11-23,0
LOAN0010336,CUST009515,Personal Loan,0,,,28198.44,0.0,0.0,2024-03-25,0
LOAN0010337,CUST009003,Personal Loan,1,150.0,5.0,199727.28,175555.72,52859.02,2024-03-06,1
LOAN0010338,CUST001592,SME Loan,0,,,302225.51,0.0,0.0,2026-04-12,0
LOAN0010339,CUST009148,BNPL,1,60.0,2.0,1657.42,11581.58,3790.85,2023-11-12,1
LOAN0010340,CUST008797,Personal Loan,0,,,274044.75,0.0,0.0,2024-03-12,0
LOAN0010341,CUST003774,Personal Loan,1,150.0,5.0,11944.72,57422.28,14520.27,2022-11-19,1
LOAN0010342,CUST003949,BNPL,0,,,44684.7,0.0,0.0,2024-04-02,0
LOAN0010343,CUST004595,Personal Loan,0,,,409812.4,0.0,0.0,2024-03-16,0
LOAN0010344,CUST006570,BNPL,1,180.0,6.0,31910.6,25121.4,5837.0,2024-01-31,1
LOAN0010345,CUST002613,Personal Loan,0,,,348480.99,0.0,0.0,2024-01-25,0
LOAN0010346,CUST000237,BNPL,0,,,44075.44,0.0,0.0,2024-03-15,0
LOAN0010347,CUST001429,SME Loan,0,,,483564.38,0.0,0.0,2025-10-26,0
LOAN0010348,CUST004403,Personal Loan,1,240.0,8.0,15456.98,27256.02,6872.75,2024-01-18,1
LOAN0010349,CUST002823,Personal Loan,0,,,624640.52,0.0,0.0,2026-05-07,0
LOAN0010350,CUST007657,BNPL,0,,,44637.76,0.0,0.0,2024-03-11,0
LOAN0010351,CUST001078,Personal Loan,0,,,672040.63,0.0,0.0,2025-02-28,0
LOAN0010352,CUST009179,Personal Loan,0,,,292560.96,0.0,0.0,2025-07-02,0
LOAN0010353,CUST008964,Personal Loan,0,,,289972.38,0.0,0.0,2024-06-19,0
LOAN0010354,CUST009095,BNPL,1,120.0,4.0,6404.22,0.0,0.0,2024-03-23,1
LOAN0010355,CUST007412,Personal Loan,1,210.0,7.0,69390.12,212389.88,44661.41,2024-06-19,1
LOAN0010356,CUST001081,Personal Loan,0,,,611238.57,0.0,0.0,2025-05-31,0
LOAN0010357,CUST004380,Personal Loan,1,120.0,4.0,21696.09,162370.91,35928.59,2023-09-21,1
LOAN0010358,CUST001328,SME Loan,0,,,307508.16,0.0,0.0,2024-12-15,0
LOAN0010359,CUST009875,Personal Loan,0,,,188737.29,0.0,0.0,2026-03-28,0
LOAN0010360,CUST003328,Personal Loan,1,60.0,2.0,12324.42,156491.58,17995.56,2024-01-13,1
LOAN0010361,CUST005866,BNPL,0,,,53373.18,0.0,0.0,2023-10-29,0
LOAN0010362,CUST007805,Personal Loan,0,,,142544.11,0.0,0.0,2025-11-07,0
LOAN0010363,CUST009209,SME Loan,0,,,348630.21,0.0,0.0,2024-12-20,0
LOAN0010364,CUST007566,Education Loan,1,90.0,3.0,22144.44,392743.56,132715.52,2024-02-17,1
LOAN0010365,CUST006756,Personal Loan,0,,,610187.2,0.0,0.0,2025-02-06,0
LOAN0010366,CUST004659,Personal Loan,0,,,123869.2,0.0,0.0,2025-10-20,0
LOAN0010367,CUST006065,Personal Loan,0,,,484681.08,0.0,0.0,2025-06-10,0
LOAN0010368,CUST000952,Personal Loan,0,,,402118.86,0.0,0.0,2023-04-10,0
LOAN0010369,CUST008852,Personal Loan,0,,,500141.04,0.0,0.0,2023-07-24,0
LOAN0010370,CUST005443,Personal Loan,0,,,558440.75,0.0,0.0,2026-01-06,0
LOAN0010371,CUST000407,Personal Loan,0,,,393262.56,0.0,0.0,2025-12-27,0
LOAN0010372,CUST009203,Personal Loan,0,,,122466.42,0.0,0.0,2024-09-14,0
LOAN0010373,CUST004903,Personal Loan,0,,,111123.87,0.0,0.0,2026-01-09,0
LOAN0010374,CUST008698,BNPL,1,150.0,5.0,21362.68,10681.32,2367.84,2024-03-21,1
LOAN0010375,CUST008581,Personal Loan,0,,,351261.6,0.0,0.0,2024-08-27,0
LOAN0010376,CUST008170,Personal Loan,0,,,28378.44,0.0,0.0,2026-01-27,0
LOAN0010377,CUST000623,Personal Loan,0,,,595503.4,0.0,0.0,2026-03-26,0
LOAN0010378,CUST002474,SME Loan,0,,,297788.96,0.0,0.0,2024-08-10,0
LOAN0010379,CUST008768,BNPL,0,,,6031.18,0.0,0.0,2023-09-28,0
LOAN0010380,CUST008999,BNPL,0,,,9605.04,0.0,0.0,2023-08-17,0
LOAN0010381,CUST004578,BNPL,0,,,31736.65,0.0,0.0,2024-05-03,0
LOAN0010382,CUST004402,Personal Loan,1,210.0,7.0,35482.98,74529.02,16318.7,2024-02-01,1
LOAN0010383,CUST001763,Personal Loan,0,,,70742.28,0.0,0.0,2026-04-23,0
LOAN0010384,CUST009685,BNPL,1,120.0,4.0,31546.8,20909.2,7818.51,2024-04-28,1
LOAN0010385,CUST002136,Education Loan,0,,,235200.0,0.0,0.0,2027-04-01,0
LOAN0010386,CUST001918,BNPL,0,,,46785.15,0.0,0.0,2023-04-27,0
LOAN0010387,CUST006616,SME Loan,0,,,644969.7,0.0,0.0,2026-01-15,0
LOAN0010388,CUST002432,Education Loan,0,,,1004758.08,0.0,0.0,2027-09-04,0
LOAN0010389,CUST009390,Personal Loan,0,,,337936.05,0.0,0.0,2025-12-02,0
LOAN0010390,CUST000113,Personal Loan,0,,,236154.38,0.0,0.0,2023-12-10,0
LOAN0010391,CUST000061,BNPL,0,,,17836.68,0.0,0.0,2023-05-20,0
LOAN0010392,CUST005055,BNPL,1,90.0,3.0,10978.36,5362.64,2086.69,2023-08-25,1
LOAN0010393,CUST004889,Personal Loan,0,,,56012.64,0.0,0.0,2025-02-24,0
LOAN0010394,CUST001643,BNPL,0,,,32209.38,0.0,0.0,2023-11-29,0
LOAN0010395,CUST004955,BNPL,0,,,33076.26,0.0,0.0,2024-06-25,0
LOAN0010396,CUST004125,Personal Loan,0,,,368256.24,0.0,0.0,2026-12-17,0
LOAN0010397,CUST008914,Personal Loan,0,,,362725.87,0.0,0.0,2024-11-06,0
LOAN0010398,CUST000096,BNPL,1,210.0,7.0,18541.88,0.0,0.0,2023-12-08,1
LOAN0010399,CUST009766,BNPL,0,,,9771.93,0.0,0.0,2023-08-19,0
LOAN0010400,CUST006257,Personal Loan,0,,,220671.33,0.0,0.0,2025-08-19,0
LOAN0010401,CUST001530,Personal Loan,0,,,196933.68,0.0,0.0,2023-06-09,0
LOAN0010402,CUST000475,BNPL,1,150.0,5.0,49303.64,0.0,0.0,2024-03-05,1
LOAN0010403,CUST005386,SME Loan,1,210.0,7.0,83897.7,242183.3,58909.32,2024-06-26,1
LOAN0010404,CUST002354,Personal Loan,0,,,316046.88,0.0,0.0,2025-05-29,0
LOAN0010405,CUST003015,SME Loan,0,,,422293.23,0.0,0.0,2023-05-03,0
LOAN0010406,CUST002456,Personal Loan,0,,,516883.2,0.0,0.0,2026-07-13,0
LOAN0010407,CUST006510,SME Loan,1,210.0,7.0,85631.88,100188.12,34984.72,2024-06-19,1
LOAN0010408,CUST005541,BNPL,0,,,4618.84,0.0,0.0,2023-05-22,0
LOAN0010409,CUST000788,BNPL,1,90.0,3.0,10439.52,36085.48,7947.87,2022-07-19,1
LOAN0010410,CUST005268,BNPL,0,,,30882.95,0.0,0.0,2023-10-07,0
LOAN0010411,CUST007925,SME Loan,0,,,268560.24,0.0,0.0,2023-10-26,0
LOAN0010412,CUST000820,BNPL,0,,,2761.64,0.0,0.0,2023-11-30,0
LOAN0010413,CUST008908,BNPL,0,,,53344.97,0.0,0.0,2023-12-01,0
LOAN0010414,CUST005796,BNPL,0,,,31345.84,0.0,0.0,2024-04-20,0
LOAN0010415,CUST009510,Personal Loan,0,,,335504.07,0.0,0.0,2026-01-13,0
LOAN0010416,CUST001494,Personal Loan,1,90.0,3.0,39288.96,438028.04,73141.45,2024-02-21,1
LOAN0010417,CUST009936,Personal Loan,0,,,172158.6,0.0,0.0,2024-06-30,0
LOAN0010418,CUST006450,Personal Loan,1,60.0,2.0,50898.37,374022.63,132261.53,2024-01-21,1
LOAN0010419,CUST005685,Personal Loan,0,,,691175.1,0.0,0.0,2026-05-21,0
LOAN0010420,CUST005159,BNPL,1,90.0,3.0,3847.66,11421.34,2300.71,2022-10-27,1
LOAN0010421,CUST000245,BNPL,0,,,24132.92,0.0,0.0,2024-04-08,0
LOAN0010422,CUST009399,Personal Loan,0,,,95142.72,0.0,0.0,2024-08-21,0
LOAN0010423,CUST006447,SME Loan,0,,,516855.96,0.0,0.0,2024-09-06,0
LOAN0010424,CUST000925,BNPL,0,,,21442.68,0.0,0.0,2024-03-08,0
LOAN0010425,CUST000219,Personal Loan,0,,,576152.99,0.0,0.0,2025-11-26,0
LOAN0010426,CUST000514,Education Loan,1,210.0,7.0,82401.36,195556.64,75067.32,2024-07-24,1
LOAN0010427,CUST006106,Personal Loan,1,180.0,6.0,28273.45,97294.55,15214.57,2024-01-29,1
LOAN0010428,CUST006152,Personal Loan,0,,,506276.98,0.0,0.0,2024-07-25,0
LOAN0010429,CUST005004,Personal Loan,0,,,335916.6,0.0,0.0,2026-05-24,0
LOAN0010430,CUST003070,SME Loan,0,,,167268.24,0.0,0.0,2024-04-18,0
LOAN0010431,CUST005323,BNPL,0,,,32214.7,0.0,0.0,2024-09-16,0
LOAN0010432,CUST005170,Personal Loan,0,,,32751.52,0.0,0.0,2025-04-30,0
LOAN0010433,CUST000204,BNPL,1,90.0,3.0,18305.88,0.0,0.0,2023-04-05,1
LOAN0010434,CUST002828,BNPL,0,,,10186.2,0.0,0.0,2023-11-06,0
LOAN0010435,CUST000541,SME Loan,0,,,278950.45,0.0,0.0,2024-08-13,0
LOAN0010436,CUST009010,BNPL,1,120.0,4.0,18569.1,12173.9,1928.97,2023-11-14,1
LOAN0010437,CUST007270,BNPL,0,,,15232.7,0.0,0.0,2023-05-26,0
LOAN0010438,CUST009961,Personal Loan,1,90.0,3.0,9441.36,83506.64,15839.1,2023-06-11,1
LOAN0010439,CUST003024,Personal Loan,0,,,276435.27,0.0,0.0,2024-06-14,0
LOAN0010440,CUST008797,Personal Loan,0,,,215597.72,0.0,0.0,2025-03-14,0
LOAN0010441,CUST006043,Personal Loan,1,240.0,8.0,60657.24,75389.76,13478.75,2024-02-25,1
LOAN0010442,CUST004527,Personal Loan,0,,,229527.12,0.0,0.0,2024-05-20,0
LOAN0010443,CUST002233,Personal Loan,0,,,321563.4,0.0,0.0,2026-01-06,0
LOAN0010444,CUST007402,Personal Loan,0,,,614010.76,0.0,0.0,2024-08-20,0
LOAN0010445,CUST009050,BNPL,1,150.0,5.0,47698.12,0.0,0.0,2024-03-15,1
LOAN0010446,CUST002359,BNPL,0,,,47112.08,0.0,0.0,2024-04-14,0
LOAN0010447,CUST001765,Personal Loan,0,,,313844.49,0.0,0.0,2024-07-13,0
LOAN0010448,CUST006980,Personal Loan,1,210.0,7.0,91798.98,215721.02,85688.68,2024-05-21,1
LOAN0010449,CUST009773,Personal Loan,0,,,264402.0,0.0,0.0,2025-08-20,0
LOAN0010450,CUST007515,Personal Loan,1,90.0,3.0,55897.46,318903.54,41306.63,2024-01-11,1
LOAN0010451,CUST002848,BNPL,0,,,3667.59,0.0,0.0,2023-01-25,0
LOAN0010452,CUST004206,BNPL,0,,,8700.56,0.0,0.0,2024-02-09,0
LOAN0010453,CUST003849,SME Loan,0,,,235186.56,0.0,0.0,2024-10-27,0
LOAN0010454,CUST008534,Personal Loan,0,,,18360.09,0.0,0.0,2024-08-30,0
LOAN0010455,CUST007721,BNPL,0,,,51476.1,0.0,0.0,2024-04-14,0
LOAN0010456,CUST005901,Personal Loan,0,,,526837.28,0.0,0.0,2023-11-16,0
LOAN0010457,CUST002751,Personal Loan,1,180.0,6.0,6793.7,16296.3,6397.09,2024-06-09,1
LOAN0010458,CUST009383,BNPL,1,240.0,8.0,28491.12,7904.88,1007.31,2024-06-24,1
LOAN0010459,CUST006544,BNPL,0,,,33626.88,0.0,0.0,2024-08-22,0
LOAN0010460,CUST009705,Personal Loan,0,,,239357.3,0.0,0.0,2026-04-02,0
LOAN0010461,CUST005818,BNPL,1,90.0,3.0,12485.14,5909.86,2195.13,2024-02-06,1
LOAN0010462,CUST008228,Personal Loan,1,60.0,2.0,21385.42,288230.58,109091.56,2023-10-08,1
LOAN0010463,CUST008144,Personal Loan,1,180.0,6.0,58517.95,108746.05,13979.73,2023-08-05,1
LOAN0010464,CUST003370,SME Loan,0,,,378073.89,0.0,0.0,2024-05-16,0
LOAN0010465,CUST009642,Personal Loan,1,210.0,7.0,87377.64,216112.36,50249.63,2023-04-15,1
LOAN0010466,CUST000228,Personal Loan,0,,,582341.76,0.0,0.0,2024-01-03,0
LOAN0010467,CUST007696,SME Loan,0,,,420178.16,0.0,0.0,2023-04-10,0
LOAN0010468,CUST009657,Personal Loan,0,,,493933.97,0.0,0.0,2025-08-04,0
LOAN0010469,CUST003385,BNPL,0,,,26586.96,0.0,0.0,2024-07-22,0
LOAN0010470,CUST006488,BNPL,1,150.0,5.0,30509.6,22503.4,3495.51,2023-08-23,1
LOAN0010471,CUST005630,SME Loan,0,,,194234.17,0.0,0.0,2026-04-25,0
LOAN0010472,CUST007626,Personal Loan,1,150.0,5.0,138359.0,54573.0,17223.58,2024-05-21,1
LOAN0010473,CUST008673,BNPL,0,,,13996.14,0.0,0.0,2023-04-02,0
LOAN0010474,CUST006043,BNPL,1,150.0,5.0,3710.36,5427.64,1029.76,2024-04-15,1
LOAN0010475,CUST008172,Education Loan,0,,,808514.46,0.0,0.0,2026-02-28,0
LOAN0010476,CUST003126,Personal Loan,0,,,499828.9,0.0,0.0,2026-08-21,0
LOAN0010477,CUST002291,Personal Loan,0,,,188060.25,0.0,0.0,2025-02-05,0
LOAN0010478,CUST004308,Personal Loan,0,,,258423.49,0.0,0.0,2024-11-12,0
LOAN0010479,CUST006791,BNPL,0,,,52862.52,0.0,0.0,2023-03-25,0
LOAN0010480,CUST001881,SME Loan,0,,,203866.8,0.0,0.0,2025-11-02,0
LOAN0010481,CUST006818,SME Loan,0,,,188419.68,0.0,0.0,2025-06-24,0
LOAN0010482,CUST003945,BNPL,0,,,20147.08,0.0,0.0,2024-03-12,0
LOAN0010483,CUST007970,Education Loan,1,90.0,3.0,21434.16,270432.84,27201.43,2023-07-01,1
LOAN0010484,CUST000373,Personal Loan,0,,,570286.99,0.0,0.0,2024-12-28,0
LOAN0010485,CUST006688,Personal Loan,1,210.0,7.0,45055.62,118502.38,38461.97,2024-06-19,1
LOAN0010486,CUST006506,BNPL,0,,,61683.1,0.0,0.0,2024-09-20,0
LOAN0010487,CUST009412,BNPL,0,,,38576.43,0.0,0.0,2024-02-06,0
LOAN0010488,CUST007151,Personal Loan,0,,,132794.2,0.0,0.0,2025-02-09,0
LOAN0010489,CUST007978,BNPL,0,,,52879.76,0.0,0.0,2023-11-05,0
LOAN0010490,CUST009055,SME Loan,0,,,656514.65,0.0,0.0,2024-09-06,0
LOAN0010491,CUST006762,SME Loan,0,,,604980.2,0.0,0.0,2024-07-30,0
LOAN0010492,CUST002905,Personal Loan,1,90.0,3.0,2178.12,9050.88,1830.25,2024-01-07,1
LOAN0010493,CUST008710,BNPL,0,,,27462.6,0.0,0.0,2024-02-18,0
LOAN0010494,CUST007489,Personal Loan,0,,,538437.6,0.0,0.0,2025-12-15,0
LOAN0010495,CUST004248,Personal Loan,0,,,617014.2,0.0,0.0,2025-10-19,0
LOAN0010496,CUST007123,Personal Loan,0,,,263808.0,0.0,0.0,2026-01-31,0
LOAN0010497,CUST008690,Personal Loan,0,,,458680.32,0.0,0.0,2026-07-06,0
LOAN0010498,CUST009758,SME Loan,1,150.0,5.0,225723.84,373903.16,94115.96,2024-03-01,1
LOAN0010499,CUST009525,Personal Loan,0,,,57348.08,0.0,0.0,2026-05-30,0
LOAN0010500,CUST003253,SME Loan,0,,,149604.6,0.0,0.0,2025-08-25,0
LOAN0010501,CUST004223,Education Loan,0,,,1128112.84,0.0,0.0,2026-05-29,0
LOAN0010502,CUST001108,BNPL,0,,,8796.2,0.0,0.0,2023-03-03,0
LOAN0010503,CUST002478,Personal Loan,0,,,214538.52,0.0,0.0,2024-06-17,0
LOAN0010504,CUST008836,Personal Loan,0,,,97409.44,0.0,0.0,2025-03-20,0
LOAN0010505,CUST003610,SME Loan,0,,,221520.2,0.0,0.0,2024-01-05,0
LOAN0010506,CUST006221,BNPL,0,,,17918.2,0.0,0.0,2023-06-18,0
LOAN0010507,CUST006667,Personal Loan,1,240.0,8.0,200891.04,70602.96,10019.8,2024-07-17,1
LOAN0010508,CUST007830,Personal Loan,0,,,196137.15,0.0,0.0,2023-06-06,0
LOAN0010509,CUST001836,BNPL,0,,,2471.1,0.0,0.0,2024-05-23,0
LOAN0010510,CUST003049,Personal Loan,0,,,77053.2,0.0,0.0,2024-03-01,0
LOAN0010511,CUST004483,BNPL,0,,,59153.6,0.0,0.0,2023-06-18,0
LOAN0010512,CUST003649,Personal Loan,0,,,453049.52,0.0,0.0,2024-04-28,0
LOAN0010513,CUST009825,BNPL,0,,,6255.12,0.0,0.0,2024-06-02,0
LOAN0010514,CUST008363,SME Loan,1,180.0,6.0,56084.35,144218.65,15728.49,2023-09-13,1
LOAN0010515,CUST004800,SME Loan,0,,,388621.08,0.0,0.0,2024-02-26,0
LOAN0010516,CUST008805,Personal Loan,0,,,445605.4,0.0,0.0,2024-11-16,0
LOAN0010517,CUST003472,Personal Loan,0,,,498355.47,0.0,0.0,2024-09-10,0
LOAN0010518,CUST007871,Education Loan,0,,,178690.47,0.0,0.0,2024-12-26,0
LOAN0010519,CUST002245,Education Loan,0,,,480943.65,0.0,0.0,2024-11-14,0
LOAN0010520,CUST007731,SME Loan,0,,,450344.46,0.0,0.0,2025-07-01,0
LOAN0010521,CUST004561,SME Loan,0,,,614807.01,0.0,0.0,2026-03-24,0
LOAN0010522,CUST001086,BNPL,0,,,46039.08,0.0,0.0,2023-09-28,0
LOAN0010523,CUST002734,SME Loan,0,,,448424.0,0.0,0.0,2024-08-23,0
LOAN0010524,CUST004030,Personal Loan,0,,,293136.44,0.0,0.0,2026-02-14,0
LOAN0010525,CUST007507,BNPL,0,,,48456.48,0.0,0.0,2023-06-20,0
LOAN0010526,CUST000739,Personal Loan,0,,,296912.52,0.0,0.0,2025-10-04,0
LOAN0010527,CUST006603,Personal Loan,0,,,198605.42,0.0,0.0,2025-01-10,0
LOAN0010528,CUST007176,Personal Loan,1,90.0,3.0,48754.24,262471.76,92704.85,2022-11-25,1
LOAN0010529,CUST006550,BNPL,0,,,60896.16,0.0,0.0,2024-01-05,0
LOAN0010530,CUST007619,SME Loan,1,240.0,8.0,63701.75,129312.25,14439.17,2023-04-04,1
LOAN0010531,CUST001791,Personal Loan,0,,,263868.56,0.0,0.0,2026-01-24,0
LOAN0010532,CUST005883,Personal Loan,1,60.0,2.0,27497.2,234594.8,52543.67,2024-01-18,1
LOAN0010533,CUST009413,BNPL,0,,,11632.48,0.0,0.0,2024-08-01,0
LOAN0010534,CUST006120,BNPL,1,210.0,7.0,16906.08,10760.92,3967.37,2023-02-18,1
LOAN0010535,CUST006127,BNPL,0,,,20241.9,0.0,0.0,2024-01-29,0
LOAN0010536,CUST007381,Personal Loan,0,,,488214.0,0.0,0.0,2025-07-19,0
LOAN0010537,CUST003330,Personal Loan,0,,,329304.36,0.0,0.0,2025-08-11,0
LOAN0010538,CUST007025,SME Loan,1,90.0,3.0,58690.66,448455.34,140995.91,2023-10-10,1
LOAN0010539,CUST009164,Personal Loan,1,90.0,3.0,8359.96,18989.04,6979.82,2024-03-02,1
LOAN0010540,CUST000113,SME Loan,0,,,190171.44,0.0,0.0,2024-02-17,0
LOAN0010541,CUST008713,Personal Loan,0,,,354247.46,0.0,0.0,2025-02-16,0
LOAN0010542,CUST002191,Personal Loan,1,210.0,7.0,220762.56,196122.44,60263.64,2024-06-17,1
LOAN0010543,CUST004556,BNPL,0,,,50521.75,0.0,0.0,2023-07-18,0
LOAN0010544,CUST008537,Personal Loan,0,,,328560.05,0.0,0.0,2024-10-24,0
LOAN0010545,CUST008253,BNPL,0,,,38889.6,0.0,0.0,2024-07-04,0
LOAN0010546,CUST008929,BNPL,1,120.0,4.0,15982.56,26113.44,9810.71,2023-08-20,1
LOAN0010547,CUST009406,Personal Loan,1,210.0,7.0,98139.6,126283.4,33541.6,2024-03-02,1
LOAN0010548,CUST004474,BNPL,0,,,22748.32,0.0,0.0,2024-03-31,0
LOAN0010549,CUST006572,Personal Loan,0,,,180119.73,0.0,0.0,2024-01-24,0
LOAN0010550,CUST003908,Personal Loan,0,,,335298.4,0.0,0.0,2023-08-03,0
LOAN0010551,CUST003503,SME Loan,0,,,446674.92,0.0,0.0,2024-08-02,0
LOAN0010552,CUST004319,BNPL,0,,,57535.2,0.0,0.0,2024-10-23,0
LOAN0010553,CUST007447,Personal Loan,1,60.0,2.0,26439.87,437028.13,106316.49,2023-08-17,1
LOAN0010554,CUST005022,Personal Loan,0,,,153524.16,0.0,0.0,2024-08-27,0
LOAN0010555,CUST008155,SME Loan,0,,,456291.04,0.0,0.0,2023-09-25,0
LOAN0010556,CUST007467,Education Loan,1,240.0,8.0,181938.19,557266.81,124509.73,2024-01-05,1
LOAN0010557,CUST000214,Personal Loan,0,,,309139.27,0.0,0.0,2024-08-19,0
LOAN0010558,CUST006313,Personal Loan,1,60.0,2.0,7104.59,144794.41,31100.81,2022-05-31,1
LOAN0010559,CUST004365,BNPL,0,,,16648.92,0.0,0.0,2024-02-26,0
LOAN0010560,CUST004562,Personal Loan,0,,,216637.2,0.0,0.0,2026-01-13,0
LOAN0010561,CUST008199,Personal Loan,0,,,271873.6,0.0,0.0,2023-11-12,0
LOAN0010562,CUST005484,SME Loan,0,,,511833.66,0.0,0.0,2026-02-21,0
LOAN0010563,CUST008868,Personal Loan,0,,,35267.19,0.0,0.0,2026-05-07,0
LOAN0010564,CUST007146,Personal Loan,1,180.0,6.0,98793.0,266444.0,93763.08,2023-09-24,1
LOAN0010565,CUST005534,SME Loan,0,,,364686.3,0.0,0.0,2023-11-11,0
LOAN0010566,CUST007557,Personal Loan,0,,,74867.52,0.0,0.0,2025-12-09,0
LOAN0010567,CUST000389,SME Loan,0,,,75193.44,0.0,0.0,2023-12-04,0
LOAN0010568,CUST000279,SME Loan,0,,,617717.88,0.0,0.0,2025-05-02,0
LOAN0010569,CUST000841,Personal Loan,0,,,509867.84,0.0,0.0,2026-08-01,0
LOAN0010570,CUST004375,BNPL,0,,,16137.94,0.0,0.0,2023-05-08,0
LOAN0010571,CUST002360,Personal Loan,0,,,491454.48,0.0,0.0,2025-06-02,0
LOAN0010572,CUST009839,SME Loan,0,,,170937.78,0.0,0.0,2026-02-28,0
LOAN0010573,CUST005429,SME Loan,0,,,330875.2,0.0,0.0,2026-06-26,0
LOAN0010574,CUST006631,BNPL,0,,,6700.53,0.0,0.0,2023-09-30,0
LOAN0010575,CUST002792,SME Loan,0,,,573043.99,0.0,0.0,2025-05-19,0
LOAN0010576,CUST003220,Personal Loan,0,,,38612.44,0.0,0.0,2026-01-18,0
LOAN0010577,CUST003351,Personal Loan,0,,,172449.81,0.0,0.0,2023-12-29,0
LOAN0010578,CUST007007,Personal Loan,1,90.0,3.0,20259.72,240748.28,48143.92,2023-01-06,1
LOAN0010579,CUST004735,Personal Loan,0,,,476229.12,0.0,0.0,2025-08-01,0
LOAN0010580,CUST005184,Personal Loan,0,,,326886.0,0.0,0.0,2025-07-02,0
LOAN0010581,CUST005929,Personal Loan,0,,,684999.04,0.0,0.0,2026-01-13,0
LOAN0010582,CUST007696,Personal Loan,0,,,135443.05,0.0,0.0,2025-02-27,0
LOAN0010583,CUST000913,SME Loan,0,,,124306.55,0.0,0.0,2025-04-10,0
LOAN0010584,CUST007777,BNPL,0,,,29595.69,0.0,0.0,2024-05-13,0
LOAN0010585,CUST005641,BNPL,0,,,25601.95,0.0,0.0,2024-05-05,0
LOAN0010586,CUST006698,BNPL,1,120.0,4.0,17650.5,21893.5,8577.52,2023-10-22,1
LOAN0010587,CUST003275,BNPL,0,,,10608.93,0.0,0.0,2024-04-10,0
LOAN0010588,CUST004102,BNPL,0,,,29507.59,0.0,0.0,2024-06-28,0
LOAN0010589,CUST002319,Personal Loan,0,,,246246.65,0.0,0.0,2024-11-26,0
LOAN0010590,CUST009794,Personal Loan,1,240.0,8.0,52639.93,79870.07,12052.75,2024-03-26,1
LOAN0010591,CUST004977,Personal Loan,0,,,68487.36,0.0,0.0,2024-12-25,0
LOAN0010592,CUST009961,BNPL,1,150.0,5.0,22574.76,25608.24,4932.24,2023-06-22,1
LOAN0010593,CUST004909,Personal Loan,0,,,703805.1,0.0,0.0,2026-07-13,0
LOAN0010594,CUST002202,BNPL,1,120.0,4.0,9071.13,3009.87,475.88,2023-07-23,1
LOAN0010595,CUST005079,BNPL,0,,,2504.4,0.0,0.0,2024-08-25,0
LOAN0010596,CUST000401,Personal Loan,0,,,70943.21,0.0,0.0,2024-11-15,0
LOAN0010597,CUST009057,BNPL,0,,,44686.66,0.0,0.0,2022-05-04,0
LOAN0010598,CUST008201,Personal Loan,0,,,532686.42,0.0,0.0,2023-12-14,0
LOAN0010599,CUST007276,Education Loan,0,,,762397.2,0.0,0.0,2027-07-04,0
LOAN0010600,CUST006111,SME Loan,0,,,124694.28,0.0,0.0,2024-06-02,0
LOAN0010601,CUST005814,Personal Loan,1,240.0,8.0,183037.82,295938.18,45194.59,2024-06-04,1
LOAN0010602,CUST009965,BNPL,0,,,53834.7,0.0,0.0,2023-10-02,0
LOAN0010603,CUST002783,SME Loan,1,150.0,5.0,32511.2,69250.8,8984.74,2024-04-08,1
LOAN0010604,CUST007808,Education Loan,0,,,128798.8,0.0,0.0,2026-08-19,0
LOAN0010605,CUST005829,Personal Loan,0,,,414190.4,0.0,0.0,2026-03-15,0
LOAN0010606,CUST009760,BNPL,0,,,17089.56,0.0,0.0,2023-09-02,0
LOAN0010607,CUST008291,SME Loan,1,240.0,8.0,177545.62,303269.38,117580.38,2024-08-18,1
LOAN0010608,CUST009983,Personal Loan,0,,,216720.9,0.0,0.0,2025-05-24,0
LOAN0010609,CUST005894,Personal Loan,0,,,664917.76,0.0,0.0,2026-06-18,0
LOAN0010610,CUST002051,Personal Loan,1,150.0,5.0,9077.08,45448.92,11390.72,2023-05-16,1
LOAN0010611,CUST005044,SME Loan,0,,,454661.76,0.0,0.0,2024-12-03,0
LOAN0010612,CUST007130,SME Loan,0,,,607829.86,0.0,0.0,2025-06-14,0
LOAN0010613,CUST007752,Personal Loan,0,,,287997.68,0.0,0.0,2024-04-08,0
LOAN0010614,CUST000005,Personal Loan,0,,,466092.8,0.0,0.0,2025-03-02,0
LOAN0010615,CUST005056,BNPL,0,,,11317.47,0.0,0.0,2024-02-09,0
LOAN0010616,CUST002358,Personal Loan,0,,,339021.14,0.0,0.0,2026-10-26,0
LOAN0010617,CUST008762,Personal Loan,0,,,277167.66,0.0,0.0,2025-11-24,0
LOAN0010618,CUST001540,Personal Loan,0,,,70409.52,0.0,0.0,2026-12-25,0
LOAN0010619,CUST006673,SME Loan,0,,,282974.86,0.0,0.0,2024-05-08,0
LOAN0010620,CUST002663,BNPL,0,,,42520.6,0.0,0.0,2024-08-12,0
LOAN0010621,CUST003567,Personal Loan,0,,,603336.4,0.0,0.0,2024-10-03,0
LOAN0010622,CUST009408,BNPL,0,,,27660.08,0.0,0.0,2023-09-23,0
LOAN0010623,CUST002407,BNPL,1,150.0,5.0,37927.2,0.0,0.0,2023-11-04,1
LOAN0010624,CUST000960,BNPL,0,,,41599.98,0.0,0.0,2023-05-16,0
LOAN0010625,CUST000701,Personal Loan,0,,,510052.95,0.0,0.0,2026-06-15,0
LOAN0010626,CUST005051,Personal Loan,0,,,548546.0,0.0,0.0,2024-03-25,0
LOAN0010627,CUST006425,BNPL,1,210.0,7.0,16049.88,2318.12,780.5,2024-07-28,1
LOAN0010628,CUST003273,Personal Loan,0,,,329724.48,0.0,0.0,2025-03-05,0
LOAN0010629,CUST006924,BNPL,0,,,30612.1,0.0,0.0,2022-07-04,0
LOAN0010630,CUST000619,Education Loan,0,,,477853.04,0.0,0.0,2025-06-23,0
LOAN0010631,CUST008586,Personal Loan,1,180.0,6.0,63887.65,57737.35,9715.24,2023-12-11,1
LOAN0010632,CUST008178,Personal Loan,0,,,306880.0,0.0,0.0,2025-11-30,0
LOAN0010633,CUST009851,Personal Loan,0,,,290093.78,0.0,0.0,2026-10-23,0
LOAN0010634,CUST009367,Personal Loan,1,60.0,2.0,12392.55,115649.45,31556.01,2023-11-16,1
LOAN0010635,CUST003565,Personal Loan,0,,,346659.66,0.0,0.0,2024-03-15,0
LOAN0010636,CUST004000,Personal Loan,0,,,19662.72,0.0,0.0,2026-04-02,0
LOAN0010637,CUST007475,Personal Loan,0,,,335436.92,0.0,0.0,2025-10-09,0
LOAN0010638,CUST001354,SME Loan,0,,,104739.0,0.0,0.0,2024-08-12,0
LOAN0010639,CUST003143,Personal Loan,0,,,21374.1,0.0,0.0,2024-08-26,0
LOAN0010640,CUST001200,BNPL,0,,,20197.84,0.0,0.0,2024-04-08,0
LOAN0010641,CUST004545,Personal Loan,0,,,469125.44,0.0,0.0,2024-12-16,0
LOAN0010642,CUST005526,Personal Loan,1,240.0,8.0,63657.79,72749.21,13131.63,2024-05-17,1
LOAN0010643,CUST002117,BNPL,1,60.0,2.0,5932.61,35265.39,9134.18,2023-07-29,1
LOAN0010644,CUST000276,Personal Loan,0,,,258880.2,0.0,0.0,2025-04-12,0
LOAN0010645,CUST007208,Personal Loan,0,,,507204.6,0.0,0.0,2026-08-20,0
LOAN0010646,CUST000210,Personal Loan,0,,,43332.96,0.0,0.0,2024-05-23,0
LOAN0010647,CUST009734,BNPL,0,,,51769.76,0.0,0.0,2024-04-29,0
LOAN0010648,CUST002222,Personal Loan,0,,,570332.73,0.0,0.0,2026-09-29,0
LOAN0010649,CUST006644,Education Loan,0,,,461219.2,0.0,0.0,2025-02-14,0
LOAN0010650,CUST004350,Personal Loan,0,,,668025.4,0.0,0.0,2026-08-05,0
LOAN0010651,CUST000606,BNPL,0,,,55814.96,0.0,0.0,2024-04-23,0
LOAN0010652,CUST004718,Personal Loan,0,,,41959.68,0.0,0.0,2026-06-05,0
LOAN0010653,CUST005174,Personal Loan,0,,,289945.2,0.0,0.0,2025-12-06,0
LOAN0010654,CUST008558,Personal Loan,0,,,422294.95,0.0,0.0,2025-08-21,0
LOAN0010655,CUST007343,Personal Loan,0,,,270784.8,0.0,0.0,2026-07-19,0
LOAN0010656,CUST000801,SME Loan,0,,,607516.0,0.0,0.0,2024-11-18,0
LOAN0010657,CUST002096,BNPL,1,210.0,7.0,51227.34,8202.66,1884.55,2024-05-18,1
LOAN0010658,CUST003122,Personal Loan,0,,,175829.48,0.0,0.0,2025-01-13,0
LOAN0010659,CUST001177,Personal Loan,0,,,501533.25,0.0,0.0,2026-01-30,0
LOAN0010660,CUST004566,Education Loan,0,,,138202.26,0.0,0.0,2026-11-04,0
LOAN0010661,CUST009839,Personal Loan,0,,,318948.2,0.0,0.0,2024-12-10,0
LOAN0010662,CUST005152,SME Loan,0,,,102486.6,0.0,0.0,2026-02-20,0
LOAN0010663,CUST007434,Personal Loan,0,,,256416.71,0.0,0.0,2024-11-23,0
LOAN0010664,CUST006847,BNPL,1,180.0,6.0,38091.05,13205.95,2991.28,2023-01-02,1
LOAN0010665,CUST008514,BNPL,1,240.0,8.0,49199.75,0.0,0.0,2024-05-25,1
LOAN0010666,CUST002162,Personal Loan,1,210.0,7.0,130954.26,341150.74,123251.45,2024-01-20,1
LOAN0010667,CUST007552,Personal Loan,0,,,549215.2,0.0,0.0,2024-05-24,0
LOAN0010668,CUST008826,Personal Loan,0,,,198460.96,0.0,0.0,2023-05-09,0
LOAN0010669,CUST001727,BNPL,1,150.0,5.0,1376.24,1569.76,440.56,2024-05-13,1
LOAN0010670,CUST003464,Personal Loan,0,,,338923.62,0.0,0.0,2026-06-23,0
LOAN0010671,CUST009701,SME Loan,0,,,414833.8,0.0,0.0,2025-07-02,0
LOAN0010672,CUST007821,Personal Loan,0,,,385465.36,0.0,0.0,2025-01-26,0
LOAN0010673,CUST002829,SME Loan,0,,,600246.0,0.0,0.0,2025-01-17,0
LOAN0010674,CUST005649,BNPL,1,60.0,2.0,6422.34,48401.66,13991.64,2024-02-03,1
LOAN0010675,CUST004050,Personal Loan,0,,,395740.07,0.0,0.0,2025-11-11,0
LOAN0010676,CUST004911,Education Loan,0,,,694860.48,0.0,0.0,2027-06-15,0
LOAN0010677,CUST003554,Personal Loan,0,,,93506.27,0.0,0.0,2024-08-17,0
LOAN0010678,CUST002797,Personal Loan,0,,,285939.55,0.0,0.0,2023-09-11,0
LOAN0010679,CUST006758,Personal Loan,1,60.0,2.0,19631.47,162933.53,62030.27,2024-02-06,1
LOAN0010680,CUST007794,Personal Loan,0,,,145096.0,0.0,0.0,2026-02-13,0
LOAN0010681,CUST008750,Personal Loan,0,,,441196.86,0.0,0.0,2024-05-24,0
LOAN0010682,CUST001565,Education Loan,0,,,1018053.33,0.0,0.0,2026-06-04,0
LOAN0010683,CUST008242,BNPL,0,,,38891.09,0.0,0.0,2023-10-22,0
LOAN0010684,CUST002551,Personal Loan,1,60.0,2.0,14713.87,274245.13,93618.15,2024-02-29,1
LOAN0010685,CUST004275,BNPL,0,,,51197.48,0.0,0.0,2023-11-19,0
LOAN0010686,CUST009024,Personal Loan,0,,,202965.76,0.0,0.0,2025-02-17,0
LOAN0010687,CUST004542,Personal Loan,0,,,77259.93,0.0,0.0,2026-07-25,0
LOAN0010688,CUST001974,Personal Loan,1,120.0,4.0,164679.51,230905.49,91193.49,2023-10-24,1
LOAN0010689,CUST001610,Personal Loan,0,,,114934.22,0.0,0.0,2025-11-21,0
LOAN0010690,CUST004727,SME Loan,0,,,196347.79,0.0,0.0,2025-04-25,0
LOAN0010691,CUST007638,SME Loan,0,,,634069.12,0.0,0.0,2024-03-16,0
LOAN0010692,CUST009969,Personal Loan,0,,,417317.5,0.0,0.0,2025-08-16,0
LOAN0010693,CUST007887,BNPL,0,,,46501.1,0.0,0.0,2024-10-11,0
LOAN0010694,CUST008784,Personal Loan,0,,,109829.16,0.0,0.0,2024-10-01,0
LOAN0010695,CUST007492,Personal Loan,1,180.0,6.0,94599.75,58985.25,9611.67,2023-11-26,1
LOAN0010696,CUST008965,Personal Loan,1,90.0,3.0,6015.8,42403.2,10968.52,2023-09-03,1
LOAN0010697,CUST000772,Education Loan,0,,,159248.51,0.0,0.0,2027-05-03,0
LOAN0010698,CUST009302,Personal Loan,1,240.0,8.0,16779.06,0.0,0.0,2024-06-14,1
LOAN0010699,CUST003970,Personal Loan,0,,,344496.18,0.0,0.0,2024-08-18,0
LOAN0010700,CUST009221,SME Loan,0,,,106580.54,0.0,0.0,2025-10-10,0
LOAN0010701,CUST000766,Personal Loan,1,240.0,8.0,258482.07,51746.93,6297.41,2024-03-20,1
LOAN0010702,CUST007169,Personal Loan,0,,,245671.92,0.0,0.0,2023-10-23,0
LOAN0010703,CUST007374,BNPL,0,,,22104.06,0.0,0.0,2022-11-20,0
LOAN0010704,CUST009967,SME Loan,0,,,299912.47,0.0,0.0,2023-11-18,0
LOAN0010705,CUST007697,Personal Loan,0,,,323314.26,0.0,0.0,2025-05-22,0
LOAN0010706,CUST003832,Education Loan,0,,,1041962.7,0.0,0.0,2024-04-29,0
LOAN0010707,CUST005581,BNPL,0,,,36319.42,0.0,0.0,2023-12-08,0
LOAN0010708,CUST003666,BNPL,1,180.0,6.0,17755.8,10615.2,3337.21,2024-04-30,1
LOAN0010709,CUST001963,Education Loan,0,,,636565.66,0.0,0.0,2026-01-08,0
LOAN0010710,CUST002489,Personal Loan,1,150.0,5.0,100000.84,210138.16,66426.54,2023-11-23,1
LOAN0010711,CUST002227,Personal Loan,0,,,230869.52,0.0,0.0,2024-03-12,0
LOAN0010712,CUST005495,Personal Loan,0,,,539109.27,0.0,0.0,2024-01-17,0
LOAN0010713,CUST009072,Personal Loan,0,,,59960.4,0.0,0.0,2025-12-21,0
LOAN0010714,CUST009134,Personal Loan,0,,,408168.15,0.0,0.0,2024-01-07,0
LOAN0010715,CUST000554,Personal Loan,0,,,214559.75,0.0,0.0,2025-11-17,0
LOAN0010716,CUST000806,Personal Loan,1,240.0,8.0,119957.18,169147.82,25214.62,2024-07-01,1
LOAN0010717,CUST002456,Personal Loan,0,,,429034.32,0.0,0.0,2025-04-05,0
LOAN0010718,CUST002554,SME Loan,0,,,429973.76,0.0,0.0,2024-05-02,0
LOAN0010719,CUST000960,Personal Loan,0,,,547374.75,0.0,0.0,2024-11-19,0
LOAN0010720,CUST003889,BNPL,0,,,25783.2,0.0,0.0,2024-04-26,0
LOAN0010721,CUST005889,Education Loan,0,,,754561.6,0.0,0.0,2025-02-22,0
LOAN0010722,CUST005795,BNPL,1,120.0,4.0,12941.52,29868.48,9159.17,2024-02-25,1
LOAN0010723,CUST005439,Personal Loan,0,,,503249.5,0.0,0.0,2025-08-23,0
LOAN0010724,CUST003382,Personal Loan,1,210.0,7.0,106737.06,177226.94,20319.0,2024-02-25,1
LOAN0010725,CUST007081,Personal Loan,0,,,100892.75,0.0,0.0,2026-01-30,0
LOAN0010726,CUST008277,Personal Loan,0,,,79200.36,0.0,0.0,2023-10-16,0
LOAN0010727,CUST003459,BNPL,0,,,37696.54,0.0,0.0,2023-10-21,0
LOAN0010728,CUST000863,Personal Loan,0,,,352793.48,0.0,0.0,2025-09-21,0
LOAN0010729,CUST002967,BNPL,0,,,33906.69,0.0,0.0,2024-03-31,0
LOAN0010730,CUST001387,Personal Loan,0,,,385422.76,0.0,0.0,2026-04-30,0
LOAN0010731,CUST004672,Education Loan,0,,,447293.35,0.0,0.0,2025-08-12,0
LOAN0010732,CUST001570,SME Loan,0,,,602066.36,0.0,0.0,2026-03-29,0
LOAN0010733,CUST004626,SME Loan,0,,,399897.32,0.0,0.0,2025-11-01,0
LOAN0010734,CUST002216,BNPL,0,,,20981.17,0.0,0.0,2022-12-15,0
LOAN0010735,CUST007404,Personal Loan,1,210.0,7.0,6448.98,17575.02,5020.0,2023-09-12,1
LOAN0010736,CUST000284,Personal Loan,0,,,231009.6,0.0,0.0,2026-08-30,0
LOAN0010737,CUST005554,SME Loan,1,60.0,2.0,3508.44,51353.56,10999.8,2023-06-24,1
LOAN0010738,CUST001705,Personal Loan,0,,,610879.5,0.0,0.0,2025-09-28,0
LOAN0010739,CUST000010,SME Loan,1,180.0,6.0,138959.25,431707.75,105507.04,2023-11-12,1
LOAN0010740,CUST008705,Personal Loan,0,,,635495.02,0.0,0.0,2026-10-30,0
LOAN0010741,CUST006722,Personal Loan,0,,,255820.32,0.0,0.0,2025-08-27,0
LOAN0010742,CUST000998,Personal Loan,0,,,596870.46,0.0,0.0,2025-07-07,0
LOAN0010743,CUST006646,Personal Loan,0,,,356694.45,0.0,0.0,2023-06-07,0
LOAN0010744,CUST006130,BNPL,0,,,12245.3,0.0,0.0,2023-09-09,0
LOAN0010745,CUST004731,BNPL,1,90.0,3.0,9660.84,38223.16,7045.91,2023-05-26,1
LOAN0010746,CUST004199,BNPL,0,,,24964.5,0.0,0.0,2024-01-18,0
LOAN0010747,CUST008882,BNPL,0,,,37955.24,0.0,0.0,2023-11-08,0
LOAN0010748,CUST002456,BNPL,0,,,47222.91,0.0,0.0,2024-09-21,0
LOAN0010749,CUST003990,Education Loan,0,,,185447.16,0.0,0.0,2026-12-05,0
LOAN0010750,CUST003292,Education Loan,0,,,657690.16,0.0,0.0,2027-07-07,0
LOAN0010751,CUST007720,SME Loan,1,180.0,6.0,64728.55,160536.45,33902.36,2023-06-19,1
LOAN0010752,CUST009167,Education Loan,0,,,1055471.69,0.0,0.0,2025-04-06,0
LOAN0010753,CUST008513,Personal Loan,0,,,120986.72,0.0,0.0,2024-04-13,0
LOAN0010754,CUST007990,Education Loan,1,210.0,7.0,57657.12,80997.88,27923.97,2023-03-01,1
LOAN0010755,CUST009865,SME Loan,1,120.0,4.0,21072.51,95199.49,37552.97,2024-02-23,1
LOAN0010756,CUST006990,Personal Loan,0,,,487099.83,0.0,0.0,2025-09-10,0
LOAN0010757,CUST007525,BNPL,1,90.0,3.0,15106.64,7454.36,1520.55,2023-05-26,1
LOAN0010758,CUST009825,Personal Loan,0,,,409374.9,0.0,0.0,2026-07-17,0
LOAN0010759,CUST000075,SME Loan,0,,,342995.04,0.0,0.0,2024-12-07,0
LOAN0010760,CUST006349,Personal Loan,0,,,16209.9,0.0,0.0,2026-05-29,0
LOAN0010761,CUST007406,Personal Loan,0,,,20022.24,0.0,0.0,2024-07-14,0
LOAN0010762,CUST009182,Personal Loan,1,120.0,4.0,27406.74,88513.26,16241.95,2024-03-04,1
LOAN0010763,CUST008851,SME Loan,0,,,542161.0,0.0,0.0,2025-09-19,0
LOAN0010764,CUST008430,Personal Loan,0,,,405332.76,0.0,0.0,2025-01-26,0
LOAN0010765,CUST009461,BNPL,1,240.0,8.0,22460.69,8056.31,2539.38,2023-02-23,1
LOAN0010766,CUST005379,Education Loan,0,,,727337.8,0.0,0.0,2024-02-25,0
LOAN0010767,CUST000074,Education Loan,0,,,252946.64,0.0,0.0,2025-11-27,0
LOAN0010768,CUST000115,Personal Loan,1,60.0,2.0,7792.87,90983.13,35758.06,2024-02-01,1
LOAN0010769,CUST005454,Personal Loan,0,,,613489.47,0.0,0.0,2026-09-30,0
LOAN0010770,CUST004354,SME Loan,1,90.0,3.0,115165.58,466908.42,151971.76,2023-01-01,1
LOAN0010771,CUST004509,Personal Loan,0,,,40330.62,0.0,0.0,2025-04-09,0
LOAN0010772,CUST004011,BNPL,0,,,17224.56,0.0,0.0,2024-03-29,0
LOAN0010773,CUST009182,Personal Loan,0,,,56502.46,0.0,0.0,2025-12-07,0
LOAN0010774,CUST003593,Personal Loan,1,240.0,8.0,115105.76,223766.24,69663.65,2023-11-23,1
LOAN0010775,CUST008573,Personal Loan,0,,,385054.0,0.0,0.0,2025-10-30,0
LOAN0010776,CUST009037,Personal Loan,0,,,433658.81,0.0,0.0,2024-10-27,0
LOAN0010777,CUST005002,Personal Loan,0,,,458993.86,0.0,0.0,2025-09-16,0
LOAN0010778,CUST004471,SME Loan,0,,,602311.36,0.0,0.0,2025-10-15,0
LOAN0010779,CUST007622,Personal Loan,1,90.0,3.0,25461.36,303635.64,68557.6,2024-02-29,1
LOAN0010780,CUST007095,BNPL,0,,,4097.24,0.0,0.0,2024-04-16,0
LOAN0010781,CUST003285,Personal Loan,0,,,429103.68,0.0,0.0,2025-07-29,0
LOAN0010782,CUST001037,BNPL,0,,,43105.8,0.0,0.0,2023-01-16,0
LOAN0010783,CUST002651,Personal Loan,0,,,583756.8,0.0,0.0,2025-10-01,0
LOAN0010784,CUST001324,BNPL,0,,,39385.84,0.0,0.0,2023-08-21,0
LOAN0010785,CUST002950,SME Loan,1,150.0,5.0,22930.28,124168.72,40582.78,2024-01-01,1
LOAN0010786,CUST002623,Personal Loan,0,,,162505.64,0.0,0.0,2025-05-21,0
LOAN0010787,CUST006386,Personal Loan,0,,,355692.92,0.0,0.0,2025-06-18,0
LOAN0010788,CUST009548,Personal Loan,0,,,70073.96,0.0,0.0,2025-10-10,0
LOAN0010789,CUST006876,SME Loan,1,90.0,3.0,18411.54,79362.46,21532.58,2022-12-09,1
LOAN0010790,CUST009270,Personal Loan,0,,,264633.45,0.0,0.0,2024-05-03,0
LOAN0010791,CUST007853,Personal Loan,0,,,228674.88,0.0,0.0,2025-07-17,0
LOAN0010792,CUST007297,Personal Loan,0,,,302658.72,0.0,0.0,2024-05-17,0
LOAN0010793,CUST004149,Personal Loan,0,,,193708.68,0.0,0.0,2025-10-27,0
LOAN0010794,CUST003248,Personal Loan,1,180.0,6.0,9420.95,35468.05,5053.56,2024-04-17,1
LOAN0010795,CUST008475,Education Loan,0,,,405802.98,0.0,0.0,2025-07-15,0
LOAN0010796,CUST009064,Personal Loan,0,,,273720.81,0.0,0.0,2026-02-28,0
LOAN0010797,CUST004515,Personal Loan,0,,,387244.62,0.0,0.0,2024-07-27,0
LOAN0010798,CUST000094,BNPL,0,,,15532.8,0.0,0.0,2024-09-23,0
LOAN0010799,CUST007939,Personal Loan,0,,,48288.24,0.0,0.0,2026-04-30,0
LOAN0010800,CUST002852,Personal Loan,0,,,653375.58,0.0,0.0,2025-12-18,0
LOAN0010801,CUST000102,Personal Loan,0,,,342286.13,0.0,0.0,2025-10-16,0
LOAN0010802,CUST008065,SME Loan,0,,,690653.08,0.0,0.0,2025-01-25,0
LOAN0010803,CUST005181,Personal Loan,1,90.0,3.0,13423.72,93808.28,9895.53,2024-03-17,1
LOAN0010804,CUST006870,SME Loan,0,,,487327.13,0.0,0.0,2025-07-20,0
LOAN0010805,CUST009150,Personal Loan,0,,,78847.36,0.0,0.0,2026-08-18,0
LOAN0010806,CUST005417,Personal Loan,0,,,498496.37,0.0,0.0,2025-10-10,0
LOAN0010807,CUST005039,Personal Loan,1,210.0,7.0,173060.94,142384.06,53251.49,2023-06-08,1
LOAN0010808,CUST002911,Personal Loan,0,,,27838.26,0.0,0.0,2026-05-18,0
LOAN0010809,CUST003054,Personal Loan,0,,,111991.99,0.0,0.0,2024-10-30,0
LOAN0010810,CUST007980,BNPL,0,,,18565.75,0.0,0.0,2024-07-01,0
LOAN0010811,CUST004489,SME Loan,0,,,531895.35,0.0,0.0,2025-07-17,0
LOAN0010812,CUST001644,Personal Loan,0,,,415384.53,0.0,0.0,2026-04-07,0
LOAN0010813,CUST000956,Personal Loan,0,,,175600.04,0.0,0.0,2024-10-19,0
LOAN0010814,CUST004726,Personal Loan,1,60.0,2.0,21361.64,414437.36,102040.12,2023-04-04,1
LOAN0010815,CUST004649,BNPL,0,,,54062.92,0.0,0.0,2023-12-02,0
LOAN0010816,CUST006545,Personal Loan,0,,,134461.6,0.0,0.0,2026-03-23,0
LOAN0010817,CUST004707,Personal Loan,0,,,695785.68,0.0,0.0,2026-07-02,0
LOAN0010818,CUST001451,Personal Loan,0,,,329092.8,0.0,0.0,2026-08-06,0
LOAN0010819,CUST005083,Education Loan,0,,,283218.0,0.0,0.0,2024-12-17,0
LOAN0010820,CUST009077,Personal Loan,0,,,281639.68,0.0,0.0,2023-11-01,0
LOAN0010821,CUST001605,Personal Loan,0,,,28737.66,0.0,0.0,2024-06-26,0
LOAN0010822,CUST006919,Personal Loan,1,180.0,6.0,62921.45,169856.55,46774.05,2023-10-20,1
LOAN0010823,CUST005950,Education Loan,0,,,585279.36,0.0,0.0,2027-08-21,0
LOAN0010824,CUST007500,Personal Loan,1,150.0,5.0,116796.48,311859.52,116152.23,2024-03-21,1
LOAN0010825,CUST001516,Personal Loan,0,,,114062.7,0.0,0.0,2024-05-17,0
LOAN0010826,CUST009418,Personal Loan,0,,,317588.95,0.0,0.0,2025-11-17,0
LOAN0010827,CUST006224,Personal Loan,1,180.0,6.0,154094.85,275993.15,34464.66,2024-03-12,1
LOAN0010828,CUST008483,SME Loan,0,,,206706.5,0.0,0.0,2024-07-11,0
LOAN0010829,CUST002469,Personal Loan,1,180.0,6.0,51668.95,152395.05,30171.91,2023-10-06,1
LOAN0010830,CUST007411,Personal Loan,1,120.0,4.0,37817.64,278727.36,97290.72,2023-08-21,1
LOAN0010831,CUST007823,BNPL,0,,,7498.7,0.0,0.0,2024-02-17,0
LOAN0010832,CUST003980,Personal Loan,0,,,519260.48,0.0,0.0,2025-03-15,0
LOAN0010833,CUST003846,SME Loan,0,,,65691.0,0.0,0.0,2025-09-30,0
LOAN0010834,CUST006586,Personal Loan,0,,,241799.04,0.0,0.0,2026-06-13,0
LOAN0010835,CUST000944,Education Loan,0,,,772665.32,0.0,0.0,2025-07-12,0
LOAN0010836,CUST007373,Personal Loan,0,,,123514.63,0.0,0.0,2025-07-11,0
LOAN0010837,CUST000434,BNPL,0,,,44660.08,0.0,0.0,2023-10-11,0
LOAN0010838,CUST001915,BNPL,1,210.0,7.0,27669.4,0.0,0.0,2023-01-19,1
LOAN0010839,CUST006647,Personal Loan,1,90.0,3.0,77405.58,386583.42,85678.5,2023-11-14,1
LOAN0010840,CUST000992,SME Loan,0,,,262472.34,0.0,0.0,2025-01-01,0
LOAN0010841,CUST009720,SME Loan,0,,,592298.07,0.0,0.0,2025-10-26,0
LOAN0010842,CUST008696,SME Loan,0,,,329106.12,0.0,0.0,2025-04-25,0
LOAN0010843,CUST006277,Personal Loan,0,,,164771.0,0.0,0.0,2025-11-30,0
LOAN0010844,CUST008205,SME Loan,0,,,360920.16,0.0,0.0,2024-10-18,0
LOAN0010845,CUST008887,Personal Loan,0,,,97101.3,0.0,0.0,2026-06-14,0
LOAN0010846,CUST002598,BNPL,0,,,35295.1,0.0,0.0,2024-10-27,0
LOAN0010847,CUST008509,SME Loan,1,150.0,5.0,68750.88,297975.12,68034.14,2023-08-03,1
LOAN0010848,CUST001952,Personal Loan,0,,,369428.24,0.0,0.0,2026-07-01,0
LOAN0010849,CUST004140,Personal Loan,1,120.0,4.0,7870.92,39960.08,7751.78,2023-12-04,1
LOAN0010850,CUST005590,Personal Loan,0,,,82940.4,0.0,0.0,2026-05-09,0
LOAN0010851,CUST007157,Personal Loan,1,90.0,3.0,26895.74,61134.26,22058.95,2023-08-22,1
LOAN0010852,CUST000308,BNPL,0,,,22039.62,0.0,0.0,2024-06-11,0
LOAN0010853,CUST002909,Personal Loan,0,,,492445.3,0.0,0.0,2024-08-31,0
LOAN0010854,CUST006096,BNPL,0,,,24667.29,0.0,0.0,2024-07-09,0
LOAN0010855,CUST003576,BNPL,0,,,35168.06,0.0,0.0,2023-04-17,0
LOAN0010856,CUST007759,Education Loan,1,240.0,8.0,164039.12,105698.88,29479.4,2024-08-07,1
LOAN0010857,CUST006525,Personal Loan,0,,,119941.58,0.0,0.0,2024-10-14,0
LOAN0010858,CUST002349,Personal Loan,0,,,317856.42,0.0,0.0,2025-12-22,0
LOAN0010859,CUST001473,BNPL,0,,,3351.39,0.0,0.0,2024-03-24,0
LOAN0010860,CUST006304,Personal Loan,0,,,169229.55,0.0,0.0,2026-04-23,0
LOAN0010861,CUST004501,Personal Loan,0,,,94890.96,0.0,0.0,2026-01-02,0
LOAN0010862,CUST001700,Personal Loan,1,90.0,3.0,14735.88,110234.12,13447.55,2024-03-03,1
LOAN0010863,CUST003264,Personal Loan,0,,,335602.98,0.0,0.0,2026-03-10,0
LOAN0010864,CUST003032,Personal Loan,0,,,56541.78,0.0,0.0,2024-03-24,0
LOAN0010865,CUST001093,Personal Loan,0,,,560638.32,0.0,0.0,2025-02-28,0
LOAN0010866,CUST005477,Personal Loan,0,,,224699.4,0.0,0.0,2024-10-02,0
LOAN0010867,CUST007647,BNPL,0,,,23837.0,0.0,0.0,2024-05-01,0
LOAN0010868,CUST005766,Personal Loan,0,,,123807.48,0.0,0.0,2024-11-26,0
LOAN0010869,CUST008276,Personal Loan,0,,,587126.4,0.0,0.0,2025-04-01,0
LOAN0010870,CUST001288,Personal Loan,0,,,450901.8,0.0,0.0,2026-06-17,0
LOAN0010871,CUST004356,SME Loan,0,,,569321.92,0.0,0.0,2024-07-20,0
LOAN0010872,CUST006106,BNPL,0,,,16555.7,0.0,0.0,2024-05-31,0
LOAN0010873,CUST006774,BNPL,0,,,55353.52,0.0,0.0,2024-01-20,0
LOAN0010874,CUST006976,BNPL,0,,,23757.84,0.0,0.0,2023-09-16,0
LOAN0010875,CUST007309,Personal Loan,0,,,394381.95,0.0,0.0,2024-08-04,0
LOAN0010876,CUST006523,BNPL,1,210.0,7.0,53490.48,0.0,0.0,2023-09-04,1
LOAN0010877,CUST000953,Personal Loan,0,,,242518.32,0.0,0.0,2026-07-13,0
LOAN0010878,CUST006972,SME Loan,0,,,567341.1,0.0,0.0,2025-01-26,0
LOAN0010879,CUST007266,Personal Loan,1,60.0,2.0,26057.73,410662.27,53394.61,2024-02-08,1
LOAN0010880,CUST009935,Personal Loan,0,,,169195.9,0.0,0.0,2026-05-25,0
LOAN0010881,CUST006954,Personal Loan,0,,,113513.66,0.0,0.0,2025-08-19,0
LOAN0010882,CUST006888,BNPL,0,,,45381.49,0.0,0.0,2023-01-10,0
LOAN0010883,CUST005154,Personal Loan,0,,,205097.4,0.0,0.0,2024-05-29,0
LOAN0010884,CUST008692,Personal Loan,0,,,484792.64,0.0,0.0,2026-02-11,0
LOAN0010885,CUST009966,Personal Loan,0,,,53113.44,0.0,0.0,2024-09-30,0
LOAN0010886,CUST007800,Personal Loan,0,,,504203.22,0.0,0.0,2025-03-21,0
LOAN0010887,CUST006139,Personal Loan,1,240.0,8.0,157353.14,335165.86,114909.73,2024-04-26,1
LOAN0010888,CUST000798,BNPL,0,,,23850.48,0.0,0.0,2023-12-23,0
LOAN0010889,CUST007285,Personal Loan,0,,,345588.93,0.0,0.0,2025-09-27,0
LOAN0010890,CUST007103,SME Loan,0,,,105835.62,0.0,0.0,2024-07-30,0
LOAN0010891,CUST007764,Personal Loan,0,,,263837.84,0.0,0.0,2026-04-22,0
LOAN0010892,CUST001258,Personal Loan,0,,,578321.2,0.0,0.0,2025-11-08,0
LOAN0010893,CUST006548,Personal Loan,0,,,284955.58,0.0,0.0,2026-02-01,0
LOAN0010894,CUST002959,Personal Loan,0,,,249523.56,0.0,0.0,2026-09-22,0
LOAN0010895,CUST007615,Personal Loan,0,,,254904.25,0.0,0.0,2025-03-12,0
LOAN0010896,CUST002407,BNPL,0,,,4046.32,0.0,0.0,2024-03-15,0
LOAN0010897,CUST006857,Personal Loan,0,,,328457.64,0.0,0.0,2025-03-04,0
LOAN0010898,CUST002953,BNPL,0,,,50893.1,0.0,0.0,2024-01-29,0
LOAN0010899,CUST000094,BNPL,0,,,25462.5,0.0,0.0,2024-04-22,0
LOAN0010900,CUST006342,Personal Loan,0,,,235364.25,0.0,0.0,2026-07-18,0
LOAN0010901,CUST001146,Education Loan,1,150.0,5.0,32523.04,228349.96,67324.29,2024-03-23,1
LOAN0010902,CUST006601,Personal Loan,1,240.0,8.0,21430.85,924.15,335.46,2024-07-02,1
LOAN0010903,CUST009259,BNPL,1,90.0,3.0,60527.1,0.0,0.0,2023-07-15,1
LOAN0010904,CUST009693,BNPL,1,120.0,4.0,44157.84,13898.16,5154.85,2024-04-13,1
LOAN0010905,CUST002365,Personal Loan,0,,,200924.36,0.0,0.0,2025-02-28,0
LOAN0010906,CUST008106,SME Loan,1,240.0,8.0,145624.71,241828.29,41303.42,2023-03-29,1
LOAN0010907,CUST003537,Personal Loan,1,60.0,2.0,49469.54,380117.46,122354.19,2023-10-30,1
LOAN0010908,CUST009012,BNPL,1,90.0,3.0,35508.06,17224.94,3329.04,2023-11-09,1
LOAN0010909,CUST007888,Personal Loan,1,60.0,2.0,12907.43,311062.57,42983.35,2024-01-25,1
LOAN0010910,CUST000748,Personal Loan,0,,,356228.08,0.0,0.0,2024-04-14,0
LOAN0010911,CUST004079,SME Loan,1,120.0,4.0,58139.07,252937.93,88146.51,2023-09-01,1
LOAN0010912,CUST003370,BNPL,1,120.0,4.0,27886.3,0.0,0.0,2024-01-01,1
LOAN0010913,CUST007864,Personal Loan,0,,,44684.36,0.0,0.0,2025-10-14,0
LOAN0010914,CUST004111,Personal Loan,0,,,182655.9,0.0,0.0,2025-06-23,0
LOAN0010915,CUST006864,Personal Loan,0,,,72931.02,0.0,0.0,2025-03-12,0
LOAN0010916,CUST006037,Personal Loan,0,,,521252.88,0.0,0.0,2024-10-23,0
LOAN0010917,CUST009758,SME Loan,0,,,233554.75,0.0,0.0,2025-05-26,0
LOAN0010918,CUST009380,SME Loan,0,,,379597.36,0.0,0.0,2024-04-24,0
LOAN0010919,CUST004279,BNPL,0,,,7126.3,0.0,0.0,2024-09-11,0
LOAN0010920,CUST007252,SME Loan,0,,,743133.6,0.0,0.0,2025-12-24,0
LOAN0010921,CUST008309,Personal Loan,0,,,107859.73,0.0,0.0,2025-01-18,0
LOAN0010922,CUST008997,Personal Loan,0,,,267675.2,0.0,0.0,2025-08-30,0
LOAN0010923,CUST000689,SME Loan,0,,,567206.07,0.0,0.0,2024-10-11,0
LOAN0010924,CUST003023,SME Loan,0,,,153153.72,0.0,0.0,2026-03-14,0
LOAN0010925,CUST003204,Personal Loan,0,,,611829.12,0.0,0.0,2024-10-27,0
LOAN0010926,CUST004347,SME Loan,0,,,221906.7,0.0,0.0,2026-03-08,0
LOAN0010927,CUST001704,Personal Loan,0,,,501397.92,0.0,0.0,2025-09-20,0
LOAN0010928,CUST004970,BNPL,0,,,51017.12,0.0,0.0,2024-03-27,0
LOAN0010929,CUST006638,Personal Loan,0,,,116760.76,0.0,0.0,2025-01-30,0
LOAN0010930,CUST004982,Personal Loan,0,,,141648.52,0.0,0.0,2025-08-07,0
LOAN0010931,CUST006665,Education Loan,1,240.0,8.0,108562.65,202093.35,42901.93,2024-08-21,1
LOAN0010932,CUST000672,Education Loan,0,,,666889.2,0.0,0.0,2026-11-05,0
LOAN0010933,CUST008773,Personal Loan,0,,,336612.32,0.0,0.0,2024-07-12,0
LOAN0010934,CUST009394,Personal Loan,0,,,625124.5,0.0,0.0,2026-08-30,0
LOAN0010935,CUST006194,SME Loan,0,,,269965.54,0.0,0.0,2025-02-09,0
LOAN0010936,CUST008826,Personal Loan,0,,,246750.08,0.0,0.0,2026-04-14,0
LOAN0010937,CUST001329,Personal Loan,0,,,486265.4,0.0,0.0,2025-07-14,0
LOAN0010938,CUST007988,Personal Loan,0,,,678871.55,0.0,0.0,2026-08-11,0
LOAN0010939,CUST001206,Personal Loan,0,,,200881.92,0.0,0.0,2025-06-17,0
LOAN0010940,CUST004088,SME Loan,0,,,350701.93,0.0,0.0,2025-07-15,0
LOAN0010941,CUST003241,Personal Loan,1,90.0,3.0,5095.04,11108.96,1485.83,2024-02-14,1
LOAN0010942,CUST005869,Education Loan,0,,,227927.24,0.0,0.0,2025-07-28,0
LOAN0010943,CUST003018,BNPL,0,,,3262.84,0.0,0.0,2024-02-05,0
LOAN0010944,CUST006382,Personal Loan,0,,,101047.59,0.0,0.0,2025-07-01,0
LOAN0010945,CUST003675,Personal Loan,0,,,211096.2,0.0,0.0,2026-01-18,0
LOAN0010946,CUST008619,Personal Loan,0,,,648021.06,0.0,0.0,2024-10-20,0
LOAN0010947,CUST006348,SME Loan,1,150.0,5.0,54096.44,208397.56,22256.0,2024-02-20,1
LOAN0010948,CUST002159,Personal Loan,0,,,241582.9,0.0,0.0,2025-10-11,0
LOAN0010949,CUST003358,Personal Loan,1,120.0,4.0,50026.77,144117.23,26018.79,2024-03-14,1
LOAN0010950,CUST008486,Personal Loan,1,150.0,5.0,54760.96,286960.04,59663.86,2023-12-29,1
LOAN0010951,CUST003869,Personal Loan,0,,,527230.38,0.0,0.0,2024-11-26,0
LOAN0010952,CUST005365,BNPL,1,210.0,7.0,20881.02,3243.98,1172.69,2024-01-04,1
LOAN0010953,CUST006496,BNPL,0,,,26605.0,0.0,0.0,2024-01-27,0
LOAN0010954,CUST003473,SME Loan,1,180.0,6.0,188762.9,153389.1,50993.12,2024-01-03,1
LOAN0010955,CUST002944,Personal Loan,0,,,513012.74,0.0,0.0,2026-02-02,0
LOAN0010956,CUST004752,Personal Loan,1,210.0,7.0,169593.18,244952.82,32903.63,2023-12-28,1
LOAN0010957,CUST002153,Personal Loan,0,,,215865.0,0.0,0.0,2024-01-09,0
LOAN0010958,CUST002845,BNPL,0,,,57183.84,0.0,0.0,2024-02-29,0
LOAN0010959,CUST000628,BNPL,0,,,30008.7,0.0,0.0,2023-12-16,0
LOAN0010960,CUST003042,SME Loan,1,150.0,5.0,47110.68,180131.32,66970.69,2023-10-15,1
LOAN0010961,CUST003209,BNPL,0,,,34379.87,0.0,0.0,2023-11-20,0
LOAN0010962,CUST009621,Personal Loan,0,,,329619.2,0.0,0.0,2023-07-19,0
LOAN0010963,CUST005907,BNPL,0,,,10324.58,0.0,0.0,2024-01-03,0
LOAN0010964,CUST007887,Personal Loan,0,,,454796.8,0.0,0.0,2025-09-25,0
LOAN0010965,CUST000459,Personal Loan,0,,,491289.0,0.0,0.0,2025-03-29,0
LOAN0010966,CUST001077,Personal Loan,1,240.0,8.0,150548.51,317328.49,87421.91,2024-03-11,1
LOAN0010967,CUST008159,BNPL,0,,,14946.03,0.0,0.0,2023-03-30,0
LOAN0010968,CUST006249,BNPL,0,,,31053.78,0.0,0.0,2024-04-12,0
LOAN0010969,CUST001918,BNPL,1,150.0,5.0,14743.24,16605.76,3952.47,2022-11-07,1
LOAN0010970,CUST004054,Personal Loan,0,,,126648.96,0.0,0.0,2024-02-16,0
LOAN0010971,CUST005392,BNPL,0,,,53391.24,0.0,0.0,2023-10-14,0
LOAN0010972,CUST008446,SME Loan,0,,,385196.48,0.0,0.0,2026-08-19,0
LOAN0010973,CUST000612,Personal Loan,0,,,226061.07,0.0,0.0,2025-05-18,0
LOAN0010974,CUST005980,Personal Loan,0,,,225739.4,0.0,0.0,2024-04-13,0
LOAN0010975,CUST007186,SME Loan,0,,,242439.84,0.0,0.0,2026-01-25,0
LOAN0010976,CUST009780,BNPL,0,,,61233.6,0.0,0.0,2024-05-10,0
LOAN0010977,CUST008085,Personal Loan,0,,,101947.68,0.0,0.0,2025-03-18,0
LOAN0010978,CUST002764,Personal Loan,0,,,348482.16,0.0,0.0,2024-01-08,0
LOAN0010979,CUST007113,Personal Loan,0,,,126739.14,0.0,0.0,2025-10-02,0
LOAN0010980,CUST007644,BNPL,0,,,37521.04,0.0,0.0,2023-04-04,0
LOAN0010981,CUST007317,BNPL,0,,,5007.04,0.0,0.0,2023-12-08,0
LOAN0010982,CUST008217,Personal Loan,1,90.0,3.0,32194.4,313426.6,34272.0,2023-08-23,1
LOAN0010983,CUST009047,BNPL,1,60.0,2.0,2082.72,13834.28,3338.84,2023-10-10,1
LOAN0010984,CUST000992,BNPL,1,210.0,7.0,30707.34,0.0,0.0,2024-04-30,1
LOAN0010985,CUST001059,Personal Loan,1,240.0,8.0,157919.79,124859.21,31414.03,2023-07-17,1
LOAN0010986,CUST007979,SME Loan,0,,,493954.21,0.0,0.0,2025-11-20,0
LOAN0010987,CUST002526,Personal Loan,0,,,137261.25,0.0,0.0,2025-06-03,0
LOAN0010988,CUST000592,Personal Loan,0,,,280889.46,0.0,0.0,2024-06-27,0
LOAN0010989,CUST004020,BNPL,0,,,45909.98,0.0,0.0,2022-05-28,0
LOAN0010990,CUST008215,Personal Loan,1,120.0,4.0,58870.53,436744.47,112031.11,2024-01-16,1
LOAN0010991,CUST001278,Personal Loan,0,,,347165.28,0.0,0.0,2025-07-21,0
LOAN0010992,CUST006725,Personal Loan,1,90.0,3.0,14404.38,138232.62,32685.03,2023-07-05,1
LOAN0010993,CUST000039,Personal Loan,1,120.0,4.0,8401.02,62713.98,20587.72,2022-06-13,1
LOAN0010994,CUST001110,Personal Loan,0,,,504999.18,0.0,0.0,2025-06-20,0
LOAN0010995,CUST003505,Education Loan,0,,,702319.86,0.0,0.0,2027-07-23,0
LOAN0010996,CUST000844,SME Loan,0,,,482719.93,0.0,0.0,2025-05-10,0
LOAN0010997,CUST008470,Personal Loan,0,,,590031.42,0.0,0.0,2026-03-01,0
LOAN0010998,CUST008653,Personal Loan,0,,,165040.0,0.0,0.0,2024-03-04,0
LOAN0010999,CUST007566,Education Loan,0,,,616171.2,0.0,0.0,2027-08-28,0
LOAN0011000,CUST002428,Personal Loan,0,,,98193.84,0.0,0.0,2022-12-16,0
LOAN0011001,CUST005237,Personal Loan,0,,,491297.25,0.0,0.0,2024-07-20,0
LOAN0011002,CUST001851,BNPL,0,,,41249.02,0.0,0.0,2024-01-20,0
LOAN0011003,CUST002816,Personal Loan,1,120.0,4.0,24853.92,106110.08,29071.98,2024-03-09,1
LOAN0011004,CUST005166,SME Loan,0,,,557151.88,0.0,0.0,2025-02-16,0
LOAN0011005,CUST007367,BNPL,0,,,35294.91,0.0,0.0,2024-05-23,0
LOAN0011006,CUST000957,BNPL,0,,,38677.8,0.0,0.0,2023-07-22,0
LOAN0011007,CUST002970,BNPL,1,240.0,8.0,1996.68,180.32,54.16,2023-04-30,1
LOAN0011008,CUST009269,Personal Loan,0,,,232594.2,0.0,0.0,2025-03-16,0
LOAN0011009,CUST004293,BNPL,1,150.0,5.0,8433.84,12638.16,1789.72,2024-05-13,1
LOAN0011010,CUST009391,SME Loan,1,120.0,4.0,64264.62,273763.38,64795.19,2024-01-11,1
LOAN0011011,CUST009912,SME Loan,0,,,368785.84,0.0,0.0,2023-06-28,0
LOAN0011012,CUST005270,Personal Loan,1,60.0,2.0,46126.25,255894.75,100847.88,2023-12-24,1
LOAN0011013,CUST002883,BNPL,1,120.0,4.0,17177.43,0.0,0.0,2023-12-23,1
LOAN0011014,CUST007921,Personal Loan,1,240.0,8.0,47182.38,52774.62,13044.44,2023-11-12,1
LOAN0011015,CUST001604,Personal Loan,1,180.0,6.0,91466.4,303672.6,61960.36,2023-12-09,1
LOAN0011016,CUST002523,Personal Loan,0,,,415984.31,0.0,0.0,2024-05-07,0
LOAN0011017,CUST007860,BNPL,0,,,4195.46,0.0,0.0,2024-02-22,0
LOAN0011018,CUST004339,Personal Loan,0,,,643285.72,0.0,0.0,2025-08-19,0
LOAN0011019,CUST002020,BNPL,0,,,30016.5,0.0,0.0,2024-02-17,0
LOAN0011020,CUST006519,SME Loan,1,210.0,7.0,103073.82,52408.18,17018.43,2024-06-08,1
LOAN0011021,CUST007346,Personal Loan,0,,,214616.64,0.0,0.0,2025-05-16,0
LOAN0011022,CUST001264,BNPL,0,,,3732.24,0.0,0.0,2023-01-05,0
LOAN0011023,CUST002772,Personal Loan,0,,,444022.38,0.0,0.0,2024-08-19,0
LOAN0011024,CUST002220,Personal Loan,1,60.0,2.0,23613.54,443164.46,53588.53,2024-02-22,1
LOAN0011025,CUST003804,SME Loan,0,,,387085.66,0.0,0.0,2026-01-24,0
LOAN0011026,CUST007646,SME Loan,0,,,254474.01,0.0,0.0,2025-08-24,0
LOAN0011027,CUST007155,Personal Loan,0,,,74547.07,0.0,0.0,2025-01-29,0
LOAN0011028,CUST006632,SME Loan,0,,,199465.56,0.0,0.0,2024-12-20,0
LOAN0011029,CUST000066,Personal Loan,0,,,145504.98,0.0,0.0,2025-06-20,0
LOAN0011030,CUST001437,Personal Loan,1,60.0,2.0,10235.06,124411.94,33611.93,2024-02-27,1
LOAN0011031,CUST002241,SME Loan,0,,,667053.9,0.0,0.0,2025-02-10,0
LOAN0011032,CUST002722,SME Loan,0,,,621777.64,0.0,0.0,2025-10-26,0
LOAN0011033,CUST001478,BNPL,0,,,30977.2,0.0,0.0,2024-07-10,0
LOAN0011034,CUST004111,Personal Loan,0,,,290402.55,0.0,0.0,2026-02-28,0
LOAN0011035,CUST000760,Personal Loan,0,,,209390.5,0.0,0.0,2025-10-06,0
LOAN0011036,CUST007515,SME Loan,0,,,778348.74,0.0,0.0,2026-02-25,0
LOAN0011037,CUST007890,Personal Loan,0,,,537999.0,0.0,0.0,2023-03-30,0
LOAN0011038,CUST005754,BNPL,0,,,31044.51,0.0,0.0,2024-01-24,0
LOAN0011039,CUST000907,Personal Loan,0,,,450618.42,0.0,0.0,2025-06-09,0
LOAN0011040,CUST008911,Personal Loan,0,,,77335.56,0.0,0.0,2026-01-05,0
LOAN0011041,CUST009658,Personal Loan,0,,,384322.9,0.0,0.0,2025-01-20,0
LOAN0011042,CUST002029,SME Loan,0,,,646886.18,0.0,0.0,2026-02-23,0
LOAN0011043,CUST007065,Personal Loan,0,,,255278.7,0.0,0.0,2024-06-08,0
LOAN0011044,CUST008429,Personal Loan,0,,,353707.48,0.0,0.0,2024-08-12,0
LOAN0011045,CUST005404,BNPL,0,,,52377.57,0.0,0.0,2023-03-24,0
LOAN0011046,CUST003236,Personal Loan,0,,,353242.37,0.0,0.0,2025-01-28,0
LOAN0011047,CUST004786,BNPL,1,180.0,6.0,13614.45,2393.55,554.05,2024-06-26,1
LOAN0011048,CUST005129,SME Loan,0,,,168494.08,0.0,0.0,2026-08-16,0
LOAN0011049,CUST004013,BNPL,0,,,37546.52,0.0,0.0,2024-04-08,0
LOAN0011050,CUST009302,Personal Loan,0,,,15201.48,0.0,0.0,2025-04-19,0
LOAN0011051,CUST007454,Personal Loan,0,,,567925.2,0.0,0.0,2025-06-28,0
LOAN0011052,CUST002415,BNPL,0,,,24429.68,0.0,0.0,2023-10-18,0
LOAN0011053,CUST005869,Education Loan,0,,,960296.19,0.0,0.0,2025-06-08,0
LOAN0011054,CUST006908,BNPL,1,210.0,7.0,42506.4,11433.6,1468.65,2024-06-24,1
LOAN0011055,CUST001416,SME Loan,0,,,179709.14,0.0,0.0,2023-09-25,0
LOAN0011056,CUST003585,Personal Loan,0,,,404671.02,0.0,0.0,2024-11-19,0
LOAN0011057,CUST009065,Personal Loan,0,,,491618.77,0.0,0.0,2026-06-18,0
LOAN0011058,CUST005681,Personal Loan,0,,,396075.62,0.0,0.0,2024-12-25,0
LOAN0011059,CUST002175,Personal Loan,0,,,329946.8,0.0,0.0,2025-01-11,0
LOAN0011060,CUST001242,Personal Loan,0,,,80032.88,0.0,0.0,2024-05-02,0
LOAN0011061,CUST005189,Personal Loan,0,,,348123.84,0.0,0.0,2025-02-23,0
LOAN0011062,CUST005484,Personal Loan,0,,,429352.64,0.0,0.0,2024-08-09,0
LOAN0011063,CUST003340,Personal Loan,0,,,483042.95,0.0,0.0,2024-06-26,0
LOAN0011064,CUST006315,BNPL,0,,,10288.9,0.0,0.0,2023-12-16,0
LOAN0011065,CUST000695,Personal Loan,1,150.0,5.0,66206.8,404322.2,112679.68,2024-04-10,1
LOAN0011066,CUST001466,SME Loan,0,,,577098.48,0.0,0.0,2024-08-19,0
LOAN0011067,CUST005470,Personal Loan,0,,,589632.76,0.0,0.0,2025-03-29,0
LOAN0011068,CUST000626,BNPL,0,,,37939.37,0.0,0.0,2023-11-16,0
LOAN0011069,CUST008820,Personal Loan,0,,,293514.48,0.0,0.0,2025-07-10,0
LOAN0011070,CUST001437,Personal Loan,0,,,338284.92,0.0,0.0,2024-12-27,0
LOAN0011071,CUST006750,Personal Loan,0,,,153123.77,0.0,0.0,2025-03-10,0
LOAN0011072,CUST003916,Personal Loan,0,,,48889.89,0.0,0.0,2025-04-14,0
LOAN0011073,CUST004005,BNPL,1,120.0,4.0,1314.72,2477.28,385.57,2024-04-06,1
LOAN0011074,CUST007659,Personal Loan,1,210.0,7.0,151794.48,201970.52,67775.85,2024-04-03,1
LOAN0011075,CUST005002,Personal Loan,1,90.0,3.0,59226.9,206674.1,80183.46,2024-03-22,1
LOAN0011076,CUST007274,BNPL,1,90.0,3.0,3243.04,1520.96,527.38,2024-03-11,1
LOAN0011077,CUST005057,Personal Loan,0,,,500604.3,0.0,0.0,2024-10-20,0
LOAN0011078,CUST005939,BNPL,1,180.0,6.0,40717.02,0.0,0.0,2023-02-07,1
LOAN0011079,CUST007620,Personal Loan,0,,,181924.14,0.0,0.0,2023-01-31,0
LOAN0011080,CUST006085,BNPL,0,,,7821.54,0.0,0.0,2024-02-20,0
LOAN0011081,CUST006170,BNPL,1,240.0,8.0,34237.44,0.0,0.0,2024-08-09,1
LOAN0011082,CUST007905,Personal Loan,0,,,34904.24,0.0,0.0,2025-11-09,0
LOAN0011083,CUST009496,Personal Loan,0,,,391058.28,0.0,0.0,2026-03-11,0
LOAN0011084,CUST003771,Personal Loan,0,,,559780.02,0.0,0.0,2025-02-27,0
LOAN0011085,CUST005782,Personal Loan,1,60.0,2.0,17145.37,424868.63,148742.69,2023-07-29,1
LOAN0011086,CUST000870,SME Loan,0,,,158247.1,0.0,0.0,2024-08-22,0
LOAN0011087,CUST003588,Personal Loan,0,,,81326.52,0.0,0.0,2026-09-18,0
LOAN0011088,CUST004127,Personal Loan,0,,,28722.6,0.0,0.0,2026-01-17,0
LOAN0011089,CUST008366,Personal Loan,0,,,587588.4,0.0,0.0,2025-07-17,0
LOAN0011090,CUST005140,SME Loan,0,,,178641.71,0.0,0.0,2023-10-19,0
LOAN0011091,CUST007330,BNPL,1,180.0,6.0,52348.3,0.0,0.0,2023-02-11,1
LOAN0011092,CUST000200,SME Loan,0,,,607803.36,0.0,0.0,2024-05-15,0
LOAN0011093,CUST004645,BNPL,0,,,8610.03,0.0,0.0,2023-09-15,0
LOAN0011094,CUST009023,Personal Loan,1,60.0,2.0,12261.16,167157.84,28223.27,2024-02-15,1
LOAN0011095,CUST002252,Personal Loan,0,,,224328.8,0.0,0.0,2025-03-07,0
LOAN0011096,CUST000322,Personal Loan,0,,,649805.6,0.0,0.0,2025-08-30,0
LOAN0011097,CUST004337,SME Loan,0,,,94071.65,0.0,0.0,2025-02-02,0
LOAN0011098,CUST007063,SME Loan,0,,,656622.75,0.0,0.0,2025-09-22,0
LOAN0011099,CUST004541,Personal Loan,0,,,627112.5,0.0,0.0,2026-01-25,0
LOAN0011100,CUST004596,Personal Loan,0,,,427804.16,0.0,0.0,2024-02-26,0
LOAN0011101,CUST006705,Personal Loan,0,,,265500.72,0.0,0.0,2025-10-10,0
LOAN0011102,CUST002547,SME Loan,0,,,474074.9,0.0,0.0,2024-09-15,0
LOAN0011103,CUST007533,Personal Loan,0,,,121340.93,0.0,0.0,2026-05-14,0
LOAN0011104,CUST001542,Personal Loan,0,,,231456.7,0.0,0.0,2025-11-08,0
LOAN0011105,CUST003964,Personal Loan,0,,,487653.6,0.0,0.0,2024-11-25,0
LOAN0011106,CUST006569,Personal Loan,0,,,301011.48,0.0,0.0,2026-04-28,0
LOAN0011107,CUST008297,BNPL,0,,,3971.1,0.0,0.0,2023-05-08,0
LOAN0011108,CUST007929,Personal Loan,0,,,155471.58,0.0,0.0,2026-07-30,0
LOAN0011109,CUST007232,BNPL,0,,,22366.32,0.0,0.0,2023-12-16,0
LOAN0011110,CUST003592,Personal Loan,0,,,57996.75,0.0,0.0,2026-08-08,0
LOAN0011111,CUST001236,Personal Loan,0,,,217687.68,0.0,0.0,2025-02-17,0
LOAN0011112,CUST002173,Personal Loan,0,,,404033.23,0.0,0.0,2026-04-26,0
LOAN0011113,CUST008660,Education Loan,0,,,180972.48,0.0,0.0,2026-09-09,0
LOAN0011114,CUST008586,Personal Loan,1,60.0,2.0,51068.04,422856.96,118038.69,2023-10-12,1
LOAN0011115,CUST009518,Personal Loan,0,,,379051.6,0.0,0.0,2024-08-20,0
LOAN0011116,CUST000768,Education Loan,0,,,573814.92,0.0,0.0,2025-07-16,0
LOAN0011117,CUST005374,Personal Loan,0,,,179912.37,0.0,0.0,2026-04-22,0
LOAN0011118,CUST006493,BNPL,0,,,57727.55,0.0,0.0,2022-09-13,0
LOAN0011119,CUST007125,SME Loan,1,240.0,8.0,48972.7,102698.3,12020.81,2023-12-25,1
LOAN0011120,CUST006446,Personal Loan,0,,,85887.74,0.0,0.0,2026-06-02,0
LOAN0011121,CUST007708,Personal Loan,0,,,491524.2,0.0,0.0,2024-07-21,0
LOAN0011122,CUST003595,Personal Loan,0,,,96547.92,0.0,0.0,2025-01-07,0
LOAN0011123,CUST001803,Personal Loan,0,,,222031.32,0.0,0.0,2025-03-12,0
LOAN0011124,CUST002051,Personal Loan,0,,,62338.56,0.0,0.0,2025-06-24,0
LOAN0011125,CUST000126,Personal Loan,0,,,353501.65,0.0,0.0,2025-04-24,0
LOAN0011126,CUST003499,Personal Loan,0,,,352593.9,0.0,0.0,2025-02-05,0
LOAN0011127,CUST000926,SME Loan,1,60.0,2.0,11419.78,214771.22,77747.52,2023-01-27,1
LOAN0011128,CUST003216,Personal Loan,0,,,141824.88,0.0,0.0,2024-05-22,0
LOAN0011129,CUST006296,Education Loan,0,,,330451.52,0.0,0.0,2025-09-14,0
LOAN0011130,CUST008956,BNPL,0,,,54787.36,0.0,0.0,2024-08-21,0
LOAN0011131,CUST008405,Personal Loan,0,,,464177.49,0.0,0.0,2025-09-29,0
LOAN0011132,CUST002531,Personal Loan,0,,,178078.5,0.0,0.0,2024-08-10,0
LOAN0011133,CUST001354,Personal Loan,0,,,642427.26,0.0,0.0,2025-05-17,0
LOAN0011134,CUST001935,Personal Loan,0,,,113999.05,0.0,0.0,2025-01-11,0
LOAN0011135,CUST009710,Personal Loan,0,,,72325.0,0.0,0.0,2025-08-24,0
LOAN0011136,CUST005501,Personal Loan,0,,,618254.1,0.0,0.0,2025-12-06,0
LOAN0011137,CUST001834,SME Loan,0,,,83034.6,0.0,0.0,2025-07-24,0
LOAN0011138,CUST008416,Personal Loan,0,,,408668.78,0.0,0.0,2025-07-15,0
LOAN0011139,CUST003958,Personal Loan,1,120.0,4.0,55738.68,150415.32,38948.42,2023-10-01,1
LOAN0011140,CUST009002,Personal Loan,0,,,256738.43,0.0,0.0,2024-10-28,0
LOAN0011141,CUST002611,Education Loan,0,,,448996.47,0.0,0.0,2027-02-02,0
LOAN0011142,CUST003936,Personal Loan,0,,,523827.1,0.0,0.0,2024-10-04,0
LOAN0011143,CUST005055,Personal Loan,0,,,362813.88,0.0,0.0,2025-12-25,0
LOAN0011144,CUST008936,Personal Loan,0,,,321242.1,0.0,0.0,2023-07-06,0
LOAN0011145,CUST008699,Personal Loan,0,,,526832.4,0.0,0.0,2024-12-05,0
LOAN0011146,CUST005755,Personal Loan,0,,,379034.64,0.0,0.0,2026-04-28,0
LOAN0011147,CUST002225,Personal Loan,0,,,148656.06,0.0,0.0,2024-02-14,0
LOAN0011148,CUST004041,Education Loan,0,,,127447.65,0.0,0.0,2025-03-10,0
LOAN0011149,CUST009758,SME Loan,0,,,398133.44,0.0,0.0,2023-12-06,0
LOAN0011150,CUST006089,Personal Loan,0,,,77363.0,0.0,0.0,2025-09-24,0
LOAN0011151,CUST007823,Personal Loan,1,210.0,7.0,345611.46,73620.54,10249.06,2024-05-31,1
LOAN0011152,CUST004496,Personal Loan,1,210.0,7.0,130104.0,231118.0,66268.64,2023-12-03,1
LOAN0011153,CUST005326,Personal Loan,1,90.0,3.0,30726.72,330340.28,119271.43,2023-10-15,1
LOAN0011154,CUST004291,Personal Loan,0,,,355640.06,0.0,0.0,2025-05-19,0
LOAN0011155,CUST007047,Personal Loan,0,,,260924.23,0.0,0.0,2023-08-06,0
LOAN0011156,CUST008529,SME Loan,0,,,224104.24,0.0,0.0,2025-06-08,0
LOAN0011157,CUST005079,BNPL,0,,,21265.84,0.0,0.0,2024-02-29,0
LOAN0011158,CUST004814,Personal Loan,0,,,168391.12,0.0,0.0,2026-08-04,0
LOAN0011159,CUST003402,Personal Loan,0,,,14182.19,0.0,0.0,2026-02-28,0
LOAN0011160,CUST001781,SME Loan,1,240.0,8.0,193555.46,174321.54,52531.49,2024-02-07,1
LOAN0011161,CUST009395,SME Loan,0,,,697012.56,0.0,0.0,2025-10-17,0
LOAN0011162,CUST003161,BNPL,0,,,4361.2,0.0,0.0,2023-09-06,0
LOAN0011163,CUST008019,BNPL,0,,,48177.92,0.0,0.0,2024-05-30,0
LOAN0011164,CUST007170,Personal Loan,0,,,444733.0,0.0,0.0,2024-12-21,0
LOAN0011165,CUST007922,Personal Loan,0,,,18501.84,0.0,0.0,2025-11-24,0
LOAN0011166,CUST009370,BNPL,1,120.0,4.0,14064.32,0.0,0.0,2024-03-16,1
LOAN0011167,CUST006247,Personal Loan,0,,,484997.7,0.0,0.0,2026-03-29,0
LOAN0011168,CUST008987,Personal Loan,0,,,589787.5,0.0,0.0,2025-09-27,0
LOAN0011169,CUST001688,BNPL,0,,,46344.6,0.0,0.0,2024-09-03,0
LOAN0011170,CUST006282,BNPL,0,,,58723.35,0.0,0.0,2024-01-02,0
LOAN0011171,CUST007731,Personal Loan,0,,,177760.77,0.0,0.0,2026-06-05,0
LOAN0011172,CUST002718,SME Loan,0,,,258042.66,0.0,0.0,2024-12-29,0
LOAN0011173,CUST007423,Personal Loan,0,,,647712.96,0.0,0.0,2025-05-20,0
LOAN0011174,CUST007794,Personal Loan,1,90.0,3.0,32184.82,233096.18,25401.17,2023-12-07,1
LOAN0011175,CUST008325,Personal Loan,0,,,445070.1,0.0,0.0,2023-07-17,0
LOAN0011176,CUST003133,SME Loan,1,120.0,4.0,9414.99,60690.01,20248.43,2024-02-05,1
LOAN0011177,CUST006831,SME Loan,1,210.0,7.0,240809.28,287790.72,42684.83,2023-05-06,1
LOAN0011178,CUST003045,Personal Loan,0,,,506999.02,0.0,0.0,2024-11-04,0
LOAN0011179,CUST007407,Personal Loan,0,,,48627.45,0.0,0.0,2024-12-03,0
LOAN0011180,CUST004628,Personal Loan,0,,,415881.12,0.0,0.0,2026-07-28,0
LOAN0011181,CUST005989,Personal Loan,0,,,495098.8,0.0,0.0,2026-04-29,0
LOAN0011182,CUST004165,Personal Loan,0,,,272204.5,0.0,0.0,2025-10-30,0
LOAN0011183,CUST001629,Personal Loan,0,,,101465.49,0.0,0.0,2026-03-21,0
LOAN0011184,CUST001790,BNPL,0,,,29241.16,0.0,0.0,2023-09-18,0
LOAN0011185,CUST000784,SME Loan,0,,,262605.6,0.0,0.0,2026-01-14,0
LOAN0011186,CUST006195,Personal Loan,0,,,534962.23,0.0,0.0,2024-08-21,0
LOAN0011187,CUST008501,BNPL,1,60.0,2.0,2701.33,13103.67,3953.03,2023-09-20,1
LOAN0011188,CUST000218,Personal Loan,1,180.0,6.0,125460.15,130788.85,32990.98,2023-09-28,1
LOAN0011189,CUST000669,BNPL,0,,,18892.72,0.0,0.0,2023-06-29,0
LOAN0011190,CUST004572,SME Loan,0,,,724632.09,0.0,0.0,2024-10-04,0
LOAN0011191,CUST007394,Personal Loan,0,,,559291.68,0.0,0.0,2025-04-30,0
LOAN0011192,CUST001587,Personal Loan,0,,,481612.67,0.0,0.0,2024-03-11,0
LOAN0011193,CUST002718,SME Loan,0,,,194740.28,0.0,0.0,2026-02-28,0
LOAN0011194,CUST002327,Education Loan,1,120.0,4.0,15714.42,111210.58,12116.25,2024-01-04,1
LOAN0011195,CUST003998,Personal Loan,0,,,54258.15,0.0,0.0,2024-07-06,0
LOAN0011196,CUST002258,BNPL,0,,,57746.7,0.0,0.0,2023-03-15,0
LOAN0011197,CUST003526,Personal Loan,0,,,312739.38,0.0,0.0,2024-09-19,0
LOAN0011198,CUST007303,SME Loan,0,,,593550.16,0.0,0.0,2025-11-05,0
LOAN0011199,CUST006123,Personal Loan,0,,,204868.44,0.0,0.0,2024-10-31,0
LOAN0011200,CUST000819,Personal Loan,0,,,289093.12,0.0,0.0,2026-05-11,0
LOAN0011201,CUST006386,Personal Loan,0,,,238905.6,0.0,0.0,2025-09-10,0
LOAN0011202,CUST004769,SME Loan,0,,,628421.3,0.0,0.0,2024-03-23,0
LOAN0011203,CUST009347,SME Loan,0,,,184647.84,0.0,0.0,2024-12-14,0
LOAN0011204,CUST002896,Education Loan,0,,,958341.6,0.0,0.0,2025-12-24,0
LOAN0011205,CUST007280,Personal Loan,0,,,131934.95,0.0,0.0,2026-10-12,0
LOAN0011206,CUST007328,Personal Loan,0,,,244706.8,0.0,0.0,2025-08-23,0
LOAN0011207,CUST002222,Personal Loan,1,210.0,7.0,24941.1,43999.9,5612.8,2024-07-03,1
LOAN0011208,CUST009041,Personal Loan,0,,,487774.28,0.0,0.0,2023-10-25,0
LOAN0011209,CUST004923,Personal Loan,0,,,46127.25,0.0,0.0,2024-04-19,0
LOAN0011210,CUST006804,SME Loan,1,60.0,2.0,27335.92,473396.08,152126.42,2024-02-17,1
LOAN0011211,CUST001472,SME Loan,0,,,450311.13,0.0,0.0,2024-03-13,0
LOAN0011212,CUST002583,BNPL,1,120.0,4.0,49148.8,0.0,0.0,2024-04-22,1
LOAN0011213,CUST005875,BNPL,0,,,34259.85,0.0,0.0,2023-06-22,0
LOAN0011214,CUST003192,SME Loan,0,,,536148.99,0.0,0.0,2025-08-20,0
LOAN0011215,CUST005005,Education Loan,0,,,859040.0,0.0,0.0,2024-04-13,0
LOAN0011216,CUST003743,BNPL,1,210.0,7.0,25361.92,0.0,0.0,2023-11-29,1
LOAN0011217,CUST006414,Personal Loan,0,,,94363.83,0.0,0.0,2026-09-09,0
LOAN0011218,CUST004879,Personal Loan,0,,,516244.4,0.0,0.0,2025-08-24,0
LOAN0011219,CUST000048,Personal Loan,1,240.0,8.0,62689.9,152723.1,36577.25,2023-11-13,1
LOAN0011220,CUST006504,Personal Loan,0,,,408631.8,0.0,0.0,2025-08-12,0
LOAN0011221,CUST004227,BNPL,0,,,60577.2,0.0,0.0,2024-08-12,0
LOAN0011222,CUST003417,Personal Loan,0,,,336974.61,0.0,0.0,2025-11-24,0
LOAN0011223,CUST000952,SME Loan,0,,,473210.24,0.0,0.0,2026-04-29,0
LOAN0011224,CUST002209,Personal Loan,0,,,29472.84,0.0,0.0,2026-07-10,0
LOAN0011225,CUST002246,Personal Loan,1,60.0,2.0,18887.51,405203.49,141135.24,2024-01-13,1
LOAN0011226,CUST009356,SME Loan,0,,,730425.02,0.0,0.0,2025-09-17,0
LOAN0011227,CUST004327,Personal Loan,0,,,202977.27,0.0,0.0,2024-07-28,0
LOAN0011228,CUST000426,Personal Loan,0,,,435904.1,0.0,0.0,2024-05-29,0
LOAN0011229,CUST001402,BNPL,0,,,49818.33,0.0,0.0,2024-08-26,0
LOAN0011230,CUST000798,Personal Loan,1,60.0,2.0,38196.81,213687.19,64087.25,2023-05-29,1
LOAN0011231,CUST005900,BNPL,1,60.0,2.0,667.38,5762.62,2133.93,2023-10-02,1
LOAN0011232,CUST001876,Personal Loan,0,,,373583.68,0.0,0.0,2024-01-21,0
LOAN0011233,CUST004992,Personal Loan,0,,,226472.0,0.0,0.0,2024-08-30,0
LOAN0011234,CUST003702,SME Loan,1,120.0,4.0,31713.39,201367.61,71788.26,2022-08-08,1
LOAN0011235,CUST008054,SME Loan,0,,,419844.04,0.0,0.0,2024-12-16,0
LOAN0011236,CUST003207,BNPL,0,,,52180.56,0.0,0.0,2024-02-18,0
LOAN0011237,CUST004580,Personal Loan,0,,,345682.26,0.0,0.0,2023-11-13,0
LOAN0011238,CUST007228,Personal Loan,0,,,411306.84,0.0,0.0,2025-06-13,0
LOAN0011239,CUST004336,Personal Loan,0,,,30545.76,0.0,0.0,2024-10-30,0
LOAN0011240,CUST007945,Personal Loan,1,150.0,5.0,30085.68,146862.32,49973.96,2024-04-28,1
LOAN0011241,CUST006624,BNPL,0,,,29483.04,0.0,0.0,2024-02-19,0
LOAN0011242,CUST004113,Personal Loan,0,,,468024.28,0.0,0.0,2026-05-02,0
LOAN0011243,CUST005046,SME Loan,0,,,245794.25,0.0,0.0,2025-11-08,0
LOAN0011244,CUST009673,BNPL,1,120.0,4.0,10623.2,0.0,0.0,2023-11-20,1
LOAN0011245,CUST006624,BNPL,1,150.0,5.0,9738.04,8981.96,2933.59,2024-05-15,1
LOAN0011246,CUST009060,Personal Loan,0,,,467516.1,0.0,0.0,2024-04-13,0
LOAN0011247,CUST001797,Personal Loan,0,,,202151.9,0.0,0.0,2024-07-24,0
LOAN0011248,CUST004838,BNPL,0,,,35402.35,0.0,0.0,2024-03-05,0
LOAN0011249,CUST009094,Personal Loan,0,,,403773.75,0.0,0.0,2025-02-23,0
LOAN0011250,CUST003229,SME Loan,1,180.0,6.0,139950.3,381667.7,136564.17,2022-10-25,1
LOAN0011251,CUST009677,SME Loan,0,,,466491.4,0.0,0.0,2025-08-09,0
LOAN0011252,CUST000980,Personal Loan,0,,,234637.76,0.0,0.0,2024-07-02,0
LOAN0011253,CUST009035,BNPL,0,,,32384.44,0.0,0.0,2023-03-24,0
LOAN0011254,CUST004453,Personal Loan,0,,,171520.14,0.0,0.0,2026-05-13,0
LOAN0011255,CUST000747,Personal Loan,0,,,35785.78,0.0,0.0,2025-12-27,0
LOAN0011256,CUST008807,BNPL,0,,,33052.68,0.0,0.0,2024-06-05,0
LOAN0011257,CUST002521,SME Loan,0,,,270069.3,0.0,0.0,2025-06-22,0
LOAN0011258,CUST000231,Personal Loan,0,,,697372.98,0.0,0.0,2026-03-13,0
LOAN0011259,CUST001371,SME Loan,1,180.0,6.0,113022.35,318135.65,69473.72,2023-05-31,1
LOAN0011260,CUST006600,Personal Loan,0,,,248680.98,0.0,0.0,2025-05-03,0
LOAN0011261,CUST009780,Personal Loan,0,,,536720.96,0.0,0.0,2024-04-30,0
LOAN0011262,CUST001128,Personal Loan,0,,,305032.87,0.0,0.0,2025-07-20,0
LOAN0011263,CUST004616,Personal Loan,0,,,73006.14,0.0,0.0,2025-09-15,0
LOAN0011264,CUST001817,BNPL,1,210.0,7.0,6019.56,0.0,0.0,2024-03-26,1
LOAN0011265,CUST007465,Personal Loan,1,120.0,4.0,69117.0,203364.0,76204.37,2024-04-17,1
LOAN0011266,CUST001194,Personal Loan,0,,,689738.56,0.0,0.0,2026-03-24,0
LOAN0011267,CUST002402,SME Loan,0,,,137414.16,0.0,0.0,2024-09-23,0
LOAN0011268,CUST001966,Personal Loan,0,,,283027.14,0.0,0.0,2024-04-10,0
LOAN0011269,CUST005531,Personal Loan,0,,,735426.3,0.0,0.0,2026-10-14,0
LOAN0011270,CUST008742,BNPL,0,,,51614.19,0.0,0.0,2024-02-12,0
LOAN0011271,CUST005117,Personal Loan,0,,,380162.24,0.0,0.0,2025-03-25,0
LOAN0011272,CUST000588,Personal Loan,0,,,347572.83,0.0,0.0,2025-11-21,0
LOAN0011273,CUST005643,Personal Loan,0,,,164131.0,0.0,0.0,2025-04-01,0
LOAN0011274,CUST007989,BNPL,0,,,29284.48,0.0,0.0,2023-10-02,0
LOAN0011275,CUST001335,SME Loan,0,,,314678.84,0.0,0.0,2025-04-14,0
LOAN0011276,CUST000737,Personal Loan,1,210.0,7.0,96648.36,249011.64,56461.78,2023-03-23,1
LOAN0011277,CUST001887,Personal Loan,0,,,246592.07,0.0,0.0,2025-07-29,0
LOAN0011278,CUST007475,Personal Loan,1,60.0,2.0,13961.54,254150.46,27274.52,2022-05-26,1
LOAN0011279,CUST005927,SME Loan,0,,,429946.88,0.0,0.0,2026-03-15,0
LOAN0011280,CUST005411,Personal Loan,0,,,319147.5,0.0,0.0,2026-04-18,0
LOAN0011281,CUST002497,BNPL,0,,,17629.2,0.0,0.0,2024-01-14,0
LOAN0011282,CUST003321,Personal Loan,1,60.0,2.0,13021.27,251407.73,38463.64,2022-07-11,1
LOAN0011283,CUST009660,Education Loan,0,,,228243.4,0.0,0.0,2025-09-20,0
LOAN0011284,CUST002409,SME Loan,1,60.0,2.0,30561.46,421789.54,132619.19,2023-11-30,1
LOAN0011285,CUST009026,BNPL,1,240.0,8.0,30620.52,3132.48,805.35,2024-02-10,1
LOAN0011286,CUST005822,Personal Loan,0,,,182775.02,0.0,0.0,2025-03-20,0
LOAN0011287,CUST001246,Personal Loan,0,,,166223.97,0.0,0.0,2025-02-01,0
LOAN0011288,CUST004671,Personal Loan,1,240.0,8.0,137853.03,299123.97,70302.47,2024-03-19,1
LOAN0011289,CUST009491,Personal Loan,0,,,587701.59,0.0,0.0,2025-05-01,0
LOAN0011290,CUST004192,BNPL,1,180.0,6.0,33426.28,0.0,0.0,2024-06-23,1
LOAN0011291,CUST008646,Personal Loan,0,,,356067.36,0.0,0.0,2026-09-21,0
LOAN0011292,CUST002569,Education Loan,1,150.0,5.0,295071.56,633515.44,151450.38,2024-05-24,1
LOAN0011293,CUST005721,Personal Loan,0,,,100755.18,0.0,0.0,2024-06-28,0
LOAN0011294,CUST008449,SME Loan,0,,,448459.52,0.0,0.0,2026-07-07,0
LOAN0011295,CUST009210,BNPL,1,60.0,2.0,3827.66,21937.34,3538.44,2023-12-16,1
LOAN0011296,CUST004866,SME Loan,0,,,224997.75,0.0,0.0,2023-09-07,0
LOAN0011297,CUST006404,Education Loan,0,,,388385.92,0.0,0.0,2024-06-19,0
LOAN0011298,CUST000031,SME Loan,0,,,546456.88,0.0,0.0,2023-12-19,0
LOAN0011299,CUST002537,BNPL,0,,,22234.24,0.0,0.0,2023-04-07,0
LOAN0011300,CUST002791,Personal Loan,0,,,224166.95,0.0,0.0,2026-08-01,0
LOAN0011301,CUST000945,SME Loan,0,,,111343.99,0.0,0.0,2025-03-20,0
LOAN0011302,CUST002801,BNPL,0,,,32885.1,0.0,0.0,2024-05-21,0
LOAN0011303,CUST003212,Personal Loan,0,,,101583.93,0.0,0.0,2025-08-07,0
LOAN0011304,CUST009689,Personal Loan,0,,,211672.5,0.0,0.0,2025-11-29,0
LOAN0011305,CUST006694,Education Loan,0,,,147217.65,0.0,0.0,2025-03-13,0
LOAN0011306,CUST004263,Personal Loan,1,210.0,7.0,71640.0,175652.0,25807.89,2024-03-16,1
LOAN0011307,CUST009878,Personal Loan,1,60.0,2.0,11686.32,127042.68,39128.91,2024-01-15,1
LOAN0011308,CUST001543,Personal Loan,0,,,21067.35,0.0,0.0,2025-02-19,0
LOAN0011309,CUST004759,Personal Loan,0,,,119682.45,0.0,0.0,2024-08-05,0
LOAN0011310,CUST006479,BNPL,1,180.0,6.0,2396.9,1806.1,703.01,2024-05-02,1
LOAN0011311,CUST000562,Personal Loan,0,,,399012.84,0.0,0.0,2026-05-20,0
LOAN0011312,CUST007185,Personal Loan,0,,,358686.16,0.0,0.0,2023-07-18,0
LOAN0011313,CUST001007,BNPL,0,,,9973.36,0.0,0.0,2023-11-10,0
LOAN0011314,CUST001418,BNPL,0,,,51442.3,0.0,0.0,2024-06-16,0
LOAN0011315,CUST001607,Personal Loan,0,,,510189.05,0.0,0.0,2026-07-28,0
LOAN0011316,CUST009291,Personal Loan,0,,,566343.96,0.0,0.0,2026-04-21,0
LOAN0011317,CUST006849,BNPL,0,,,6449.08,0.0,0.0,2024-03-18,0
LOAN0011318,CUST006564,Personal Loan,1,240.0,8.0,96989.27,97937.73,28775.08,2024-02-10,1
LOAN0011319,CUST005562,SME Loan,0,,,572500.6,0.0,0.0,2023-08-10,0
LOAN0011320,CUST002932,Personal Loan,0,,,339296.4,0.0,0.0,2025-12-05,0
LOAN0011321,CUST006224,Personal Loan,1,240.0,8.0,59196.9,163441.1,36026.54,2023-12-05,1
LOAN0011322,CUST004110,Personal Loan,0,,,286489.8,0.0,0.0,2024-12-19,0
LOAN0011323,CUST001469,Education Loan,0,,,272788.13,0.0,0.0,2026-06-03,0
LOAN0011324,CUST006918,SME Loan,0,,,649806.17,0.0,0.0,2025-01-23,0
LOAN0011325,CUST001308,Education Loan,1,60.0,2.0,39176.94,565829.06,126058.49,2023-09-03,1
LOAN0011326,CUST001915,Personal Loan,0,,,605673.3,0.0,0.0,2023-11-02,0
LOAN0011327,CUST008192,Personal Loan,0,,,429090.3,0.0,0.0,2023-12-01,0
LOAN0011328,CUST006609,SME Loan,0,,,91904.12,0.0,0.0,2025-02-13,0
LOAN0011329,CUST006320,SME Loan,0,,,570044.34,0.0,0.0,2024-09-17,0
LOAN0011330,CUST004189,BNPL,0,,,34476.0,0.0,0.0,2024-04-03,0
LOAN0011331,CUST003969,Personal Loan,0,,,213889.21,0.0,0.0,2026-03-04,0
LOAN0011332,CUST006924,Personal Loan,1,150.0,5.0,16375.72,59993.28,19105.49,2023-01-05,1
LOAN0011333,CUST007416,BNPL,0,,,2846.0,0.0,0.0,2024-03-12,0
LOAN0011334,CUST005109,Personal Loan,0,,,522064.18,0.0,0.0,2024-01-28,0
LOAN0011335,CUST009693,Personal Loan,0,,,189010.8,0.0,0.0,2025-10-30,0
LOAN0011336,CUST009560,Personal Loan,0,,,581050.96,0.0,0.0,2026-04-18,0
LOAN0011337,CUST004133,Personal Loan,0,,,337008.0,0.0,0.0,2024-01-23,0
LOAN0011338,CUST008222,Personal Loan,1,120.0,4.0,26886.66,138662.34,18105.83,2024-04-13,1
LOAN0011339,CUST005437,BNPL,0,,,11151.9,0.0,0.0,2024-03-06,0
LOAN0011340,CUST005124,Personal Loan,0,,,87998.68,0.0,0.0,2024-06-07,0
LOAN0011341,CUST000556,BNPL,0,,,44502.36,0.0,0.0,2024-01-25,0
LOAN0011342,CUST005751,BNPL,0,,,13446.16,0.0,0.0,2024-02-17,0
LOAN0011343,CUST009014,Personal Loan,0,,,200493.44,0.0,0.0,2024-05-29,0
LOAN0011344,CUST007814,BNPL,1,180.0,6.0,56624.96,0.0,0.0,2023-10-09,1
LOAN0011345,CUST007876,Personal Loan,1,180.0,6.0,107744.4,361330.6,43124.39,2023-12-28,1
LOAN0011346,CUST001610,BNPL,0,,,48952.4,0.0,0.0,2024-05-07,0
LOAN0011347,CUST003585,Personal Loan,1,240.0,8.0,157841.18,287181.82,83228.4,2024-01-25,1
LOAN0011348,CUST002338,Personal Loan,0,,,287383.62,0.0,0.0,2025-11-25,0
LOAN0011349,CUST003160,BNPL,0,,,23069.84,0.0,0.0,2024-07-18,0
LOAN0011350,CUST005810,Personal Loan,0,,,245108.36,0.0,0.0,2023-10-14,0
LOAN0011351,CUST003649,BNPL,0,,,46008.81,0.0,0.0,2024-06-26,0
LOAN0011352,CUST005613,Education Loan,0,,,931823.9,0.0,0.0,2026-09-18,0
LOAN0011353,CUST004384,BNPL,0,,,29519.55,0.0,0.0,2023-03-19,0
LOAN0011354,CUST002868,BNPL,1,90.0,3.0,2279.6,6460.4,2020.49,2023-06-12,1
LOAN0011355,CUST000964,BNPL,0,,,40403.7,0.0,0.0,2024-02-11,0
LOAN0011356,CUST008928,Personal Loan,0,,,168656.95,0.0,0.0,2026-05-25,0
LOAN0011357,CUST000119,Education Loan,1,180.0,6.0,103120.0,137510.0,21331.91,2024-02-27,1
LOAN0011358,CUST000018,BNPL,1,180.0,6.0,49841.45,0.0,0.0,2023-03-05,1
LOAN0011359,CUST008280,BNPL,0,,,13652.64,0.0,0.0,2023-11-05,0
LOAN0011360,CUST009966,BNPL,0,,,47631.76,0.0,0.0,2023-07-30,0
LOAN0011361,CUST007288,Personal Loan,0,,,39908.01,0.0,0.0,2025-04-26,0
LOAN0011362,CUST000161,Personal Loan,0,,,352781.03,0.0,0.0,2024-03-21,0
LOAN0011363,CUST002273,Personal Loan,1,90.0,3.0,50770.02,368506.98,137956.4,2024-02-26,1
LOAN0011364,CUST009719,Personal Loan,1,180.0,6.0,146449.9,257024.1,38051.95,2024-02-01,1
LOAN0011365,CUST008100,Personal Loan,0,,,48947.4,0.0,0.0,2026-06-30,0
LOAN0011366,CUST005677,BNPL,1,240.0,8.0,59187.76,0.0,0.0,2022-10-24,1
LOAN0011367,CUST002373,BNPL,1,120.0,4.0,21288.18,33718.82,7257.28,2023-02-15,1
LOAN0011368,CUST000152,BNPL,1,90.0,3.0,1243.28,3598.72,941.07,2022-11-05,1
LOAN0011369,CUST000218,Personal Loan,0,,,256248.72,0.0,0.0,2023-12-06,0
LOAN0011370,CUST006133,BNPL,0,,,29579.28,0.0,0.0,2024-04-29,0
LOAN0011371,CUST000228,Personal Loan,0,,,108619.29,0.0,0.0,2024-05-28,0
LOAN0011372,CUST009937,Personal Loan,1,120.0,4.0,6471.54,29396.46,6891.83,2023-10-07,1
LOAN0011373,CUST001843,Personal Loan,0,,,416061.8,0.0,0.0,2024-08-11,0
LOAN0011374,CUST007125,Personal Loan,1,240.0,8.0,283655.96,203311.04,74193.54,2023-10-23,1
LOAN0011375,CUST001562,SME Loan,0,,,663328.6,0.0,0.0,2025-08-18,0
LOAN0011376,CUST005407,SME Loan,0,,,350575.46,0.0,0.0,2025-02-16,0
LOAN0011377,CUST000814,SME Loan,0,,,417196.62,0.0,0.0,2025-03-14,0
LOAN0011378,CUST007676,Personal Loan,0,,,441421.92,0.0,0.0,2025-06-27,0
LOAN0011379,CUST005863,BNPL,0,,,18419.4,0.0,0.0,2024-09-17,0
LOAN0011380,CUST000869,Education Loan,0,,,736564.08,0.0,0.0,2024-11-21,0
LOAN0011381,CUST008500,Personal Loan,0,,,443290.08,0.0,0.0,2026-06-18,0
LOAN0011382,CUST005478,Personal Loan,0,,,357850.8,0.0,0.0,2024-09-05,0
LOAN0011383,CUST009220,SME Loan,0,,,115868.2,0.0,0.0,2025-01-28,0
LOAN0011384,CUST009169,BNPL,0,,,16205.1,0.0,0.0,2023-10-18,0
LOAN0011385,CUST009209,Personal Loan,0,,,175233.8,0.0,0.0,2025-12-02,0
LOAN0011386,CUST000787,SME Loan,0,,,527053.41,0.0,0.0,2024-06-02,0
LOAN0011387,CUST001223,BNPL,0,,,18058.2,0.0,0.0,2024-04-11,0
LOAN0011388,CUST009875,Personal Loan,0,,,140766.39,0.0,0.0,2026-01-02,0
LOAN0011389,CUST004884,Personal Loan,0,,,19158.72,0.0,0.0,2023-12-05,0
LOAN0011390,CUST002386,Personal Loan,0,,,547550.08,0.0,0.0,2025-05-21,0
LOAN0011391,CUST007704,BNPL,1,120.0,4.0,18671.52,35826.48,8447.63,2023-05-29,1
LOAN0011392,CUST002646,Personal Loan,0,,,47974.92,0.0,0.0,2025-05-04,0
LOAN0011393,CUST007290,BNPL,1,180.0,6.0,42499.85,14984.15,3356.15,2024-01-25,1
LOAN0011394,CUST008383,Personal Loan,0,,,18535.21,0.0,0.0,2026-06-12,0
LOAN0011395,CUST007854,BNPL,0,,,60527.36,0.0,0.0,2024-06-11,0
LOAN0011396,CUST002742,BNPL,0,,,49703.92,0.0,0.0,2023-04-10,0
LOAN0011397,CUST004023,SME Loan,0,,,378844.83,0.0,0.0,2025-01-21,0
LOAN0011398,CUST004140,Personal Loan,0,,,381472.92,0.0,0.0,2024-02-08,0
LOAN0011399,CUST004923,Personal Loan,0,,,333483.67,0.0,0.0,2025-05-20,0
LOAN0011400,CUST001684,Education Loan,1,240.0,8.0,351699.46,505970.54,154779.28,2024-05-07,1
LOAN0011401,CUST004521,Personal Loan,0,,,115389.6,0.0,0.0,2025-02-22,0
LOAN0011402,CUST005114,Personal Loan,1,180.0,6.0,221563.0,110942.0,11688.96,2024-03-09,1
LOAN0011403,CUST005323,Personal Loan,1,180.0,6.0,79378.45,244290.55,59218.11,2024-05-23,1
LOAN0011404,CUST008215,Personal Loan,1,150.0,5.0,45018.44,211251.56,48754.08,2023-12-02,1
LOAN0011405,CUST005180,SME Loan,0,,,466103.28,0.0,0.0,2024-09-09,0
LOAN0011406,CUST002314,Personal Loan,1,210.0,7.0,88963.26,264656.74,42947.3,2023-11-19,1
LOAN0011407,CUST006638,BNPL,1,240.0,8.0,31044.54,0.0,0.0,2023-09-18,1
LOAN0011408,CUST007987,SME Loan,0,,,275344.56,0.0,0.0,2024-07-23,0
LOAN0011409,CUST003196,BNPL,0,,,50571.15,0.0,0.0,2024-01-30,0
LOAN0011410,CUST006461,Personal Loan,0,,,677905.92,0.0,0.0,2026-06-24,0
LOAN0011411,CUST001483,Personal Loan,0,,,347041.1,0.0,0.0,2026-11-26,0
LOAN0011412,CUST003420,Personal Loan,0,,,607801.0,0.0,0.0,2026-05-12,0
LOAN0011413,CUST009100,Personal Loan,0,,,50486.56,0.0,0.0,2025-04-24,0
LOAN0011414,CUST009121,Education Loan,0,,,595477.44,0.0,0.0,2026-11-06,0
LOAN0011415,CUST005764,Personal Loan,0,,,114916.2,0.0,0.0,2023-10-27,0
LOAN0011416,CUST007042,BNPL,1,90.0,3.0,11041.8,32143.2,4840.98,2022-11-13,1
LOAN0011417,CUST008553,Personal Loan,0,,,459588.75,0.0,0.0,2024-11-02,0
LOAN0011418,CUST009589,BNPL,0,,,41964.1,0.0,0.0,2023-06-18,0
LOAN0011419,CUST004910,Personal Loan,0,,,125322.12,0.0,0.0,2024-08-22,0
LOAN0011420,CUST005624,SME Loan,0,,,196586.04,0.0,0.0,2025-07-13,0
LOAN0011421,CUST004164,Personal Loan,0,,,238493.97,0.0,0.0,2023-05-09,0
LOAN0011422,CUST000730,Personal Loan,0,,,585522.52,0.0,0.0,2024-10-03,0
LOAN0011423,CUST004233,BNPL,1,90.0,3.0,7401.06,18175.94,6767.86,2023-09-13,1
LOAN0011424,CUST007920,BNPL,0,,,57016.44,0.0,0.0,2023-05-15,0
LOAN0011425,CUST008064,Personal Loan,0,,,560782.6,0.0,0.0,2025-04-20,0
LOAN0011426,CUST008934,Personal Loan,0,,,130457.15,0.0,0.0,2025-01-05,0
LOAN0011427,CUST000522,Personal Loan,0,,,301779.79,0.0,0.0,2024-11-13,0
LOAN0011428,CUST005275,Personal Loan,1,180.0,6.0,85841.65,277753.35,36912.47,2024-03-13,1
LOAN0011429,CUST001086,Personal Loan,1,240.0,8.0,29785.21,77441.79,27165.53,2024-04-03,1
LOAN0011430,CUST002011,Personal Loan,0,,,528196.2,0.0,0.0,2026-08-26,0
LOAN0011431,CUST009010,BNPL,1,120.0,4.0,1067.88,1996.12,747.76,2024-02-03,1
LOAN0011432,CUST004975,Personal Loan,0,,,434268.64,0.0,0.0,2024-12-13,0
LOAN0011433,CUST007595,Personal Loan,1,120.0,4.0,68139.45,324794.55,40555.01,2023-12-16,1
LOAN0011434,CUST000651,Personal Loan,0,,,142913.87,0.0,0.0,2023-11-22,0
LOAN0011435,CUST004176,SME Loan,0,,,204094.56,0.0,0.0,2024-11-09,0
LOAN0011436,CUST006752,Personal Loan,1,120.0,4.0,44690.76,235780.24,42722.77,2023-10-26,1
LOAN0011437,CUST001347,Personal Loan,0,,,420661.2,0.0,0.0,2024-06-21,0
LOAN0011438,CUST003259,BNPL,0,,,12935.16,0.0,0.0,2024-02-12,0
LOAN0011439,CUST000653,Personal Loan,1,240.0,8.0,158593.75,57832.25,8771.61,2024-07-09,1
LOAN0011440,CUST006522,BNPL,0,,,17483.16,0.0,0.0,2023-07-21,0
LOAN0011441,CUST009709,BNPL,0,,,53765.0,0.0,0.0,2024-05-16,0
LOAN0011442,CUST008283,Education Loan,0,,,600306.98,0.0,0.0,2024-07-20,0
LOAN0011443,CUST009746,Personal Loan,0,,,89079.27,0.0,0.0,2025-06-06,0
LOAN0011444,CUST008467,SME Loan,1,90.0,3.0,35162.28,110596.72,17379.96,2023-07-07,1
LOAN0011445,CUST008563,BNPL,0,,,23401.38,0.0,0.0,2023-02-08,0
LOAN0011446,CUST005783,BNPL,0,,,15261.75,0.0,0.0,2023-11-11,0
LOAN0011447,CUST005190,SME Loan,0,,,414512.76,0.0,0.0,2023-12-30,0
LOAN0011448,CUST004072,Personal Loan,0,,,21269.18,0.0,0.0,2025-01-26,0
LOAN0011449,CUST008196,Personal Loan,0,,,140291.2,0.0,0.0,2026-03-25,0
LOAN0011450,CUST001829,Personal Loan,0,,,296585.64,0.0,0.0,2024-08-11,0
LOAN0011451,CUST000568,BNPL,0,,,34864.12,0.0,0.0,2024-04-17,0
LOAN0011452,CUST009483,Personal Loan,0,,,584979.0,0.0,0.0,2025-07-19,0
LOAN0011453,CUST000040,Personal Loan,1,180.0,6.0,51182.4,168466.6,43548.71,2024-05-04,1
LOAN0011454,CUST009771,Personal Loan,0,,,85836.52,0.0,0.0,2024-09-14,0
LOAN0011455,CUST007307,Education Loan,0,,,670275.6,0.0,0.0,2026-05-15,0
LOAN0011456,CUST003285,Personal Loan,1,180.0,6.0,69667.45,107100.55,32068.11,2023-04-17,1
LOAN0011457,CUST006998,SME Loan,0,,,350135.56,0.0,0.0,2025-09-21,0
LOAN0011458,CUST008194,SME Loan,0,,,432115.4,0.0,0.0,2024-04-27,0
LOAN0011459,CUST002458,Personal Loan,0,,,87754.0,0.0,0.0,2026-01-24,0
LOAN0011460,CUST007717,SME Loan,1,210.0,7.0,345395.58,133358.42,19675.78,2024-07-24,1
LOAN0011461,CUST008059,BNPL,1,150.0,5.0,27674.64,0.0,0.0,2023-06-21,1
LOAN0011462,CUST002496,BNPL,0,,,43014.9,0.0,0.0,2023-11-21,0
LOAN0011463,CUST000425,BNPL,0,,,37953.28,0.0,0.0,2024-08-22,0
LOAN0011464,CUST002047,Personal Loan,1,240.0,8.0,44360.47,99823.53,27196.58,2024-01-24,1
LOAN0011465,CUST002010,SME Loan,0,,,122412.16,0.0,0.0,2026-07-23,0
LOAN0011466,CUST000659,Personal Loan,0,,,275507.98,0.0,0.0,2025-02-22,0
LOAN0011467,CUST007278,Personal Loan,0,,,74886.24,0.0,0.0,2025-10-21,0
LOAN0011468,CUST003806,SME Loan,0,,,639632.32,0.0,0.0,2024-09-08,0
LOAN0011469,CUST008856,BNPL,0,,,50322.5,0.0,0.0,2024-07-24,0
LOAN0011470,CUST002524,Personal Loan,1,240.0,8.0,27467.93,32902.07,4696.77,2023-08-26,1
LOAN0011471,CUST004528,SME Loan,1,240.0,8.0,234151.68,346806.32,61812.22,2024-02-02,1
LOAN0011472,CUST006397,Personal Loan,1,90.0,3.0,52565.9,228613.1,69849.27,2023-10-07,1
LOAN0011473,CUST008787,BNPL,0,,,19284.0,0.0,0.0,2024-03-29,0
LOAN0011474,CUST005249,BNPL,0,,,55218.78,0.0,0.0,2024-05-14,0
LOAN0011475,CUST003739,Personal Loan,0,,,444513.68,0.0,0.0,2024-01-20,0
LOAN0011476,CUST008682,Education Loan,0,,,709119.32,0.0,0.0,2025-11-15,0
LOAN0011477,CUST003106,Personal Loan,0,,,332805.15,0.0,0.0,2024-01-30,0
LOAN0011478,CUST000802,Personal Loan,0,,,336111.0,0.0,0.0,2024-05-24,0
LOAN0011479,CUST004452,Personal Loan,0,,,165643.94,0.0,0.0,2024-06-26,0
LOAN0011480,CUST007863,Personal Loan,0,,,319518.71,0.0,0.0,2023-12-18,0
LOAN0011481,CUST000315,BNPL,0,,,35659.9,0.0,0.0,2023-12-02,0
LOAN0011482,CUST005872,Personal Loan,0,,,101181.45,0.0,0.0,2025-05-19,0
LOAN0011483,CUST005956,Personal Loan,0,,,548466.0,0.0,0.0,2024-03-16,0
LOAN0011484,CUST009288,Education Loan,0,,,658812.32,0.0,0.0,2025-04-17,0
LOAN0011485,CUST002867,BNPL,1,180.0,6.0,34880.2,12706.8,4612.0,2023-09-15,1
LOAN0011486,CUST002792,SME Loan,1,180.0,6.0,274246.55,232657.45,84209.81,2024-05-22,1
LOAN0011487,CUST004406,BNPL,0,,,25846.72,0.0,0.0,2024-07-15,0
LOAN0011488,CUST003571,Personal Loan,0,,,342066.18,0.0,0.0,2025-04-16,0
LOAN0011489,CUST007379,BNPL,0,,,49053.76,0.0,0.0,2024-03-04,0
LOAN0011490,CUST006425,Personal Loan,0,,,509861.8,0.0,0.0,2024-11-16,0
LOAN0011491,CUST007601,SME Loan,1,90.0,3.0,22241.6,107613.4,11050.8,2023-06-19,1
LOAN0011492,CUST008216,Personal Loan,0,,,17863.44,0.0,0.0,2024-03-03,0
LOAN0011493,CUST009234,Personal Loan,0,,,466970.13,0.0,0.0,2024-10-16,0
LOAN0011494,CUST004311,Personal Loan,0,,,97175.7,0.0,0.0,2024-07-17,0
LOAN0011495,CUST009844,BNPL,0,,,19426.32,0.0,0.0,2024-07-13,0
LOAN0011496,CUST002161,Personal Loan,0,,,319943.12,0.0,0.0,2024-09-23,0
LOAN0011497,CUST007161,SME Loan,0,,,647851.95,0.0,0.0,2025-04-01,0
LOAN0011498,CUST005349,Personal Loan,0,,,224429.94,0.0,0.0,2024-06-21,0
LOAN0011499,CUST008183,Personal Loan,0,,,260704.69,0.0,0.0,2024-03-19,0
LOAN0011500,CUST004766,SME Loan,0,,,124850.22,0.0,0.0,2025-09-20,0
LOAN0011501,CUST007851,Personal Loan,0,,,272341.92,0.0,0.0,2024-12-14,0
LOAN0011502,CUST009305,Personal Loan,0,,,333934.44,0.0,0.0,2025-08-05,0
LOAN0011503,CUST007342,BNPL,1,60.0,2.0,18683.8,37345.2,8817.24,2023-09-26,1
LOAN0011504,CUST007769,BNPL,0,,,51511.15,0.0,0.0,2023-08-03,0
LOAN0011505,CUST000680,Education Loan,0,,,677894.39,0.0,0.0,2027-01-14,0
LOAN0011506,CUST002055,Personal Loan,1,60.0,2.0,21419.76,350255.24,124557.97,2023-01-09,1
LOAN0011507,CUST009743,Education Loan,0,,,388866.72,0.0,0.0,2026-05-06,0
LOAN0011508,CUST006953,Personal Loan,0,,,100295.11,0.0,0.0,2025-07-30,0
LOAN0011509,CUST005622,SME Loan,1,150.0,5.0,91691.32,314226.68,54395.36,2023-06-02,1
LOAN0011510,CUST003670,Personal Loan,0,,,202431.51,0.0,0.0,2025-04-13,0
LOAN0011511,CUST000450,Personal Loan,0,,,236336.52,0.0,0.0,2025-01-11,0
LOAN0011512,CUST003692,Personal Loan,0,,,407983.2,0.0,0.0,2025-11-28,0
LOAN0011513,CUST004996,Education Loan,0,,,838473.58,0.0,0.0,2024-12-27,0
LOAN0011514,CUST002120,Education Loan,0,,,365920.62,0.0,0.0,2025-01-12,0
LOAN0011515,CUST001742,SME Loan,0,,,201509.07,0.0,0.0,2025-01-20,0
LOAN0011516,CUST005089,Personal Loan,0,,,458864.1,0.0,0.0,2026-03-11,0
LOAN0011517,CUST005873,Personal Loan,0,,,98091.18,0.0,0.0,2024-01-08,0
LOAN0011518,CUST002403,Personal Loan,0,,,178979.1,0.0,0.0,2023-12-21,0
LOAN0011519,CUST005886,BNPL,0,,,55479.84,0.0,0.0,2022-11-11,0
LOAN0011520,CUST009011,BNPL,1,90.0,3.0,18186.1,17965.9,6326.4,2023-09-28,1
LOAN0011521,CUST004729,SME Loan,0,,,265357.56,0.0,0.0,2025-09-11,0
LOAN0011522,CUST008586,BNPL,1,150.0,5.0,3689.24,4322.76,956.23,2023-12-10,1
LOAN0011523,CUST009275,Personal Loan,0,,,537956.95,0.0,0.0,2026-02-06,0
LOAN0011524,CUST000934,Personal Loan,0,,,235815.45,0.0,0.0,2026-03-19,0
LOAN0011525,CUST000968,SME Loan,0,,,261806.58,0.0,0.0,2025-01-21,0
LOAN0011526,CUST004759,BNPL,0,,,26953.4,0.0,0.0,2023-11-10,0
LOAN0011527,CUST005892,Personal Loan,1,210.0,7.0,141151.92,229481.08,74506.74,2023-07-19,1
LOAN0011528,CUST004262,Education Loan,0,,,610423.79,0.0,0.0,2026-06-18,0
LOAN0011529,CUST003265,Personal Loan,0,,,83379.34,0.0,0.0,2025-06-20,0
LOAN0011530,CUST006418,SME Loan,0,,,504675.25,0.0,0.0,2026-01-16,0
LOAN0011531,CUST000023,Personal Loan,0,,,287556.9,0.0,0.0,2024-12-21,0
LOAN0011532,CUST009681,Personal Loan,1,210.0,7.0,145072.02,284463.98,54597.32,2024-07-23,1
LOAN0011533,CUST002328,BNPL,0,,,7850.7,0.0,0.0,2024-05-20,0
LOAN0011534,CUST009175,Personal Loan,0,,,295361.46,0.0,0.0,2024-06-19,0
LOAN0011535,CUST001102,SME Loan,0,,,252292.95,0.0,0.0,2025-06-10,0
LOAN0011536,CUST002385,Personal Loan,0,,,233315.95,0.0,0.0,2023-09-15,0
LOAN0011537,CUST002354,Education Loan,0,,,1007916.0,0.0,0.0,2026-11-28,0
LOAN0011538,CUST009961,BNPL,0,,,33945.6,0.0,0.0,2024-05-25,0
LOAN0011539,CUST000048,BNPL,0,,,47752.08,0.0,0.0,2023-03-06,0
LOAN0011540,CUST006404,Education Loan,1,90.0,3.0,21787.4,376164.6,103390.13,2022-08-29,1
LOAN0011541,CUST008709,SME Loan,0,,,455058.0,0.0,0.0,2025-12-12,0
LOAN0011542,CUST006731,BNPL,1,240.0,8.0,6821.46,0.0,0.0,2024-05-26,1
LOAN0011543,CUST003629,BNPL,0,,,11994.21,0.0,0.0,2024-06-09,0
LOAN0011544,CUST009586,Education Loan,0,,,900542.3,0.0,0.0,2025-06-02,0
LOAN0011545,CUST008945,BNPL,0,,,34896.1,0.0,0.0,2023-01-17,0
LOAN0011546,CUST004342,Personal Loan,0,,,134219.19,0.0,0.0,2025-07-01,0
LOAN0011547,CUST005745,BNPL,0,,,56614.92,0.0,0.0,2023-08-15,0
LOAN0011548,CUST009676,Personal Loan,1,60.0,2.0,19748.61,373878.39,72618.21,2023-12-17,1
LOAN0011549,CUST009822,SME Loan,0,,,109120.66,0.0,0.0,2025-10-31,0
LOAN0011550,CUST004496,Personal Loan,0,,,531390.86,0.0,0.0,2025-02-14,0
LOAN0011551,CUST008486,SME Loan,0,,,659952.63,0.0,0.0,2025-12-01,0
LOAN0011552,CUST003022,Personal Loan,1,240.0,8.0,105474.81,227860.19,83717.62,2023-11-03,1
LOAN0011553,CUST003721,BNPL,0,,,48898.12,0.0,0.0,2024-01-13,0
LOAN0011554,CUST001658,Personal Loan,0,,,110483.76,0.0,0.0,2025-10-30,0
LOAN0011555,CUST002097,Personal Loan,0,,,479323.0,0.0,0.0,2026-02-28,0
LOAN0011556,CUST006578,Personal Loan,0,,,139920.18,0.0,0.0,2025-03-24,0
LOAN0011557,CUST005114,SME Loan,0,,,328627.84,0.0,0.0,2023-12-01,0
LOAN0011558,CUST002318,BNPL,0,,,50090.7,0.0,0.0,2024-02-25,0
LOAN0011559,CUST004037,Personal Loan,0,,,243549.78,0.0,0.0,2023-07-30,0
LOAN0011560,CUST003736,Personal Loan,1,180.0,6.0,95634.9,78337.1,8495.17,2024-05-21,1
LOAN0011561,CUST009871,BNPL,0,,,48466.32,0.0,0.0,2023-05-19,0
LOAN0011562,CUST008548,Personal Loan,1,90.0,3.0,34837.24,348525.76,97687.27,2024-02-09,1
LOAN0011563,CUST003884,Personal Loan,1,60.0,2.0,38228.24,438854.76,116668.43,2023-11-15,1
LOAN0011564,CUST009144,Personal Loan,0,,,130988.4,0.0,0.0,2026-08-24,0
LOAN0011565,CUST003426,Personal Loan,0,,,537828.49,0.0,0.0,2025-05-19,0
LOAN0011566,CUST006688,Personal Loan,0,,,710015.04,0.0,0.0,2026-11-13,0
LOAN0011567,CUST009669,Personal Loan,0,,,528255.84,0.0,0.0,2025-09-02,0
LOAN0011568,CUST003906,Personal Loan,1,120.0,4.0,13860.21,75816.79,24948.1,2023-11-18,1
LOAN0011569,CUST006813,Personal Loan,0,,,45456.12,0.0,0.0,2023-01-06,0
LOAN0011570,CUST002962,Personal Loan,0,,,574240.96,0.0,0.0,2025-10-14,0
LOAN0011571,CUST002665,Personal Loan,0,,,224240.28,0.0,0.0,2026-04-21,0
LOAN0011572,CUST005753,Personal Loan,0,,,53841.04,0.0,0.0,2026-05-24,0
LOAN0011573,CUST009793,Personal Loan,0,,,639042.24,0.0,0.0,2026-06-20,0
LOAN0011574,CUST004527,SME Loan,0,,,261361.6,0.0,0.0,2024-04-15,0
LOAN0011575,CUST009378,SME Loan,0,,,189074.76,0.0,0.0,2025-09-17,0
LOAN0011576,CUST009148,Personal Loan,0,,,403653.84,0.0,0.0,2024-12-12,0
LOAN0011577,CUST002541,Personal Loan,0,,,448856.66,0.0,0.0,2024-07-12,0
LOAN0011578,CUST004025,Personal Loan,0,,,522924.7,0.0,0.0,2024-04-07,0
LOAN0011579,CUST006440,Personal Loan,1,240.0,8.0,128987.39,217038.61,33789.84,2023-11-30,1
LOAN0011580,CUST005188,Personal Loan,0,,,361581.6,0.0,0.0,2026-06-22,0
LOAN0011581,CUST000969,BNPL,1,210.0,7.0,7053.3,1120.7,290.33,2024-07-09,1
LOAN0011582,CUST009937,Personal Loan,0,,,497718.98,0.0,0.0,2025-03-29,0
LOAN0011583,CUST007539,Personal Loan,0,,,540977.4,0.0,0.0,2024-11-09,0
LOAN0011584,CUST004376,Personal Loan,0,,,455872.65,0.0,0.0,2025-02-09,0
LOAN0011585,CUST006197,Personal Loan,0,,,467656.38,0.0,0.0,2025-05-03,0
LOAN0011586,CUST000883,Personal Loan,0,,,148316.94,0.0,0.0,2024-06-27,0
LOAN0011587,CUST004961,BNPL,1,150.0,5.0,12753.72,5638.28,2120.51,2024-05-29,1
LOAN0011588,CUST009311,Personal Loan,0,,,623997.25,0.0,0.0,2025-08-27,0
LOAN0011589,CUST008976,BNPL,0,,,11030.24,0.0,0.0,2024-04-24,0
LOAN0011590,CUST003370,Personal Loan,0,,,507056.88,0.0,0.0,2025-09-27,0
LOAN0011591,CUST005319,SME Loan,0,,,539337.96,0.0,0.0,2024-04-03,0
LOAN0011592,CUST006994,Personal Loan,1,210.0,7.0,130634.1,331261.9,63535.63,2024-02-23,1
LOAN0011593,CUST003399,Personal Loan,0,,,181215.16,0.0,0.0,2024-10-13,0
LOAN0011594,CUST000655,Personal Loan,0,,,541079.76,0.0,0.0,2025-10-22,0
LOAN0011595,CUST005059,Personal Loan,0,,,56996.31,0.0,0.0,2023-12-17,0
LOAN0011596,CUST006030,Personal Loan,0,,,235254.04,0.0,0.0,2025-11-26,0
LOAN0011597,CUST000062,Personal Loan,0,,,25460.88,0.0,0.0,2024-10-06,0
LOAN0011598,CUST000966,Personal Loan,1,120.0,4.0,10249.74,63395.26,16554.24,2023-08-05,1
LOAN0011599,CUST002078,Personal Loan,0,,,106569.71,0.0,0.0,2024-04-05,0
LOAN0011600,CUST003476,Education Loan,0,,,856224.48,0.0,0.0,2025-11-17,0
LOAN0011601,CUST005416,SME Loan,1,120.0,4.0,53010.75,222627.25,58793.98,2023-10-18,1
LOAN0011602,CUST002942,BNPL,0,,,58082.8,0.0,0.0,2024-07-30,0
LOAN0011603,CUST002764,BNPL,0,,,54533.44,0.0,0.0,2024-05-16,0
LOAN0011604,CUST008706,Personal Loan,0,,,426834.62,0.0,0.0,2025-07-05,0
LOAN0011605,CUST001465,SME Loan,1,150.0,5.0,37274.32,128443.68,33491.93,2023-02-28,1
LOAN0011606,CUST004962,Personal Loan,0,,,155099.67,0.0,0.0,2025-01-21,0
LOAN0011607,CUST009531,SME Loan,0,,,464789.52,0.0,0.0,2023-07-16,0
LOAN0011608,CUST006264,SME Loan,0,,,402771.06,0.0,0.0,2025-04-30,0
LOAN0011609,CUST007187,Personal Loan,0,,,272114.57,0.0,0.0,2024-12-17,0
LOAN0011610,CUST004315,SME Loan,0,,,339787.45,0.0,0.0,2024-08-11,0
LOAN0011611,CUST000209,Personal Loan,0,,,377140.06,0.0,0.0,2025-06-10,0
LOAN0011612,CUST006470,Personal Loan,0,,,53914.38,0.0,0.0,2025-01-12,0
LOAN0011613,CUST006329,BNPL,0,,,25966.8,0.0,0.0,2024-08-11,0
LOAN0011614,CUST001117,Personal Loan,0,,,35586.3,0.0,0.0,2024-03-03,0
LOAN0011615,CUST004619,BNPL,1,180.0,6.0,10740.3,7526.7,1345.82,2023-04-18,1
LOAN0011616,CUST009156,SME Loan,0,,,359822.32,0.0,0.0,2023-11-19,0
LOAN0011617,CUST002056,SME Loan,0,,,582562.68,0.0,0.0,2024-10-27,0
LOAN0011618,CUST004606,Education Loan,0,,,735571.2,0.0,0.0,2026-10-11,0
LOAN0011619,CUST004606,Education Loan,0,,,1100178.78,0.0,0.0,2027-07-07,0
LOAN0011620,CUST008120,Personal Loan,0,,,464441.34,0.0,0.0,2026-09-15,0
LOAN0011621,CUST008259,Personal Loan,0,,,113747.36,0.0,0.0,2025-04-11,0
LOAN0011622,CUST007604,SME Loan,0,,,210779.28,0.0,0.0,2023-12-02,0
LOAN0011623,CUST003655,Personal Loan,0,,,461162.0,0.0,0.0,2024-07-09,0
LOAN0011624,CUST000731,Personal Loan,0,,,354176.48,0.0,0.0,2025-02-10,0
LOAN0011625,CUST003490,BNPL,1,120.0,4.0,18048.09,16965.91,2856.73,2023-04-30,1
LOAN0011626,CUST006811,Personal Loan,0,,,345865.26,0.0,0.0,2024-10-25,0
LOAN0011627,CUST007046,Personal Loan,0,,,421879.99,0.0,0.0,2024-09-10,0
LOAN0011628,CUST009651,Personal Loan,0,,,175621.94,0.0,0.0,2024-08-20,0
LOAN0011629,CUST004533,Personal Loan,0,,,577895.52,0.0,0.0,2025-12-06,0
LOAN0011630,CUST006333,Personal Loan,1,120.0,4.0,64054.74,328766.26,39521.88,2024-01-29,1
LOAN0011631,CUST005396,Personal Loan,1,150.0,5.0,67673.8,211520.2,40436.82,2024-03-15,1
LOAN0011632,CUST001516,Personal Loan,0,,,658303.5,0.0,0.0,2025-12-23,0
LOAN0011633,CUST004608,Personal Loan,0,,,156749.18,0.0,0.0,2024-02-20,0
LOAN0011634,CUST005455,Personal Loan,0,,,58450.56,0.0,0.0,2026-03-24,0
LOAN0011635,CUST009511,BNPL,0,,,45824.5,0.0,0.0,2024-02-13,0
LOAN0011636,CUST003666,BNPL,0,,,49011.69,0.0,0.0,2024-03-26,0
LOAN0011637,CUST009801,BNPL,0,,,13091.12,0.0,0.0,2024-05-23,0
LOAN0011638,CUST005429,Personal Loan,1,90.0,3.0,48180.96,88415.04,20720.8,2024-02-12,1
LOAN0011639,CUST002428,SME Loan,0,,,116705.76,0.0,0.0,2023-12-12,0
LOAN0011640,CUST001924,SME Loan,0,,,695918.4,0.0,0.0,2025-06-02,0
LOAN0011641,CUST001433,BNPL,0,,,23982.96,0.0,0.0,2023-12-25,0
LOAN0011642,CUST004526,Personal Loan,0,,,362120.32,0.0,0.0,2025-02-03,0
LOAN0011643,CUST000228,Personal Loan,0,,,363926.94,0.0,0.0,2025-05-01,0
LOAN0011644,CUST004452,Personal Loan,0,,,551781.81,0.0,0.0,2024-01-03,0
LOAN0011645,CUST009881,Personal Loan,1,180.0,6.0,128871.25,256040.75,41926.96,2023-05-28,1
LOAN0011646,CUST006708,Personal Loan,0,,,22726.55,0.0,0.0,2026-04-04,0
LOAN0011647,CUST007609,Personal Loan,0,,,473769.28,0.0,0.0,2025-09-20,0
LOAN0011648,CUST001205,Personal Loan,1,60.0,2.0,3888.97,48446.03,9385.79,2023-01-29,1
LOAN0011649,CUST004729,Personal Loan,1,210.0,7.0,98396.94,278742.06,94424.6,2023-11-08,1
LOAN0011650,CUST002866,Personal Loan,1,210.0,7.0,78250.2,178772.8,23559.13,2024-07-10,1
LOAN0011651,CUST008952,Education Loan,0,,,338678.08,0.0,0.0,2025-10-06,0
LOAN0011652,CUST001823,Personal Loan,0,,,59883.84,0.0,0.0,2024-12-05,0
LOAN0011653,CUST004585,Personal Loan,0,,,623688.12,0.0,0.0,2025-08-11,0
LOAN0011654,CUST005892,Personal Loan,1,150.0,5.0,18618.68,65791.32,23212.41,2024-03-25,1
LOAN0011655,CUST005146,Education Loan,0,,,664043.64,0.0,0.0,2027-02-16,0
LOAN0011656,CUST008316,BNPL,0,,,28449.93,0.0,0.0,2022-12-09,0
LOAN0011657,CUST002321,SME Loan,0,,,423252.72,0.0,0.0,2024-10-26,0
LOAN0011658,CUST003778,SME Loan,0,,,469637.8,0.0,0.0,2024-10-20,0
LOAN0011659,CUST007935,Personal Loan,0,,,273926.78,0.0,0.0,2026-08-24,0
LOAN0011660,CUST005286,SME Loan,0,,,126116.8,0.0,0.0,2025-06-24,0
LOAN0011661,CUST004029,Personal Loan,0,,,245913.84,0.0,0.0,2025-11-15,0
LOAN0011662,CUST000302,Personal Loan,1,240.0,8.0,322258.93,139276.07,46728.56,2023-07-27,1
LOAN0011663,CUST007547,Personal Loan,0,,,230013.42,0.0,0.0,2025-08-18,0
LOAN0011664,CUST009722,BNPL,1,90.0,3.0,8020.0,11521.0,2885.48,2024-03-08,1
LOAN0011665,CUST006218,BNPL,1,180.0,6.0,29526.72,0.0,0.0,2024-06-09,1
LOAN0011666,CUST008577,Personal Loan,0,,,384265.69,0.0,0.0,2024-06-20,0
LOAN0011667,CUST005175,Personal Loan,1,180.0,6.0,57719.1,116595.9,35025.75,2023-09-07,1
LOAN0011668,CUST002323,Personal Loan,0,,,277094.24,0.0,0.0,2024-12-28,0
LOAN0011669,CUST000153,Personal Loan,0,,,153859.65,0.0,0.0,2026-11-18,0
LOAN0011670,CUST006545,Personal Loan,0,,,444287.52,0.0,0.0,2024-04-10,0
LOAN0011671,CUST004942,Personal Loan,0,,,254955.6,0.0,0.0,2024-03-05,0
LOAN0011672,CUST007833,SME Loan,0,,,673798.64,0.0,0.0,2026-02-21,0
LOAN0011673,CUST006966,Personal Loan,0,,,225135.36,0.0,0.0,2026-08-06,0
LOAN0011674,CUST009877,Personal Loan,0,,,472784.76,0.0,0.0,2023-03-09,0
LOAN0011675,CUST005110,SME Loan,0,,,250248.8,0.0,0.0,2025-04-03,0
LOAN0011676,CUST004274,BNPL,0,,,36818.58,0.0,0.0,2024-05-17,0
LOAN0011677,CUST002870,Personal Loan,0,,,442550.25,0.0,0.0,2025-03-23,0
LOAN0011678,CUST004767,Education Loan,0,,,529448.92,0.0,0.0,2026-01-29,0
LOAN0011679,CUST008740,Personal Loan,0,,,36204.12,0.0,0.0,2026-07-11,0
LOAN0011680,CUST000430,Personal Loan,1,60.0,2.0,7546.43,173216.57,22760.08,2024-02-27,1
LOAN0011681,CUST009780,BNPL,0,,,21796.2,0.0,0.0,2024-05-16,0
LOAN0011682,CUST009933,BNPL,0,,,48099.64,0.0,0.0,2024-04-02,0
LOAN0011683,CUST005992,Personal Loan,0,,,310881.28,0.0,0.0,2026-02-26,0
LOAN0011684,CUST003314,Personal Loan,0,,,141955.5,0.0,0.0,2025-12-23,0
LOAN0011685,CUST002238,Personal Loan,0,,,47743.5,0.0,0.0,2024-12-08,0
LOAN0011686,CUST002767,Personal Loan,0,,,75197.92,0.0,0.0,2023-07-08,0
LOAN0011687,CUST000508,Education Loan,0,,,725326.59,0.0,0.0,2025-01-24,0
LOAN0011688,CUST004750,Education Loan,1,60.0,2.0,23902.67,638508.33,175864.85,2024-02-12,1
LOAN0011689,CUST000579,Personal Loan,0,,,45876.16,0.0,0.0,2025-01-31,0
LOAN0011690,CUST007198,BNPL,0,,,37633.36,0.0,0.0,2023-06-05,0
LOAN0011691,CUST003723,SME Loan,1,210.0,7.0,211245.84,114869.16,28394.53,2023-08-07,1
LOAN0011692,CUST001996,Personal Loan,0,,,219799.65,0.0,0.0,2025-02-18,0
LOAN0011693,CUST005455,Personal Loan,0,,,132287.36,0.0,0.0,2025-04-15,0
LOAN0011694,CUST009737,Personal Loan,1,210.0,7.0,90679.2,308804.8,91214.06,2024-04-18,1
LOAN0011695,CUST006970,Personal Loan,1,180.0,6.0,138480.25,192239.75,50166.18,2023-03-06,1
LOAN0011696,CUST004929,Personal Loan,0,,,268864.96,0.0,0.0,2025-10-28,0
LOAN0011697,CUST007778,Education Loan,0,,,294143.98,0.0,0.0,2024-08-29,0
LOAN0011698,CUST007391,BNPL,0,,,11932.88,0.0,0.0,2024-01-25,0
LOAN0011699,CUST008927,BNPL,0,,,57795.75,0.0,0.0,2024-09-26,0
LOAN0011700,CUST002052,BNPL,0,,,26557.62,0.0,0.0,2023-10-09,0
LOAN0011701,CUST008599,BNPL,1,240.0,8.0,43731.24,5772.76,1080.9,2024-07-17,1
LOAN0011702,CUST003014,Personal Loan,0,,,23371.44,0.0,0.0,2024-06-19,0
LOAN0011703,CUST009412,Personal Loan,0,,,89058.0,0.0,0.0,2026-06-18,0
LOAN0011704,CUST002814,Personal Loan,0,,,487698.48,0.0,0.0,2026-12-19,0
LOAN0011705,CUST009272,Personal Loan,0,,,547877.46,0.0,0.0,2025-12-21,0
LOAN0011706,CUST009640,Personal Loan,0,,,136663.96,0.0,0.0,2025-02-18,0
LOAN0011707,CUST001470,Personal Loan,0,,,650172.12,0.0,0.0,2025-06-27,0
LOAN0011708,CUST009745,BNPL,1,210.0,7.0,40665.96,17109.04,3998.56,2024-04-28,1
LOAN0011709,CUST000864,BNPL,0,,,46053.45,0.0,0.0,2024-08-18,0
LOAN0011710,CUST002191,Personal Loan,0,,,279241.34,0.0,0.0,2024-06-08,0
LOAN0011711,CUST004444,Personal Loan,0,,,291606.12,0.0,0.0,2026-01-05,0
LOAN0011712,CUST009937,BNPL,1,210.0,7.0,15531.12,9262.88,1927.29,2024-06-23,1
LOAN0011713,CUST004894,Personal Loan,0,,,606788.75,0.0,0.0,2025-12-04,0
LOAN0011714,CUST005510,Personal Loan,0,,,511024.14,0.0,0.0,2026-01-17,0
LOAN0011715,CUST006964,Personal Loan,0,,,322163.46,0.0,0.0,2025-09-28,0
LOAN0011716,CUST009684,Education Loan,0,,,422739.84,0.0,0.0,2026-01-09,0
LOAN0011717,CUST007845,Education Loan,1,120.0,4.0,86334.42,618075.58,197346.82,2024-03-09,1
LOAN0011718,CUST002250,Personal Loan,0,,,468599.46,0.0,0.0,2024-01-17,0
LOAN0011719,CUST003032,Personal Loan,0,,,203436.48,0.0,0.0,2026-06-02,0
LOAN0011720,CUST000985,SME Loan,0,,,187917.24,0.0,0.0,2024-09-17,0
LOAN0011721,CUST006451,Education Loan,0,,,718907.94,0.0,0.0,2025-02-19,0
LOAN0011722,CUST001818,BNPL,0,,,22930.85,0.0,0.0,2024-02-25,0
LOAN0011723,CUST002579,BNPL,1,60.0,2.0,6421.18,25068.82,3580.26,2023-11-13,1
LOAN0011724,CUST008894,BNPL,0,,,40719.9,0.0,0.0,2024-05-16,0
LOAN0011725,CUST003268,Personal Loan,0,,,419852.16,0.0,0.0,2024-11-16,0
LOAN0011726,CUST005675,Personal Loan,0,,,22025.96,0.0,0.0,2025-08-13,0
LOAN0011727,CUST003981,Education Loan,0,,,737003.08,0.0,0.0,2027-07-05,0
LOAN0011728,CUST000749,SME Loan,0,,,152454.6,0.0,0.0,2026-01-21,0
LOAN0011729,CUST003630,Personal Loan,0,,,333792.3,0.0,0.0,2024-04-27,0
LOAN0011730,CUST004088,SME Loan,0,,,353179.35,0.0,0.0,2024-07-15,0
LOAN0011731,CUST008967,BNPL,0,,,9301.44,0.0,0.0,2024-02-13,0
LOAN0011732,CUST003245,SME Loan,0,,,267934.45,0.0,0.0,2024-11-03,0
LOAN0011733,CUST003797,Personal Loan,0,,,190196.1,0.0,0.0,2024-08-06,0
LOAN0011734,CUST007841,BNPL,0,,,38092.59,0.0,0.0,2024-01-13,0
LOAN0011735,CUST007601,Personal Loan,0,,,85350.98,0.0,0.0,2024-06-28,0
LOAN0011736,CUST007997,Personal Loan,0,,,558191.84,0.0,0.0,2024-06-10,0
LOAN0011737,CUST009540,Personal Loan,0,,,79840.96,0.0,0.0,2025-07-28,0
LOAN0011738,CUST007970,Education Loan,1,180.0,6.0,196027.85,648819.15,201818.6,2023-03-09,1
LOAN0011739,CUST004083,Personal Loan,0,,,162152.64,0.0,0.0,2025-06-27,0
LOAN0011740,CUST008231,Personal Loan,0,,,300149.07,0.0,0.0,2024-11-11,0
LOAN0011741,CUST005093,Education Loan,0,,,197827.12,0.0,0.0,2026-07-30,0
LOAN0011742,CUST002779,Personal Loan,1,60.0,2.0,44707.52,387840.48,110554.1,2023-02-19,1
LOAN0011743,CUST003031,SME Loan,0,,,484336.16,0.0,0.0,2025-04-11,0
LOAN0011744,CUST002247,Personal Loan,0,,,193315.4,0.0,0.0,2024-01-07,0
LOAN0011745,CUST001464,Personal Loan,0,,,313943.52,0.0,0.0,2024-06-29,0
LOAN0011746,CUST001855,SME Loan,0,,,147015.81,0.0,0.0,2026-02-07,0
LOAN0011747,CUST000639,BNPL,1,120.0,4.0,9879.09,6486.91,1000.32,2023-09-15,1
LOAN0011748,CUST008898,Personal Loan,0,,,29252.0,0.0,0.0,2025-04-28,0
LOAN0011749,CUST009313,Personal Loan,0,,,605349.58,0.0,0.0,2025-09-02,0
LOAN0011750,CUST005880,Personal Loan,1,210.0,7.0,116725.92,302135.08,105772.18,2024-04-29,1
LOAN0011751,CUST008413,Personal Loan,0,,,514182.18,0.0,0.0,2024-05-31,0
LOAN0011752,CUST001844,Personal Loan,1,90.0,3.0,17727.1,75358.9,25139.44,2023-11-05,1
LOAN0011753,CUST009026,Personal Loan,0,,,113488.02,0.0,0.0,2024-03-06,0
LOAN0011754,CUST005070,SME Loan,0,,,71710.65,0.0,0.0,2023-10-16,0
LOAN0011755,CUST000679,SME Loan,0,,,81613.42,0.0,0.0,2024-03-09,0
LOAN0011756,CUST001429,Personal Loan,0,,,210836.25,0.0,0.0,2025-07-23,0
LOAN0011757,CUST003092,SME Loan,1,90.0,3.0,29220.02,131302.98,36595.51,2023-12-01,1
LOAN0011758,CUST000442,Personal Loan,0,,,429831.91,0.0,0.0,2025-12-21,0
LOAN0011759,CUST003096,Personal Loan,0,,,233769.72,0.0,0.0,2024-07-16,0
LOAN0011760,CUST000608,Personal Loan,0,,,242335.45,0.0,0.0,2026-06-12,0
LOAN0011761,CUST002365,Personal Loan,0,,,462732.79,0.0,0.0,2024-12-30,0
LOAN0011762,CUST002659,BNPL,0,,,39922.5,0.0,0.0,2024-01-15,0
LOAN0011763,CUST009944,Personal Loan,1,240.0,8.0,69877.15,130047.85,22715.35,2024-05-29,1
LOAN0011764,CUST002361,Personal Loan,0,,,336067.2,0.0,0.0,2025-06-30,0
LOAN0011765,CUST002394,Personal Loan,0,,,480868.5,0.0,0.0,2026-05-11,0
LOAN0011766,CUST006887,Personal Loan,1,60.0,2.0,39761.29,399864.71,115330.01,2022-09-26,1
LOAN0011767,CUST008604,SME Loan,0,,,435417.45,0.0,0.0,2024-12-15,0
LOAN0011768,CUST003875,BNPL,0,,,54946.38,0.0,0.0,2023-07-04,0
LOAN0011769,CUST008769,Personal Loan,0,,,611990.72,0.0,0.0,2025-12-18,0
LOAN0011770,CUST003400,Personal Loan,1,240.0,8.0,67787.79,186567.21,37708.42,2024-05-23,1
LOAN0011771,CUST001974,BNPL,0,,,25509.24,0.0,0.0,2024-08-22,0
LOAN0011772,CUST003297,Personal Loan,0,,,507402.96,0.0,0.0,2025-12-21,0
LOAN0011773,CUST006106,Personal Loan,0,,,200446.56,0.0,0.0,2024-02-08,0
LOAN0011774,CUST003673,SME Loan,0,,,150085.6,0.0,0.0,2025-03-10,0
LOAN0011775,CUST006738,BNPL,0,,,57086.4,0.0,0.0,2024-04-28,0
LOAN0011776,CUST002374,BNPL,1,120.0,4.0,5483.52,0.0,0.0,2023-06-23,1
LOAN0011777,CUST007031,Personal Loan,0,,,43265.28,0.0,0.0,2025-04-07,0
LOAN0011778,CUST003470,Personal Loan,0,,,396509.67,0.0,0.0,2024-06-05,0
LOAN0011779,CUST004555,Personal Loan,1,180.0,6.0,127418.1,221370.9,51459.71,2023-06-13,1
LOAN0011780,CUST005585,Personal Loan,1,150.0,5.0,45282.2,234313.8,76898.86,2023-09-21,1
LOAN0011781,CUST006881,BNPL,1,60.0,2.0,2989.7,20112.3,3242.49,2023-01-18,1
LOAN0011782,CUST002390,Personal Loan,0,,,139524.42,0.0,0.0,2025-07-17,0
LOAN0011783,CUST008372,BNPL,0,,,19518.08,0.0,0.0,2024-07-24,0
LOAN0011784,CUST007234,Personal Loan,0,,,228845.8,0.0,0.0,2025-08-24,0
LOAN0011785,CUST002347,Personal Loan,0,,,216424.92,0.0,0.0,2024-12-12,0
LOAN0011786,CUST009750,SME Loan,0,,,576625.5,0.0,0.0,2024-06-04,0
LOAN0011787,CUST006655,Personal Loan,0,,,13658.46,0.0,0.0,2024-03-12,0
LOAN0011788,CUST004520,Personal Loan,0,,,191144.6,0.0,0.0,2025-01-06,0
LOAN0011789,CUST001585,SME Loan,0,,,396650.87,0.0,0.0,2024-11-20,0
LOAN0011790,CUST005339,SME Loan,0,,,291580.08,0.0,0.0,2024-05-23,0
LOAN0011791,CUST001657,Personal Loan,0,,,366923.88,0.0,0.0,2025-06-12,0
LOAN0011792,CUST004297,BNPL,0,,,28831.71,0.0,0.0,2024-03-24,0
LOAN0011793,CUST004095,BNPL,0,,,4254.4,0.0,0.0,2024-02-05,0
LOAN0011794,CUST007213,BNPL,1,210.0,7.0,31046.7,18323.3,3641.59,2024-07-27,1
LOAN0011795,CUST001929,SME Loan,0,,,105372.1,0.0,0.0,2025-12-28,0
LOAN0011796,CUST008234,Personal Loan,0,,,114177.0,0.0,0.0,2024-12-16,0
LOAN0011797,CUST003262,Personal Loan,0,,,104197.8,0.0,0.0,2024-10-05,0
LOAN0011798,CUST004442,Education Loan,0,,,796845.28,0.0,0.0,2025-10-28,0
LOAN0011799,CUST007731,Personal Loan,0,,,296623.86,0.0,0.0,2023-09-19,0
LOAN0011800,CUST006268,BNPL,0,,,6992.28,0.0,0.0,2023-12-16,0
LOAN0011801,CUST003084,Personal Loan,0,,,207996.8,0.0,0.0,2025-07-31,0
LOAN0011802,CUST003866,Personal Loan,1,180.0,6.0,56452.45,248145.55,30411.29,2024-05-24,1
LOAN0011803,CUST003060,SME Loan,1,180.0,6.0,21347.55,69110.45,17996.84,2023-10-20,1
LOAN0011804,CUST005959,BNPL,1,180.0,6.0,43727.95,7114.05,869.36,2024-01-06,1
LOAN0011805,CUST003324,BNPL,0,,,57338.76,0.0,0.0,2023-08-03,0
LOAN0011806,CUST007275,Personal Loan,1,180.0,6.0,118208.9,76577.1,25495.95,2024-06-01,1
LOAN0011807,CUST005813,Education Loan,0,,,560757.68,0.0,0.0,2024-12-24,0
LOAN0011808,CUST001471,SME Loan,0,,,633760.75,0.0,0.0,2025-11-18,0
LOAN0011809,CUST003106,Personal Loan,0,,,39094.61,0.0,0.0,2026-01-30,0
LOAN0011810,CUST002221,Personal Loan,0,,,122413.35,0.0,0.0,2026-04-27,0
LOAN0011811,CUST003906,Personal Loan,1,120.0,4.0,41526.12,295325.88,76972.83,2023-10-01,1
LOAN0011812,CUST005166,SME Loan,1,150.0,5.0,233215.16,303524.84,83530.84,2024-03-19,1
LOAN0011813,CUST005073,BNPL,1,210.0,7.0,39167.14,0.0,0.0,2023-12-02,1
LOAN0011814,CUST007557,Personal Loan,0,,,457244.64,0.0,0.0,2025-01-01,0
LOAN0011815,CUST001900,Personal Loan,0,,,318647.77,0.0,0.0,2024-05-14,0
LOAN0011816,CUST009468,Personal Loan,0,,,310164.57,0.0,0.0,2026-04-28,0
LOAN0011817,CUST003428,BNPL,0,,,50463.85,0.0,0.0,2023-09-16,0
LOAN0011818,CUST003005,SME Loan,1,90.0,3.0,34782.46,325373.54,120079.4,2024-02-24,1
LOAN0011819,CUST006870,SME Loan,1,180.0,6.0,215305.15,141469.85,44929.82,2023-11-26,1
LOAN0011820,CUST008070,Personal Loan,1,240.0,8.0,178744.93,222539.07,78962.89,2024-05-15,1
LOAN0011821,CUST003789,Personal Loan,0,,,496583.85,0.0,0.0,2025-09-14,0
LOAN0011822,CUST007483,Personal Loan,0,,,593798.58,0.0,0.0,2025-05-22,0
LOAN0011823,CUST008849,Personal Loan,1,180.0,6.0,111101.45,262206.55,88762.32,2024-04-20,1
LOAN0011824,CUST007676,Personal Loan,1,90.0,3.0,17039.98,137143.02,28699.0,2023-07-25,1
LOAN0011825,CUST000347,Personal Loan,0,,,511211.0,0.0,0.0,2025-03-28,0
LOAN0011826,CUST008287,Personal Loan,0,,,79712.85,0.0,0.0,2025-02-27,0
LOAN0011827,CUST007753,BNPL,0,,,35156.48,0.0,0.0,2023-06-30,0
LOAN0011828,CUST006700,BNPL,0,,,33775.38,0.0,0.0,2024-08-03,0
LOAN0011829,CUST007613,Personal Loan,1,210.0,7.0,67878.18,216828.82,67232.94,2024-01-01,1
LOAN0011830,CUST009795,Personal Loan,0,,,158827.43,0.0,0.0,2025-05-29,0
LOAN0011831,CUST004313,SME Loan,0,,,381595.34,0.0,0.0,2025-11-28,0
LOAN0011832,CUST000680,Education Loan,1,150.0,5.0,66543.32,468735.68,106324.19,2023-05-12,1
LOAN0011833,CUST004604,Personal Loan,0,,,553304.18,0.0,0.0,2025-10-15,0
LOAN0011834,CUST000470,SME Loan,0,,,173994.0,0.0,0.0,2024-10-24,0
LOAN0011835,CUST002946,Personal Loan,0,,,120043.47,0.0,0.0,2026-04-25,0
LOAN0011836,CUST005882,Personal Loan,0,,,138679.74,0.0,0.0,2025-11-14,0
LOAN0011837,CUST003099,BNPL,0,,,37074.96,0.0,0.0,2024-02-08,0
LOAN0011838,CUST006872,BNPL,0,,,39100.68,0.0,0.0,2023-11-05,0
LOAN0011839,CUST008235,SME Loan,0,,,613745.05,0.0,0.0,2025-04-07,0
LOAN0011840,CUST004211,Personal Loan,0,,,320592.9,0.0,0.0,2024-01-25,0
LOAN0011841,CUST009009,BNPL,1,120.0,4.0,2774.85,1758.15,601.97,2023-03-04,1
LOAN0011842,CUST000805,BNPL,1,180.0,6.0,32822.15,17771.85,2582.89,2024-05-28,1
LOAN0011843,CUST008410,BNPL,0,,,51084.85,0.0,0.0,2024-04-14,0
LOAN0011844,CUST008298,Personal Loan,0,,,408846.72,0.0,0.0,2026-08-06,0
LOAN0011845,CUST003221,BNPL,0,,,41807.07,0.0,0.0,2023-09-11,0
LOAN0011846,CUST002989,Personal Loan,0,,,194091.48,0.0,0.0,2025-04-08,0
LOAN0011847,CUST003052,Personal Loan,0,,,242766.18,0.0,0.0,2024-05-20,0
LOAN0011848,CUST008127,Personal Loan,0,,,71852.48,0.0,0.0,2024-04-20,0
LOAN0011849,CUST008331,BNPL,0,,,53518.64,0.0,0.0,2024-01-30,0
LOAN0011850,CUST003298,Personal Loan,0,,,145739.16,0.0,0.0,2024-03-20,0
LOAN0011851,CUST005936,Personal Loan,0,,,510458.52,0.0,0.0,2026-09-08,0
LOAN0011852,CUST001403,Personal Loan,0,,,522226.98,0.0,0.0,2026-02-06,0
LOAN0011853,CUST004686,Personal Loan,1,90.0,3.0,21296.9,196482.1,69245.07,2023-11-24,1
LOAN0011854,CUST009986,Personal Loan,0,,,556625.28,0.0,0.0,2025-12-26,0
LOAN0011855,CUST001597,Personal Loan,0,,,564459.03,0.0,0.0,2026-01-13,0
LOAN0011856,CUST009480,BNPL,0,,,58662.3,0.0,0.0,2024-10-09,0
LOAN0011857,CUST008256,Education Loan,0,,,842139.48,0.0,0.0,2024-06-11,0
LOAN0011858,CUST009722,BNPL,1,210.0,7.0,37929.36,11222.64,2011.33,2024-06-28,1
LOAN0011859,CUST001805,Personal Loan,0,,,40385.1,0.0,0.0,2026-08-12,0
LOAN0011860,CUST002140,Education Loan,0,,,491677.91,0.0,0.0,2027-04-06,0
LOAN0011861,CUST000176,Personal Loan,0,,,414103.68,0.0,0.0,2025-02-26,0
LOAN0011862,CUST007264,Personal Loan,0,,,255469.88,0.0,0.0,2026-07-28,0
LOAN0011863,CUST006448,BNPL,1,210.0,7.0,3627.0,1522.0,159.65,2024-05-27,1
LOAN0011864,CUST001790,Personal Loan,1,150.0,5.0,86213.2,293478.8,113779.09,2023-12-16,1
LOAN0011865,CUST007924,Personal Loan,0,,,676477.76,0.0,0.0,2026-01-04,0
LOAN0011866,CUST002994,BNPL,0,,,4923.95,0.0,0.0,2023-04-10,0
LOAN0011867,CUST001363,Personal Loan,0,,,91851.9,0.0,0.0,2025-03-24,0
LOAN0011868,CUST004231,Personal Loan,0,,,514745.28,0.0,0.0,2025-02-18,0
LOAN0011869,CUST000919,BNPL,0,,,21540.56,0.0,0.0,2023-09-29,0
LOAN0011870,CUST002636,BNPL,0,,,58379.7,0.0,0.0,2024-06-26,0
LOAN0011871,CUST003715,SME Loan,1,210.0,7.0,394273.44,191208.56,56541.5,2023-08-01,1
LOAN0011872,CUST008533,Personal Loan,0,,,522823.04,0.0,0.0,2023-12-13,0
LOAN0011873,CUST007939,Personal Loan,1,60.0,2.0,38014.12,443298.88,171480.86,2023-08-17,1
LOAN0011874,CUST004429,BNPL,0,,,46569.0,0.0,0.0,2023-02-28,0
LOAN0011875,CUST007263,Personal Loan,0,,,477725.6,0.0,0.0,2024-10-20,0
LOAN0011876,CUST005695,Personal Loan,0,,,509349.5,0.0,0.0,2023-08-16,0
LOAN0011877,CUST003409,Personal Loan,0,,,58967.19,0.0,0.0,2026-03-31,0
LOAN0011878,CUST007276,Education Loan,1,210.0,7.0,136105.14,415181.86,111867.63,2023-11-09,1
LOAN0011879,CUST006852,Personal Loan,0,,,628593.56,0.0,0.0,2026-04-29,0
LOAN0011880,CUST006207,Personal Loan,0,,,527751.44,0.0,0.0,2024-12-11,0
LOAN0011881,CUST006195,SME Loan,0,,,690321.75,0.0,0.0,2024-04-12,0
LOAN0011882,CUST006847,Personal Loan,0,,,285559.65,0.0,0.0,2024-10-29,0
LOAN0011883,CUST003851,BNPL,0,,,2581.9,0.0,0.0,2024-10-31,0
LOAN0011884,CUST008703,Personal Loan,1,90.0,3.0,52699.58,186842.42,33794.84,2024-02-27,1
LOAN0011885,CUST001632,BNPL,0,,,50909.22,0.0,0.0,2024-04-14,0
LOAN0011886,CUST008851,SME Loan,0,,,76307.56,0.0,0.0,2025-09-24,0
LOAN0011887,CUST003423,Personal Loan,0,,,566453.79,0.0,0.0,2025-10-28,0
LOAN0011888,CUST001263,Personal Loan,1,150.0,5.0,80956.6,298690.4,56727.26,2023-10-28,1
LOAN0011889,CUST006013,SME Loan,0,,,484471.78,0.0,0.0,2025-12-02,0
LOAN0011890,CUST003764,Personal Loan,0,,,50888.65,0.0,0.0,2025-01-18,0
LOAN0011891,CUST008168,BNPL,0,,,50958.36,0.0,0.0,2023-05-08,0
LOAN0011892,CUST004309,BNPL,0,,,4075.4,0.0,0.0,2024-04-24,0
LOAN0011893,CUST006693,BNPL,0,,,6779.1,0.0,0.0,2024-10-25,0
LOAN0011894,CUST003086,Personal Loan,0,,,87161.04,0.0,0.0,2026-12-27,0
LOAN0011895,CUST002099,Personal Loan,0,,,408887.05,0.0,0.0,2025-01-26,0
LOAN0011896,CUST003885,Education Loan,0,,,263150.76,0.0,0.0,2027-01-17,0
LOAN0011897,CUST006080,Personal Loan,0,,,470957.76,0.0,0.0,2025-09-19,0
LOAN0011898,CUST006579,Personal Loan,0,,,407383.2,0.0,0.0,2025-05-01,0
LOAN0011899,CUST005795,BNPL,0,,,48829.36,0.0,0.0,2023-10-07,0
LOAN0011900,CUST009878,BNPL,0,,,59266.08,0.0,0.0,2024-08-10,0
LOAN0011901,CUST006931,BNPL,0,,,39015.5,0.0,0.0,2024-08-05,0
LOAN0011902,CUST009318,Personal Loan,0,,,92192.36,0.0,0.0,2026-03-11,0
LOAN0011903,CUST001193,Personal Loan,0,,,61977.24,0.0,0.0,2024-10-09,0
LOAN0011904,CUST000623,BNPL,0,,,17754.04,0.0,0.0,2024-03-01,0
LOAN0011905,CUST003112,BNPL,1,150.0,5.0,3883.84,5525.16,2076.65,2024-04-28,1
LOAN0011906,CUST001379,BNPL,0,,,7705.7,0.0,0.0,2024-10-19,0
LOAN0011907,CUST005261,Personal Loan,0,,,180695.32,0.0,0.0,2025-06-22,0
LOAN0011908,CUST005197,Personal Loan,0,,,504765.3,0.0,0.0,2025-02-07,0
LOAN0011909,CUST005761,SME Loan,1,60.0,2.0,8220.5,110952.5,21197.01,2024-02-15,1
LOAN0011910,CUST007467,Education Loan,0,,,692193.04,0.0,0.0,2027-01-08,0
LOAN0011911,CUST009714,BNPL,0,,,36420.95,0.0,0.0,2023-11-14,0
LOAN0011912,CUST008795,BNPL,0,,,11769.87,0.0,0.0,2023-07-04,0
LOAN0011913,CUST001198,SME Loan,0,,,543684.81,0.0,0.0,2024-10-05,0
LOAN0011914,CUST003381,BNPL,0,,,39506.95,0.0,0.0,2023-10-28,0
LOAN0011915,CUST002562,Personal Loan,0,,,137871.6,0.0,0.0,2024-07-18,0
LOAN0011916,CUST001778,Personal Loan,0,,,41990.5,0.0,0.0,2026-01-10,0
LOAN0011917,CUST005454,Personal Loan,0,,,137965.41,0.0,0.0,2025-07-26,0
LOAN0011918,CUST005539,Personal Loan,0,,,294832.17,0.0,0.0,2023-05-04,0
LOAN0011919,CUST002277,Personal Loan,0,,,45322.8,0.0,0.0,2024-05-13,0
LOAN0011920,CUST007137,Education Loan,0,,,820154.52,0.0,0.0,2025-03-11,0
LOAN0011921,CUST007347,Personal Loan,0,,,283728.0,0.0,0.0,2024-02-07,0
LOAN0011922,CUST000219,Personal Loan,0,,,128470.5,0.0,0.0,2025-06-07,0
LOAN0011923,CUST003964,Personal Loan,0,,,240912.0,0.0,0.0,2025-08-15,0
LOAN0011924,CUST008912,Personal Loan,0,,,159386.76,0.0,0.0,2024-08-03,0
LOAN0011925,CUST005211,SME Loan,0,,,85424.14,0.0,0.0,2025-02-09,0
LOAN0011926,CUST003472,Personal Loan,0,,,212617.41,0.0,0.0,2025-05-28,0
LOAN0011927,CUST002540,Personal Loan,0,,,149392.13,0.0,0.0,2025-08-23,0
LOAN0011928,CUST002438,Personal Loan,0,,,116819.5,0.0,0.0,2026-11-01,0
LOAN0011929,CUST001006,Personal Loan,0,,,61718.25,0.0,0.0,2024-11-22,0
LOAN0011930,CUST008188,SME Loan,0,,,611262.87,0.0,0.0,2026-01-18,0
LOAN0011931,CUST000874,Personal Loan,1,60.0,2.0,13151.75,282515.25,43944.26,2024-02-19,1
LOAN0011932,CUST002928,SME Loan,0,,,196067.6,0.0,0.0,2024-10-07,0
LOAN0011933,CUST000462,Personal Loan,0,,,54476.62,0.0,0.0,2024-08-30,0
LOAN0011934,CUST007825,Personal Loan,1,120.0,4.0,54096.99,325178.01,127527.4,2024-04-19,1
LOAN0011935,CUST000399,Personal Loan,0,,,461194.26,0.0,0.0,2024-06-22,0
LOAN0011936,CUST003086,Personal Loan,0,,,410492.16,0.0,0.0,2026-08-21,0
LOAN0011937,CUST005744,SME Loan,1,210.0,7.0,313134.54,123509.46,37408.13,2024-05-26,1
LOAN0011938,CUST004103,Personal Loan,1,90.0,3.0,63426.92,409581.08,89436.19,2022-06-26,1
LOAN0011939,CUST002826,BNPL,0,,,32634.4,0.0,0.0,2024-10-05,0
LOAN0011940,CUST002753,BNPL,0,,,25546.4,0.0,0.0,2024-03-26,0
LOAN0011941,CUST007991,Personal Loan,0,,,274425.17,0.0,0.0,2025-01-18,0
LOAN0011942,CUST009740,Personal Loan,0,,,328211.18,0.0,0.0,2025-09-05,0
LOAN0011943,CUST003476,BNPL,0,,,54626.76,0.0,0.0,2024-02-25,0
LOAN0011944,CUST000398,Personal Loan,1,60.0,2.0,50879.0,236512.0,35690.91,2022-12-18,1
LOAN0011945,CUST000369,Personal Loan,0,,,245293.75,0.0,0.0,2025-11-06,0
LOAN0011946,CUST007603,BNPL,1,210.0,7.0,15070.32,0.0,0.0,2024-01-22,1
LOAN0011947,CUST005529,Personal Loan,0,,,365497.65,0.0,0.0,2025-10-30,0
LOAN0011948,CUST007847,Education Loan,0,,,627948.48,0.0,0.0,2025-07-18,0
LOAN0011949,CUST006995,SME Loan,0,,,634420.08,0.0,0.0,2023-09-10,0
LOAN0011950,CUST009083,Personal Loan,0,,,110089.99,0.0,0.0,2026-06-15,0
LOAN0011951,CUST008869,SME Loan,1,150.0,5.0,56168.24,248255.76,84890.09,2023-12-27,1
LOAN0011952,CUST007896,Education Loan,0,,,140876.4,0.0,0.0,2026-08-19,0
LOAN0011953,CUST004751,Personal Loan,0,,,84421.26,0.0,0.0,2025-04-14,0
LOAN0011954,CUST003085,Personal Loan,0,,,337470.8,0.0,0.0,2024-08-06,0
LOAN0011955,CUST005076,BNPL,0,,,59601.5,0.0,0.0,2024-10-16,0
LOAN0011956,CUST005029,BNPL,0,,,38261.45,0.0,0.0,2023-02-28,0
LOAN0011957,CUST006116,SME Loan,1,210.0,7.0,28405.62,53855.38,21171.97,2024-06-21,1
LOAN0011958,CUST001872,Personal Loan,0,,,141366.9,0.0,0.0,2025-03-03,0
LOAN0011959,CUST006566,BNPL,0,,,35422.36,0.0,0.0,2023-12-07,0
LOAN0011960,CUST004562,BNPL,0,,,15822.88,0.0,0.0,2024-04-04,0
LOAN0011961,CUST006218,Personal Loan,0,,,458150.12,0.0,0.0,2026-05-28,0
LOAN0011962,CUST002399,Personal Loan,0,,,40588.4,0.0,0.0,2025-02-16,0
LOAN0011963,CUST004347,Personal Loan,0,,,381776.92,0.0,0.0,2024-08-17,0
LOAN0011964,CUST002105,SME Loan,0,,,481919.4,0.0,0.0,2025-06-26,0
LOAN0011965,CUST008765,Personal Loan,0,,,129080.0,0.0,0.0,2026-06-15,0
LOAN0011966,CUST004888,SME Loan,0,,,122278.21,0.0,0.0,2024-07-12,0
LOAN0011967,CUST002258,Personal Loan,0,,,547973.79,0.0,0.0,2025-03-14,0
LOAN0011968,CUST000419,Personal Loan,0,,,211932.81,0.0,0.0,2025-07-22,0
LOAN0011969,CUST006771,Personal Loan,0,,,407071.2,0.0,0.0,2025-07-02,0
LOAN0011970,CUST002151,Personal Loan,0,,,261477.06,0.0,0.0,2025-11-24,0
LOAN0011971,CUST009893,Education Loan,0,,,229074.66,0.0,0.0,2026-01-14,0
LOAN0011972,CUST005346,Personal Loan,0,,,340155.74,0.0,0.0,2024-07-19,0
LOAN0011973,CUST002893,SME Loan,0,,,610298.43,0.0,0.0,2025-04-04,0
LOAN0011974,CUST006586,Personal Loan,0,,,117895.44,0.0,0.0,2024-02-24,0
LOAN0011975,CUST002753,BNPL,0,,,51979.5,0.0,0.0,2024-04-12,0
LOAN0011976,CUST008218,Personal Loan,0,,,150231.62,0.0,0.0,2024-11-03,0
LOAN0011977,CUST003085,Personal Loan,0,,,442003.77,0.0,0.0,2026-01-18,0
LOAN0011978,CUST009880,Personal Loan,0,,,388955.52,0.0,0.0,2026-08-21,0
LOAN0011979,CUST006063,Personal Loan,1,150.0,5.0,160132.52,335379.48,101787.0,2024-02-17,1
LOAN0011980,CUST008454,Personal Loan,0,,,169371.89,0.0,0.0,2025-05-18,0
LOAN0011981,CUST000738,Education Loan,1,240.0,8.0,263209.1,707462.9,190293.75,2024-08-06,1
LOAN0011982,CUST003478,BNPL,0,,,43235.58,0.0,0.0,2023-07-31,0
LOAN0011983,CUST007391,Personal Loan,1,150.0,5.0,42780.96,239482.04,68168.88,2024-02-16,1
LOAN0011984,CUST006560,SME Loan,1,150.0,5.0,83975.6,342534.4,96759.28,2024-03-13,1
LOAN0011985,CUST001946,Personal Loan,0,,,427136.64,0.0,0.0,2023-06-07,0
LOAN0011986,CUST003565,Personal Loan,1,180.0,6.0,82889.7,280290.3,84823.02,2023-12-29,1
LOAN0011987,CUST002638,Personal Loan,0,,,31249.46,0.0,0.0,2024-04-25,0
LOAN0011988,CUST006147,Personal Loan,0,,,145468.08,0.0,0.0,2025-06-16,0
LOAN0011989,CUST003444,SME Loan,0,,,475762.76,0.0,0.0,2025-10-13,0
LOAN0011990,CUST003093,BNPL,1,210.0,7.0,51702.06,8200.94,1907.81,2024-07-06,1
LOAN0011991,CUST002079,Personal Loan,0,,,461602.87,0.0,0.0,2023-12-01,0
LOAN0011992,CUST004099,Personal Loan,0,,,41342.08,0.0,0.0,2024-05-29,0
LOAN0011993,CUST001959,SME Loan,1,120.0,4.0,91334.52,163087.48,40683.2,2024-01-14,1
LOAN0011994,CUST009627,Personal Loan,1,120.0,4.0,50532.24,316475.76,105376.93,2023-07-24,1
LOAN0011995,CUST001557,Personal Loan,1,150.0,5.0,141962.36,316329.64,42910.73,2024-05-03,1
LOAN0011996,CUST009139,BNPL,0,,,41182.5,0.0,0.0,2023-12-28,0
LOAN0011997,CUST004286,BNPL,0,,,26390.32,0.0,0.0,2024-03-17,0
LOAN0011998,CUST003783,BNPL,0,,,14764.32,0.0,0.0,2024-06-16,0
LOAN0011999,CUST002320,Personal Loan,0,,,280374.9,0.0,0.0,2024-11-22,0
LOAN0012000,CUST006365,Personal Loan,1,120.0,4.0,53103.36,140745.64,35016.69,2022-08-06,1
